model_id,split,unit_type,unit_id,score_name,score,label
M39,test,cycle,101_1b1_Al_sc_Meditron__0,crackle_score,0.7846225998,0
M39,test,cycle,101_1b1_Al_sc_Meditron__1,crackle_score,0.9008551577,0
M39,test,cycle,101_1b1_Al_sc_Meditron__2,crackle_score,0.7425502426,0
M39,test,cycle,101_1b1_Al_sc_Meditron__3,crackle_score,0.8684210526,0
M39,test,cycle,101_1b1_Al_sc_Meditron__4,crackle_score,0.9050925926,0
M39,test,cycle,101_1b1_Al_sc_Meditron__5,crackle_score,0.8128555176,0
M39,test,cycle,101_1b1_Al_sc_Meditron__6,crackle_score,0.9008551577,0
M39,test,cycle,101_1b1_Al_sc_Meditron__7,crackle_score,0.9772004242,0
M39,test,cycle,101_1b1_Al_sc_Meditron__8,crackle_score,0.8438161239,0
M39,test,cycle,101_1b1_Al_sc_Meditron__9,crackle_score,0.883450772,0
M39,test,cycle,101_1b1_Al_sc_Meditron__10,crackle_score,0.8961028674,0
M39,test,cycle,101_1b1_Al_sc_Meditron__11,crackle_score,0.7872905786,0
M39,test,cycle,101_1b1_Pr_sc_Meditron__0,crackle_score,0.3150865658,0
M39,test,cycle,101_1b1_Pr_sc_Meditron__1,crackle_score,0.291834854,0
M39,test,cycle,101_1b1_Pr_sc_Meditron__2,crackle_score,0.4550911927,0
M39,test,cycle,101_1b1_Pr_sc_Meditron__3,crackle_score,0.4482157259,0
M39,test,cycle,101_1b1_Pr_sc_Meditron__4,crackle_score,0.3172971224,0
M39,test,cycle,101_1b1_Pr_sc_Meditron__5,crackle_score,0.3099289348,0
M39,test,cycle,101_1b1_Pr_sc_Meditron__6,crackle_score,0.3951104491,0
M39,test,cycle,101_1b1_Pr_sc_Meditron__7,crackle_score,0.2880669799,0
M39,test,cycle,101_1b1_Pr_sc_Meditron__8,crackle_score,0.2649820133,0
M39,test,cycle,101_1b1_Pr_sc_Meditron__9,crackle_score,0.5342352151,0
M39,test,cycle,101_1b1_Pr_sc_Meditron__10,crackle_score,0.1974724857,0
M39,test,cycle,102_1b1_Ar_sc_Meditron__0,crackle_score,0.7212489731,0
M39,test,cycle,102_1b1_Ar_sc_Meditron__1,crackle_score,0.4371561845,0
M39,test,cycle,102_1b1_Ar_sc_Meditron__2,crackle_score,0.446108479,0
M39,test,cycle,102_1b1_Ar_sc_Meditron__3,crackle_score,0.5586283806,0
M39,test,cycle,102_1b1_Ar_sc_Meditron__4,crackle_score,0.4161891459,0
M39,test,cycle,102_1b1_Ar_sc_Meditron__5,crackle_score,0.4546963633,0
M39,test,cycle,102_1b1_Ar_sc_Meditron__6,crackle_score,0.4818954357,0
M39,test,cycle,102_1b1_Ar_sc_Meditron__7,crackle_score,0.5535963046,0
M39,test,cycle,102_1b1_Ar_sc_Meditron__8,crackle_score,0.8980412764,0
M39,test,cycle,102_1b1_Ar_sc_Meditron__9,crackle_score,0.4922934353,0
M39,test,cycle,102_1b1_Ar_sc_Meditron__10,crackle_score,0.4719546389,0
M39,test,cycle,102_1b1_Ar_sc_Meditron__11,crackle_score,0.4166762214,0
M39,test,cycle,102_1b1_Ar_sc_Meditron__12,crackle_score,0.1896493051,0
M39,test,cycle,104_1b1_Al_sc_Litt3200__0,crackle_score,0.686461559,0
M39,test,cycle,104_1b1_Al_sc_Litt3200__1,crackle_score,0.6065423672,0
M39,test,cycle,104_1b1_Al_sc_Litt3200__2,crackle_score,0.6700092974,0
M39,test,cycle,104_1b1_Al_sc_Litt3200__3,crackle_score,0.5933216681,0
M39,test,cycle,104_1b1_Al_sc_Litt3200__4,crackle_score,0.5726992242,0
M39,test,cycle,104_1b1_Al_sc_Litt3200__5,crackle_score,0.6852995676,0
M39,test,cycle,104_1b1_Ar_sc_Litt3200__0,crackle_score,0.5660207971,0
M39,test,cycle,104_1b1_Ar_sc_Litt3200__1,crackle_score,0.6860994081,0
M39,test,cycle,104_1b1_Ar_sc_Litt3200__2,crackle_score,0.6398112548,0
M39,test,cycle,104_1b1_Ar_sc_Litt3200__3,crackle_score,0.7608257506,0
M39,test,cycle,104_1b1_Ar_sc_Litt3200__4,crackle_score,0.8632589517,0
M39,test,cycle,104_1b1_Ar_sc_Litt3200__5,crackle_score,0.59798718,0
M39,test,cycle,104_1b1_Ar_sc_Litt3200__6,crackle_score,0.7653301887,0
M39,test,cycle,104_1b1_Ar_sc_Litt3200__7,crackle_score,0.7736318408,0
M39,test,cycle,104_1b1_Ar_sc_Litt3200__8,crackle_score,0.639275766,0
M39,test,cycle,104_1b1_Ar_sc_Litt3200__9,crackle_score,0.619379228,0
M39,test,cycle,104_1b1_Ar_sc_Litt3200__10,crackle_score,0.4000750465,0
M39,test,cycle,104_1b1_Ar_sc_Litt3200__11,crackle_score,0.4983682006,0
M39,test,cycle,104_1b1_Ar_sc_Litt3200__12,crackle_score,0.6424901468,0
M39,test,cycle,104_1b1_Ar_sc_Litt3200__13,crackle_score,0.5276827431,0
M39,test,cycle,104_1b1_Ll_sc_Litt3200__0,crackle_score,0.6344176356,0
M39,test,cycle,104_1b1_Ll_sc_Litt3200__1,crackle_score,0.5793755788,0
M39,test,cycle,104_1b1_Ll_sc_Litt3200__2,crackle_score,0.6246411285,0
M39,test,cycle,104_1b1_Ll_sc_Litt3200__3,crackle_score,0.5706817847,0
M39,test,cycle,104_1b1_Ll_sc_Litt3200__4,crackle_score,0.4781513517,1
M39,test,cycle,104_1b1_Ll_sc_Litt3200__5,crackle_score,0.5860215054,0
M39,test,cycle,104_1b1_Ll_sc_Litt3200__6,crackle_score,0.2807385825,0
M39,test,cycle,104_1b1_Lr_sc_Litt3200__0,crackle_score,0.6349961422,0
M39,test,cycle,104_1b1_Lr_sc_Litt3200__1,crackle_score,0.5316480734,0
M39,test,cycle,104_1b1_Lr_sc_Litt3200__2,crackle_score,0.4836234437,0
M39,test,cycle,104_1b1_Lr_sc_Litt3200__3,crackle_score,0.624300808,0
M39,test,cycle,104_1b1_Lr_sc_Litt3200__4,crackle_score,0.5726531518,0
M39,test,cycle,104_1b1_Pl_sc_Litt3200__0,crackle_score,0.8750586029,0
M39,test,cycle,104_1b1_Pl_sc_Litt3200__1,crackle_score,0.70561148,0
M39,test,cycle,104_1b1_Pl_sc_Litt3200__2,crackle_score,0.8150403645,0
M39,test,cycle,104_1b1_Pl_sc_Litt3200__3,crackle_score,0.7030302261,0
M39,test,cycle,104_1b1_Pl_sc_Litt3200__4,crackle_score,0.6577943851,0
M39,test,cycle,104_1b1_Pl_sc_Litt3200__5,crackle_score,0.4046053016,0
M39,test,cycle,104_1b1_Pl_sc_Litt3200__6,crackle_score,0.6329787234,0
M39,test,cycle,104_1b1_Pl_sc_Litt3200__7,crackle_score,0.713698637,0
M39,test,cycle,104_1b1_Pl_sc_Litt3200__8,crackle_score,0.5875855105,0
M39,test,cycle,104_1b1_Pl_sc_Litt3200__9,crackle_score,0.3416611365,0
M39,test,cycle,104_1b1_Pl_sc_Litt3200__10,crackle_score,0.6454092231,0
M39,test,cycle,104_1b1_Pl_sc_Litt3200__11,crackle_score,0.4419591346,0
M39,test,cycle,104_1b1_Pl_sc_Litt3200__12,crackle_score,0.331869366,0
M39,test,cycle,104_1b1_Pr_sc_Litt3200__0,crackle_score,0.5964184561,0
M39,test,cycle,104_1b1_Pr_sc_Litt3200__1,crackle_score,0.7691213799,0
M39,test,cycle,104_1b1_Pr_sc_Litt3200__2,crackle_score,0.6270580761,0
M39,test,cycle,104_1b1_Pr_sc_Litt3200__3,crackle_score,0.6336898396,0
M39,test,cycle,104_1b1_Pr_sc_Litt3200__4,crackle_score,0.6370488808,0
M39,test,cycle,104_1b1_Pr_sc_Litt3200__5,crackle_score,0.3346260092,0
M39,test,cycle,104_1b1_Pr_sc_Litt3200__6,crackle_score,0.4837006772,0
M39,test,cycle,104_1b1_Pr_sc_Litt3200__7,crackle_score,0.2616353846,0
M39,test,cycle,104_1b1_Pr_sc_Litt3200__8,crackle_score,0.4275395552,0
M39,test,cycle,104_1b1_Pr_sc_Litt3200__9,crackle_score,0.4268433955,0
M39,test,cycle,109_1b1_Al_sc_Litt3200__0,crackle_score,0.6288244767,0
M39,test,cycle,109_1b1_Al_sc_Litt3200__1,crackle_score,0.528334632,0
M39,test,cycle,109_1b1_Al_sc_Litt3200__2,crackle_score,0.5617141094,0
M39,test,cycle,109_1b1_Al_sc_Litt3200__3,crackle_score,0.5791217486,0
M39,test,cycle,109_1b1_Al_sc_Litt3200__4,crackle_score,0.6051282894,0
M39,test,cycle,109_1b1_Al_sc_Litt3200__5,crackle_score,0.5808189655,0
M39,test,cycle,109_1b1_Al_sc_Litt3200__6,crackle_score,0.6112347052,0
M39,test,cycle,109_1b1_Al_sc_Litt3200__7,crackle_score,0.5132802125,0
M39,test,cycle,109_1b1_Al_sc_Litt3200__8,crackle_score,0.4618420439,0
M39,test,cycle,109_1b1_Ar_sc_Litt3200__0,crackle_score,0.7816405562,0
M39,test,cycle,109_1b1_Ar_sc_Litt3200__1,crackle_score,0.5989670316,0
M39,test,cycle,109_1b1_Ar_sc_Litt3200__2,crackle_score,0.6159462299,0
M39,test,cycle,109_1b1_Ar_sc_Litt3200__3,crackle_score,0.5866394715,0
M39,test,cycle,109_1b1_Ar_sc_Litt3200__4,crackle_score,0.5872854233,0
M39,test,cycle,109_1b1_Ar_sc_Litt3200__5,crackle_score,0.5869565217,0
M39,test,cycle,109_1b1_Ar_sc_Litt3200__6,crackle_score,0.5809498111,0
M39,test,cycle,109_1b1_Ar_sc_Litt3200__7,crackle_score,0.6694915254,0
M39,test,cycle,109_1b1_Ar_sc_Litt3200__8,crackle_score,0.4317157699,0
M39,test,cycle,109_1b1_Ar_sc_Litt3200__9,crackle_score,0.3653208169,0
M39,test,cycle,109_1b1_Ll_sc_Litt3200__0,crackle_score,0.6281229981,0
M39,test,cycle,109_1b1_Ll_sc_Litt3200__1,crackle_score,0.7858572143,1
M39,test,cycle,109_1b1_Ll_sc_Litt3200__2,crackle_score,0.7032889244,1
M39,test,cycle,109_1b1_Ll_sc_Litt3200__3,crackle_score,0.6905799074,1
M39,test,cycle,109_1b1_Ll_sc_Litt3200__4,crackle_score,0.5251319427,1
M39,test,cycle,109_1b1_Ll_sc_Litt3200__5,crackle_score,0.5770836679,1
M39,test,cycle,109_1b1_Ll_sc_Litt3200__6,crackle_score,0.4150159384,1
M39,test,cycle,109_1b1_Ll_sc_Litt3200__7,crackle_score,0.4802342667,1
M39,test,cycle,109_1b1_Lr_sc_Litt3200__0,crackle_score,0.7420011635,1
M39,test,cycle,109_1b1_Lr_sc_Litt3200__1,crackle_score,0.6219660934,1
M39,test,cycle,109_1b1_Lr_sc_Litt3200__2,crackle_score,0.6038556407,1
M39,test,cycle,109_1b1_Lr_sc_Litt3200__3,crackle_score,0.6436781609,1
M39,test,cycle,109_1b1_Lr_sc_Litt3200__4,crackle_score,0.5840218457,1
M39,test,cycle,109_1b1_Lr_sc_Litt3200__5,crackle_score,0.4277890473,1
M39,test,cycle,109_1b1_Lr_sc_Litt3200__6,crackle_score,0.6327329787,1
M39,test,cycle,109_1b1_Lr_sc_Litt3200__7,crackle_score,0.6038585335,1
M39,test,cycle,109_1b1_Pl_sc_Litt3200__0,crackle_score,0.6081665765,0
M39,test,cycle,109_1b1_Pl_sc_Litt3200__1,crackle_score,0.5823384109,0
M39,test,cycle,109_1b1_Pl_sc_Litt3200__2,crackle_score,0.545039973,0
M39,test,cycle,109_1b1_Pl_sc_Litt3200__3,crackle_score,0.5869588848,0
M39,test,cycle,109_1b1_Pl_sc_Litt3200__4,crackle_score,0.5380255246,0
M39,test,cycle,109_1b1_Pl_sc_Litt3200__5,crackle_score,0.5538793103,0
M39,test,cycle,109_1b1_Pl_sc_Litt3200__6,crackle_score,0.5828271673,0
M39,test,cycle,109_1b1_Pl_sc_Litt3200__7,crackle_score,0.5620732464,0
M39,test,cycle,109_1b1_Pl_sc_Litt3200__8,crackle_score,0.5,0
M39,test,cycle,109_1b1_Pr_sc_Litt3200__0,crackle_score,0.6504890895,0
M39,test,cycle,109_1b1_Pr_sc_Litt3200__1,crackle_score,0.5555555556,0
M39,test,cycle,109_1b1_Pr_sc_Litt3200__2,crackle_score,0.5786807855,0
M39,test,cycle,109_1b1_Pr_sc_Litt3200__3,crackle_score,0.5765428161,0
M39,test,cycle,109_1b1_Pr_sc_Litt3200__4,crackle_score,0.5529906604,0
M39,test,cycle,109_1b1_Pr_sc_Litt3200__5,crackle_score,0.5706214689,0
M39,test,cycle,109_1b1_Pr_sc_Litt3200__6,crackle_score,0.5653879686,0
M39,test,cycle,109_1b1_Pr_sc_Litt3200__7,crackle_score,0.5799147576,0
M39,test,cycle,109_1b1_Pr_sc_Litt3200__8,crackle_score,0.5592943967,0
M39,test,cycle,109_1b1_Pr_sc_Litt3200__9,crackle_score,0.6047486034,0
M39,test,cycle,109_1b1_Pr_sc_Litt3200__10,crackle_score,0.6350438893,0
M39,test,cycle,109_1b1_Pr_sc_Litt3200__11,crackle_score,0.6542257866,0
M39,test,cycle,109_1b1_Pr_sc_Litt3200__12,crackle_score,0.5686813187,0
M39,test,cycle,109_1b1_Pr_sc_Litt3200__13,crackle_score,0.6781472684,0
M39,test,cycle,109_1b1_Pr_sc_Litt3200__14,crackle_score,0.6430615165,0
M39,test,cycle,109_1b1_Pr_sc_Litt3200__15,crackle_score,0.7371273713,0
M39,test,cycle,109_1b1_Pr_sc_Litt3200__16,crackle_score,0.5405186386,0
M39,test,cycle,113_1b1_Al_sc_Litt3200__0,crackle_score,0.5369225089,0
M39,test,cycle,113_1b1_Al_sc_Litt3200__1,crackle_score,0.5556754123,0
M39,test,cycle,113_1b1_Al_sc_Litt3200__2,crackle_score,0.5336516216,0
M39,test,cycle,113_1b1_Al_sc_Litt3200__3,crackle_score,0.5814871403,0
M39,test,cycle,113_1b1_Al_sc_Litt3200__4,crackle_score,0.5402799456,0
M39,test,cycle,113_1b1_Al_sc_Litt3200__5,crackle_score,0.605286247,0
M39,test,cycle,113_1b1_Al_sc_Litt3200__6,crackle_score,0.7166103703,0
M39,test,cycle,113_1b1_Ar_sc_Litt3200__0,crackle_score,0.6216606681,0
M39,test,cycle,113_1b1_Ar_sc_Litt3200__1,crackle_score,0.5343391853,0
M39,test,cycle,113_1b1_Ar_sc_Litt3200__2,crackle_score,0.4817054832,0
M39,test,cycle,113_1b1_Ar_sc_Litt3200__3,crackle_score,0.6067283319,0
M39,test,cycle,113_1b1_Ar_sc_Litt3200__4,crackle_score,0.5743805495,0
M39,test,cycle,113_1b1_Ar_sc_Litt3200__5,crackle_score,0.5564732458,0
M39,test,cycle,113_1b1_Ar_sc_Litt3200__6,crackle_score,0.6687692502,0
M39,test,cycle,113_1b1_Ar_sc_Litt3200__7,crackle_score,0.3177941269,0
M39,test,cycle,113_1b1_Ll_sc_Litt3200__0,crackle_score,0.6109672647,0
M39,test,cycle,113_1b1_Ll_sc_Litt3200__1,crackle_score,0.5359147026,0
M39,test,cycle,113_1b1_Ll_sc_Litt3200__2,crackle_score,0.5368086869,0
M39,test,cycle,113_1b1_Ll_sc_Litt3200__3,crackle_score,0.5529153024,0
M39,test,cycle,113_1b1_Ll_sc_Litt3200__4,crackle_score,0.6457725948,0
M39,test,cycle,113_1b1_Ll_sc_Litt3200__5,crackle_score,0.5371747212,0
M39,test,cycle,113_1b1_Ll_sc_Litt3200__6,crackle_score,0.524532352,0
M39,test,cycle,113_1b1_Ll_sc_Litt3200__7,crackle_score,0.6568100358,0
M39,test,cycle,113_1b1_Ll_sc_Litt3200__8,crackle_score,0.3493718672,0
M39,test,cycle,113_1b1_Ll_sc_Litt3200__9,crackle_score,0.5578703704,0
M39,test,cycle,113_1b1_Ll_sc_Litt3200__10,crackle_score,0.40552964,0
M39,test,cycle,113_1b1_Lr_sc_Litt3200__0,crackle_score,0.660712492,0
M39,test,cycle,113_1b1_Lr_sc_Litt3200__1,crackle_score,0.4504571315,0
M39,test,cycle,113_1b1_Lr_sc_Litt3200__2,crackle_score,0.6676094699,0
M39,test,cycle,113_1b1_Lr_sc_Litt3200__3,crackle_score,0.2716512314,0
M39,test,cycle,113_1b1_Lr_sc_Litt3200__4,crackle_score,0.4264513026,0
M39,test,cycle,113_1b1_Lr_sc_Litt3200__5,crackle_score,0.4493871201,0
M39,test,cycle,113_1b1_Lr_sc_Litt3200__6,crackle_score,0.3629397831,0
M39,test,cycle,113_1b1_Pl_sc_Litt3200__0,crackle_score,0.5171834674,0
M39,test,cycle,113_1b1_Pl_sc_Litt3200__1,crackle_score,0.5306009257,0
M39,test,cycle,113_1b1_Pl_sc_Litt3200__2,crackle_score,0.5254687848,0
M39,test,cycle,113_1b1_Pl_sc_Litt3200__3,crackle_score,0.5652475328,0
M39,test,cycle,113_1b1_Pl_sc_Litt3200__4,crackle_score,0.5417798203,0
M39,test,cycle,113_1b1_Pl_sc_Litt3200__5,crackle_score,0.5652315721,0
M39,test,cycle,113_1b1_Pl_sc_Litt3200__6,crackle_score,0.5805585392,0
M39,test,cycle,113_1b1_Pl_sc_Litt3200__7,crackle_score,0.5925925926,0
M39,test,cycle,113_1b1_Pr_sc_Litt3200__0,crackle_score,0.5898270829,0
M39,test,cycle,113_1b1_Pr_sc_Litt3200__1,crackle_score,0.6144287502,0
M39,test,cycle,113_1b1_Pr_sc_Litt3200__2,crackle_score,0.5495862646,0
M39,test,cycle,113_1b1_Pr_sc_Litt3200__3,crackle_score,0.5,0
M39,test,cycle,113_1b1_Pr_sc_Litt3200__4,crackle_score,0.54890125,0
M39,test,cycle,113_1b1_Pr_sc_Litt3200__5,crackle_score,0.428649679,0
M39,test,cycle,113_1b1_Pr_sc_Litt3200__6,crackle_score,0.614416476,0
M39,test,cycle,113_1b1_Pr_sc_Litt3200__7,crackle_score,0.5444444444,0
M39,test,cycle,113_1b1_Pr_sc_Litt3200__8,crackle_score,0.526073353,0
M39,test,cycle,118_1b1_Al_sc_Litt3200__0,crackle_score,0.6607286365,0
M39,test,cycle,118_1b1_Al_sc_Litt3200__1,crackle_score,0.4102794919,0
M39,test,cycle,118_1b1_Al_sc_Litt3200__2,crackle_score,0.5788837943,0
M39,test,cycle,118_1b1_Al_sc_Litt3200__3,crackle_score,0.4746629756,0
M39,test,cycle,118_1b1_Al_sc_Litt3200__4,crackle_score,0.6030885045,0
M39,test,cycle,118_1b1_Al_sc_Litt3200__5,crackle_score,0.5447879957,0
M39,test,cycle,118_1b1_Al_sc_Litt3200__6,crackle_score,0.5419177364,0
M39,test,cycle,118_1b1_Al_sc_Litt3200__7,crackle_score,0.3565454244,0
M39,test,cycle,118_1b1_Al_sc_Litt3200__8,crackle_score,0.3367852342,0
M39,test,cycle,118_1b1_Ar_sc_Litt3200__0,crackle_score,0.6274146208,0
M39,test,cycle,118_1b1_Ar_sc_Litt3200__1,crackle_score,0.4844247335,0
M39,test,cycle,118_1b1_Ar_sc_Litt3200__2,crackle_score,0.4698506408,0
M39,test,cycle,118_1b1_Ar_sc_Litt3200__3,crackle_score,0.4920002991,0
M39,test,cycle,118_1b1_Ar_sc_Litt3200__4,crackle_score,0.3840414326,0
M39,test,cycle,118_1b1_Ar_sc_Litt3200__5,crackle_score,0.4324544246,0
M39,test,cycle,118_1b1_Ar_sc_Litt3200__6,crackle_score,0.6026726987,0
M39,test,cycle,118_1b1_Ar_sc_Litt3200__7,crackle_score,0.4611648948,0
M39,test,cycle,118_1b1_Ar_sc_Litt3200__8,crackle_score,0.5985133441,0
M39,test,cycle,118_1b1_Ll_sc_Litt3200__0,crackle_score,0.4827835782,0
M39,test,cycle,118_1b1_Ll_sc_Litt3200__1,crackle_score,0.5940899735,0
M39,test,cycle,118_1b1_Ll_sc_Litt3200__2,crackle_score,0.3969389734,0
M39,test,cycle,118_1b1_Ll_sc_Litt3200__3,crackle_score,0.6413927183,0
M39,test,cycle,118_1b1_Ll_sc_Litt3200__4,crackle_score,0.3564292523,0
M39,test,cycle,118_1b1_Lr_sc_Litt3200__0,crackle_score,0.5,0
M39,test,cycle,118_1b1_Lr_sc_Litt3200__1,crackle_score,0.3950257151,0
M39,test,cycle,118_1b1_Lr_sc_Litt3200__2,crackle_score,0.4060095027,0
M39,test,cycle,118_1b1_Lr_sc_Litt3200__3,crackle_score,0.3821227421,0
M39,test,cycle,118_1b1_Lr_sc_Litt3200__4,crackle_score,0.4116563189,0
M39,test,cycle,118_1b1_Lr_sc_Litt3200__5,crackle_score,0.246679678,0
M39,test,cycle,118_1b1_Lr_sc_Litt3200__6,crackle_score,0.5555291131,0
M39,test,cycle,118_1b1_Pl_sc_Litt3200__0,crackle_score,0.410742369,0
M39,test,cycle,118_1b1_Pl_sc_Litt3200__1,crackle_score,0.5935570206,0
M39,test,cycle,118_1b1_Pl_sc_Litt3200__2,crackle_score,0.5318928544,0
M39,test,cycle,118_1b1_Pl_sc_Litt3200__3,crackle_score,0.6016518424,0
M39,test,cycle,118_1b1_Pl_sc_Litt3200__4,crackle_score,0.545552466,0
M39,test,cycle,118_1b1_Pr_sc_Litt3200__0,crackle_score,0.4997644492,0
M39,test,cycle,118_1b1_Pr_sc_Litt3200__1,crackle_score,0.4651762254,0
M39,test,cycle,118_1b1_Pr_sc_Litt3200__2,crackle_score,0.5405063291,0
M39,test,cycle,118_1b1_Pr_sc_Litt3200__3,crackle_score,0.5331180659,0
M39,test,cycle,118_1b1_Pr_sc_Litt3200__4,crackle_score,0.5403539227,0
M39,test,cycle,119_1b1_Ar_sc_Meditron__0,crackle_score,0.4070820222,0
M39,test,cycle,119_1b1_Ar_sc_Meditron__1,crackle_score,0.5665975692,0
M39,test,cycle,119_1b1_Ar_sc_Meditron__2,crackle_score,0.5204385989,0
M39,test,cycle,119_1b1_Ar_sc_Meditron__3,crackle_score,0.4510586872,0
M39,test,cycle,119_1b1_Ar_sc_Meditron__4,crackle_score,0.5348177676,0
M39,test,cycle,119_1b1_Ar_sc_Meditron__5,crackle_score,0.4458145403,0
M39,test,cycle,119_1b1_Ar_sc_Meditron__6,crackle_score,0.6785551423,0
M39,test,cycle,119_1b1_Ar_sc_Meditron__7,crackle_score,0.7545608825,0
M39,test,cycle,119_1b1_Ar_sc_Meditron__8,crackle_score,0.4943165295,0
M39,test,cycle,123_1b1_Al_sc_Meditron__0,crackle_score,0.4576535535,0
M39,test,cycle,123_1b1_Al_sc_Meditron__1,crackle_score,0.564280731,0
M39,test,cycle,123_1b1_Al_sc_Meditron__2,crackle_score,0.5624554166,0
M39,test,cycle,123_1b1_Al_sc_Meditron__3,crackle_score,0.5421679832,0
M39,test,cycle,123_1b1_Al_sc_Meditron__4,crackle_score,0.5922519742,0
M39,test,cycle,123_1b1_Al_sc_Meditron__5,crackle_score,0.5679270087,0
M39,test,cycle,123_1b1_Al_sc_Meditron__6,crackle_score,0.4770010429,0
M39,test,cycle,123_1b1_Al_sc_Meditron__7,crackle_score,0.5786295911,0
M39,test,cycle,124_1b1_Al_sc_Litt3200__0,crackle_score,0.8238508283,1
M39,test,cycle,124_1b1_Al_sc_Litt3200__1,crackle_score,0.691525018,0
M39,test,cycle,124_1b1_Al_sc_Litt3200__2,crackle_score,0.6798318572,0
M39,test,cycle,124_1b1_Al_sc_Litt3200__3,crackle_score,0.6159924605,0
M39,test,cycle,124_1b1_Al_sc_Litt3200__4,crackle_score,0.7235990124,0
M39,test,cycle,124_1b1_Al_sc_Litt3200__5,crackle_score,0.6982651797,0
M39,test,cycle,124_1b1_Al_sc_Litt3200__6,crackle_score,0.8017566548,0
M39,test,cycle,124_1b1_Al_sc_Litt3200__7,crackle_score,0.2659692647,0
M39,test,cycle,124_1b1_Ar_sc_Litt3200__0,crackle_score,0.6548287207,0
M39,test,cycle,124_1b1_Ar_sc_Litt3200__1,crackle_score,0.5362647325,0
M39,test,cycle,124_1b1_Ar_sc_Litt3200__2,crackle_score,0.5835116655,0
M39,test,cycle,124_1b1_Ar_sc_Litt3200__3,crackle_score,0.6364411597,0
M39,test,cycle,124_1b1_Ar_sc_Litt3200__4,crackle_score,0.5792000792,0
M39,test,cycle,124_1b1_Ar_sc_Litt3200__5,crackle_score,0.5244057895,0
M39,test,cycle,124_1b1_Ar_sc_Litt3200__6,crackle_score,0.2615387453,0
M39,test,cycle,124_1b1_Ll_sc_Litt3200__0,crackle_score,0.4315688412,0
M39,test,cycle,124_1b1_Ll_sc_Litt3200__1,crackle_score,0.2887652702,0
M39,test,cycle,124_1b1_Ll_sc_Litt3200__2,crackle_score,0.6950838861,0
M39,test,cycle,124_1b1_Ll_sc_Litt3200__3,crackle_score,0.6328830076,0
M39,test,cycle,124_1b1_Ll_sc_Litt3200__4,crackle_score,0.5780335544,0
M39,test,cycle,124_1b1_Ll_sc_Litt3200__5,crackle_score,0.5783891039,0
M39,test,cycle,124_1b1_Ll_sc_Litt3200__6,crackle_score,0.5850566158,0
M39,test,cycle,124_1b1_Ll_sc_Litt3200__7,crackle_score,0.5694041566,0
M39,test,cycle,124_1b1_Ll_sc_Litt3200__8,crackle_score,0.652998776,0
M39,test,cycle,124_1b1_Ll_sc_Litt3200__9,crackle_score,0.6888598088,0
M39,test,cycle,124_1b1_Lr_sc_Litt3200__0,crackle_score,0.7179123992,0
M39,test,cycle,124_1b1_Lr_sc_Litt3200__1,crackle_score,0.5,0
M39,test,cycle,124_1b1_Lr_sc_Litt3200__2,crackle_score,0.5507260161,0
M39,test,cycle,124_1b1_Lr_sc_Litt3200__3,crackle_score,0.5490616951,0
M39,test,cycle,124_1b1_Lr_sc_Litt3200__4,crackle_score,0.6984126984,0
M39,test,cycle,124_1b1_Lr_sc_Litt3200__5,crackle_score,0.5925604535,0
M39,test,cycle,124_1b1_Lr_sc_Litt3200__6,crackle_score,0.7107592602,0
M39,test,cycle,124_1b1_Lr_sc_Litt3200__7,crackle_score,0.6437999127,0
M39,test,cycle,124_1b1_Lr_sc_Litt3200__8,crackle_score,0.7511511093,0
M39,test,cycle,124_1b1_Lr_sc_Litt3200__9,crackle_score,0.3094310564,0
M39,test,cycle,124_1b1_Pl_sc_Litt3200__0,crackle_score,1,0
M39,test,cycle,124_1b1_Pl_sc_Litt3200__1,crackle_score,0.7812692274,1
M39,test,cycle,124_1b1_Pl_sc_Litt3200__2,crackle_score,0.5888543344,0
M39,test,cycle,124_1b1_Pl_sc_Litt3200__3,crackle_score,0.5421207813,0
M39,test,cycle,124_1b1_Pl_sc_Litt3200__4,crackle_score,0.5,0
M39,test,cycle,124_1b1_Pl_sc_Litt3200__5,crackle_score,0.676746755,0
M39,test,cycle,124_1b1_Pl_sc_Litt3200__6,crackle_score,0.2469761572,0
M39,test,cycle,124_1b1_Pr_sc_Litt3200__0,crackle_score,0.5702767577,0
M39,test,cycle,124_1b1_Pr_sc_Litt3200__1,crackle_score,0.5560498844,0
M39,test,cycle,124_1b1_Pr_sc_Litt3200__2,crackle_score,0.6281161587,0
M39,test,cycle,124_1b1_Pr_sc_Litt3200__3,crackle_score,0.6597603595,0
M39,test,cycle,124_1b1_Pr_sc_Litt3200__4,crackle_score,0.5861558344,0
M39,test,cycle,124_1b1_Pr_sc_Litt3200__5,crackle_score,0.5776774444,0
M39,test,cycle,126_1b1_Al_sc_Meditron__0,crackle_score,0.9995002988,0
M39,test,cycle,126_1b1_Al_sc_Meditron__1,crackle_score,0.5848158691,0
M39,test,cycle,126_1b1_Al_sc_Meditron__2,crackle_score,0.6153026314,0
M39,test,cycle,126_1b1_Al_sc_Meditron__3,crackle_score,0.774508062,0
M39,test,cycle,126_1b1_Al_sc_Meditron__4,crackle_score,0.7730883813,0
M39,test,cycle,126_1b1_Al_sc_Meditron__5,crackle_score,0.7229931488,0
M39,test,cycle,126_1b1_Al_sc_Meditron__6,crackle_score,0.8769520732,0
M39,test,cycle,126_1b1_Al_sc_Meditron__7,crackle_score,0.7151423419,0
M39,test,cycle,126_1b1_Al_sc_Meditron__8,crackle_score,0.7459907313,0
M39,test,cycle,126_1b1_Al_sc_Meditron__9,crackle_score,0.5877793815,0
M39,test,cycle,126_1b1_Al_sc_Meditron__10,crackle_score,0.6182849167,0
M39,test,cycle,133_2p2_Al_mc_AKGC417L__0,crackle_score,0.1219918267,0
M39,test,cycle,133_2p2_Al_mc_AKGC417L__1,crackle_score,0.1406550758,0
M39,test,cycle,133_2p2_Al_mc_AKGC417L__2,crackle_score,0.2279547126,0
M39,test,cycle,133_2p2_Al_mc_AKGC417L__3,crackle_score,0.2432712684,1
M39,test,cycle,133_2p2_Al_mc_AKGC417L__4,crackle_score,0.1959309725,1
M39,test,cycle,133_2p2_Al_mc_AKGC417L__5,crackle_score,0.1979496204,0
M39,test,cycle,133_2p2_Al_mc_AKGC417L__6,crackle_score,0.09253248391,0
M39,test,cycle,133_2p2_Al_mc_AKGC417L__7,crackle_score,0.2323633069,0
M39,test,cycle,133_2p2_Al_mc_AKGC417L__8,crackle_score,0.277588462,0
M39,test,cycle,133_2p2_Ar_mc_AKGC417L__0,crackle_score,0.4106911758,0
M39,test,cycle,133_2p2_Ar_mc_AKGC417L__1,crackle_score,0.3751388094,0
M39,test,cycle,133_2p2_Ar_mc_AKGC417L__2,crackle_score,0.3875194678,0
M39,test,cycle,133_2p2_Ar_mc_AKGC417L__3,crackle_score,0.3890263059,0
M39,test,cycle,133_2p2_Ar_mc_AKGC417L__4,crackle_score,0.3179351831,0
M39,test,cycle,133_2p2_Ar_mc_AKGC417L__5,crackle_score,0.3521957817,0
M39,test,cycle,133_2p2_Ar_mc_AKGC417L__6,crackle_score,0.3762757252,0
M39,test,cycle,133_2p2_Ar_mc_AKGC417L__7,crackle_score,0.5195418256,0
M39,test,cycle,133_2p2_Ar_mc_AKGC417L__8,crackle_score,0.2428160399,0
M39,test,cycle,133_2p2_Pl_mc_AKGC417L__0,crackle_score,0.2312759637,1
M39,test,cycle,133_2p2_Pl_mc_AKGC417L__1,crackle_score,0.2898004818,1
M39,test,cycle,133_2p2_Pl_mc_AKGC417L__2,crackle_score,0.2058145294,1
M39,test,cycle,133_2p2_Pl_mc_AKGC417L__3,crackle_score,0.2543614684,1
M39,test,cycle,133_2p2_Pl_mc_AKGC417L__4,crackle_score,0.185367773,1
M39,test,cycle,133_2p2_Pl_mc_AKGC417L__5,crackle_score,0.182408096,1
M39,test,cycle,133_2p2_Pl_mc_AKGC417L__6,crackle_score,0.2140045579,1
M39,test,cycle,133_2p2_Pl_mc_AKGC417L__7,crackle_score,0.2170228784,1
M39,test,cycle,133_2p2_Pl_mc_AKGC417L__8,crackle_score,0.1682578415,0
M39,test,cycle,133_2p2_Tc_mc_AKGC417L__0,crackle_score,0.4175069073,0
M39,test,cycle,133_2p2_Tc_mc_AKGC417L__1,crackle_score,0.3813356342,0
M39,test,cycle,133_2p2_Tc_mc_AKGC417L__2,crackle_score,0.6477416631,1
M39,test,cycle,133_2p2_Tc_mc_AKGC417L__3,crackle_score,0.282991565,0
M39,test,cycle,133_2p2_Tc_mc_AKGC417L__4,crackle_score,0.3115549814,0
M39,test,cycle,133_2p2_Tc_mc_AKGC417L__5,crackle_score,0.6968503937,1
M39,test,cycle,133_2p2_Tc_mc_AKGC417L__6,crackle_score,0.4265793822,0
M39,test,cycle,133_2p2_Tc_mc_AKGC417L__7,crackle_score,0.345901452,0
M39,test,cycle,133_2p2_Tc_mc_AKGC417L__8,crackle_score,0.2009700476,0
M39,test,cycle,133_2p3_Al_mc_AKGC417L__0,crackle_score,0.2370637831,0
M39,test,cycle,133_2p3_Al_mc_AKGC417L__1,crackle_score,0.2683712745,0
M39,test,cycle,133_2p3_Al_mc_AKGC417L__2,crackle_score,0.189911753,0
M39,test,cycle,133_2p3_Al_mc_AKGC417L__3,crackle_score,0.1349628559,0
M39,test,cycle,133_2p3_Al_mc_AKGC417L__4,crackle_score,0.2706994694,0
M39,test,cycle,133_2p3_Al_mc_AKGC417L__5,crackle_score,0.1618521329,0
M39,test,cycle,133_2p3_Al_mc_AKGC417L__6,crackle_score,0.2217282494,0
M39,test,cycle,133_2p3_Al_mc_AKGC417L__7,crackle_score,0.2029165468,0
M39,test,cycle,133_2p3_Ar_mc_AKGC417L__0,crackle_score,0.3609223906,0
M39,test,cycle,133_2p3_Ar_mc_AKGC417L__1,crackle_score,0.2993738057,0
M39,test,cycle,133_2p3_Ar_mc_AKGC417L__2,crackle_score,0.3315136101,0
M39,test,cycle,133_2p3_Ar_mc_AKGC417L__3,crackle_score,0.3565893675,0
M39,test,cycle,133_2p3_Ar_mc_AKGC417L__4,crackle_score,0.455054197,0
M39,test,cycle,133_2p3_Ar_mc_AKGC417L__5,crackle_score,0.370007009,0
M39,test,cycle,133_2p3_Ar_mc_AKGC417L__6,crackle_score,0.3922357546,0
M39,test,cycle,133_2p3_Ar_mc_AKGC417L__7,crackle_score,0.3143456853,0
M39,test,cycle,133_2p3_Pl_mc_AKGC417L__0,crackle_score,0.2869158124,1
M39,test,cycle,133_2p3_Pl_mc_AKGC417L__1,crackle_score,0.2064357746,1
M39,test,cycle,133_2p3_Pl_mc_AKGC417L__2,crackle_score,0.3174961973,0
M39,test,cycle,133_2p3_Pl_mc_AKGC417L__3,crackle_score,0.2128172726,1
M39,test,cycle,133_2p3_Pl_mc_AKGC417L__4,crackle_score,0.220548604,1
M39,test,cycle,133_2p3_Pl_mc_AKGC417L__5,crackle_score,0.1953159541,1
M39,test,cycle,133_2p3_Pl_mc_AKGC417L__6,crackle_score,0.2049941628,1
M39,test,cycle,133_2p3_Pl_mc_AKGC417L__7,crackle_score,0.3540827834,0
M39,test,cycle,133_2p3_Pr_mc_AKGC417L__0,crackle_score,0.4569739509,0
M39,test,cycle,133_2p3_Pr_mc_AKGC417L__1,crackle_score,0.3807757155,0
M39,test,cycle,133_2p3_Pr_mc_AKGC417L__2,crackle_score,0.3108983305,0
M39,test,cycle,133_2p3_Pr_mc_AKGC417L__3,crackle_score,0.5777907429,0
M39,test,cycle,133_2p3_Pr_mc_AKGC417L__4,crackle_score,0.3822335434,1
M39,test,cycle,133_2p3_Pr_mc_AKGC417L__5,crackle_score,0.3032889551,0
M39,test,cycle,133_2p3_Pr_mc_AKGC417L__6,crackle_score,0.4090440616,0
M39,test,cycle,133_2p3_Pr_mc_AKGC417L__7,crackle_score,0.242936551,0
M39,test,cycle,133_2p3_Tc_mc_AKGC417L__0,crackle_score,0.4038116495,0
M39,test,cycle,133_2p3_Tc_mc_AKGC417L__1,crackle_score,0.3239979937,0
M39,test,cycle,133_2p3_Tc_mc_AKGC417L__2,crackle_score,0.2118251064,0
M39,test,cycle,133_2p3_Tc_mc_AKGC417L__3,crackle_score,0.3662489324,0
M39,test,cycle,133_2p3_Tc_mc_AKGC417L__4,crackle_score,0.4274154401,1
M39,test,cycle,133_2p3_Tc_mc_AKGC417L__5,crackle_score,0.3895814479,0
M39,test,cycle,133_2p3_Tc_mc_AKGC417L__6,crackle_score,0.6534330648,1
M39,test,cycle,133_2p3_Tc_mc_AKGC417L__7,crackle_score,0.1785656742,0
M39,test,cycle,133_2p4_Al_mc_AKGC417L__0,crackle_score,0.1872619467,0
M39,test,cycle,133_2p4_Al_mc_AKGC417L__1,crackle_score,0.1888753377,0
M39,test,cycle,133_2p4_Al_mc_AKGC417L__2,crackle_score,0.1877466386,0
M39,test,cycle,133_2p4_Al_mc_AKGC417L__3,crackle_score,0.2630532883,0
M39,test,cycle,133_2p4_Al_mc_AKGC417L__4,crackle_score,0.2127357166,0
M39,test,cycle,133_2p4_Al_mc_AKGC417L__5,crackle_score,0.1690758213,0
M39,test,cycle,133_2p4_Al_mc_AKGC417L__6,crackle_score,0.129810996,0
M39,test,cycle,133_2p4_Al_mc_AKGC417L__7,crackle_score,0.1716140087,0
M39,test,cycle,133_2p4_Ar_mc_AKGC417L__0,crackle_score,0.3101071189,1
M39,test,cycle,133_2p4_Ar_mc_AKGC417L__1,crackle_score,0.3240198383,0
M39,test,cycle,133_2p4_Ar_mc_AKGC417L__2,crackle_score,0.3121777351,0
M39,test,cycle,133_2p4_Ar_mc_AKGC417L__3,crackle_score,0.4408204057,0
M39,test,cycle,133_2p4_Ar_mc_AKGC417L__4,crackle_score,0.336602475,0
M39,test,cycle,133_2p4_Ar_mc_AKGC417L__5,crackle_score,0.4109423208,0
M39,test,cycle,133_2p4_Ar_mc_AKGC417L__6,crackle_score,0.3819609178,0
M39,test,cycle,133_2p4_Ar_mc_AKGC417L__7,crackle_score,0.4859248098,0
M39,test,cycle,133_2p4_Pl_mc_AKGC417L__0,crackle_score,0.2454336076,1
M39,test,cycle,133_2p4_Pl_mc_AKGC417L__1,crackle_score,0.238436792,1
M39,test,cycle,133_2p4_Pl_mc_AKGC417L__2,crackle_score,0.2796417296,1
M39,test,cycle,133_2p4_Pl_mc_AKGC417L__3,crackle_score,0.166745484,1
M39,test,cycle,133_2p4_Pl_mc_AKGC417L__4,crackle_score,0.1432906069,1
M39,test,cycle,133_2p4_Pl_mc_AKGC417L__5,crackle_score,0.2672090662,1
M39,test,cycle,133_2p4_Pl_mc_AKGC417L__6,crackle_score,0.2505822765,1
M39,test,cycle,133_2p4_Pl_mc_AKGC417L__7,crackle_score,0.3871630435,1
M39,test,cycle,133_2p4_Pr_mc_AKGC417L__0,crackle_score,0.455085475,1
M39,test,cycle,133_2p4_Pr_mc_AKGC417L__1,crackle_score,0.3645992494,0
M39,test,cycle,133_2p4_Pr_mc_AKGC417L__2,crackle_score,0.2372828534,0
M39,test,cycle,133_2p4_Pr_mc_AKGC417L__3,crackle_score,0.3899277289,0
M39,test,cycle,133_2p4_Pr_mc_AKGC417L__4,crackle_score,0.3117084668,0
M39,test,cycle,133_2p4_Pr_mc_AKGC417L__5,crackle_score,0.2664580161,0
M39,test,cycle,133_2p4_Pr_mc_AKGC417L__6,crackle_score,0.2501740964,0
M39,test,cycle,133_2p4_Pr_mc_AKGC417L__7,crackle_score,0.3575128005,0
M39,test,cycle,133_2p4_Tc_mc_AKGC417L__0,crackle_score,0.2427452542,0
M39,test,cycle,133_2p4_Tc_mc_AKGC417L__1,crackle_score,0.4105644573,1
M39,test,cycle,133_2p4_Tc_mc_AKGC417L__2,crackle_score,0.2925790076,0
M39,test,cycle,133_2p4_Tc_mc_AKGC417L__3,crackle_score,0.3434431297,0
M39,test,cycle,133_2p4_Tc_mc_AKGC417L__4,crackle_score,0.58399832,0
M39,test,cycle,133_2p4_Tc_mc_AKGC417L__5,crackle_score,0.5335195184,0
M39,test,cycle,133_2p4_Tc_mc_AKGC417L__6,crackle_score,0.3634098112,0
M39,test,cycle,133_2p4_Tc_mc_AKGC417L__7,crackle_score,0.3772774261,0
M39,test,cycle,133_3p2_Al_mc_AKGC417L__0,crackle_score,0.2475431468,0
M39,test,cycle,133_3p2_Al_mc_AKGC417L__1,crackle_score,0.108640242,0
M39,test,cycle,133_3p2_Al_mc_AKGC417L__2,crackle_score,0.2284136212,0
M39,test,cycle,133_3p2_Al_mc_AKGC417L__3,crackle_score,0.2546241759,0
M39,test,cycle,133_3p2_Al_mc_AKGC417L__4,crackle_score,0.1344515972,0
M39,test,cycle,133_3p2_Al_mc_AKGC417L__5,crackle_score,0.1944935887,0
M39,test,cycle,133_3p2_Al_mc_AKGC417L__6,crackle_score,0.194989676,0
M39,test,cycle,133_3p2_Al_mc_AKGC417L__7,crackle_score,0.2979132797,0
M39,test,cycle,133_3p2_Ar_mc_AKGC417L__0,crackle_score,0.261584007,0
M39,test,cycle,133_3p2_Ar_mc_AKGC417L__1,crackle_score,0.3432251109,0
M39,test,cycle,133_3p2_Ar_mc_AKGC417L__2,crackle_score,0.4177194173,0
M39,test,cycle,133_3p2_Ar_mc_AKGC417L__3,crackle_score,0.312642912,0
M39,test,cycle,133_3p2_Ar_mc_AKGC417L__4,crackle_score,0.3031099999,0
M39,test,cycle,133_3p2_Ar_mc_AKGC417L__5,crackle_score,0.3426341615,0
M39,test,cycle,133_3p2_Ar_mc_AKGC417L__6,crackle_score,0.3573681994,0
M39,test,cycle,133_3p2_Ar_mc_AKGC417L__7,crackle_score,0.4698328386,0
M39,test,cycle,133_3p2_Pl_mc_AKGC417L__0,crackle_score,0.691454104,1
M39,test,cycle,133_3p2_Pl_mc_AKGC417L__1,crackle_score,0.421422847,0
M39,test,cycle,133_3p2_Pl_mc_AKGC417L__2,crackle_score,0.237929295,0
M39,test,cycle,133_3p2_Pl_mc_AKGC417L__3,crackle_score,0.4712097492,0
M39,test,cycle,133_3p2_Pl_mc_AKGC417L__4,crackle_score,0.3577568815,0
M39,test,cycle,133_3p2_Pl_mc_AKGC417L__5,crackle_score,0.5002897555,0
M39,test,cycle,133_3p2_Pl_mc_AKGC417L__6,crackle_score,0.6029230136,0
M39,test,cycle,133_3p2_Pl_mc_AKGC417L__7,crackle_score,0.436391143,0
M39,test,cycle,133_3p2_Pr_mc_AKGC417L__0,crackle_score,0.4384978339,0
M39,test,cycle,133_3p2_Pr_mc_AKGC417L__1,crackle_score,0.5405844156,0
M39,test,cycle,133_3p2_Pr_mc_AKGC417L__2,crackle_score,0.4772272852,1
M39,test,cycle,133_3p2_Pr_mc_AKGC417L__3,crackle_score,0.2869911596,0
M39,test,cycle,133_3p2_Pr_mc_AKGC417L__4,crackle_score,0.4330034476,0
M39,test,cycle,133_3p2_Pr_mc_AKGC417L__5,crackle_score,0.3963090258,0
M39,test,cycle,133_3p2_Pr_mc_AKGC417L__6,crackle_score,0.4008913102,1
M39,test,cycle,133_3p2_Pr_mc_AKGC417L__7,crackle_score,0.5792707095,0
M39,test,cycle,133_3p4_Tc_mc_AKGC417L__0,crackle_score,0.4267692037,0
M39,test,cycle,133_3p4_Tc_mc_AKGC417L__1,crackle_score,0.520609867,0
M39,test,cycle,133_3p4_Tc_mc_AKGC417L__2,crackle_score,0.3524119159,0
M39,test,cycle,133_3p4_Tc_mc_AKGC417L__3,crackle_score,0.2041196627,0
M39,test,cycle,133_3p4_Tc_mc_AKGC417L__4,crackle_score,0.6176517398,0
M39,test,cycle,133_3p4_Tc_mc_AKGC417L__5,crackle_score,0.3851183,0
M39,test,cycle,133_3p4_Tc_mc_AKGC417L__6,crackle_score,0.6734104046,0
M39,test,cycle,133_3p4_Tc_mc_AKGC417L__7,crackle_score,0.5700368411,0
M39,test,cycle,136_1b1_Ar_sc_Meditron__0,crackle_score,0.7333177788,0
M39,test,cycle,136_1b1_Ar_sc_Meditron__1,crackle_score,0.7592912705,0
M39,test,cycle,136_1b1_Ar_sc_Meditron__2,crackle_score,0.7268836978,0
M39,test,cycle,136_1b1_Ar_sc_Meditron__3,crackle_score,0.7974828375,0
M39,test,cycle,136_1b1_Ar_sc_Meditron__4,crackle_score,0.5965436581,0
M39,test,cycle,136_1b1_Ar_sc_Meditron__5,crackle_score,0.6278772379,0
M39,test,cycle,136_1b1_Ar_sc_Meditron__6,crackle_score,0.6693831737,0
M39,test,cycle,136_1b1_Ar_sc_Meditron__7,crackle_score,0.5335274912,0
M39,test,cycle,136_1b1_Ar_sc_Meditron__8,crackle_score,0.7442598925,0
M39,test,cycle,139_1b1_Al_sc_Litt3200__0,crackle_score,0.5368935621,0
M39,test,cycle,139_1b1_Al_sc_Litt3200__1,crackle_score,0.7122466306,0
M39,test,cycle,139_1b1_Al_sc_Litt3200__2,crackle_score,0.5986882684,0
M39,test,cycle,139_1b1_Al_sc_Litt3200__3,crackle_score,0.5809798563,0
M39,test,cycle,139_1b1_Al_sc_Litt3200__4,crackle_score,0.6016518424,0
M39,test,cycle,139_1b1_Al_sc_Litt3200__5,crackle_score,0.5999125765,0
M39,test,cycle,139_1b1_Al_sc_Litt3200__6,crackle_score,0.6573316551,0
M39,test,cycle,139_1b1_Al_sc_Litt3200__7,crackle_score,0.7086230876,0
M39,test,cycle,139_1b1_Al_sc_Litt3200__8,crackle_score,0.6344414569,0
M39,test,cycle,139_1b1_Al_sc_Litt3200__9,crackle_score,0.3458685381,0
M39,test,cycle,139_1b1_Ar_sc_Litt3200__0,crackle_score,0.5829101461,0
M39,test,cycle,139_1b1_Ar_sc_Litt3200__1,crackle_score,0.7086956522,0
M39,test,cycle,139_1b1_Ar_sc_Litt3200__2,crackle_score,0.6112192409,0
M39,test,cycle,139_1b1_Ar_sc_Litt3200__3,crackle_score,0.5868432479,0
M39,test,cycle,139_1b1_Ar_sc_Litt3200__4,crackle_score,0.6066844474,0
M39,test,cycle,139_1b1_Ar_sc_Litt3200__5,crackle_score,0.5762267747,0
M39,test,cycle,139_1b1_Ar_sc_Litt3200__6,crackle_score,0.6457725948,0
M39,test,cycle,139_1b1_Ar_sc_Litt3200__7,crackle_score,0.5845580856,0
M39,test,cycle,139_1b1_Ar_sc_Litt3200__8,crackle_score,0.2940551025,0
M39,test,cycle,139_1b1_Ll_sc_Litt3200__0,crackle_score,0.7023075707,1
M39,test,cycle,139_1b1_Ll_sc_Litt3200__1,crackle_score,0.6143755808,0
M39,test,cycle,139_1b1_Ll_sc_Litt3200__2,crackle_score,0.5512738343,0
M39,test,cycle,139_1b1_Ll_sc_Litt3200__3,crackle_score,0.5835392809,0
M39,test,cycle,139_1b1_Ll_sc_Litt3200__4,crackle_score,0.5530944085,0
M39,test,cycle,139_1b1_Ll_sc_Litt3200__5,crackle_score,0.5234521576,0
M39,test,cycle,139_1b1_Ll_sc_Litt3200__6,crackle_score,0.567855758,0
M39,test,cycle,139_1b1_Ll_sc_Litt3200__7,crackle_score,0.2854880481,0
M39,test,cycle,139_1b1_Lr_sc_Litt3200__0,crackle_score,0.5681663258,0
M39,test,cycle,139_1b1_Lr_sc_Litt3200__1,crackle_score,0.5556734751,1
M39,test,cycle,139_1b1_Lr_sc_Litt3200__2,crackle_score,0.5538448595,1
M39,test,cycle,139_1b1_Lr_sc_Litt3200__3,crackle_score,0.5937734434,1
M39,test,cycle,139_1b1_Lr_sc_Litt3200__4,crackle_score,0.5334737371,0
M39,test,cycle,139_1b1_Lr_sc_Litt3200__5,crackle_score,0.2355586092,0
M39,test,cycle,139_1b1_Pl_sc_Litt3200__0,crackle_score,0.5276931598,0
M39,test,cycle,139_1b1_Pl_sc_Litt3200__1,crackle_score,0.5257483103,0
M39,test,cycle,139_1b1_Pl_sc_Litt3200__2,crackle_score,0.5257483103,0
M39,test,cycle,139_1b1_Pl_sc_Litt3200__3,crackle_score,0.5,0
M39,test,cycle,139_1b1_Pl_sc_Litt3200__4,crackle_score,0.5412208234,0
M39,test,cycle,139_1b1_Pl_sc_Litt3200__5,crackle_score,0.559772559,0
M39,test,cycle,139_1b1_Pr_sc_Litt3200__0,crackle_score,0.6800816799,0
M39,test,cycle,139_1b1_Pr_sc_Litt3200__1,crackle_score,0.5317095406,0
M39,test,cycle,139_1b1_Pr_sc_Litt3200__2,crackle_score,0.6375279354,0
M39,test,cycle,139_1b1_Pr_sc_Litt3200__3,crackle_score,0.5908961795,0
M39,test,cycle,139_1b1_Pr_sc_Litt3200__4,crackle_score,0.5232788221,0
M39,test,cycle,139_1b1_Pr_sc_Litt3200__5,crackle_score,0.5851365733,0
M39,test,cycle,139_1b1_Pr_sc_Litt3200__6,crackle_score,0.4959866351,0
M39,test,cycle,143_1b1_Al_sc_Meditron__0,crackle_score,0.4748351842,0
M39,test,cycle,143_1b1_Al_sc_Meditron__1,crackle_score,0.5693772987,0
M39,test,cycle,143_1b1_Al_sc_Meditron__2,crackle_score,0.5659134193,0
M39,test,cycle,143_1b1_Al_sc_Meditron__3,crackle_score,0.4882222529,0
M39,test,cycle,143_1b1_Al_sc_Meditron__4,crackle_score,0.5317529656,0
M39,test,cycle,143_1b1_Al_sc_Meditron__5,crackle_score,0.8536043599,0
M39,test,cycle,143_1b1_Al_sc_Meditron__6,crackle_score,0.5460282933,0
M39,test,cycle,143_1b1_Al_sc_Meditron__7,crackle_score,0.5205127727,0
M39,test,cycle,143_1b1_Al_sc_Meditron__8,crackle_score,0.5594829146,0
M39,test,cycle,143_1b1_Al_sc_Meditron__9,crackle_score,0.3739825604,0
M39,test,cycle,143_1b1_Al_sc_Meditron__10,crackle_score,0.3009583523,0
M39,test,cycle,143_1b1_Al_sc_Meditron__11,crackle_score,0.5170390443,0
M39,test,cycle,143_1b1_Al_sc_Meditron__12,crackle_score,0.5392859381,0
M39,test,cycle,143_1b1_Al_sc_Meditron__13,crackle_score,0.5834558571,0
M39,test,cycle,143_1b1_Al_sc_Meditron__14,crackle_score,0.5870364084,0
M39,test,cycle,143_1b1_Al_sc_Meditron__15,crackle_score,0.4588099495,0
M39,test,cycle,143_1b1_Al_sc_Meditron__16,crackle_score,0.7327654659,0
M39,test,cycle,143_1b1_Al_sc_Meditron__17,crackle_score,0.3701297571,0
M39,test,cycle,144_1b1_Al_sc_Meditron__0,crackle_score,0.636729862,0
M39,test,cycle,144_1b1_Al_sc_Meditron__1,crackle_score,0.6376929002,0
M39,test,cycle,144_1b1_Al_sc_Meditron__2,crackle_score,0.6242544732,0
M39,test,cycle,144_1b1_Al_sc_Meditron__3,crackle_score,0.5502005697,0
M39,test,cycle,144_1b1_Al_sc_Meditron__4,crackle_score,0.5437567534,0
M39,test,cycle,144_1b1_Al_sc_Meditron__5,crackle_score,0.6204642906,0
M39,test,cycle,144_1b1_Al_sc_Meditron__6,crackle_score,0.6980443058,0
M39,test,cycle,144_1b1_Al_sc_Meditron__7,crackle_score,0.4361049797,0
M39,test,cycle,144_1b1_Al_sc_Meditron__8,crackle_score,0.7820874471,0
M39,test,cycle,144_1b1_Al_sc_Meditron__9,crackle_score,0.4616961033,0
M39,test,cycle,144_1b1_Tc_sc_Meditron__0,crackle_score,0.2425667653,0
M39,test,cycle,144_1b1_Tc_sc_Meditron__1,crackle_score,0.4527579821,0
M39,test,cycle,144_1b1_Tc_sc_Meditron__2,crackle_score,0.4563868734,0
M39,test,cycle,144_1b1_Tc_sc_Meditron__3,crackle_score,0.5720464366,0
M39,test,cycle,144_1b1_Tc_sc_Meditron__4,crackle_score,0.565312642,0
M39,test,cycle,144_1b1_Tc_sc_Meditron__5,crackle_score,0.5357709323,0
M39,test,cycle,144_1b1_Tc_sc_Meditron__6,crackle_score,0.489104198,0
M39,test,cycle,144_1b1_Tc_sc_Meditron__7,crackle_score,0.4226675226,0
M39,test,cycle,144_1b1_Tc_sc_Meditron__8,crackle_score,0.5512512984,0
M39,test,cycle,144_1b1_Tc_sc_Meditron__9,crackle_score,0.5651935751,0
M39,test,cycle,145_2b2_Al_mc_AKGC417L__0,crackle_score,0.6163091238,0
M39,test,cycle,145_2b2_Al_mc_AKGC417L__1,crackle_score,0.5907205806,0
M39,test,cycle,145_2b2_Al_mc_AKGC417L__2,crackle_score,0.5403877221,0
M39,test,cycle,145_2b2_Al_mc_AKGC417L__3,crackle_score,0.6166709878,0
M39,test,cycle,145_2b2_Al_mc_AKGC417L__4,crackle_score,0.3376951597,0
M39,test,cycle,145_2b2_Ar_mc_AKGC417L__0,crackle_score,0.4699551166,1
M39,test,cycle,145_2b2_Ar_mc_AKGC417L__1,crackle_score,0.5316645795,0
M39,test,cycle,145_2b2_Ar_mc_AKGC417L__2,crackle_score,0.5807754443,1
M39,test,cycle,145_2b2_Ar_mc_AKGC417L__3,crackle_score,0.6166709878,1
M39,test,cycle,145_2b2_Ar_mc_AKGC417L__4,crackle_score,0.5976880495,0
M39,test,cycle,145_2b2_Lr_mc_AKGC417L__0,crackle_score,0.6421555958,0
M39,test,cycle,145_2b2_Lr_mc_AKGC417L__1,crackle_score,0.6036806636,0
M39,test,cycle,145_2b2_Lr_mc_AKGC417L__2,crackle_score,0.7557889068,0
M39,test,cycle,145_2b2_Lr_mc_AKGC417L__3,crackle_score,0.7333419756,0
M39,test,cycle,145_2b2_Lr_mc_AKGC417L__4,crackle_score,0.6465320742,0
M39,test,cycle,145_2b2_Pr_mc_AKGC417L__0,crackle_score,0.5646161799,0
M39,test,cycle,145_2b2_Pr_mc_AKGC417L__1,crackle_score,0.5457635028,0
M39,test,cycle,145_2b2_Pr_mc_AKGC417L__2,crackle_score,0.5403877221,0
M39,test,cycle,145_2b2_Pr_mc_AKGC417L__3,crackle_score,0.6166709878,0
M39,test,cycle,145_2b2_Pr_mc_AKGC417L__4,crackle_score,0.6465320742,0
M39,test,cycle,145_3b2_Ar_mc_AKGC417L__0,crackle_score,0.6294277371,0
M39,test,cycle,145_3b2_Ar_mc_AKGC417L__1,crackle_score,0.4788667247,0
M39,test,cycle,145_3b2_Ar_mc_AKGC417L__2,crackle_score,0.5996737406,0
M39,test,cycle,145_3b2_Ar_mc_AKGC417L__3,crackle_score,0.5141349907,0
M39,test,cycle,145_3b2_Ar_mc_AKGC417L__4,crackle_score,0.4713579748,0
M39,test,cycle,145_3b2_Ar_mc_AKGC417L__5,crackle_score,0.4408988935,0
M39,test,cycle,145_3b2_Lr_mc_AKGC417L__0,crackle_score,0.633863002,1
M39,test,cycle,145_3b2_Lr_mc_AKGC417L__1,crackle_score,0.4419463192,1
M39,test,cycle,145_3b2_Lr_mc_AKGC417L__2,crackle_score,0.2699263966,1
M39,test,cycle,145_3b2_Lr_mc_AKGC417L__3,crackle_score,0.3189518561,1
M39,test,cycle,145_3b2_Lr_mc_AKGC417L__4,crackle_score,0.316135421,1
M39,test,cycle,145_3b2_Lr_mc_AKGC417L__5,crackle_score,0.1130468226,1
M39,test,cycle,145_3b4_Pl_mc_AKGC417L__0,crackle_score,0.3019622405,0
M39,test,cycle,145_3b4_Pl_mc_AKGC417L__1,crackle_score,0.3393758643,0
M39,test,cycle,145_3b4_Pl_mc_AKGC417L__2,crackle_score,0.3294074701,0
M39,test,cycle,145_3b4_Pl_mc_AKGC417L__3,crackle_score,0.3256831743,0
M39,test,cycle,145_3b4_Pl_mc_AKGC417L__4,crackle_score,0.2888604683,0
M39,test,cycle,146_2b2_Pl_mc_AKGC417L__0,crackle_score,0.7896451846,0
M39,test,cycle,146_2b2_Pl_mc_AKGC417L__1,crackle_score,0.6694504962,0
M39,test,cycle,146_2b2_Pl_mc_AKGC417L__2,crackle_score,0.6395584877,1
M39,test,cycle,146_2b2_Pl_mc_AKGC417L__3,crackle_score,0.7025184255,1
M39,test,cycle,146_2b2_Pl_mc_AKGC417L__4,crackle_score,0.6225275971,1
M39,test,cycle,146_2b4_Al_mc_AKGC417L__0,crackle_score,0.5287346092,0
M39,test,cycle,146_2b4_Al_mc_AKGC417L__1,crackle_score,0.5880056938,0
M39,test,cycle,146_2b4_Al_mc_AKGC417L__2,crackle_score,0.464079653,0
M39,test,cycle,146_2b4_Al_mc_AKGC417L__3,crackle_score,0.4593563888,0
M39,test,cycle,146_2b4_Al_mc_AKGC417L__4,crackle_score,0.5446367787,0
M39,test,cycle,146_2b4_Al_mc_AKGC417L__5,crackle_score,0.255824858,0
M39,test,cycle,146_2b4_Ar_mc_AKGC417L__0,crackle_score,0.6128802942,0
M39,test,cycle,146_2b4_Ar_mc_AKGC417L__1,crackle_score,0.6476113795,0
M39,test,cycle,146_2b4_Ar_mc_AKGC417L__2,crackle_score,0.5733269556,0
M39,test,cycle,146_2b4_Ar_mc_AKGC417L__3,crackle_score,0.5927397986,0
M39,test,cycle,146_2b4_Ar_mc_AKGC417L__4,crackle_score,0.6359434475,0
M39,test,cycle,146_2b4_Ar_mc_AKGC417L__5,crackle_score,0.510769576,0
M39,test,cycle,146_2b4_Ll_mc_AKGC417L__0,crackle_score,0.3182692282,0
M39,test,cycle,146_2b4_Ll_mc_AKGC417L__1,crackle_score,0.2880947956,0
M39,test,cycle,146_2b4_Ll_mc_AKGC417L__2,crackle_score,0.3786907274,0
M39,test,cycle,146_2b4_Ll_mc_AKGC417L__3,crackle_score,0.2951741552,0
M39,test,cycle,146_2b4_Ll_mc_AKGC417L__4,crackle_score,0.286374123,0
M39,test,cycle,146_2b4_Ll_mc_AKGC417L__5,crackle_score,0.1566765942,0
M39,test,cycle,146_2b4_Lr_mc_AKGC417L__0,crackle_score,0.7402219328,0
M39,test,cycle,146_2b4_Lr_mc_AKGC417L__1,crackle_score,0.7126528442,0
M39,test,cycle,146_2b4_Lr_mc_AKGC417L__2,crackle_score,0.5390951487,0
M39,test,cycle,146_2b4_Lr_mc_AKGC417L__3,crackle_score,0.618858954,0
M39,test,cycle,146_2b4_Lr_mc_AKGC417L__4,crackle_score,0.598288519,0
M39,test,cycle,146_2b4_Lr_mc_AKGC417L__5,crackle_score,0.4175825831,0
M39,test,cycle,146_2b4_Pr_mc_AKGC417L__0,crackle_score,0.6560726447,0
M39,test,cycle,146_2b4_Pr_mc_AKGC417L__1,crackle_score,0.5316500085,0
M39,test,cycle,146_2b4_Pr_mc_AKGC417L__2,crackle_score,0.4128736315,0
M39,test,cycle,146_2b4_Pr_mc_AKGC417L__3,crackle_score,0.3870928202,0
M39,test,cycle,146_2b4_Pr_mc_AKGC417L__4,crackle_score,0.6080205239,0
M39,test,cycle,146_2b4_Pr_mc_AKGC417L__5,crackle_score,0.20853483,0
M39,test,cycle,146_8p3_Al_mc_AKGC417L__0,crackle_score,0.5874890639,0
M39,test,cycle,146_8p3_Al_mc_AKGC417L__1,crackle_score,0.5921149595,0
M39,test,cycle,146_8p3_Al_mc_AKGC417L__2,crackle_score,0.35219071,0
M39,test,cycle,146_8p3_Al_mc_AKGC417L__3,crackle_score,0.4700049138,0
M39,test,cycle,146_8p3_Al_mc_AKGC417L__4,crackle_score,0.4862896702,0
M39,test,cycle,146_8p3_Al_mc_AKGC417L__5,crackle_score,0.6741486068,0
M39,test,cycle,146_8p3_Al_mc_AKGC417L__6,crackle_score,0.4372178537,0
M39,test,cycle,146_8p3_Al_mc_AKGC417L__7,crackle_score,0.599522293,0
M39,test,cycle,146_8p3_Al_mc_AKGC417L__8,crackle_score,0.2155997369,0
M39,test,cycle,146_8p3_Ar_mc_AKGC417L__0,crackle_score,0.7387774594,0
M39,test,cycle,146_8p3_Ar_mc_AKGC417L__1,crackle_score,0.7799552072,1
M39,test,cycle,146_8p3_Ar_mc_AKGC417L__2,crackle_score,0.7416356877,1
M39,test,cycle,146_8p3_Ar_mc_AKGC417L__3,crackle_score,0.7089427497,1
M39,test,cycle,146_8p3_Ar_mc_AKGC417L__4,crackle_score,0.78,1
M39,test,cycle,146_8p3_Ar_mc_AKGC417L__5,crackle_score,0.8304821151,1
M39,test,cycle,146_8p3_Ar_mc_AKGC417L__6,crackle_score,0.7648505486,1
M39,test,cycle,146_8p3_Ar_mc_AKGC417L__7,crackle_score,0.8501094092,0
M39,test,cycle,146_8p3_Ar_mc_AKGC417L__8,crackle_score,0.5861478285,0
M39,test,cycle,146_8p3_Lr_mc_AKGC417L__0,crackle_score,0.7651678066,0
M39,test,cycle,146_8p3_Lr_mc_AKGC417L__1,crackle_score,0.7793663082,0
M39,test,cycle,146_8p3_Lr_mc_AKGC417L__2,crackle_score,0.9421518055,0
M39,test,cycle,146_8p3_Lr_mc_AKGC417L__3,crackle_score,0.7402886721,0
M39,test,cycle,146_8p3_Lr_mc_AKGC417L__4,crackle_score,0.6788553058,0
M39,test,cycle,146_8p3_Lr_mc_AKGC417L__5,crackle_score,0.7804529017,0
M39,test,cycle,146_8p3_Lr_mc_AKGC417L__6,crackle_score,0.5192963412,0
M39,test,cycle,146_8p3_Lr_mc_AKGC417L__7,crackle_score,0.7723699059,0
M39,test,cycle,146_8p3_Lr_mc_AKGC417L__8,crackle_score,0.377112036,0
M39,test,cycle,146_8p3_Pl_mc_AKGC417L__0,crackle_score,0.1882647169,0
M39,test,cycle,146_8p3_Pl_mc_AKGC417L__1,crackle_score,0.3814554036,0
M39,test,cycle,146_8p3_Pl_mc_AKGC417L__2,crackle_score,0.6718213058,0
M39,test,cycle,146_8p3_Pl_mc_AKGC417L__3,crackle_score,0.5106686441,0
M39,test,cycle,146_8p3_Pl_mc_AKGC417L__4,crackle_score,0.4106927847,0
M39,test,cycle,146_8p3_Pl_mc_AKGC417L__5,crackle_score,0.3901244726,0
M39,test,cycle,146_8p3_Pl_mc_AKGC417L__6,crackle_score,0.5883564028,0
M39,test,cycle,146_8p3_Pl_mc_AKGC417L__7,crackle_score,0.5122243008,0
M39,test,cycle,146_8p3_Pl_mc_AKGC417L__8,crackle_score,0.1789623183,0
M39,test,cycle,146_8p3_Pr_mc_AKGC417L__0,crackle_score,1,0
M39,test,cycle,146_8p3_Pr_mc_AKGC417L__1,crackle_score,0.9501125281,0
M39,test,cycle,146_8p3_Pr_mc_AKGC417L__2,crackle_score,0.9602991945,0
M39,test,cycle,146_8p3_Pr_mc_AKGC417L__3,crackle_score,0.9711183941,0
M39,test,cycle,146_8p3_Pr_mc_AKGC417L__4,crackle_score,0.9395221091,0
M39,test,cycle,146_8p3_Pr_mc_AKGC417L__5,crackle_score,0.8926187672,0
M39,test,cycle,146_8p3_Pr_mc_AKGC417L__6,crackle_score,0.8436426117,0
M39,test,cycle,146_8p3_Pr_mc_AKGC417L__7,crackle_score,0.98374613,0
M39,test,cycle,146_8p3_Pr_mc_AKGC417L__8,crackle_score,0.6595744681,0
M39,test,cycle,147_1b2_Tc_mc_AKGC417L__0,crackle_score,0.4625530481,0
M39,test,cycle,147_1b2_Tc_mc_AKGC417L__1,crackle_score,0.6446759259,0
M39,test,cycle,147_1b2_Tc_mc_AKGC417L__2,crackle_score,0.3350128016,0
M39,test,cycle,147_1b2_Tc_mc_AKGC417L__3,crackle_score,0.6241310824,0
M39,test,cycle,147_1b2_Tc_mc_AKGC417L__4,crackle_score,0.5859598854,0
M39,test,cycle,147_1b2_Tc_mc_AKGC417L__5,crackle_score,0.3356371643,0
M39,test,cycle,147_1b2_Tc_mc_AKGC417L__6,crackle_score,0.3712643549,0
M39,test,cycle,147_1b2_Tc_mc_AKGC417L__7,crackle_score,0.3622762037,0
M39,test,cycle,147_1b2_Tc_mc_AKGC417L__8,crackle_score,0.5042037336,0
M39,test,cycle,147_1b2_Tc_mc_AKGC417L__9,crackle_score,0.6281229981,0
M39,test,cycle,147_1b2_Tc_mc_AKGC417L__10,crackle_score,0.2627054956,0
M39,test,cycle,147_1b2_Tc_mc_AKGC417L__11,crackle_score,0.2552337379,0
M39,test,cycle,147_1b3_Tc_mc_AKGC417L__0,crackle_score,0.3054798475,0
M39,test,cycle,147_1b3_Tc_mc_AKGC417L__1,crackle_score,0.3937142378,0
M39,test,cycle,147_1b3_Tc_mc_AKGC417L__2,crackle_score,0.3962169428,1
M39,test,cycle,147_1b3_Tc_mc_AKGC417L__3,crackle_score,0.4089964599,1
M39,test,cycle,147_1b3_Tc_mc_AKGC417L__4,crackle_score,0.4399992733,0
M39,test,cycle,147_1b3_Tc_mc_AKGC417L__5,crackle_score,0.4228697151,0
M39,test,cycle,147_1b3_Tc_mc_AKGC417L__6,crackle_score,0.2341862835,0
M39,test,cycle,147_1b3_Tc_mc_AKGC417L__7,crackle_score,0.3407910031,0
M39,test,cycle,147_1b3_Tc_mc_AKGC417L__8,crackle_score,0.4210232173,0
M39,test,cycle,147_1b3_Tc_mc_AKGC417L__9,crackle_score,0.3606833145,0
M39,test,cycle,147_1b3_Tc_mc_AKGC417L__10,crackle_score,0.2331662258,0
M39,test,cycle,147_1b4_Tc_mc_AKGC417L__0,crackle_score,0.4064751856,0
M39,test,cycle,147_1b4_Tc_mc_AKGC417L__1,crackle_score,0.3937886526,0
M39,test,cycle,147_1b4_Tc_mc_AKGC417L__2,crackle_score,0.327746381,0
M39,test,cycle,147_1b4_Tc_mc_AKGC417L__3,crackle_score,0.2603749678,0
M39,test,cycle,147_1b4_Tc_mc_AKGC417L__4,crackle_score,0.2997030374,0
M39,test,cycle,147_1b4_Tc_mc_AKGC417L__5,crackle_score,0.5915132593,0
M39,test,cycle,147_1b4_Tc_mc_AKGC417L__6,crackle_score,0.4228531572,0
M39,test,cycle,147_1b4_Tc_mc_AKGC417L__7,crackle_score,0.3928097928,0
M39,test,cycle,147_1b4_Tc_mc_AKGC417L__8,crackle_score,0.3904166348,0
M39,test,cycle,147_1b4_Tc_mc_AKGC417L__9,crackle_score,0.4950133049,0
M39,test,cycle,147_1b4_Tc_mc_AKGC417L__10,crackle_score,0.4861804303,0
M39,test,cycle,147_1b4_Tc_mc_AKGC417L__11,crackle_score,0.4103878781,0
M39,test,cycle,147_1b4_Tc_mc_AKGC417L__12,crackle_score,0.2607681592,0
M39,test,cycle,147_1b4_Tc_mc_AKGC417L__13,crackle_score,0.4443912034,0
M39,test,cycle,147_1b4_Tc_mc_AKGC417L__14,crackle_score,0.572785334,0
M39,test,cycle,147_2b2_Al_mc_AKGC417L__0,crackle_score,0.4994859557,0
M39,test,cycle,147_2b2_Al_mc_AKGC417L__1,crackle_score,0.4512322962,0
M39,test,cycle,147_2b2_Al_mc_AKGC417L__2,crackle_score,0.3235100972,0
M39,test,cycle,147_2b2_Al_mc_AKGC417L__3,crackle_score,0.4903703151,0
M39,test,cycle,147_2b2_Al_mc_AKGC417L__4,crackle_score,0.3586473018,0
M39,test,cycle,147_2b2_Ar_mc_AKGC417L__0,crackle_score,0.6205470094,0
M39,test,cycle,147_2b2_Ar_mc_AKGC417L__1,crackle_score,0.3882658517,0
M39,test,cycle,147_2b2_Ar_mc_AKGC417L__2,crackle_score,0.2886844099,0
M39,test,cycle,147_2b2_Ar_mc_AKGC417L__3,crackle_score,0.4213319658,0
M39,test,cycle,147_2b2_Ar_mc_AKGC417L__4,crackle_score,0.2946191263,0
M39,test,cycle,147_2b2_Pl_mc_AKGC417L__0,crackle_score,0.7843986999,0
M39,test,cycle,147_2b2_Pl_mc_AKGC417L__1,crackle_score,0.6986909771,0
M39,test,cycle,147_2b2_Pl_mc_AKGC417L__2,crackle_score,0.579006772,0
M39,test,cycle,147_2b2_Pl_mc_AKGC417L__3,crackle_score,0.6837109614,0
M39,test,cycle,147_2b2_Pl_mc_AKGC417L__4,crackle_score,0.6354401806,0
M39,test,cycle,147_2b3_Al_mc_AKGC417L__0,crackle_score,0.4546189314,0
M39,test,cycle,147_2b3_Al_mc_AKGC417L__1,crackle_score,0.5174476924,0
M39,test,cycle,147_2b3_Al_mc_AKGC417L__2,crackle_score,0.4209326543,0
M39,test,cycle,147_2b3_Al_mc_AKGC417L__3,crackle_score,0.4352552434,0
M39,test,cycle,147_2b3_Al_mc_AKGC417L__4,crackle_score,0.3332504399,0
M39,test,cycle,147_2b3_Ar_mc_AKGC417L__0,crackle_score,0.354963014,0
M39,test,cycle,147_2b3_Ar_mc_AKGC417L__1,crackle_score,0.4013673123,0
M39,test,cycle,147_2b3_Ar_mc_AKGC417L__2,crackle_score,0.3596798332,0
M39,test,cycle,147_2b3_Ar_mc_AKGC417L__3,crackle_score,0.3188686465,0
M39,test,cycle,147_2b3_Ar_mc_AKGC417L__4,crackle_score,0.04967589642,0
M39,test,cycle,147_2b3_Ll_mc_AKGC417L__0,crackle_score,0.2264465594,0
M39,test,cycle,147_2b3_Ll_mc_AKGC417L__1,crackle_score,0.4290764792,0
M39,test,cycle,147_2b3_Ll_mc_AKGC417L__2,crackle_score,0.3422907786,0
M39,test,cycle,147_2b3_Ll_mc_AKGC417L__3,crackle_score,0.3435978782,0
M39,test,cycle,147_2b3_Ll_mc_AKGC417L__4,crackle_score,0.3327396463,0
M39,test,cycle,147_2b3_Lr_mc_AKGC417L__0,crackle_score,0.6450421941,0
M39,test,cycle,147_2b3_Lr_mc_AKGC417L__1,crackle_score,0.6587689301,0
M39,test,cycle,147_2b3_Lr_mc_AKGC417L__2,crackle_score,0.6528050644,0
M39,test,cycle,147_2b3_Lr_mc_AKGC417L__3,crackle_score,0.5781424425,0
M39,test,cycle,147_2b3_Lr_mc_AKGC417L__4,crackle_score,0.6309757695,0
M39,test,cycle,147_2b3_Pl_mc_AKGC417L__0,crackle_score,0.1526626579,0
M39,test,cycle,147_2b3_Pl_mc_AKGC417L__1,crackle_score,0.2479936295,0
M39,test,cycle,147_2b3_Pl_mc_AKGC417L__2,crackle_score,0.2368398444,0
M39,test,cycle,147_2b3_Pl_mc_AKGC417L__3,crackle_score,0.2977097464,0
M39,test,cycle,147_2b3_Pl_mc_AKGC417L__4,crackle_score,0.09365361184,0
M39,test,cycle,147_2b4_Al_mc_AKGC417L__0,crackle_score,0.3939038657,0
M39,test,cycle,147_2b4_Al_mc_AKGC417L__1,crackle_score,0.4849891455,0
M39,test,cycle,147_2b4_Al_mc_AKGC417L__2,crackle_score,0.4702787575,0
M39,test,cycle,147_2b4_Al_mc_AKGC417L__3,crackle_score,0.4154131531,0
M39,test,cycle,147_2b4_Al_mc_AKGC417L__4,crackle_score,0.4066944772,0
M39,test,cycle,147_2b4_Ar_mc_AKGC417L__0,crackle_score,0.2929461553,0
M39,test,cycle,147_2b4_Ar_mc_AKGC417L__1,crackle_score,0.4111232866,0
M39,test,cycle,147_2b4_Ar_mc_AKGC417L__2,crackle_score,0.2904199102,0
M39,test,cycle,147_2b4_Ar_mc_AKGC417L__3,crackle_score,0.3138429957,0
M39,test,cycle,147_2b4_Ar_mc_AKGC417L__4,crackle_score,0.2585232638,0
M39,test,cycle,147_2b4_Ll_mc_AKGC417L__0,crackle_score,0.3282941532,0
M39,test,cycle,147_2b4_Ll_mc_AKGC417L__1,crackle_score,0.4107765624,0
M39,test,cycle,147_2b4_Ll_mc_AKGC417L__2,crackle_score,0.4946044856,0
M39,test,cycle,147_2b4_Ll_mc_AKGC417L__3,crackle_score,0.312078008,0
M39,test,cycle,147_2b4_Ll_mc_AKGC417L__4,crackle_score,0.3386602081,0
M39,test,cycle,147_2b4_Lr_mc_AKGC417L__0,crackle_score,0.6837752691,0
M39,test,cycle,147_2b4_Lr_mc_AKGC417L__1,crackle_score,0.6795117281,0
M39,test,cycle,147_2b4_Lr_mc_AKGC417L__2,crackle_score,0.517627762,0
M39,test,cycle,147_2b4_Lr_mc_AKGC417L__3,crackle_score,0.634589502,0
M39,test,cycle,147_2b4_Lr_mc_AKGC417L__4,crackle_score,0.646113384,0
M39,test,cycle,147_2b4_Pl_mc_AKGC417L__0,crackle_score,0.5182089778,0
M39,test,cycle,147_2b4_Pl_mc_AKGC417L__1,crackle_score,0.5859148269,0
M39,test,cycle,147_2b4_Pl_mc_AKGC417L__2,crackle_score,0.5160999984,0
M39,test,cycle,147_2b4_Pl_mc_AKGC417L__3,crackle_score,0.5607578357,0
M39,test,cycle,147_2b4_Pl_mc_AKGC417L__4,crackle_score,0.2377977623,0
M39,test,cycle,149_1b1_Al_sc_Meditron__0,crackle_score,0.405444956,0
M39,test,cycle,149_1b1_Al_sc_Meditron__1,crackle_score,0.7364420352,0
M39,test,cycle,149_1b1_Al_sc_Meditron__2,crackle_score,0.6929975222,0
M39,test,cycle,149_1b1_Al_sc_Meditron__3,crackle_score,0.732692249,0
M39,test,cycle,149_1b1_Al_sc_Meditron__4,crackle_score,0.8784295175,1
M39,test,cycle,149_1b1_Al_sc_Meditron__5,crackle_score,0.9827031376,0
M39,test,cycle,149_1b1_Al_sc_Meditron__6,crackle_score,0.8621947802,0
M39,test,cycle,149_1b1_Al_sc_Meditron__7,crackle_score,0.7720778119,1
M39,test,cycle,149_1b1_Al_sc_Meditron__8,crackle_score,0.9551820728,0
M39,test,cycle,149_1b1_Al_sc_Meditron__9,crackle_score,0.8214285714,0
M39,test,cycle,149_1b1_Al_sc_Meditron__10,crackle_score,0.7238004312,0
M39,test,cycle,149_1b1_Al_sc_Meditron__11,crackle_score,0.728187732,0
M39,test,cycle,149_1b1_Al_sc_Meditron__12,crackle_score,0.725231463,0
M39,test,cycle,149_1b1_Al_sc_Meditron__13,crackle_score,0.9604051565,0
M39,test,cycle,149_1b1_Al_sc_Meditron__14,crackle_score,0.870675453,0
M39,test,cycle,149_1b1_Al_sc_Meditron__15,crackle_score,0.8666666667,0
M39,test,cycle,149_1b1_Al_sc_Meditron__16,crackle_score,0.813335072,1
M39,test,cycle,149_1b1_Al_sc_Meditron__17,crackle_score,0.6855609312,0
M39,test,cycle,149_1b1_Lr_sc_Meditron__0,crackle_score,0.6595434229,0
M39,test,cycle,149_1b1_Lr_sc_Meditron__1,crackle_score,0.7837326608,0
M39,test,cycle,149_1b1_Lr_sc_Meditron__2,crackle_score,0.6207245951,0
M39,test,cycle,149_1b1_Lr_sc_Meditron__3,crackle_score,0.9108830113,0
M39,test,cycle,149_1b1_Lr_sc_Meditron__4,crackle_score,0.640944553,0
M39,test,cycle,149_1b1_Lr_sc_Meditron__5,crackle_score,0.5788037841,0
M39,test,cycle,149_1b1_Lr_sc_Meditron__6,crackle_score,0.8110419907,0
M39,test,cycle,149_1b1_Lr_sc_Meditron__7,crackle_score,0.3399361883,0
M39,test,cycle,149_1b1_Lr_sc_Meditron__8,crackle_score,0.6337518323,1
M39,test,cycle,149_1b1_Lr_sc_Meditron__9,crackle_score,0.3569306387,1
M39,test,cycle,149_1b1_Lr_sc_Meditron__10,crackle_score,0.7965599051,0
M39,test,cycle,149_1b1_Lr_sc_Meditron__11,crackle_score,0.2822473571,0
M39,test,cycle,149_1b1_Lr_sc_Meditron__12,crackle_score,0.4487709615,0
M39,test,cycle,149_1b1_Lr_sc_Meditron__13,crackle_score,0.7397195916,0
M39,test,cycle,149_1b1_Lr_sc_Meditron__14,crackle_score,0.7643208548,0
M39,test,cycle,149_1b1_Lr_sc_Meditron__15,crackle_score,0.8325166258,0
M39,test,cycle,149_1b1_Pl_sc_Meditron__0,crackle_score,0.03616309118,0
M39,test,cycle,149_1b1_Pl_sc_Meditron__1,crackle_score,0.7183027945,0
M39,test,cycle,149_1b1_Pl_sc_Meditron__2,crackle_score,0.3921272997,0
M39,test,cycle,149_1b1_Pl_sc_Meditron__3,crackle_score,0.6381101029,0
M39,test,cycle,149_1b1_Pl_sc_Meditron__4,crackle_score,0.385213151,0
M39,test,cycle,149_1b1_Pl_sc_Meditron__5,crackle_score,0.3613696484,0
M39,test,cycle,149_1b1_Pl_sc_Meditron__6,crackle_score,0.463443394,0
M39,test,cycle,149_1b1_Pl_sc_Meditron__7,crackle_score,0.6013473156,0
M39,test,cycle,149_1b1_Pl_sc_Meditron__8,crackle_score,0.5595777439,0
M39,test,cycle,149_1b1_Pl_sc_Meditron__9,crackle_score,0.3941272137,1
M39,test,cycle,149_1b1_Pl_sc_Meditron__10,crackle_score,0.5955163448,0
M39,test,cycle,149_1b1_Pl_sc_Meditron__11,crackle_score,0.5034521279,0
M39,test,cycle,149_1b1_Pl_sc_Meditron__12,crackle_score,0.4419648859,0
M39,test,cycle,149_1b1_Pl_sc_Meditron__13,crackle_score,0.5142845876,0
M39,test,cycle,149_1b1_Pl_sc_Meditron__14,crackle_score,0.4729877231,0
M39,test,cycle,149_1b1_Pl_sc_Meditron__15,crackle_score,0.4706332445,0
M39,test,cycle,149_1b1_Pl_sc_Meditron__16,crackle_score,0.2209918709,0
M39,test,cycle,150_1b2_Al_sc_Meditron__0,crackle_score,0.4063414778,1
M39,test,cycle,150_1b2_Al_sc_Meditron__1,crackle_score,0.5210904442,1
M39,test,cycle,150_1b2_Al_sc_Meditron__2,crackle_score,0.8985828167,1
M39,test,cycle,150_1b2_Al_sc_Meditron__3,crackle_score,0.7692998205,1
M39,test,cycle,150_1b2_Al_sc_Meditron__4,crackle_score,0.6582491029,0
M39,test,cycle,150_1b2_Al_sc_Meditron__5,crackle_score,0.7708034929,1
M39,test,cycle,150_1b2_Al_sc_Meditron__6,crackle_score,0.7917152859,1
M39,test,cycle,150_1b2_Al_sc_Meditron__7,crackle_score,0.8110419907,1
M39,test,cycle,150_1b2_Al_sc_Meditron__8,crackle_score,0.9501186538,1
M39,test,cycle,150_1b2_Al_sc_Meditron__9,crackle_score,0.48851918,0
M39,test,cycle,150_1b2_Al_sc_Meditron__10,crackle_score,0.65,1
M39,test,cycle,150_1b2_Al_sc_Meditron__11,crackle_score,0.7732240437,0
M39,test,cycle,150_1b2_Al_sc_Meditron__12,crackle_score,0.8282275711,0
M39,test,cycle,150_1b2_Al_sc_Meditron__13,crackle_score,0.733426704,0
M39,test,cycle,150_1b2_Al_sc_Meditron__14,crackle_score,0.8350707372,0
M39,test,cycle,150_1b2_Al_sc_Meditron__15,crackle_score,0.7534051315,0
M39,test,cycle,150_1b2_Al_sc_Meditron__16,crackle_score,1,0
M39,test,cycle,151_2p2_Al_mc_AKGC417L__0,crackle_score,0.3893396703,1
M39,test,cycle,151_2p2_Al_mc_AKGC417L__1,crackle_score,0.522707671,0
M39,test,cycle,151_2p2_Al_mc_AKGC417L__2,crackle_score,0.4848846911,1
M39,test,cycle,151_2p2_Al_mc_AKGC417L__3,crackle_score,0.5655090852,0
M39,test,cycle,151_2p2_Al_mc_AKGC417L__4,crackle_score,0.5364749879,1
M39,test,cycle,151_2p2_Al_mc_AKGC417L__5,crackle_score,0.5768654921,0
M39,test,cycle,151_2p2_Ar_mc_AKGC417L__0,crackle_score,0.402263682,0
M39,test,cycle,151_2p2_Ar_mc_AKGC417L__1,crackle_score,0.5627155848,0
M39,test,cycle,151_2p2_Ar_mc_AKGC417L__2,crackle_score,0.4235743303,0
M39,test,cycle,151_2p2_Ar_mc_AKGC417L__3,crackle_score,0.328358555,0
M39,test,cycle,151_2p2_Ar_mc_AKGC417L__4,crackle_score,0.3907564888,0
M39,test,cycle,151_2p2_Ar_mc_AKGC417L__5,crackle_score,0.3730126761,0
M39,test,cycle,151_2p2_Ll_mc_AKGC417L__0,crackle_score,0.2001995778,0
M39,test,cycle,151_2p2_Ll_mc_AKGC417L__1,crackle_score,0.1446592557,1
M39,test,cycle,151_2p2_Ll_mc_AKGC417L__2,crackle_score,0.1818094894,1
M39,test,cycle,151_2p2_Ll_mc_AKGC417L__3,crackle_score,0.5565119868,1
M39,test,cycle,151_2p2_Ll_mc_AKGC417L__4,crackle_score,0.467624871,1
M39,test,cycle,151_2p2_Ll_mc_AKGC417L__5,crackle_score,0.2673178728,1
M39,test,cycle,151_2p2_Lr_mc_AKGC417L__0,crackle_score,0.3173699868,0
M39,test,cycle,151_2p2_Lr_mc_AKGC417L__1,crackle_score,0.5010041826,0
M39,test,cycle,151_2p2_Lr_mc_AKGC417L__2,crackle_score,0.5271791099,0
M39,test,cycle,151_2p2_Lr_mc_AKGC417L__3,crackle_score,0.4399785058,1
M39,test,cycle,151_2p2_Lr_mc_AKGC417L__4,crackle_score,0.3485082308,0
M39,test,cycle,151_2p2_Lr_mc_AKGC417L__5,crackle_score,0.6012731481,0
M39,test,cycle,151_2p2_Pl_mc_AKGC417L__0,crackle_score,0.6937026,0
M39,test,cycle,151_2p2_Pl_mc_AKGC417L__1,crackle_score,0.7038256507,0
M39,test,cycle,151_2p2_Pl_mc_AKGC417L__2,crackle_score,0.8093045591,0
M39,test,cycle,151_2p2_Pl_mc_AKGC417L__3,crackle_score,0.7907822041,0
M39,test,cycle,151_2p2_Pl_mc_AKGC417L__4,crackle_score,0.9258943782,0
M39,test,cycle,151_2p2_Pl_mc_AKGC417L__5,crackle_score,0.7622737679,0
M39,test,cycle,151_2p2_Pr_mc_AKGC417L__0,crackle_score,0.4215426777,0
M39,test,cycle,151_2p2_Pr_mc_AKGC417L__1,crackle_score,0.4488823726,0
M39,test,cycle,151_2p2_Pr_mc_AKGC417L__2,crackle_score,0.4831979758,0
M39,test,cycle,151_2p2_Pr_mc_AKGC417L__3,crackle_score,0.3859333493,0
M39,test,cycle,151_2p2_Pr_mc_AKGC417L__4,crackle_score,0.6158223361,0
M39,test,cycle,151_2p2_Pr_mc_AKGC417L__5,crackle_score,0.4932402957,0
M39,test,cycle,151_2p2_Tc_mc_AKGC417L__0,crackle_score,0.2694947869,0
M39,test,cycle,151_2p2_Tc_mc_AKGC417L__1,crackle_score,0.4642973227,0
M39,test,cycle,151_2p2_Tc_mc_AKGC417L__2,crackle_score,0.5028637959,0
M39,test,cycle,151_2p2_Tc_mc_AKGC417L__3,crackle_score,0.5823815494,0
M39,test,cycle,151_2p2_Tc_mc_AKGC417L__4,crackle_score,0.4705094374,0
M39,test,cycle,151_2p2_Tc_mc_AKGC417L__5,crackle_score,0.5757230709,0
M39,test,cycle,151_2p3_Al_mc_AKGC417L__0,crackle_score,0.1671278836,1
M39,test,cycle,151_2p3_Al_mc_AKGC417L__1,crackle_score,0.1889986762,1
M39,test,cycle,151_2p3_Al_mc_AKGC417L__2,crackle_score,0.2272071244,1
M39,test,cycle,151_2p3_Al_mc_AKGC417L__3,crackle_score,0.184429752,0
M39,test,cycle,151_2p3_Al_mc_AKGC417L__4,crackle_score,0.1746065404,0
M39,test,cycle,151_2p3_Al_mc_AKGC417L__5,crackle_score,0.2461551327,0
M39,test,cycle,151_2p3_Ar_mc_AKGC417L__0,crackle_score,0.4090581442,0
M39,test,cycle,151_2p3_Ar_mc_AKGC417L__1,crackle_score,0.4182366951,1
M39,test,cycle,151_2p3_Ar_mc_AKGC417L__2,crackle_score,0.4527922413,0
M39,test,cycle,151_2p3_Ar_mc_AKGC417L__3,crackle_score,0.4441979242,1
M39,test,cycle,151_2p3_Ar_mc_AKGC417L__4,crackle_score,0.485201354,1
M39,test,cycle,151_2p3_Ar_mc_AKGC417L__5,crackle_score,0.4352319229,1
M39,test,cycle,151_2p3_Ll_mc_AKGC417L__0,crackle_score,0.1910642207,0
M39,test,cycle,151_2p3_Ll_mc_AKGC417L__1,crackle_score,0.1757570726,0
M39,test,cycle,151_2p3_Ll_mc_AKGC417L__2,crackle_score,0.1434072057,0
M39,test,cycle,151_2p3_Ll_mc_AKGC417L__3,crackle_score,0.1024418043,0
M39,test,cycle,151_2p3_Ll_mc_AKGC417L__4,crackle_score,0.4425015212,1
M39,test,cycle,151_2p3_Ll_mc_AKGC417L__5,crackle_score,0.2275541971,1
M39,test,cycle,151_2p3_Lr_mc_AKGC417L__0,crackle_score,0.2043415883,0
M39,test,cycle,151_2p3_Lr_mc_AKGC417L__1,crackle_score,0.3436961139,0
M39,test,cycle,151_2p3_Lr_mc_AKGC417L__2,crackle_score,0.3837937136,0
M39,test,cycle,151_2p3_Lr_mc_AKGC417L__3,crackle_score,0.2928992772,0
M39,test,cycle,151_2p3_Lr_mc_AKGC417L__4,crackle_score,0.4868747263,0
M39,test,cycle,151_2p3_Lr_mc_AKGC417L__5,crackle_score,0.4855448768,0
M39,test,cycle,151_2p3_Pl_mc_AKGC417L__0,crackle_score,0.6469879286,0
M39,test,cycle,151_2p3_Pl_mc_AKGC417L__1,crackle_score,0.7090798594,0
M39,test,cycle,151_2p3_Pl_mc_AKGC417L__2,crackle_score,0.6727597945,0
M39,test,cycle,151_2p3_Pl_mc_AKGC417L__3,crackle_score,0.6174743025,0
M39,test,cycle,151_2p3_Pl_mc_AKGC417L__4,crackle_score,0.7867155145,0
M39,test,cycle,151_2p3_Pl_mc_AKGC417L__5,crackle_score,0.7315529484,0
M39,test,cycle,151_2p3_Pr_mc_AKGC417L__0,crackle_score,0.2337598782,0
M39,test,cycle,151_2p3_Pr_mc_AKGC417L__1,crackle_score,0.2672770032,0
M39,test,cycle,151_2p3_Pr_mc_AKGC417L__2,crackle_score,0.3076091523,0
M39,test,cycle,151_2p3_Pr_mc_AKGC417L__3,crackle_score,0.2846478673,0
M39,test,cycle,151_2p3_Pr_mc_AKGC417L__4,crackle_score,0.3979244838,0
M39,test,cycle,151_2p3_Pr_mc_AKGC417L__5,crackle_score,0.3378711537,0
M39,test,cycle,151_2p3_Tc_mc_AKGC417L__0,crackle_score,0.2918228477,0
M39,test,cycle,151_2p3_Tc_mc_AKGC417L__1,crackle_score,0.3502813057,0
M39,test,cycle,151_2p3_Tc_mc_AKGC417L__2,crackle_score,0.3344683092,0
M39,test,cycle,151_2p3_Tc_mc_AKGC417L__3,crackle_score,0.4363858469,0
M39,test,cycle,151_2p3_Tc_mc_AKGC417L__4,crackle_score,0.4865673633,0
M39,test,cycle,151_2p3_Tc_mc_AKGC417L__5,crackle_score,0.5090307642,0
M39,test,cycle,151_2p4_Al_mc_AKGC417L__0,crackle_score,0.2197079947,0
M39,test,cycle,151_2p4_Al_mc_AKGC417L__1,crackle_score,0.2294332298,0
M39,test,cycle,151_2p4_Al_mc_AKGC417L__2,crackle_score,0.308309631,1
M39,test,cycle,151_2p4_Al_mc_AKGC417L__3,crackle_score,0.5759428567,1
M39,test,cycle,151_2p4_Al_mc_AKGC417L__4,crackle_score,0.3803045583,0
M39,test,cycle,151_2p4_Al_mc_AKGC417L__5,crackle_score,0.4758141349,0
M39,test,cycle,151_2p4_Ar_mc_AKGC417L__0,crackle_score,0.3221709085,1
M39,test,cycle,151_2p4_Ar_mc_AKGC417L__1,crackle_score,0.2821587149,0
M39,test,cycle,151_2p4_Ar_mc_AKGC417L__2,crackle_score,0.4021211549,0
M39,test,cycle,151_2p4_Ar_mc_AKGC417L__3,crackle_score,0.4502877955,0
M39,test,cycle,151_2p4_Ar_mc_AKGC417L__4,crackle_score,0.4966678162,0
M39,test,cycle,151_2p4_Ar_mc_AKGC417L__5,crackle_score,0.3833314451,0
M39,test,cycle,151_2p4_Ll_mc_AKGC417L__0,crackle_score,0.1272355584,1
M39,test,cycle,151_2p4_Ll_mc_AKGC417L__1,crackle_score,0.110687801,1
M39,test,cycle,151_2p4_Ll_mc_AKGC417L__2,crackle_score,0.201718391,1
M39,test,cycle,151_2p4_Ll_mc_AKGC417L__3,crackle_score,0.3003818296,1
M39,test,cycle,151_2p4_Ll_mc_AKGC417L__4,crackle_score,0.155370438,0
M39,test,cycle,151_2p4_Ll_mc_AKGC417L__5,crackle_score,0.517248503,1
M39,test,cycle,151_2p4_Lr_mc_AKGC417L__0,crackle_score,0.2126425077,0
M39,test,cycle,151_2p4_Lr_mc_AKGC417L__1,crackle_score,0.09943736716,0
M39,test,cycle,151_2p4_Lr_mc_AKGC417L__2,crackle_score,0.1601570002,0
M39,test,cycle,151_2p4_Lr_mc_AKGC417L__3,crackle_score,0.4082705608,0
M39,test,cycle,151_2p4_Lr_mc_AKGC417L__4,crackle_score,0.4292798132,0
M39,test,cycle,151_2p4_Lr_mc_AKGC417L__5,crackle_score,0.3539837778,0
M39,test,cycle,151_2p4_Pl_mc_AKGC417L__0,crackle_score,0.2703719913,1
M39,test,cycle,151_2p4_Pl_mc_AKGC417L__1,crackle_score,0.4558288727,1
M39,test,cycle,151_2p4_Pl_mc_AKGC417L__2,crackle_score,0.6602554772,1
M39,test,cycle,151_2p4_Pl_mc_AKGC417L__3,crackle_score,0.8167290527,1
M39,test,cycle,151_2p4_Pl_mc_AKGC417L__4,crackle_score,0.5334012764,0
M39,test,cycle,151_2p4_Pl_mc_AKGC417L__5,crackle_score,0.8111554075,0
M39,test,cycle,151_2p4_Pr_mc_AKGC417L__0,crackle_score,0.4484294608,0
M39,test,cycle,151_2p4_Pr_mc_AKGC417L__1,crackle_score,0.1879094522,0
M39,test,cycle,151_2p4_Pr_mc_AKGC417L__2,crackle_score,0.5948766603,0
M39,test,cycle,151_2p4_Pr_mc_AKGC417L__3,crackle_score,0.5025853786,0
M39,test,cycle,151_2p4_Pr_mc_AKGC417L__4,crackle_score,0.4542241345,0
M39,test,cycle,151_2p4_Pr_mc_AKGC417L__5,crackle_score,0.2645049737,0
M39,test,cycle,151_2p4_Tc_mc_AKGC417L__0,crackle_score,0.1062882925,0
M39,test,cycle,151_2p4_Tc_mc_AKGC417L__1,crackle_score,0.1630001758,0
M39,test,cycle,151_2p4_Tc_mc_AKGC417L__2,crackle_score,0.2058846976,0
M39,test,cycle,151_2p4_Tc_mc_AKGC417L__3,crackle_score,0.2280450801,0
M39,test,cycle,151_2p4_Tc_mc_AKGC417L__4,crackle_score,0.2428133479,0
M39,test,cycle,151_2p4_Tc_mc_AKGC417L__5,crackle_score,0.2622992765,0
M39,test,cycle,151_3p2_Al_mc_AKGC417L__0,crackle_score,0.3585447272,1
M39,test,cycle,151_3p2_Al_mc_AKGC417L__1,crackle_score,0.3520699228,1
M39,test,cycle,151_3p2_Al_mc_AKGC417L__2,crackle_score,0.3392848075,1
M39,test,cycle,151_3p2_Al_mc_AKGC417L__3,crackle_score,0.4464053728,1
M39,test,cycle,151_3p2_Al_mc_AKGC417L__4,crackle_score,0.4731570279,1
M39,test,cycle,151_3p2_Al_mc_AKGC417L__5,crackle_score,0.5223237549,0
M39,test,cycle,151_3p2_Ar_mc_AKGC417L__0,crackle_score,0.3807106895,1
M39,test,cycle,151_3p2_Ar_mc_AKGC417L__1,crackle_score,0.4379157088,1
M39,test,cycle,151_3p2_Ar_mc_AKGC417L__2,crackle_score,0.3938242942,1
M39,test,cycle,151_3p2_Ar_mc_AKGC417L__3,crackle_score,0.5603319448,1
M39,test,cycle,151_3p2_Ar_mc_AKGC417L__4,crackle_score,0.5496011033,1
M39,test,cycle,151_3p2_Ar_mc_AKGC417L__5,crackle_score,0.5317295495,0
M39,test,cycle,151_3p2_Lr_mc_AKGC417L__0,crackle_score,0.1296363462,0
M39,test,cycle,151_3p2_Lr_mc_AKGC417L__1,crackle_score,0.2851710166,1
M39,test,cycle,151_3p2_Lr_mc_AKGC417L__2,crackle_score,0.3104366683,0
M39,test,cycle,151_3p2_Lr_mc_AKGC417L__3,crackle_score,0.3139673997,0
M39,test,cycle,151_3p2_Lr_mc_AKGC417L__4,crackle_score,0.2297665661,0
M39,test,cycle,151_3p2_Lr_mc_AKGC417L__5,crackle_score,0.2652266793,0
M39,test,cycle,151_3p2_Pl_mc_AKGC417L__0,crackle_score,0.7026049204,1
M39,test,cycle,151_3p2_Pl_mc_AKGC417L__1,crackle_score,0.7642174132,1
M39,test,cycle,151_3p2_Pl_mc_AKGC417L__2,crackle_score,0.7520759193,1
M39,test,cycle,151_3p2_Pl_mc_AKGC417L__3,crackle_score,0.6779359431,1
M39,test,cycle,151_3p2_Pl_mc_AKGC417L__4,crackle_score,0.7044743806,1
M39,test,cycle,151_3p2_Pl_mc_AKGC417L__5,crackle_score,0.8505417463,1
M39,test,cycle,151_3p2_Pr_mc_AKGC417L__0,crackle_score,0.1976826259,1
M39,test,cycle,151_3p2_Pr_mc_AKGC417L__1,crackle_score,0.3097247457,1
M39,test,cycle,151_3p2_Pr_mc_AKGC417L__2,crackle_score,0.2505720708,0
M39,test,cycle,151_3p2_Pr_mc_AKGC417L__3,crackle_score,0.235778098,0
M39,test,cycle,151_3p2_Pr_mc_AKGC417L__4,crackle_score,0.1814419074,0
M39,test,cycle,151_3p2_Pr_mc_AKGC417L__5,crackle_score,0.3303759258,0
M39,test,cycle,151_3p2_Tc_mc_AKGC417L__0,crackle_score,0.3034358996,0
M39,test,cycle,151_3p2_Tc_mc_AKGC417L__1,crackle_score,0.6627215671,0
M39,test,cycle,151_3p2_Tc_mc_AKGC417L__2,crackle_score,0.368658348,0
M39,test,cycle,151_3p2_Tc_mc_AKGC417L__3,crackle_score,0.5313167446,0
M39,test,cycle,151_3p2_Tc_mc_AKGC417L__4,crackle_score,0.3397262204,0
M39,test,cycle,151_3p2_Tc_mc_AKGC417L__5,crackle_score,0.3329114897,0
M39,test,cycle,151_3p3_Ll_mc_AKGC417L__0,crackle_score,0.4302721251,1
M39,test,cycle,151_3p3_Ll_mc_AKGC417L__1,crackle_score,0.594190059,1
M39,test,cycle,151_3p3_Ll_mc_AKGC417L__2,crackle_score,0.4617090887,1
M39,test,cycle,151_3p3_Ll_mc_AKGC417L__3,crackle_score,0.4282543926,1
M39,test,cycle,151_3p3_Ll_mc_AKGC417L__4,crackle_score,0.6646001682,1
M39,test,cycle,151_3p3_Ll_mc_AKGC417L__5,crackle_score,0.3090459477,0
M39,test,cycle,160_1b2_Al_mc_AKGC417L__0,crackle_score,0.3331406113,1
M39,test,cycle,160_1b2_Al_mc_AKGC417L__1,crackle_score,0.428885246,1
M39,test,cycle,160_1b2_Ar_mc_AKGC417L__0,crackle_score,0.1827780081,0
M39,test,cycle,160_1b2_Ar_mc_AKGC417L__1,crackle_score,0.1791898454,0
M39,test,cycle,160_1b2_Lr_mc_AKGC417L__0,crackle_score,0.3602861768,1
M39,test,cycle,160_1b2_Lr_mc_AKGC417L__1,crackle_score,0.2262884549,0
M39,test,cycle,160_1b2_Pl_mc_AKGC417L__0,crackle_score,0.330726621,0
M39,test,cycle,160_1b2_Pl_mc_AKGC417L__1,crackle_score,0.5538020086,0
M39,test,cycle,160_1b2_Pr_mc_AKGC417L__0,crackle_score,0.6181017823,1
M39,test,cycle,160_1b2_Pr_mc_AKGC417L__1,crackle_score,0.5358680057,0
M39,test,cycle,160_1b2_Tc_mc_AKGC417L__0,crackle_score,0.2974098353,0
M39,test,cycle,160_1b2_Tc_mc_AKGC417L__1,crackle_score,0.2769403818,0
M39,test,cycle,160_1b3_Al_mc_AKGC417L__0,crackle_score,0.4909800861,0
M39,test,cycle,160_1b3_Al_mc_AKGC417L__1,crackle_score,0.5339542573,1
M39,test,cycle,160_1b3_Al_mc_AKGC417L__2,crackle_score,0.4512720789,0
M39,test,cycle,160_1b3_Al_mc_AKGC417L__3,crackle_score,0.3765984645,0
M39,test,cycle,160_1b3_Al_mc_AKGC417L__4,crackle_score,0.4158379633,0
M39,test,cycle,160_1b3_Ar_mc_AKGC417L__0,crackle_score,0.1840802978,0
M39,test,cycle,160_1b3_Ar_mc_AKGC417L__1,crackle_score,0.279134585,0
M39,test,cycle,160_1b3_Ar_mc_AKGC417L__2,crackle_score,0.2344362249,0
M39,test,cycle,160_1b3_Ar_mc_AKGC417L__3,crackle_score,0.2231047821,0
M39,test,cycle,160_1b3_Ar_mc_AKGC417L__4,crackle_score,0.1845620867,0
M39,test,cycle,160_1b3_Lr_mc_AKGC417L__0,crackle_score,0.3697083497,0
M39,test,cycle,160_1b3_Lr_mc_AKGC417L__1,crackle_score,0.3994166091,0
M39,test,cycle,160_1b3_Lr_mc_AKGC417L__2,crackle_score,0.3760360675,0
M39,test,cycle,160_1b3_Lr_mc_AKGC417L__3,crackle_score,0.3242373797,0
M39,test,cycle,160_1b3_Lr_mc_AKGC417L__4,crackle_score,0.3355293946,0
M39,test,cycle,160_1b3_Pl_mc_AKGC417L__0,crackle_score,0.4909588312,0
M39,test,cycle,160_1b3_Pl_mc_AKGC417L__1,crackle_score,0.3400048388,1
M39,test,cycle,160_1b3_Pl_mc_AKGC417L__2,crackle_score,0.4104149384,1
M39,test,cycle,160_1b3_Pl_mc_AKGC417L__3,crackle_score,0.3500242577,0
M39,test,cycle,160_1b3_Pl_mc_AKGC417L__4,crackle_score,0.2158946881,0
M39,test,cycle,160_1b3_Pr_mc_AKGC417L__0,crackle_score,0.6945020747,1
M39,test,cycle,160_1b3_Pr_mc_AKGC417L__1,crackle_score,0.7121287746,1
M39,test,cycle,160_1b3_Pr_mc_AKGC417L__2,crackle_score,0.6598490299,1
M39,test,cycle,160_1b3_Pr_mc_AKGC417L__3,crackle_score,0.6971900419,1
M39,test,cycle,160_1b3_Pr_mc_AKGC417L__4,crackle_score,0.3751821224,1
M39,test,cycle,160_1b3_Tc_mc_AKGC417L__0,crackle_score,0.3960454822,0
M39,test,cycle,160_1b3_Tc_mc_AKGC417L__1,crackle_score,0.4420448968,0
M39,test,cycle,160_1b3_Tc_mc_AKGC417L__2,crackle_score,0.3170682952,0
M39,test,cycle,160_1b3_Tc_mc_AKGC417L__3,crackle_score,0.3935493261,0
M39,test,cycle,160_1b3_Tc_mc_AKGC417L__4,crackle_score,0.3762803338,0
M39,test,cycle,160_1b4_Al_mc_AKGC417L__0,crackle_score,0.4728169112,1
M39,test,cycle,160_1b4_Al_mc_AKGC417L__1,crackle_score,0.4857140983,1
M39,test,cycle,160_1b4_Al_mc_AKGC417L__2,crackle_score,0.451594625,1
M39,test,cycle,160_1b4_Al_mc_AKGC417L__3,crackle_score,0.4173902338,1
M39,test,cycle,160_1b4_Ar_mc_AKGC417L__0,crackle_score,0.2452582585,0
M39,test,cycle,160_1b4_Ar_mc_AKGC417L__1,crackle_score,0.2752910377,0
M39,test,cycle,160_1b4_Ar_mc_AKGC417L__2,crackle_score,0.1736173951,1
M39,test,cycle,160_1b4_Ar_mc_AKGC417L__3,crackle_score,0.2256559255,1
M39,test,cycle,160_1b4_Lr_mc_AKGC417L__0,crackle_score,0.3185533502,0
M39,test,cycle,160_1b4_Lr_mc_AKGC417L__1,crackle_score,0.3763171908,0
M39,test,cycle,160_1b4_Lr_mc_AKGC417L__2,crackle_score,0.5042478425,0
M39,test,cycle,160_1b4_Lr_mc_AKGC417L__3,crackle_score,0.3134688649,0
M39,test,cycle,160_1b4_Pl_mc_AKGC417L__0,crackle_score,0.5544543672,0
M39,test,cycle,160_1b4_Pl_mc_AKGC417L__1,crackle_score,0.4492818877,1
M39,test,cycle,160_1b4_Pl_mc_AKGC417L__2,crackle_score,0.4424533714,0
M39,test,cycle,160_1b4_Pl_mc_AKGC417L__3,crackle_score,0.3204891108,0
M39,test,cycle,160_1b4_Pr_mc_AKGC417L__0,crackle_score,0.7613809628,1
M39,test,cycle,160_1b4_Pr_mc_AKGC417L__1,crackle_score,0.6736487953,1
M39,test,cycle,160_1b4_Pr_mc_AKGC417L__2,crackle_score,0.7593727894,1
M39,test,cycle,160_1b4_Pr_mc_AKGC417L__3,crackle_score,0.6910640005,1
M39,test,cycle,160_1b4_Tc_mc_AKGC417L__0,crackle_score,0.3563924788,0
M39,test,cycle,160_1b4_Tc_mc_AKGC417L__1,crackle_score,0.2648457153,0
M39,test,cycle,160_1b4_Tc_mc_AKGC417L__2,crackle_score,0.245725099,0
M39,test,cycle,160_1b4_Tc_mc_AKGC417L__3,crackle_score,0.3614120836,0
M39,test,cycle,160_2b3_Lr_mc_AKGC417L__0,crackle_score,0.5247244716,0
M39,test,cycle,160_2b3_Lr_mc_AKGC417L__1,crackle_score,0.4920088598,0
M39,test,cycle,160_2b3_Lr_mc_AKGC417L__2,crackle_score,0.5312145966,0
M39,test,cycle,160_2b3_Lr_mc_AKGC417L__3,crackle_score,0.3936051075,1
M39,test,cycle,160_2b3_Lr_mc_AKGC417L__4,crackle_score,0.3478074439,0
M39,test,cycle,160_2b3_Lr_mc_AKGC417L__5,crackle_score,0.4616162318,0
M39,test,cycle,160_2b3_Lr_mc_AKGC417L__6,crackle_score,0.2715068303,0
M39,test,cycle,160_2b4_Ar_mc_AKGC417L__0,crackle_score,0.385439961,1
M39,test,cycle,160_2b4_Ar_mc_AKGC417L__1,crackle_score,0.341729756,1
M39,test,cycle,160_2b4_Ar_mc_AKGC417L__2,crackle_score,0.4183115109,1
M39,test,cycle,160_2b4_Ar_mc_AKGC417L__3,crackle_score,0.4024724136,1
M39,test,cycle,160_2b4_Ar_mc_AKGC417L__4,crackle_score,0.3847976481,1
M39,test,cycle,160_2b4_Ar_mc_AKGC417L__5,crackle_score,0.3371304633,1
M39,test,cycle,160_2b4_Ar_mc_AKGC417L__6,crackle_score,0.4494039288,1
M39,test,cycle,160_2b4_Pl_mc_AKGC417L__0,crackle_score,0.3194699525,1
M39,test,cycle,160_2b4_Pl_mc_AKGC417L__1,crackle_score,0.2767483668,1
M39,test,cycle,160_2b4_Pl_mc_AKGC417L__2,crackle_score,0.3466772879,1
M39,test,cycle,160_2b4_Pl_mc_AKGC417L__3,crackle_score,0.3809704892,1
M39,test,cycle,160_2b4_Pl_mc_AKGC417L__4,crackle_score,0.2993715453,1
M39,test,cycle,160_2b4_Pl_mc_AKGC417L__5,crackle_score,0.3825854329,1
M39,test,cycle,160_2b4_Pl_mc_AKGC417L__6,crackle_score,0.4621779416,1
M39,test,cycle,160_2b4_Pr_mc_AKGC417L__0,crackle_score,0.4432173947,1
M39,test,cycle,160_2b4_Pr_mc_AKGC417L__1,crackle_score,0.3414560219,1
M39,test,cycle,160_2b4_Pr_mc_AKGC417L__2,crackle_score,0.3826952749,1
M39,test,cycle,160_2b4_Pr_mc_AKGC417L__3,crackle_score,0.4524567517,1
M39,test,cycle,160_2b4_Pr_mc_AKGC417L__4,crackle_score,0.3755603429,1
M39,test,cycle,160_2b4_Pr_mc_AKGC417L__5,crackle_score,0.5649733571,1
M39,test,cycle,160_2b4_Pr_mc_AKGC417L__6,crackle_score,0.7140780512,1
M39,test,cycle,160_2b4_Tc_mc_AKGC417L__0,crackle_score,0.5376646505,0
M39,test,cycle,160_2b4_Tc_mc_AKGC417L__1,crackle_score,0.4860519082,0
M39,test,cycle,160_2b4_Tc_mc_AKGC417L__2,crackle_score,0.5860604948,0
M39,test,cycle,160_2b4_Tc_mc_AKGC417L__3,crackle_score,0.556158742,0
M39,test,cycle,160_2b4_Tc_mc_AKGC417L__4,crackle_score,0.5153612698,0
M39,test,cycle,160_2b4_Tc_mc_AKGC417L__5,crackle_score,0.4315184892,0
M39,test,cycle,160_2b4_Tc_mc_AKGC417L__6,crackle_score,0.4034498933,0
M39,test,cycle,165_1b1_Ar_sc_Meditron__0,crackle_score,0.6831164304,0
M39,test,cycle,165_1b1_Ar_sc_Meditron__1,crackle_score,0.7836432398,0
M39,test,cycle,165_1b1_Ar_sc_Meditron__2,crackle_score,0.9180860948,1
M39,test,cycle,165_1b1_Ar_sc_Meditron__3,crackle_score,0.8322259136,1
M39,test,cycle,165_1b1_Ar_sc_Meditron__4,crackle_score,0.7991325157,0
M39,test,cycle,165_1b1_Ar_sc_Meditron__5,crackle_score,0.7551743692,0
M39,test,cycle,165_1b1_Ar_sc_Meditron__6,crackle_score,0.731092437,0
M39,test,cycle,165_1b1_Pl_sc_Meditron__0,crackle_score,0.4128460235,0
M39,test,cycle,165_1b1_Pl_sc_Meditron__1,crackle_score,0.4239486933,0
M39,test,cycle,165_1b1_Pl_sc_Meditron__2,crackle_score,0.4385007494,0
M39,test,cycle,165_1b1_Pl_sc_Meditron__3,crackle_score,0.4039276168,0
M39,test,cycle,165_1b1_Pl_sc_Meditron__4,crackle_score,0.7625131257,0
M39,test,cycle,165_1b1_Pl_sc_Meditron__5,crackle_score,0.3416496027,0
M39,test,cycle,165_1b1_Pl_sc_Meditron__6,crackle_score,0.3954234352,0
M39,test,cycle,165_1b1_Pl_sc_Meditron__7,crackle_score,0.3912329791,0
M39,test,cycle,165_1b1_Pr_sc_Meditron__0,crackle_score,0.7708803612,0
M39,test,cycle,165_1b1_Pr_sc_Meditron__1,crackle_score,0.44608767,1
M39,test,cycle,165_1b1_Pr_sc_Meditron__2,crackle_score,0.4686154298,0
M39,test,cycle,165_1b1_Pr_sc_Meditron__3,crackle_score,0.6912777353,0
M39,test,cycle,165_1b1_Pr_sc_Meditron__4,crackle_score,0.7382697947,0
M39,test,cycle,165_1b1_Pr_sc_Meditron__5,crackle_score,0.3915870388,0
M39,test,cycle,165_1b1_Pr_sc_Meditron__6,crackle_score,0.4234599715,0
M39,test,cycle,165_1b1_Pr_sc_Meditron__7,crackle_score,0.4205770699,0
M39,test,cycle,169_1b1_Lr_sc_Meditron__0,crackle_score,0.7536354413,1
M39,test,cycle,169_1b1_Lr_sc_Meditron__1,crackle_score,0.634589502,1
M39,test,cycle,169_1b1_Lr_sc_Meditron__2,crackle_score,0.6859994641,0
M39,test,cycle,169_1b1_Lr_sc_Meditron__3,crackle_score,0.6559251559,1
M39,test,cycle,169_1b1_Lr_sc_Meditron__4,crackle_score,0.6327140013,1
M39,test,cycle,169_1b1_Lr_sc_Meditron__5,crackle_score,0.6438618926,1
M39,test,cycle,169_1b1_Lr_sc_Meditron__6,crackle_score,0.7522068096,0
M39,test,cycle,169_1b2_Ll_sc_Meditron__0,crackle_score,0.626308192,1
M39,test,cycle,169_1b2_Ll_sc_Meditron__1,crackle_score,0.5714285714,1
M39,test,cycle,169_1b2_Ll_sc_Meditron__2,crackle_score,0.5911410864,1
M39,test,cycle,169_1b2_Ll_sc_Meditron__3,crackle_score,0.6413927183,1
M39,test,cycle,169_1b2_Ll_sc_Meditron__4,crackle_score,0.6795332136,0
M39,test,cycle,169_1b2_Ll_sc_Meditron__5,crackle_score,0.5990425883,1
M39,test,cycle,169_1b2_Ll_sc_Meditron__6,crackle_score,0.6567398119,1
M39,test,cycle,170_1b2_Al_mc_AKGC417L__0,crackle_score,0.5945775536,0
M39,test,cycle,170_1b2_Al_mc_AKGC417L__1,crackle_score,0.6448808757,0
M39,test,cycle,170_1b2_Al_mc_AKGC417L__2,crackle_score,0.5983284169,0
M39,test,cycle,170_1b2_Al_mc_AKGC417L__3,crackle_score,0.6569858713,0
M39,test,cycle,170_1b2_Al_mc_AKGC417L__4,crackle_score,0.5978792822,0
M39,test,cycle,170_1b2_Ar_mc_AKGC417L__0,crackle_score,0.578814628,0
M39,test,cycle,170_1b2_Ar_mc_AKGC417L__1,crackle_score,0.6448808757,0
M39,test,cycle,170_1b2_Ar_mc_AKGC417L__2,crackle_score,0.6311045559,0
M39,test,cycle,170_1b2_Ar_mc_AKGC417L__3,crackle_score,0.5941915228,0
M39,test,cycle,170_1b2_Ar_mc_AKGC417L__4,crackle_score,0.5815660685,0
M39,test,cycle,170_1b2_Lr_mc_AKGC417L__0,crackle_score,0.5945775536,0
M39,test,cycle,170_1b2_Lr_mc_AKGC417L__1,crackle_score,0.5804893754,0
M39,test,cycle,170_1b2_Lr_mc_AKGC417L__2,crackle_score,0.6147164864,0
M39,test,cycle,170_1b2_Lr_mc_AKGC417L__3,crackle_score,0.5470957614,0
M39,test,cycle,170_1b2_Lr_mc_AKGC417L__4,crackle_score,0.5978792822,0
M39,test,cycle,170_1b2_Pl_mc_AKGC417L__0,crackle_score,0.6418663304,1
M39,test,cycle,170_1b2_Pl_mc_AKGC417L__1,crackle_score,0.5369039063,1
M39,test,cycle,170_1b2_Pl_mc_AKGC417L__2,crackle_score,0.6311045559,1
M39,test,cycle,170_1b2_Pl_mc_AKGC417L__3,crackle_score,0.6412872841,1
M39,test,cycle,170_1b2_Pl_mc_AKGC417L__4,crackle_score,0.6305057096,0
M39,test,cycle,170_1b2_Pr_mc_AKGC417L__0,crackle_score,0.6418663304,0
M39,test,cycle,170_1b2_Pr_mc_AKGC417L__1,crackle_score,0.4527607489,0
M39,test,cycle,170_1b2_Pr_mc_AKGC417L__2,crackle_score,0.435624827,0
M39,test,cycle,170_1b2_Pr_mc_AKGC417L__3,crackle_score,0.5627943485,0
M39,test,cycle,170_1b2_Pr_mc_AKGC417L__4,crackle_score,0.663132137,0
M39,test,cycle,170_1b2_Tc_mc_AKGC417L__0,crackle_score,0.657629256,0
M39,test,cycle,170_1b2_Tc_mc_AKGC417L__1,crackle_score,0.6126851256,0
M39,test,cycle,170_1b2_Tc_mc_AKGC417L__2,crackle_score,0.6147164864,0
M39,test,cycle,170_1b2_Tc_mc_AKGC417L__3,crackle_score,0.6098901099,0
M39,test,cycle,170_1b2_Tc_mc_AKGC417L__4,crackle_score,0.7120717781,0
M39,test,cycle,170_1b3_Al_mc_AKGC417L__0,crackle_score,0.5822639026,0
M39,test,cycle,170_1b3_Al_mc_AKGC417L__1,crackle_score,0.6082641646,0
M39,test,cycle,170_1b3_Al_mc_AKGC417L__2,crackle_score,0.5519390582,0
M39,test,cycle,170_1b3_Al_mc_AKGC417L__3,crackle_score,0.5998336106,0
M39,test,cycle,170_1b3_Al_mc_AKGC417L__4,crackle_score,0.5945775536,0
M39,test,cycle,170_1b3_Al_mc_AKGC417L__5,crackle_score,0.6095690285,0
M39,test,cycle,170_1b3_Ar_mc_AKGC417L__0,crackle_score,0.6151694636,0
M39,test,cycle,170_1b3_Ar_mc_AKGC417L__1,crackle_score,0.6082641646,0
M39,test,cycle,170_1b3_Ar_mc_AKGC417L__2,crackle_score,0.586565097,0
M39,test,cycle,170_1b3_Ar_mc_AKGC417L__3,crackle_score,0.6331114809,0
M39,test,cycle,170_1b3_Ar_mc_AKGC417L__4,crackle_score,0.6418663304,0
M39,test,cycle,170_1b3_Ar_mc_AKGC417L__5,crackle_score,0.6278305332,0
M39,test,cycle,170_1b3_Ll_mc_AKGC417L__0,crackle_score,0.2599657832,0
M39,test,cycle,170_1b3_Ll_mc_AKGC417L__1,crackle_score,0.3782584747,0
M39,test,cycle,170_1b3_Ll_mc_AKGC417L__2,crackle_score,0.3374847947,0
M39,test,cycle,170_1b3_Ll_mc_AKGC417L__3,crackle_score,0.3493390821,0
M39,test,cycle,170_1b3_Ll_mc_AKGC417L__4,crackle_score,0.4145543009,0
M39,test,cycle,170_1b3_Ll_mc_AKGC417L__5,crackle_score,0.4350364222,0
M39,test,cycle,170_1b3_Lr_mc_AKGC417L__0,crackle_score,0.5987166831,0
M39,test,cycle,170_1b3_Lr_mc_AKGC417L__1,crackle_score,0.5902201371,0
M39,test,cycle,170_1b3_Lr_mc_AKGC417L__2,crackle_score,0.6038781163,0
M39,test,cycle,170_1b3_Lr_mc_AKGC417L__3,crackle_score,0.6164725458,1
M39,test,cycle,170_1b3_Lr_mc_AKGC417L__4,crackle_score,0.6103404792,0
M39,test,cycle,170_1b3_Lr_mc_AKGC417L__5,crackle_score,0.573046019,0
M39,test,cycle,170_1b3_Pl_mc_AKGC417L__0,crackle_score,0.5987166831,1
M39,test,cycle,170_1b3_Pl_mc_AKGC417L__1,crackle_score,0.6082641646,1
M39,test,cycle,170_1b3_Pl_mc_AKGC417L__2,crackle_score,0.7423822715,1
M39,test,cycle,170_1b3_Pl_mc_AKGC417L__3,crackle_score,0.7014852539,1
M39,test,cycle,170_1b3_Pl_mc_AKGC417L__4,crackle_score,0.463069462,1
M39,test,cycle,170_1b3_Pl_mc_AKGC417L__5,crackle_score,0.6643535427,1
M39,test,cycle,170_1b3_Pr_mc_AKGC417L__0,crackle_score,0.6151694636,1
M39,test,cycle,170_1b3_Pr_mc_AKGC417L__1,crackle_score,0.4674140389,0
M39,test,cycle,170_1b3_Pr_mc_AKGC417L__2,crackle_score,0.4171934166,0
M39,test,cycle,170_1b3_Pr_mc_AKGC417L__3,crackle_score,0.4180708893,0
M39,test,cycle,170_1b3_Pr_mc_AKGC417L__4,crackle_score,0.4394101202,0
M39,test,cycle,170_1b3_Pr_mc_AKGC417L__5,crackle_score,0.5015666418,0
M39,test,cycle,170_1b3_Tc_mc_AKGC417L__0,crackle_score,0.3933452536,0
M39,test,cycle,170_1b3_Tc_mc_AKGC417L__1,crackle_score,0.5386128821,0
M39,test,cycle,170_1b3_Tc_mc_AKGC417L__2,crackle_score,0.4747348649,0
M39,test,cycle,170_1b3_Tc_mc_AKGC417L__3,crackle_score,0.4182159407,0
M39,test,cycle,170_1b3_Tc_mc_AKGC417L__4,crackle_score,0.5394225279,0
M39,test,cycle,170_1b3_Tc_mc_AKGC417L__5,crackle_score,0.5191487505,0
M39,test,cycle,170_1b4_Al_mc_AKGC417L__0,crackle_score,0.6584786054,0
M39,test,cycle,170_1b4_Al_mc_AKGC417L__1,crackle_score,0.649750416,0
M39,test,cycle,170_1b4_Al_mc_AKGC417L__2,crackle_score,0.5960922486,0
M39,test,cycle,170_1b4_Al_mc_AKGC417L__3,crackle_score,0.6069682152,0
M39,test,cycle,170_1b4_Al_mc_AKGC417L__4,crackle_score,0.6489572989,0
M39,test,cycle,170_1b4_Al_mc_AKGC417L__5,crackle_score,0.5623830318,0
M39,test,cycle,170_1b4_Ar_mc_AKGC417L__0,crackle_score,0.6267828843,1
M39,test,cycle,170_1b4_Ar_mc_AKGC417L__1,crackle_score,0.7662229617,1
M39,test,cycle,170_1b4_Ar_mc_AKGC417L__2,crackle_score,0.6121076233,1
M39,test,cycle,170_1b4_Ar_mc_AKGC417L__3,crackle_score,0.575402215,1
M39,test,cycle,170_1b4_Ar_mc_AKGC417L__4,crackle_score,0.6324064879,0
M39,test,cycle,170_1b4_Ar_mc_AKGC417L__5,crackle_score,0.6247660636,1
M39,test,cycle,170_1b4_Lr_mc_AKGC417L__0,crackle_score,0.5792393027,0
M39,test,cycle,170_1b4_Lr_mc_AKGC417L__1,crackle_score,0.5665557404,0
M39,test,cycle,170_1b4_Lr_mc_AKGC417L__2,crackle_score,0.6121076233,0
M39,test,cycle,170_1b4_Lr_mc_AKGC417L__3,crackle_score,0.5916870416,0
M39,test,cycle,170_1b4_Lr_mc_AKGC417L__4,crackle_score,0.6655081099,0
M39,test,cycle,170_1b4_Lr_mc_AKGC417L__5,crackle_score,0.5935745477,0
M39,test,cycle,170_1b4_Pl_mc_AKGC417L__0,crackle_score,0.6267828843,1
M39,test,cycle,170_1b4_Pl_mc_AKGC417L__1,crackle_score,0.649750416,1
M39,test,cycle,170_1b4_Pl_mc_AKGC417L__2,crackle_score,0.564061499,1
M39,test,cycle,170_1b4_Pl_mc_AKGC417L__3,crackle_score,0.6069682152,1
M39,test,cycle,170_1b4_Pl_mc_AKGC417L__4,crackle_score,0.6489572989,1
M39,test,cycle,170_1b4_Pl_mc_AKGC417L__5,crackle_score,0.6403618216,1
M39,test,cycle,170_1b4_Pr_mc_AKGC417L__0,crackle_score,0.3593765057,0
M39,test,cycle,170_1b4_Pr_mc_AKGC417L__1,crackle_score,0.4620389062,1
M39,test,cycle,170_1b4_Pr_mc_AKGC417L__2,crackle_score,0.564061499,0
M39,test,cycle,170_1b4_Pr_mc_AKGC417L__3,crackle_score,0.5937154688,0
M39,test,cycle,170_1b4_Pr_mc_AKGC417L__4,crackle_score,0.4381033338,1
M39,test,cycle,170_1b4_Pr_mc_AKGC417L__5,crackle_score,0.5467872739,0
M39,test,cycle,170_1b4_Tc_mc_AKGC417L__0,crackle_score,0.6488322686,0
M39,test,cycle,170_1b4_Tc_mc_AKGC417L__1,crackle_score,0.5826975591,0
M39,test,cycle,170_1b4_Tc_mc_AKGC417L__2,crackle_score,0.4953835875,0
M39,test,cycle,170_1b4_Tc_mc_AKGC417L__3,crackle_score,0.5934689875,0
M39,test,cycle,170_1b4_Tc_mc_AKGC417L__4,crackle_score,0.5255993773,0
M39,test,cycle,170_1b4_Tc_mc_AKGC417L__5,crackle_score,0.6247660636,0
M39,test,cycle,170_2b2_Al_mc_AKGC417L__0,crackle_score,0.576142132,0
M39,test,cycle,170_2b2_Al_mc_AKGC417L__1,crackle_score,0.5608087565,0
M39,test,cycle,170_2b2_Al_mc_AKGC417L__2,crackle_score,0.6316655695,0
M39,test,cycle,170_2b2_Al_mc_AKGC417L__3,crackle_score,0.5960922486,0
M39,test,cycle,170_2b2_Al_mc_AKGC417L__4,crackle_score,0.5940733772,0
M39,test,cycle,170_2b2_Al_mc_AKGC417L__5,crackle_score,0.5912131347,0
M39,test,cycle,170_2b2_Al_mc_AKGC417L__6,crackle_score,0.5073166504,0
M39,test,cycle,170_2b2_Ar_mc_AKGC417L__0,crackle_score,0.6269035533,0
M39,test,cycle,170_2b2_Ar_mc_AKGC417L__1,crackle_score,0.636819702,1
M39,test,cycle,170_2b2_Ar_mc_AKGC417L__2,crackle_score,0.5987491771,1
M39,test,cycle,170_2b2_Ar_mc_AKGC417L__3,crackle_score,0.7242152466,1
M39,test,cycle,170_2b2_Ar_mc_AKGC417L__4,crackle_score,0.6097522734,0
M39,test,cycle,170_2b2_Ar_mc_AKGC417L__5,crackle_score,0.6064153238,0
M39,test,cycle,170_2b2_Ar_mc_AKGC417L__6,crackle_score,0.6498501499,0
M39,test,cycle,170_2b2_Lr_mc_AKGC417L__0,crackle_score,0.5743691554,0
M39,test,cycle,170_2b2_Lr_mc_AKGC417L__1,crackle_score,0.6216175129,0
M39,test,cycle,170_2b2_Lr_mc_AKGC417L__2,crackle_score,0.5822909809,0
M39,test,cycle,170_2b2_Lr_mc_AKGC417L__3,crackle_score,0.5679244059,0
M39,test,cycle,170_2b2_Lr_mc_AKGC417L__4,crackle_score,0.578394481,0
M39,test,cycle,170_2b2_Lr_mc_AKGC417L__5,crackle_score,0.5670161228,0
M39,test,cycle,170_2b2_Lr_mc_AKGC417L__6,crackle_score,0.4385165499,0
M39,test,cycle,170_2b2_Pl_mc_AKGC417L__0,crackle_score,0.2379414268,0
M39,test,cycle,170_2b2_Pl_mc_AKGC417L__1,crackle_score,0.2300690757,0
M39,test,cycle,170_2b2_Pl_mc_AKGC417L__2,crackle_score,0.1539692694,0
M39,test,cycle,170_2b2_Pl_mc_AKGC417L__3,crackle_score,0.3963592142,0
M39,test,cycle,170_2b2_Pl_mc_AKGC417L__4,crackle_score,0.2950810676,0
M39,test,cycle,170_2b2_Pl_mc_AKGC417L__5,crackle_score,0.3512133457,0
M39,test,cycle,170_2b2_Pl_mc_AKGC417L__6,crackle_score,0.2893532987,0
M39,test,cycle,170_2b2_Pr_mc_AKGC417L__0,crackle_score,0.6015228426,0
M39,test,cycle,170_2b2_Pr_mc_AKGC417L__1,crackle_score,0.636819702,0
M39,test,cycle,170_2b2_Pr_mc_AKGC417L__2,crackle_score,0.6316655695,0
M39,test,cycle,170_2b2_Pr_mc_AKGC417L__3,crackle_score,0.6281229981,0
M39,test,cycle,170_2b2_Pr_mc_AKGC417L__4,crackle_score,0.6097522734,0
M39,test,cycle,170_2b2_Pr_mc_AKGC417L__5,crackle_score,0.6064153238,0
M39,test,cycle,170_2b2_Pr_mc_AKGC417L__6,crackle_score,0.5999000999,0
M39,test,cycle,170_2b2_Tc_mc_AKGC417L__0,crackle_score,0.652284264,0
M39,test,cycle,170_2b2_Tc_mc_AKGC417L__1,crackle_score,0.6824262694,0
M39,test,cycle,170_2b2_Tc_mc_AKGC417L__2,crackle_score,0.5987491771,0
M39,test,cycle,170_2b2_Tc_mc_AKGC417L__3,crackle_score,0.4324615638,0
M39,test,cycle,170_2b2_Tc_mc_AKGC417L__4,crackle_score,0.5765258348,0
M39,test,cycle,170_2b2_Tc_mc_AKGC417L__5,crackle_score,0.6064153238,0
M39,test,cycle,170_2b2_Tc_mc_AKGC417L__6,crackle_score,0.5999000999,0
M39,test,cycle,171_1b1_Al_sc_Meditron__0,crackle_score,0.3383233851,0
M39,test,cycle,171_1b1_Al_sc_Meditron__1,crackle_score,0.5414250207,0
M39,test,cycle,171_1b1_Al_sc_Meditron__2,crackle_score,0.5743790752,0
M39,test,cycle,171_1b1_Al_sc_Meditron__3,crackle_score,0.64,0
M39,test,cycle,171_1b1_Al_sc_Meditron__4,crackle_score,0.6,0
M39,test,cycle,171_1b1_Al_sc_Meditron__5,crackle_score,0.6390544299,0
M39,test,cycle,171_1b1_Al_sc_Meditron__6,crackle_score,0.5997136884,0
M39,test,cycle,171_1b1_Al_sc_Meditron__7,crackle_score,0.6012379631,0
M39,test,cycle,171_1b1_Al_sc_Meditron__8,crackle_score,0.7222222222,0
M39,test,cycle,173_1b1_Al_sc_Meditron__0,crackle_score,0.3950196164,0
M39,test,cycle,173_1b1_Al_sc_Meditron__1,crackle_score,0.6024279786,0
M39,test,cycle,173_1b1_Al_sc_Meditron__2,crackle_score,0.629181841,1
M39,test,cycle,173_1b1_Al_sc_Meditron__3,crackle_score,0.941229339,0
M39,test,cycle,173_1b1_Al_sc_Meditron__4,crackle_score,0.6226126529,1
M39,test,cycle,173_1b1_Al_sc_Meditron__5,crackle_score,0.7048788451,0
M39,test,cycle,173_1b1_Al_sc_Meditron__6,crackle_score,0.8226033962,0
M39,test,cycle,173_1b1_Al_sc_Meditron__7,crackle_score,0.7516587912,1
M39,test,cycle,173_1b1_Al_sc_Meditron__8,crackle_score,0.7974419988,1
M39,test,cycle,173_1b1_Al_sc_Meditron__9,crackle_score,0.7474072363,1
M39,test,cycle,173_1b1_Al_sc_Meditron__10,crackle_score,0.7366463827,0
M39,test,cycle,173_1b1_Al_sc_Meditron__11,crackle_score,0.6653854948,0
M39,test,cycle,173_1b1_Al_sc_Meditron__12,crackle_score,0.5593679305,0
M39,test,cycle,174_1p2_Ar_mc_AKGC417L__0,crackle_score,0.4199083946,0
M39,test,cycle,174_1p2_Ar_mc_AKGC417L__1,crackle_score,0.3519328948,0
M39,test,cycle,174_1p2_Ar_mc_AKGC417L__2,crackle_score,0.3924472365,1
M39,test,cycle,174_1p2_Ar_mc_AKGC417L__3,crackle_score,0.4350919356,0
M39,test,cycle,174_1p2_Ar_mc_AKGC417L__4,crackle_score,0.5434449531,0
M39,test,cycle,174_1p2_Ll_mc_AKGC417L__0,crackle_score,0.2017220045,0
M39,test,cycle,174_1p2_Ll_mc_AKGC417L__1,crackle_score,0.417723617,1
M39,test,cycle,174_1p2_Ll_mc_AKGC417L__2,crackle_score,0.3254637108,1
M39,test,cycle,174_1p2_Ll_mc_AKGC417L__3,crackle_score,0.2683994908,1
M39,test,cycle,174_1p2_Ll_mc_AKGC417L__4,crackle_score,0.3090398913,1
M39,test,cycle,174_1p2_Lr_mc_AKGC417L__0,crackle_score,0.2057655273,0
M39,test,cycle,174_1p2_Lr_mc_AKGC417L__1,crackle_score,0.2353498282,1
M39,test,cycle,174_1p2_Lr_mc_AKGC417L__2,crackle_score,0.2413216312,1
M39,test,cycle,174_1p2_Lr_mc_AKGC417L__3,crackle_score,0.2282617796,1
M39,test,cycle,174_1p2_Lr_mc_AKGC417L__4,crackle_score,0.4902931482,1
M39,test,cycle,174_1p2_Pl_mc_AKGC417L__0,crackle_score,0.3313004328,0
M39,test,cycle,174_1p2_Pl_mc_AKGC417L__1,crackle_score,0.2405763952,1
M39,test,cycle,174_1p2_Pl_mc_AKGC417L__2,crackle_score,0.258925088,1
M39,test,cycle,174_1p2_Pl_mc_AKGC417L__3,crackle_score,0.3366236017,1
M39,test,cycle,174_1p2_Pl_mc_AKGC417L__4,crackle_score,0.2858537278,1
M39,test,cycle,174_1p2_Pr_mc_AKGC417L__0,crackle_score,0.3158754097,0
M39,test,cycle,174_1p2_Pr_mc_AKGC417L__1,crackle_score,0.3894149986,1
M39,test,cycle,174_1p2_Pr_mc_AKGC417L__2,crackle_score,0.3199043933,1
M39,test,cycle,174_1p2_Pr_mc_AKGC417L__3,crackle_score,0.4198742014,1
M39,test,cycle,174_1p2_Pr_mc_AKGC417L__4,crackle_score,0.3296316478,1
M39,test,cycle,174_1p2_Tc_mc_AKGC417L__0,crackle_score,0.6278305332,1
M39,test,cycle,174_1p2_Tc_mc_AKGC417L__1,crackle_score,0.4317819184,1
M39,test,cycle,174_1p2_Tc_mc_AKGC417L__2,crackle_score,0.2452715903,0
M39,test,cycle,174_1p2_Tc_mc_AKGC417L__3,crackle_score,0.3071518375,1
M39,test,cycle,174_1p2_Tc_mc_AKGC417L__4,crackle_score,0.5710718892,1
M39,test,cycle,174_1p3_Ar_mc_AKGC417L__0,crackle_score,0.422140267,1
M39,test,cycle,174_1p3_Ar_mc_AKGC417L__1,crackle_score,0.4699346145,1
M39,test,cycle,174_1p3_Ar_mc_AKGC417L__2,crackle_score,0.5440194638,1
M39,test,cycle,174_1p3_Ar_mc_AKGC417L__3,crackle_score,0.4706017367,1
M39,test,cycle,174_1p3_Ar_mc_AKGC417L__4,crackle_score,0.4942976241,1
M39,test,cycle,174_1p3_Ll_mc_AKGC417L__0,crackle_score,0.43909089,1
M39,test,cycle,174_1p3_Ll_mc_AKGC417L__1,crackle_score,0.3944741159,1
M39,test,cycle,174_1p3_Ll_mc_AKGC417L__2,crackle_score,0.5005683558,1
M39,test,cycle,174_1p3_Ll_mc_AKGC417L__3,crackle_score,0.4206813316,1
M39,test,cycle,174_1p3_Ll_mc_AKGC417L__4,crackle_score,0.2842719241,1
M39,test,cycle,174_1p3_Lr_mc_AKGC417L__0,crackle_score,0.4527860869,1
M39,test,cycle,174_1p3_Lr_mc_AKGC417L__1,crackle_score,0.3676765371,1
M39,test,cycle,174_1p3_Lr_mc_AKGC417L__2,crackle_score,0.3028409595,1
M39,test,cycle,174_1p3_Lr_mc_AKGC417L__3,crackle_score,0.2728050546,1
M39,test,cycle,174_1p3_Lr_mc_AKGC417L__4,crackle_score,0.3206720219,1
M39,test,cycle,174_1p3_Pl_mc_AKGC417L__0,crackle_score,0.2843823688,1
M39,test,cycle,174_1p3_Pl_mc_AKGC417L__1,crackle_score,0.1790443916,1
M39,test,cycle,174_1p3_Pl_mc_AKGC417L__2,crackle_score,0.2200061065,1
M39,test,cycle,174_1p3_Pl_mc_AKGC417L__3,crackle_score,0.2621370778,1
M39,test,cycle,174_1p3_Pl_mc_AKGC417L__4,crackle_score,0.2536799659,1
M39,test,cycle,174_1p3_Pr_mc_AKGC417L__0,crackle_score,0.3581923672,1
M39,test,cycle,174_1p3_Pr_mc_AKGC417L__1,crackle_score,0.3620157136,1
M39,test,cycle,174_1p3_Pr_mc_AKGC417L__2,crackle_score,0.267501668,1
M39,test,cycle,174_1p3_Pr_mc_AKGC417L__3,crackle_score,0.261148639,1
M39,test,cycle,174_1p3_Pr_mc_AKGC417L__4,crackle_score,0.2894373145,1
M39,test,cycle,174_1p3_Tc_mc_AKGC417L__0,crackle_score,0.5433505242,0
M39,test,cycle,174_1p3_Tc_mc_AKGC417L__1,crackle_score,0.5418232895,1
M39,test,cycle,174_1p3_Tc_mc_AKGC417L__2,crackle_score,0.5507103704,1
M39,test,cycle,174_1p3_Tc_mc_AKGC417L__3,crackle_score,0.4180866456,1
M39,test,cycle,174_1p3_Tc_mc_AKGC417L__4,crackle_score,0.3824057507,0
M39,test,cycle,174_1p4_Ar_mc_AKGC417L__0,crackle_score,0.5508759086,0
M39,test,cycle,174_1p4_Ar_mc_AKGC417L__1,crackle_score,0.5574286365,0
M39,test,cycle,174_1p4_Ar_mc_AKGC417L__2,crackle_score,0.4403249692,1
M39,test,cycle,174_1p4_Ar_mc_AKGC417L__3,crackle_score,0.5912829382,1
M39,test,cycle,174_1p4_Ar_mc_AKGC417L__4,crackle_score,0.2656686752,1
M39,test,cycle,174_1p4_Ll_mc_AKGC417L__0,crackle_score,0.4878540304,0
M39,test,cycle,174_1p4_Ll_mc_AKGC417L__1,crackle_score,0.3023117126,1
M39,test,cycle,174_1p4_Ll_mc_AKGC417L__2,crackle_score,0.3104368192,1
M39,test,cycle,174_1p4_Ll_mc_AKGC417L__3,crackle_score,0.3101072051,1
M39,test,cycle,174_1p4_Ll_mc_AKGC417L__4,crackle_score,0.4387313854,1
M39,test,cycle,174_1p4_Lr_mc_AKGC417L__0,crackle_score,0.3917960104,0
M39,test,cycle,174_1p4_Lr_mc_AKGC417L__1,crackle_score,0.4208375009,1
M39,test,cycle,174_1p4_Lr_mc_AKGC417L__2,crackle_score,0.2621358332,1
M39,test,cycle,174_1p4_Lr_mc_AKGC417L__3,crackle_score,0.3480592708,1
M39,test,cycle,174_1p4_Lr_mc_AKGC417L__4,crackle_score,0.3134485164,1
M39,test,cycle,174_1p4_Pl_mc_AKGC417L__0,crackle_score,0.3073888162,1
M39,test,cycle,174_1p4_Pl_mc_AKGC417L__1,crackle_score,0.360216842,1
M39,test,cycle,174_1p4_Pl_mc_AKGC417L__2,crackle_score,0.3216892644,1
M39,test,cycle,174_1p4_Pl_mc_AKGC417L__3,crackle_score,0.302694258,1
M39,test,cycle,174_1p4_Pl_mc_AKGC417L__4,crackle_score,0.255647567,1
M39,test,cycle,174_1p4_Pr_mc_AKGC417L__0,crackle_score,0.354405268,1
M39,test,cycle,174_1p4_Pr_mc_AKGC417L__1,crackle_score,0.3854454846,1
M39,test,cycle,174_1p4_Pr_mc_AKGC417L__2,crackle_score,0.3792514636,1
M39,test,cycle,174_1p4_Pr_mc_AKGC417L__3,crackle_score,0.3673886525,1
M39,test,cycle,174_1p4_Pr_mc_AKGC417L__4,crackle_score,0.4974094764,1
M39,test,cycle,174_1p4_Tc_mc_AKGC417L__0,crackle_score,0.4177881436,1
M39,test,cycle,174_1p4_Tc_mc_AKGC417L__1,crackle_score,0.6361386139,0
M39,test,cycle,174_1p4_Tc_mc_AKGC417L__2,crackle_score,0.5888324873,1
M39,test,cycle,174_1p4_Tc_mc_AKGC417L__3,crackle_score,0.5608716825,1
M39,test,cycle,174_1p4_Tc_mc_AKGC417L__4,crackle_score,0.3471523129,0
M39,test,cycle,174_2p3_Al_mc_AKGC417L__0,crackle_score,0.3130932972,1
M39,test,cycle,174_2p3_Al_mc_AKGC417L__1,crackle_score,0.4291884131,0
M39,test,cycle,174_2p3_Al_mc_AKGC417L__2,crackle_score,0.3948383026,0
M39,test,cycle,174_2p3_Al_mc_AKGC417L__3,crackle_score,0.3148251526,0
M39,test,cycle,174_2p3_Ar_mc_AKGC417L__0,crackle_score,0.4741937951,1
M39,test,cycle,174_2p3_Ar_mc_AKGC417L__1,crackle_score,0.6130198915,1
M39,test,cycle,174_2p3_Ar_mc_AKGC417L__2,crackle_score,0.5983259175,1
M39,test,cycle,174_2p3_Ar_mc_AKGC417L__3,crackle_score,0.3739204374,1
M39,test,cycle,174_2p3_Pl_mc_AKGC417L__0,crackle_score,0.2411146937,1
M39,test,cycle,174_2p3_Pl_mc_AKGC417L__1,crackle_score,0.2128924233,1
M39,test,cycle,174_2p3_Pl_mc_AKGC417L__2,crackle_score,0.2168074974,1
M39,test,cycle,174_2p3_Pl_mc_AKGC417L__3,crackle_score,0.232432242,1
M39,test,cycle,174_2p3_Pr_mc_AKGC417L__0,crackle_score,0.2740366813,1
M39,test,cycle,174_2p3_Pr_mc_AKGC417L__1,crackle_score,0.2809314411,1
M39,test,cycle,174_2p3_Pr_mc_AKGC417L__2,crackle_score,0.3694209055,1
M39,test,cycle,174_2p3_Pr_mc_AKGC417L__3,crackle_score,0.3364745135,1
M39,test,cycle,174_2p3_Tc_mc_AKGC417L__0,crackle_score,0.3524695485,1
M39,test,cycle,174_2p3_Tc_mc_AKGC417L__1,crackle_score,0.3893241067,1
M39,test,cycle,174_2p3_Tc_mc_AKGC417L__2,crackle_score,0.3621022333,0
M39,test,cycle,174_2p3_Tc_mc_AKGC417L__3,crackle_score,0.2840916751,1
M39,test,cycle,175_1b1_Al_sc_Litt3200__0,crackle_score,0.667684125,0
M39,test,cycle,175_1b1_Al_sc_Litt3200__1,crackle_score,0.5807167649,1
M39,test,cycle,175_1b1_Al_sc_Litt3200__2,crackle_score,0.6791770653,1
M39,test,cycle,175_1b1_Al_sc_Litt3200__3,crackle_score,0.590492278,1
M39,test,cycle,175_1b1_Ar_sc_Litt3200__0,crackle_score,0.6961702223,0
M39,test,cycle,175_1b1_Ar_sc_Litt3200__1,crackle_score,0.6575931232,0
M39,test,cycle,175_1b1_Ar_sc_Litt3200__2,crackle_score,0.5291017032,0
M39,test,cycle,175_1b1_Ll_sc_Litt3200__0,crackle_score,0.6470009188,0
M39,test,cycle,175_1b1_Ll_sc_Litt3200__1,crackle_score,0.5811589498,0
M39,test,cycle,175_1b1_Ll_sc_Litt3200__2,crackle_score,0.5921977642,0
M39,test,cycle,175_1b1_Ll_sc_Litt3200__3,crackle_score,0.8957284604,1
M39,test,cycle,175_1b1_Lr_sc_Litt3200__0,crackle_score,0.619142504,0
M39,test,cycle,175_1b1_Lr_sc_Litt3200__1,crackle_score,0.6448109413,1
M39,test,cycle,175_1b1_Lr_sc_Litt3200__2,crackle_score,0.7098478603,0
M39,test,cycle,175_1b1_Lr_sc_Litt3200__3,crackle_score,0.5416480738,0
M39,test,cycle,175_1b1_Pl_sc_Litt3200__0,crackle_score,0.6011719079,0
M39,test,cycle,175_1b1_Pl_sc_Litt3200__1,crackle_score,0.646179402,0
M39,test,cycle,175_1b1_Pl_sc_Litt3200__2,crackle_score,0.6535776614,0
M39,test,cycle,175_1b1_Pl_sc_Litt3200__3,crackle_score,0.6464684822,0
M39,test,cycle,175_1b1_Pr_sc_Litt3200__0,crackle_score,0.6575866727,0
M39,test,cycle,175_1b1_Pr_sc_Litt3200__1,crackle_score,0.7069322297,0
M39,test,cycle,175_1b1_Pr_sc_Litt3200__2,crackle_score,0.5448249585,0
M39,test,cycle,175_1b1_Pr_sc_Litt3200__3,crackle_score,0.2851826366,0
M39,test,cycle,176_1b3_Al_mc_AKGC417L__0,crackle_score,0.5720461095,0
M39,test,cycle,176_1b3_Al_mc_AKGC417L__1,crackle_score,0.7065613609,1
M39,test,cycle,176_1b3_Al_mc_AKGC417L__2,crackle_score,0.6802051566,1
M39,test,cycle,176_1b3_Al_mc_AKGC417L__3,crackle_score,0.6960235228,1
M39,test,cycle,176_1b3_Al_mc_AKGC417L__4,crackle_score,0.6680455016,1
M39,test,cycle,176_1b3_Al_mc_AKGC417L__5,crackle_score,0.7057613169,1
M39,test,cycle,176_1b3_Ar_mc_AKGC417L__0,crackle_score,0.4792161487,1
M39,test,cycle,176_1b3_Ar_mc_AKGC417L__1,crackle_score,0.5764072837,1
M39,test,cycle,176_1b3_Ar_mc_AKGC417L__2,crackle_score,0.6482266846,1
M39,test,cycle,176_1b3_Ar_mc_AKGC417L__3,crackle_score,0.4308350177,1
M39,test,cycle,176_1b3_Ar_mc_AKGC417L__4,crackle_score,0.6938986556,1
M39,test,cycle,176_1b3_Ar_mc_AKGC417L__5,crackle_score,0.4311380471,1
M39,test,cycle,176_1b3_Ll_mc_AKGC417L__0,crackle_score,0.2847708989,0
M39,test,cycle,176_1b3_Ll_mc_AKGC417L__1,crackle_score,0.6714061586,1
M39,test,cycle,176_1b3_Ll_mc_AKGC417L__2,crackle_score,0.4411529913,1
M39,test,cycle,176_1b3_Ll_mc_AKGC417L__3,crackle_score,0.5446877151,1
M39,test,cycle,176_1b3_Ll_mc_AKGC417L__4,crackle_score,0.5566406919,1
M39,test,cycle,176_1b3_Ll_mc_AKGC417L__5,crackle_score,0.7544833767,1
M39,test,cycle,176_1b3_Lr_mc_AKGC417L__0,crackle_score,0.2953803788,0
M39,test,cycle,176_1b3_Lr_mc_AKGC417L__1,crackle_score,0.4558454636,1
M39,test,cycle,176_1b3_Lr_mc_AKGC417L__2,crackle_score,0.2792905608,1
M39,test,cycle,176_1b3_Lr_mc_AKGC417L__3,crackle_score,0.452077718,1
M39,test,cycle,176_1b3_Lr_mc_AKGC417L__4,crackle_score,0.4212062818,1
M39,test,cycle,176_1b3_Lr_mc_AKGC417L__5,crackle_score,0.5777632562,1
M39,test,cycle,176_1b3_Pl_mc_AKGC417L__0,crackle_score,0.2678614756,0
M39,test,cycle,176_1b3_Pl_mc_AKGC417L__1,crackle_score,0.6907268307,1
M39,test,cycle,176_1b3_Pl_mc_AKGC417L__2,crackle_score,0.5244106887,1
M39,test,cycle,176_1b3_Pl_mc_AKGC417L__3,crackle_score,0.5764212394,1
M39,test,cycle,176_1b3_Pl_mc_AKGC417L__4,crackle_score,0.7456049638,1
M39,test,cycle,176_1b3_Pl_mc_AKGC417L__5,crackle_score,0.8179947624,1
M39,test,cycle,176_1b3_Pr_mc_AKGC417L__0,crackle_score,0.4283735779,0
M39,test,cycle,176_1b3_Pr_mc_AKGC417L__1,crackle_score,0.7132364811,1
M39,test,cycle,176_1b3_Pr_mc_AKGC417L__2,crackle_score,0.6524812864,1
M39,test,cycle,176_1b3_Pr_mc_AKGC417L__3,crackle_score,0.6511054171,1
M39,test,cycle,176_1b3_Pr_mc_AKGC417L__4,crackle_score,0.5674870586,1
M39,test,cycle,176_1b3_Pr_mc_AKGC417L__5,crackle_score,0.6746037889,1
M39,test,cycle,176_1b3_Tc_mc_AKGC417L__0,crackle_score,0.4101629192,1
M39,test,cycle,176_1b3_Tc_mc_AKGC417L__1,crackle_score,0.5611200366,1
M39,test,cycle,176_1b3_Tc_mc_AKGC417L__2,crackle_score,0.610895481,1
M39,test,cycle,176_1b3_Tc_mc_AKGC417L__3,crackle_score,0.4833273674,1
M39,test,cycle,176_1b3_Tc_mc_AKGC417L__4,crackle_score,0.6809720786,1
M39,test,cycle,176_1b3_Tc_mc_AKGC417L__5,crackle_score,0.6148114481,1
M39,test,cycle,176_1b4_Al_mc_AKGC417L__0,crackle_score,0.6632801161,0
M39,test,cycle,176_1b4_Al_mc_AKGC417L__1,crackle_score,0.7322700526,1
M39,test,cycle,176_1b4_Al_mc_AKGC417L__2,crackle_score,0.7795762213,1
M39,test,cycle,176_1b4_Al_mc_AKGC417L__3,crackle_score,0.702957379,1
M39,test,cycle,176_1b4_Al_mc_AKGC417L__4,crackle_score,0.7049817896,1
M39,test,cycle,176_1b4_Al_mc_AKGC417L__5,crackle_score,0.7025350639,1
M39,test,cycle,176_1b4_Ar_mc_AKGC417L__0,crackle_score,0.7721335269,1
M39,test,cycle,176_1b4_Ar_mc_AKGC417L__1,crackle_score,0.7167853825,1
M39,test,cycle,176_1b4_Ar_mc_AKGC417L__2,crackle_score,0.7207180695,1
M39,test,cycle,176_1b4_Ar_mc_AKGC417L__3,crackle_score,0.7174543346,1
M39,test,cycle,176_1b4_Ar_mc_AKGC417L__4,crackle_score,0.6312681433,1
M39,test,cycle,176_1b4_Ar_mc_AKGC417L__5,crackle_score,0.7295397391,1
M39,test,cycle,176_1b4_Ll_mc_AKGC417L__0,crackle_score,0.4463917851,1
M39,test,cycle,176_1b4_Ll_mc_AKGC417L__1,crackle_score,0.7167853825,1
M39,test,cycle,176_1b4_Ll_mc_AKGC417L__2,crackle_score,0.7207180695,1
M39,test,cycle,176_1b4_Ll_mc_AKGC417L__3,crackle_score,0.7319512902,1
M39,test,cycle,176_1b4_Ll_mc_AKGC417L__4,crackle_score,0.7489064588,1
M39,test,cycle,176_1b4_Ll_mc_AKGC417L__5,crackle_score,0.7295397391,1
M39,test,cycle,176_1b4_Lr_mc_AKGC417L__0,crackle_score,0.4506299485,1
M39,test,cycle,176_1b4_Lr_mc_AKGC417L__1,crackle_score,0.4158306576,1
M39,test,cycle,176_1b4_Lr_mc_AKGC417L__2,crackle_score,0.2940557206,1
M39,test,cycle,176_1b4_Lr_mc_AKGC417L__3,crackle_score,0.3193605932,1
M39,test,cycle,176_1b4_Lr_mc_AKGC417L__4,crackle_score,0.5134418243,1
M39,test,cycle,176_1b4_Lr_mc_AKGC417L__5,crackle_score,0.504366753,1
M39,test,cycle,176_1b4_Pl_mc_AKGC417L__0,crackle_score,0.503681928,1
M39,test,cycle,176_1b4_Pl_mc_AKGC417L__1,crackle_score,0.6753328158,1
M39,test,cycle,176_1b4_Pl_mc_AKGC417L__2,crackle_score,0.6188028145,1
M39,test,cycle,176_1b4_Pl_mc_AKGC417L__3,crackle_score,0.5978635317,1
M39,test,cycle,176_1b4_Pl_mc_AKGC417L__4,crackle_score,0.6063443069,1
M39,test,cycle,176_1b4_Pl_mc_AKGC417L__5,crackle_score,0.5841768398,1
M39,test,cycle,176_1b4_Pr_mc_AKGC417L__0,crackle_score,0.4268243649,1
M39,test,cycle,176_1b4_Pr_mc_AKGC417L__1,crackle_score,0.4220662167,1
M39,test,cycle,176_1b4_Pr_mc_AKGC417L__2,crackle_score,0.5146577627,1
M39,test,cycle,176_1b4_Pr_mc_AKGC417L__3,crackle_score,0.5748952253,1
M39,test,cycle,176_1b4_Pr_mc_AKGC417L__4,crackle_score,0.719623346,1
M39,test,cycle,176_1b4_Pr_mc_AKGC417L__5,crackle_score,0.5177464922,1
M39,test,cycle,176_1b4_Tc_mc_AKGC417L__0,crackle_score,0.7561768467,1
M39,test,cycle,176_1b4_Tc_mc_AKGC417L__1,crackle_score,0.6810263972,1
M39,test,cycle,176_1b4_Tc_mc_AKGC417L__2,crackle_score,0.6324308417,1
M39,test,cycle,176_1b4_Tc_mc_AKGC417L__3,crackle_score,0.5529089229,0
M39,test,cycle,176_1b4_Tc_mc_AKGC417L__4,crackle_score,0.5576612105,1
M39,test,cycle,176_1b4_Tc_mc_AKGC417L__5,crackle_score,0.6243206433,1
M39,test,cycle,176_2b3_Al_mc_AKGC417L__0,crackle_score,0.646824035,0
M39,test,cycle,176_2b3_Al_mc_AKGC417L__1,crackle_score,0.6666666667,1
M39,test,cycle,176_2b3_Al_mc_AKGC417L__2,crackle_score,0.6374570447,1
M39,test,cycle,176_2b3_Al_mc_AKGC417L__3,crackle_score,0.6250781739,1
M39,test,cycle,176_2b3_Al_mc_AKGC417L__4,crackle_score,0.6469147894,1
M39,test,cycle,176_2b3_Al_mc_AKGC417L__5,crackle_score,0.5798437851,1
M39,test,cycle,176_2b3_Al_mc_AKGC417L__6,crackle_score,0.4327785509,1
M39,test,cycle,176_2b3_Ar_mc_AKGC417L__0,crackle_score,0.4947989083,0
M39,test,cycle,176_2b3_Ar_mc_AKGC417L__1,crackle_score,0.6409804484,1
M39,test,cycle,176_2b3_Ar_mc_AKGC417L__2,crackle_score,0.5475264312,1
M39,test,cycle,176_2b3_Ar_mc_AKGC417L__3,crackle_score,0.5781738587,1
M39,test,cycle,176_2b3_Ar_mc_AKGC417L__4,crackle_score,0.5059525283,1
M39,test,cycle,176_2b3_Ar_mc_AKGC417L__5,crackle_score,0.6698369565,1
M39,test,cycle,176_2b3_Ar_mc_AKGC417L__6,crackle_score,0.6022688012,1
M39,test,cycle,176_2b3_Ll_mc_AKGC417L__0,crackle_score,0.432662839,1
M39,test,cycle,176_2b3_Ll_mc_AKGC417L__1,crackle_score,0.4662817889,1
M39,test,cycle,176_2b3_Ll_mc_AKGC417L__2,crackle_score,0.5052950224,1
M39,test,cycle,176_2b3_Ll_mc_AKGC417L__3,crackle_score,0.5714793735,1
M39,test,cycle,176_2b3_Ll_mc_AKGC417L__4,crackle_score,0.5246158001,1
M39,test,cycle,176_2b3_Ll_mc_AKGC417L__5,crackle_score,0.4781391389,1
M39,test,cycle,176_2b3_Ll_mc_AKGC417L__6,crackle_score,0.4606391603,1
M39,test,cycle,176_2b3_Lr_mc_AKGC417L__0,crackle_score,0.5777222371,0
M39,test,cycle,176_2b3_Lr_mc_AKGC417L__1,crackle_score,0.5769447708,1
M39,test,cycle,176_2b3_Lr_mc_AKGC417L__2,crackle_score,0.5371156473,1
M39,test,cycle,176_2b3_Lr_mc_AKGC417L__3,crackle_score,0.6109732038,1
M39,test,cycle,176_2b3_Lr_mc_AKGC417L__4,crackle_score,0.6058197036,1
M39,test,cycle,176_2b3_Lr_mc_AKGC417L__5,crackle_score,0.6955315236,1
M39,test,cycle,176_2b3_Lr_mc_AKGC417L__6,crackle_score,0.5319503274,1
M39,test,cycle,176_2b3_Pl_mc_AKGC417L__0,crackle_score,0.4574438606,1
M39,test,cycle,176_2b3_Pl_mc_AKGC417L__1,crackle_score,0.4610227945,1
M39,test,cycle,176_2b3_Pl_mc_AKGC417L__2,crackle_score,0.4873688655,1
M39,test,cycle,176_2b3_Pl_mc_AKGC417L__3,crackle_score,0.4873042962,1
M39,test,cycle,176_2b3_Pl_mc_AKGC417L__4,crackle_score,0.4931805354,1
M39,test,cycle,176_2b3_Pl_mc_AKGC417L__5,crackle_score,0.4979207373,1
M39,test,cycle,176_2b3_Pl_mc_AKGC417L__6,crackle_score,0.3398866289,1
M39,test,cycle,176_2b3_Pr_mc_AKGC417L__0,crackle_score,0.3649033228,0
M39,test,cycle,176_2b3_Pr_mc_AKGC417L__1,crackle_score,0.4545759785,1
M39,test,cycle,176_2b3_Pr_mc_AKGC417L__2,crackle_score,0.7749140893,1
M39,test,cycle,176_2b3_Pr_mc_AKGC417L__3,crackle_score,0.691702735,1
M39,test,cycle,176_2b3_Pr_mc_AKGC417L__4,crackle_score,0.5559846402,1
M39,test,cycle,176_2b3_Pr_mc_AKGC417L__5,crackle_score,0.4898176644,1
M39,test,cycle,176_2b3_Pr_mc_AKGC417L__6,crackle_score,0.5293350831,1
M39,test,cycle,176_2b3_Tc_mc_AKGC417L__0,crackle_score,0.6962452922,1
M39,test,cycle,176_2b3_Tc_mc_AKGC417L__1,crackle_score,0.6818181818,1
M39,test,cycle,176_2b3_Tc_mc_AKGC417L__2,crackle_score,0.6546391753,1
M39,test,cycle,176_2b3_Tc_mc_AKGC417L__3,crackle_score,0.6052226797,1
M39,test,cycle,176_2b3_Tc_mc_AKGC417L__4,crackle_score,0.6207132898,1
M39,test,cycle,176_2b3_Tc_mc_AKGC417L__5,crackle_score,0.8057065217,1
M39,test,cycle,176_2b3_Tc_mc_AKGC417L__6,crackle_score,0.6747119802,1
M39,test,cycle,177_1b2_Al_mc_AKGC417L__0,crackle_score,0.5280890977,1
M39,test,cycle,177_1b2_Al_mc_AKGC417L__1,crackle_score,0.6169272504,1
M39,test,cycle,177_1b2_Al_mc_AKGC417L__2,crackle_score,0.9427083333,1
M39,test,cycle,177_1b2_Al_mc_AKGC417L__3,crackle_score,0.5317458696,1
M39,test,cycle,177_1b2_Ar_mc_AKGC417L__0,crackle_score,0.6169864296,1
M39,test,cycle,177_1b2_Ar_mc_AKGC417L__1,crackle_score,0.6236603462,0
M39,test,cycle,177_1b2_Ar_mc_AKGC417L__2,crackle_score,0.578125,0
M39,test,cycle,177_1b2_Ar_mc_AKGC417L__3,crackle_score,0.5706414241,1
M39,test,cycle,177_1b2_Lr_mc_AKGC417L__0,crackle_score,0.6325846202,1
M39,test,cycle,177_1b2_Lr_mc_AKGC417L__1,crackle_score,0.5824402308,1
M39,test,cycle,177_1b2_Lr_mc_AKGC417L__2,crackle_score,0.6041666667,0
M39,test,cycle,177_1b2_Lr_mc_AKGC417L__3,crackle_score,0.3507032887,0
M39,test,cycle,177_1b2_Pl_mc_AKGC417L__0,crackle_score,0.6091873343,1
M39,test,cycle,177_1b2_Pl_mc_AKGC417L__1,crackle_score,0.6923605386,1
M39,test,cycle,177_1b2_Pl_mc_AKGC417L__2,crackle_score,0.6432291667,1
M39,test,cycle,177_1b2_Pl_mc_AKGC417L__3,crackle_score,0.6977959876,1
M39,test,cycle,177_1b2_Pr_mc_AKGC417L__0,crackle_score,0.6091873343,1
M39,test,cycle,177_1b2_Pr_mc_AKGC417L__1,crackle_score,0.5412201154,0
M39,test,cycle,177_1b2_Pr_mc_AKGC417L__2,crackle_score,0.5520833333,0
M39,test,cycle,177_1b2_Pr_mc_AKGC417L__3,crackle_score,0.5423848545,0
M39,test,cycle,177_1b2_Tc_mc_AKGC417L__0,crackle_score,0.6091873343,0
M39,test,cycle,177_1b2_Tc_mc_AKGC417L__1,crackle_score,0.5961802693,0
M39,test,cycle,177_1b2_Tc_mc_AKGC417L__2,crackle_score,0.5651041667,0
M39,test,cycle,177_1b2_Tc_mc_AKGC417L__3,crackle_score,0.6130262786,0
M39,test,cycle,177_1b4_Al_mc_AKGC417L__0,crackle_score,0.649750416,1
M39,test,cycle,177_1b4_Al_mc_AKGC417L__1,crackle_score,0.7763041556,1
M39,test,cycle,177_1b4_Al_mc_AKGC417L__2,crackle_score,0.5708261341,1
M39,test,cycle,177_1b4_Al_mc_AKGC417L__3,crackle_score,0.9096045198,1
M39,test,cycle,177_1b4_Al_mc_AKGC417L__4,crackle_score,0.8367813327,1
M39,test,cycle,177_1b4_Ar_mc_AKGC417L__0,crackle_score,0.6663893511,0
M39,test,cycle,177_1b4_Ar_mc_AKGC417L__1,crackle_score,0.6878868258,0
M39,test,cycle,177_1b4_Ar_mc_AKGC417L__2,crackle_score,0.6109350238,0
M39,test,cycle,177_1b4_Ar_mc_AKGC417L__3,crackle_score,0.6466205881,0
M39,test,cycle,177_1b4_Ar_mc_AKGC417L__4,crackle_score,0.5841953332,0
M39,test,cycle,177_1b4_Lr_mc_AKGC417L__0,crackle_score,0.1676338264,0
M39,test,cycle,177_1b4_Lr_mc_AKGC417L__1,crackle_score,0.1657627643,0
M39,test,cycle,177_1b4_Lr_mc_AKGC417L__2,crackle_score,0.191630495,0
M39,test,cycle,177_1b4_Lr_mc_AKGC417L__3,crackle_score,0.4661016949,0
M39,test,cycle,177_1b4_Lr_mc_AKGC417L__4,crackle_score,0.2525859995,0
M39,test,cycle,177_1b4_Pl_mc_AKGC417L__0,crackle_score,0.5366608037,1
M39,test,cycle,177_1b4_Pl_mc_AKGC417L__1,crackle_score,0.698938992,1
M39,test,cycle,177_1b4_Pl_mc_AKGC417L__2,crackle_score,0.6267828843,1
M39,test,cycle,177_1b4_Pl_mc_AKGC417L__3,crackle_score,0.6271186441,1
M39,test,cycle,177_1b4_Pl_mc_AKGC417L__4,crackle_score,0.6082511427,1
M39,test,cycle,177_1b4_Pr_mc_AKGC417L__0,crackle_score,0.6164725458,0
M39,test,cycle,177_1b4_Pr_mc_AKGC417L__1,crackle_score,0.5442086649,0
M39,test,cycle,177_1b4_Pr_mc_AKGC417L__2,crackle_score,0.6109350238,1
M39,test,cycle,177_1b4_Pr_mc_AKGC417L__3,crackle_score,0.5706214689,0
M39,test,cycle,177_1b4_Pr_mc_AKGC417L__4,crackle_score,0.6082511427,1
M39,test,cycle,177_1b4_Tc_mc_AKGC417L__0,crackle_score,0.5450590829,0
M39,test,cycle,177_1b4_Tc_mc_AKGC417L__1,crackle_score,0.5773651636,0
M39,test,cycle,177_1b4_Tc_mc_AKGC417L__2,crackle_score,0.6267828843,0
M39,test,cycle,177_1b4_Tc_mc_AKGC417L__3,crackle_score,0.6271186441,0
M39,test,cycle,177_1b4_Tc_mc_AKGC417L__4,crackle_score,0.4654991228,0
M39,test,cycle,177_2b4_Al_mc_AKGC417L__0,crackle_score,0.3435833997,0
M39,test,cycle,177_2b4_Al_mc_AKGC417L__1,crackle_score,0.3231518345,1
M39,test,cycle,177_2b4_Al_mc_AKGC417L__2,crackle_score,0.6227712464,1
M39,test,cycle,177_2b4_Al_mc_AKGC417L__3,crackle_score,0.5393137017,1
M39,test,cycle,177_2b4_Al_mc_AKGC417L__4,crackle_score,0.6311840445,0
M39,test,cycle,177_2b4_Lr_mc_AKGC417L__0,crackle_score,0.6677450276,1
M39,test,cycle,177_2b4_Lr_mc_AKGC417L__1,crackle_score,0.5733496333,0
M39,test,cycle,177_2b4_Lr_mc_AKGC417L__2,crackle_score,0.4908456989,1
M39,test,cycle,177_2b4_Lr_mc_AKGC417L__3,crackle_score,0.5582614775,1
M39,test,cycle,177_2b4_Lr_mc_AKGC417L__4,crackle_score,0.5689152553,1
M39,test,cycle,177_2b4_Pl_mc_AKGC417L__0,crackle_score,0.727653966,1
M39,test,cycle,177_2b4_Pl_mc_AKGC417L__1,crackle_score,0.6466992665,1
M39,test,cycle,177_2b4_Pl_mc_AKGC417L__2,crackle_score,0.6156812339,1
M39,test,cycle,177_2b4_Pl_mc_AKGC417L__3,crackle_score,0.616522955,1
M39,test,cycle,177_2b4_Pl_mc_AKGC417L__4,crackle_score,0.537149541,1
M39,test,cycle,177_2b4_Pr_mc_AKGC417L__0,crackle_score,0.6078360891,1
M39,test,cycle,177_2b4_Pr_mc_AKGC417L__1,crackle_score,0.5611246944,1
M39,test,cycle,177_2b4_Pr_mc_AKGC417L__2,crackle_score,0.6028277635,1
M39,test,cycle,177_2b4_Pr_mc_AKGC417L__3,crackle_score,0.5552009071,1
M39,test,cycle,177_2b4_Pr_mc_AKGC417L__4,crackle_score,0.4683791115,1
M39,test,cycle,177_2b4_Tc_mc_AKGC417L__0,crackle_score,0.6034136216,0
M39,test,cycle,177_2b4_Tc_mc_AKGC417L__1,crackle_score,0.5198167411,0
M39,test,cycle,177_2b4_Tc_mc_AKGC417L__2,crackle_score,0.4955627837,0
M39,test,cycle,177_2b4_Tc_mc_AKGC417L__3,crackle_score,0.5349568865,0
M39,test,cycle,177_2b4_Tc_mc_AKGC417L__4,crackle_score,0.562306983,0
M39,test,cycle,178_1b2_Al_mc_AKGC417L__0,crackle_score,0.318202555,0
M39,test,cycle,178_1b2_Al_mc_AKGC417L__1,crackle_score,0.2947471333,0
M39,test,cycle,178_1b2_Al_mc_AKGC417L__2,crackle_score,0.8055767762,0
M39,test,cycle,178_1b2_Al_mc_AKGC417L__3,crackle_score,0.2572040292,0
M39,test,cycle,178_1b2_Al_mc_AKGC417L__4,crackle_score,0.5697337754,0
M39,test,cycle,178_1b2_Al_mc_AKGC417L__5,crackle_score,0.5281848929,0
M39,test,cycle,178_1b2_Al_mc_AKGC417L__6,crackle_score,0.6067615658,0
M39,test,cycle,178_1b2_Al_mc_AKGC417L__7,crackle_score,0.4813451872,0
M39,test,cycle,178_1b2_Al_mc_AKGC417L__8,crackle_score,0.5363924827,0
M39,test,cycle,178_1b2_Al_mc_AKGC417L__9,crackle_score,0.4843158544,0
M39,test,cycle,178_1b2_Al_mc_AKGC417L__10,crackle_score,0.5834260289,0
M39,test,cycle,178_1b2_Al_mc_AKGC417L__11,crackle_score,0.4358060529,0
M39,test,cycle,178_1b2_Ar_mc_AKGC417L__0,crackle_score,0.3601554897,1
M39,test,cycle,178_1b2_Ar_mc_AKGC417L__1,crackle_score,0.305315678,0
M39,test,cycle,178_1b2_Ar_mc_AKGC417L__2,crackle_score,0.5659885733,0
M39,test,cycle,178_1b2_Ar_mc_AKGC417L__3,crackle_score,0.3381104698,0
M39,test,cycle,178_1b2_Ar_mc_AKGC417L__4,crackle_score,0.417598639,0
M39,test,cycle,178_1b2_Ar_mc_AKGC417L__5,crackle_score,0.5563697858,0
M39,test,cycle,178_1b2_Ar_mc_AKGC417L__6,crackle_score,0.314605513,0
M39,test,cycle,178_1b2_Ar_mc_AKGC417L__7,crackle_score,0.4117479365,0
M39,test,cycle,178_1b2_Ar_mc_AKGC417L__8,crackle_score,0.5299342094,1
M39,test,cycle,178_1b2_Ar_mc_AKGC417L__9,crackle_score,0.3785858143,0
M39,test,cycle,178_1b2_Ar_mc_AKGC417L__10,crackle_score,0.6390433815,0
M39,test,cycle,178_1b2_Ar_mc_AKGC417L__11,crackle_score,0.3841697571,1
M39,test,cycle,178_1b2_Lr_mc_AKGC417L__0,crackle_score,0.7019386107,0
M39,test,cycle,178_1b2_Lr_mc_AKGC417L__1,crackle_score,0.4840389777,1
M39,test,cycle,178_1b2_Lr_mc_AKGC417L__2,crackle_score,0.5712583302,1
M39,test,cycle,178_1b2_Lr_mc_AKGC417L__3,crackle_score,0.4149422684,0
M39,test,cycle,178_1b2_Lr_mc_AKGC417L__4,crackle_score,0.5631914892,0
M39,test,cycle,178_1b2_Lr_mc_AKGC417L__5,crackle_score,0.6127395716,0
M39,test,cycle,178_1b2_Lr_mc_AKGC417L__6,crackle_score,0.5711743772,1
M39,test,cycle,178_1b2_Lr_mc_AKGC417L__7,crackle_score,0.2919210329,1
M39,test,cycle,178_1b2_Lr_mc_AKGC417L__8,crackle_score,0.5094772957,1
M39,test,cycle,178_1b2_Lr_mc_AKGC417L__9,crackle_score,0.4725915819,1
M39,test,cycle,178_1b2_Lr_mc_AKGC417L__10,crackle_score,0.3533657021,1
M39,test,cycle,178_1b2_Lr_mc_AKGC417L__11,crackle_score,0.7135738016,1
M39,test,cycle,178_1b2_Pl_mc_AKGC417L__0,crackle_score,0.5403877221,1
M39,test,cycle,178_1b2_Pl_mc_AKGC417L__1,crackle_score,0.5352858151,1
M39,test,cycle,178_1b2_Pl_mc_AKGC417L__2,crackle_score,0.6527883881,1
M39,test,cycle,178_1b2_Pl_mc_AKGC417L__3,crackle_score,0.6,1
M39,test,cycle,178_1b2_Pl_mc_AKGC417L__4,crackle_score,0.6579279848,1
M39,test,cycle,178_1b2_Pl_mc_AKGC417L__5,crackle_score,0.6127395716,1
M39,test,cycle,178_1b2_Pl_mc_AKGC417L__6,crackle_score,0.5711743772,1
M39,test,cycle,178_1b2_Pl_mc_AKGC417L__7,crackle_score,0.6458576429,1
M39,test,cycle,178_1b2_Pl_mc_AKGC417L__8,crackle_score,0.5857142857,1
M39,test,cycle,178_1b2_Pl_mc_AKGC417L__9,crackle_score,0.6077005924,1
M39,test,cycle,178_1b2_Pl_mc_AKGC417L__10,crackle_score,0.6668520578,1
M39,test,cycle,178_1b2_Pl_mc_AKGC417L__11,crackle_score,0.618652112,1
M39,test,cycle,178_1b2_Pr_mc_AKGC417L__0,crackle_score,0.2546871536,0
M39,test,cycle,178_1b2_Pr_mc_AKGC417L__1,crackle_score,0.2564872841,0
M39,test,cycle,178_1b2_Pr_mc_AKGC417L__2,crackle_score,0.2803158037,1
M39,test,cycle,178_1b2_Pr_mc_AKGC417L__3,crackle_score,0.3237968143,0
M39,test,cycle,178_1b2_Pr_mc_AKGC417L__4,crackle_score,0.4852475246,0
M39,test,cycle,178_1b2_Pr_mc_AKGC417L__5,crackle_score,0.5563697858,0
M39,test,cycle,178_1b2_Pr_mc_AKGC417L__6,crackle_score,0.2156755872,0
M39,test,cycle,178_1b2_Pr_mc_AKGC417L__7,crackle_score,0.3186974014,0
M39,test,cycle,178_1b2_Pr_mc_AKGC417L__8,crackle_score,0.1041908647,0
M39,test,cycle,178_1b2_Pr_mc_AKGC417L__9,crackle_score,0.2592884917,0
M39,test,cycle,178_1b2_Pr_mc_AKGC417L__10,crackle_score,0.6034828026,0
M39,test,cycle,178_1b2_Pr_mc_AKGC417L__11,crackle_score,0.2637407945,0
M39,test,cycle,178_1b2_Tc_mc_AKGC417L__0,crackle_score,0.4998097815,0
M39,test,cycle,178_1b2_Tc_mc_AKGC417L__1,crackle_score,0.362437637,0
M39,test,cycle,178_1b2_Tc_mc_AKGC417L__2,crackle_score,0.3738767861,0
M39,test,cycle,178_1b2_Tc_mc_AKGC417L__3,crackle_score,0.4471128869,0
M39,test,cycle,178_1b2_Tc_mc_AKGC417L__4,crackle_score,0.4811659514,0
M39,test,cycle,178_1b2_Tc_mc_AKGC417L__5,crackle_score,0.3668281706,0
M39,test,cycle,178_1b2_Tc_mc_AKGC417L__6,crackle_score,0.3707472893,0
M39,test,cycle,178_1b2_Tc_mc_AKGC417L__7,crackle_score,0.4723607695,0
M39,test,cycle,178_1b2_Tc_mc_AKGC417L__8,crackle_score,0.4528836153,0
M39,test,cycle,178_1b2_Tc_mc_AKGC417L__9,crackle_score,0.2408230504,0
M39,test,cycle,178_1b2_Tc_mc_AKGC417L__10,crackle_score,0.5240098203,0
M39,test,cycle,178_1b2_Tc_mc_AKGC417L__11,crackle_score,0.3863495892,0
M39,test,cycle,178_1b3_Al_mc_AKGC417L__0,crackle_score,0.5889227642,1
M39,test,cycle,178_1b3_Al_mc_AKGC417L__1,crackle_score,0.4262050538,1
M39,test,cycle,178_1b3_Al_mc_AKGC417L__2,crackle_score,0.7084491384,0
M39,test,cycle,178_1b3_Al_mc_AKGC417L__3,crackle_score,0.5767252405,0
M39,test,cycle,178_1b3_Al_mc_AKGC417L__4,crackle_score,0.6452432825,0
M39,test,cycle,178_1b3_Ar_mc_AKGC417L__0,crackle_score,0.5697272127,1
M39,test,cycle,178_1b3_Ar_mc_AKGC417L__1,crackle_score,0.6397357724,1
M39,test,cycle,178_1b3_Ar_mc_AKGC417L__2,crackle_score,0.5511347805,1
M39,test,cycle,178_1b3_Ar_mc_AKGC417L__3,crackle_score,0.6464839859,1
M39,test,cycle,178_1b3_Ar_mc_AKGC417L__4,crackle_score,0.4478044066,1
M39,test,cycle,178_1b3_Lr_mc_AKGC417L__0,crackle_score,0.7645290924,0
M39,test,cycle,178_1b3_Lr_mc_AKGC417L__1,crackle_score,0.6775204784,0
M39,test,cycle,178_1b3_Lr_mc_AKGC417L__2,crackle_score,0.7182889119,0
M39,test,cycle,178_1b3_Lr_mc_AKGC417L__3,crackle_score,0.5560135393,0
M39,test,cycle,178_1b3_Lr_mc_AKGC417L__4,crackle_score,0.6082601539,0
M39,test,cycle,178_1b3_Pl_mc_AKGC417L__0,crackle_score,0.6270325203,0
M39,test,cycle,178_1b3_Pl_mc_AKGC417L__1,crackle_score,0.5889227642,0
M39,test,cycle,178_1b3_Pl_mc_AKGC417L__2,crackle_score,0.5277932185,0
M39,test,cycle,178_1b3_Pl_mc_AKGC417L__3,crackle_score,0.5472440945,0
M39,test,cycle,178_1b3_Pl_mc_AKGC417L__4,crackle_score,0.5726216412,0
M39,test,cycle,178_1b3_Pr_mc_AKGC417L__0,crackle_score,0.4239465037,0
M39,test,cycle,178_1b3_Pr_mc_AKGC417L__1,crackle_score,0.5254065041,0
M39,test,cycle,178_1b3_Pr_mc_AKGC417L__2,crackle_score,0.3305555208,0
M39,test,cycle,178_1b3_Pr_mc_AKGC417L__3,crackle_score,0.3613383619,0
M39,test,cycle,178_1b3_Pr_mc_AKGC417L__4,crackle_score,0.3395395023,0
M39,test,cycle,178_1b3_Tc_mc_AKGC417L__0,crackle_score,0.3738113078,0
M39,test,cycle,178_1b3_Tc_mc_AKGC417L__1,crackle_score,0.5381040401,0
M39,test,cycle,178_1b3_Tc_mc_AKGC417L__2,crackle_score,0.4532921383,1
M39,test,cycle,178_1b3_Tc_mc_AKGC417L__3,crackle_score,0.3954859178,0
M39,test,cycle,178_1b3_Tc_mc_AKGC417L__4,crackle_score,0.3898116935,0
M39,test,cycle,178_1b6_Al_mc_AKGC417L__0,crackle_score,0.3758291208,0
M39,test,cycle,178_1b6_Al_mc_AKGC417L__1,crackle_score,0.3465617241,0
M39,test,cycle,178_1b6_Al_mc_AKGC417L__2,crackle_score,0.4145896919,0
M39,test,cycle,178_1b6_Al_mc_AKGC417L__3,crackle_score,0.3183521981,0
M39,test,cycle,178_1b6_Al_mc_AKGC417L__4,crackle_score,0.511459395,0
M39,test,cycle,178_1b6_Al_mc_AKGC417L__5,crackle_score,0.6547987616,0
M39,test,cycle,178_1b6_Al_mc_AKGC417L__6,crackle_score,0.4393520976,0
M39,test,cycle,178_1b6_Al_mc_AKGC417L__7,crackle_score,0.6194267516,0
M39,test,cycle,178_1b6_Ar_mc_AKGC417L__0,crackle_score,0.2766807092,1
M39,test,cycle,178_1b6_Ar_mc_AKGC417L__1,crackle_score,0.2724794354,1
M39,test,cycle,178_1b6_Ar_mc_AKGC417L__2,crackle_score,0.4668008958,1
M39,test,cycle,178_1b6_Ar_mc_AKGC417L__3,crackle_score,0.3695379829,1
M39,test,cycle,178_1b6_Ar_mc_AKGC417L__4,crackle_score,0.4932328365,1
M39,test,cycle,178_1b6_Ar_mc_AKGC417L__5,crackle_score,0.5173433141,1
M39,test,cycle,178_1b6_Ar_mc_AKGC417L__6,crackle_score,0.2355273827,1
M39,test,cycle,178_1b6_Ar_mc_AKGC417L__7,crackle_score,0.3680270658,1
M39,test,cycle,178_1b6_Ll_mc_AKGC417L__0,crackle_score,0.273807679,0
M39,test,cycle,178_1b6_Ll_mc_AKGC417L__1,crackle_score,0.2391931635,0
M39,test,cycle,178_1b6_Ll_mc_AKGC417L__2,crackle_score,0.3047225455,0
M39,test,cycle,178_1b6_Ll_mc_AKGC417L__3,crackle_score,0.54,0
M39,test,cycle,178_1b6_Ll_mc_AKGC417L__4,crackle_score,0.2681407607,0
M39,test,cycle,178_1b6_Ll_mc_AKGC417L__5,crackle_score,0.2016695106,0
M39,test,cycle,178_1b6_Ll_mc_AKGC417L__6,crackle_score,0.227841406,0
M39,test,cycle,178_1b6_Ll_mc_AKGC417L__7,crackle_score,0.2743018943,0
M39,test,cycle,178_1b6_Lr_mc_AKGC417L__0,crackle_score,0.3699191342,0
M39,test,cycle,178_1b6_Lr_mc_AKGC417L__1,crackle_score,0.5435381548,0
M39,test,cycle,178_1b6_Lr_mc_AKGC417L__2,crackle_score,0.6740186447,0
M39,test,cycle,178_1b6_Lr_mc_AKGC417L__3,crackle_score,0.687650706,0
M39,test,cycle,178_1b6_Lr_mc_AKGC417L__4,crackle_score,0.4694335511,0
M39,test,cycle,178_1b6_Lr_mc_AKGC417L__5,crackle_score,0.4507373393,0
M39,test,cycle,178_1b6_Lr_mc_AKGC417L__6,crackle_score,0.6921258976,0
M39,test,cycle,178_1b6_Lr_mc_AKGC417L__7,crackle_score,0.898089172,0
M39,test,cycle,178_1b6_Pl_mc_AKGC417L__0,crackle_score,0.4479214869,0
M39,test,cycle,178_1b6_Pl_mc_AKGC417L__1,crackle_score,0.4233561163,0
M39,test,cycle,178_1b6_Pl_mc_AKGC417L__2,crackle_score,0.4960325887,0
M39,test,cycle,178_1b6_Pl_mc_AKGC417L__3,crackle_score,0.4522795369,0
M39,test,cycle,178_1b6_Pl_mc_AKGC417L__4,crackle_score,0.545472013,0
M39,test,cycle,178_1b6_Pl_mc_AKGC417L__5,crackle_score,0.2510004274,0
M39,test,cycle,178_1b6_Pl_mc_AKGC417L__6,crackle_score,0.3057127989,0
M39,test,cycle,178_1b6_Pl_mc_AKGC417L__7,crackle_score,0.3762456087,0
M39,test,cycle,178_1b6_Pr_mc_AKGC417L__0,crackle_score,0.5960046755,0
M39,test,cycle,178_1b6_Pr_mc_AKGC417L__1,crackle_score,0.5279210487,0
M39,test,cycle,178_1b6_Pr_mc_AKGC417L__2,crackle_score,0.3968017299,0
M39,test,cycle,178_1b6_Pr_mc_AKGC417L__3,crackle_score,0.3053458216,0
M39,test,cycle,178_1b6_Pr_mc_AKGC417L__4,crackle_score,0.2324342436,0
M39,test,cycle,178_1b6_Pr_mc_AKGC417L__5,crackle_score,0.3845015883,0
M39,test,cycle,178_1b6_Pr_mc_AKGC417L__6,crackle_score,0.2773389665,0
M39,test,cycle,178_1b6_Pr_mc_AKGC417L__7,crackle_score,0.3966608056,0
M39,test,cycle,178_1b6_Tc_mc_AKGC417L__0,crackle_score,0.5333593331,0
M39,test,cycle,178_1b6_Tc_mc_AKGC417L__1,crackle_score,0.4623184954,0
M39,test,cycle,178_1b6_Tc_mc_AKGC417L__2,crackle_score,0.4582616316,0
M39,test,cycle,178_1b6_Tc_mc_AKGC417L__3,crackle_score,0.3957408715,0
M39,test,cycle,178_1b6_Tc_mc_AKGC417L__4,crackle_score,0.4526447245,0
M39,test,cycle,178_1b6_Tc_mc_AKGC417L__5,crackle_score,0.3207644896,0
M39,test,cycle,178_1b6_Tc_mc_AKGC417L__6,crackle_score,0.4975850896,0
M39,test,cycle,178_1b6_Tc_mc_AKGC417L__7,crackle_score,0.3585204405,0
M39,test,cycle,178_2b2_Al_mc_AKGC417L__0,crackle_score,0.7130249544,1
M39,test,cycle,178_2b2_Al_mc_AKGC417L__1,crackle_score,0.6782077393,1
M39,test,cycle,178_2b2_Al_mc_AKGC417L__2,crackle_score,0.6478720707,1
M39,test,cycle,178_2b2_Al_mc_AKGC417L__3,crackle_score,0.4370739161,0
M39,test,cycle,178_2b2_Al_mc_AKGC417L__4,crackle_score,0.7580947912,1
M39,test,cycle,178_2b2_Al_mc_AKGC417L__5,crackle_score,0.3919603519,0
M39,test,cycle,178_2b2_Al_mc_AKGC417L__6,crackle_score,0.6117068811,1
M39,test,cycle,178_2b2_Al_mc_AKGC417L__7,crackle_score,0.6083921205,1
M39,test,cycle,178_2b2_Al_mc_AKGC417L__8,crackle_score,0.6123090746,1
M39,test,cycle,178_2b2_Al_mc_AKGC417L__9,crackle_score,0.635501355,0
M39,test,cycle,178_2b2_Ar_mc_AKGC417L__0,crackle_score,0.8561387977,0
M39,test,cycle,178_2b2_Ar_mc_AKGC417L__1,crackle_score,0.3753293614,0
M39,test,cycle,178_2b2_Ar_mc_AKGC417L__2,crackle_score,0.6333333333,0
M39,test,cycle,178_2b2_Ar_mc_AKGC417L__3,crackle_score,0.7869066249,1
M39,test,cycle,178_2b2_Ar_mc_AKGC417L__4,crackle_score,0.4751399431,0
M39,test,cycle,178_2b2_Ar_mc_AKGC417L__5,crackle_score,0.5928074246,1
M39,test,cycle,178_2b2_Ar_mc_AKGC417L__6,crackle_score,0.6340482574,1
M39,test,cycle,178_2b2_Ar_mc_AKGC417L__7,crackle_score,0.7400384061,1
M39,test,cycle,178_2b2_Ar_mc_AKGC417L__8,crackle_score,0.5224618149,1
M39,test,cycle,178_2b2_Ar_mc_AKGC417L__9,crackle_score,0.77100271,1
M39,test,cycle,178_2b2_Lr_mc_AKGC417L__0,crackle_score,0.462449642,0
M39,test,cycle,178_2b2_Lr_mc_AKGC417L__1,crackle_score,0.6201455417,0
M39,test,cycle,178_2b2_Lr_mc_AKGC417L__2,crackle_score,0.5888888889,0
M39,test,cycle,178_2b2_Lr_mc_AKGC417L__3,crackle_score,0.2876465529,0
M39,test,cycle,178_2b2_Lr_mc_AKGC417L__4,crackle_score,0.4267592172,0
M39,test,cycle,178_2b2_Lr_mc_AKGC417L__5,crackle_score,0.4164923853,0
M39,test,cycle,178_2b2_Lr_mc_AKGC417L__6,crackle_score,0.2744256767,0
M39,test,cycle,178_2b2_Lr_mc_AKGC417L__7,crackle_score,0.3470585958,0
M39,test,cycle,178_2b2_Lr_mc_AKGC417L__8,crackle_score,0.3150696347,0
M39,test,cycle,178_2b2_Lr_mc_AKGC417L__9,crackle_score,0.382385932,0
M39,test,cycle,178_2b2_Pr_mc_AKGC417L__0,crackle_score,0.2803452898,0
M39,test,cycle,178_2b2_Pr_mc_AKGC417L__1,crackle_score,0.367351212,0
M39,test,cycle,178_2b2_Pr_mc_AKGC417L__2,crackle_score,0.3122034434,0
M39,test,cycle,178_2b2_Pr_mc_AKGC417L__3,crackle_score,0.1905042539,0
M39,test,cycle,178_2b2_Pr_mc_AKGC417L__4,crackle_score,0.4647760843,0
M39,test,cycle,178_2b2_Pr_mc_AKGC417L__5,crackle_score,0.4143877252,0
M39,test,cycle,178_2b2_Pr_mc_AKGC417L__6,crackle_score,0.4232697972,0
M39,test,cycle,178_2b2_Pr_mc_AKGC417L__7,crackle_score,0.2816632704,0
M39,test,cycle,178_2b2_Pr_mc_AKGC417L__8,crackle_score,0.5449236298,0
M39,test,cycle,178_2b2_Pr_mc_AKGC417L__9,crackle_score,0.3677684305,0
M39,test,cycle,178_2b2_Tc_mc_AKGC417L__0,crackle_score,0.2977950697,0
M39,test,cycle,178_2b2_Tc_mc_AKGC417L__1,crackle_score,0.7036659878,0
M39,test,cycle,178_2b2_Tc_mc_AKGC417L__2,crackle_score,0.6555555556,0
M39,test,cycle,178_2b2_Tc_mc_AKGC417L__3,crackle_score,0.6043296818,0
M39,test,cycle,178_2b2_Tc_mc_AKGC417L__4,crackle_score,0.3418749255,0
M39,test,cycle,178_2b2_Tc_mc_AKGC417L__5,crackle_score,0.5928074246,0
M39,test,cycle,178_2b2_Tc_mc_AKGC417L__6,crackle_score,0.3659166895,0
M39,test,cycle,178_2b2_Tc_mc_AKGC417L__7,crackle_score,0.6388806668,0
M39,test,cycle,178_2b2_Tc_mc_AKGC417L__8,crackle_score,0.573686235,0
M39,test,cycle,178_2b2_Tc_mc_AKGC417L__9,crackle_score,0.4314887847,0
M39,test,cycle,182_1b1_Tc_sc_Meditron__0,crackle_score,0.7058823529,1
M39,test,cycle,182_1b1_Tc_sc_Meditron__1,crackle_score,0.6680201624,1
M39,test,cycle,182_1b1_Tc_sc_Meditron__2,crackle_score,0.6666666667,0
M39,test,cycle,182_1b1_Tc_sc_Meditron__3,crackle_score,0.6541778711,1
M39,test,cycle,182_1b1_Tc_sc_Meditron__4,crackle_score,0.7375673107,0
M39,test,cycle,182_1b1_Tc_sc_Meditron__5,crackle_score,0.6176470588,1
M39,test,cycle,182_1b1_Tc_sc_Meditron__6,crackle_score,0.6547987616,1
M39,test,cycle,185_1b1_Al_sc_Litt3200__0,crackle_score,0.7316602317,0
M39,test,cycle,185_1b1_Al_sc_Litt3200__1,crackle_score,0.5680416755,0
M39,test,cycle,185_1b1_Al_sc_Litt3200__2,crackle_score,0.5,0
M39,test,cycle,185_1b1_Al_sc_Litt3200__3,crackle_score,0.5308606257,0
M39,test,cycle,185_1b1_Al_sc_Litt3200__4,crackle_score,0.548639118,0
M39,test,cycle,185_1b1_Al_sc_Litt3200__5,crackle_score,0.5665467439,0
M39,test,cycle,185_1b1_Al_sc_Litt3200__6,crackle_score,0.4899207175,0
M39,test,cycle,185_1b1_Ar_sc_Litt3200__0,crackle_score,0.5,0
M39,test,cycle,185_1b1_Ar_sc_Litt3200__1,crackle_score,0.5825976976,0
M39,test,cycle,185_1b1_Ar_sc_Litt3200__2,crackle_score,0.6395308276,0
M39,test,cycle,185_1b1_Ar_sc_Litt3200__3,crackle_score,0.5839683777,0
M39,test,cycle,185_1b1_Ar_sc_Litt3200__4,crackle_score,0.6209372638,0
M39,test,cycle,185_1b1_Ar_sc_Litt3200__5,crackle_score,0.6188001188,0
M39,test,cycle,185_1b1_Ar_sc_Litt3200__6,crackle_score,0.657480315,0
M39,test,cycle,185_1b1_Ar_sc_Litt3200__7,crackle_score,0.6849112426,0
M39,test,cycle,185_1b1_Ar_sc_Litt3200__8,crackle_score,0.5676589986,0
M39,test,cycle,185_1b1_Ar_sc_Litt3200__9,crackle_score,0.449013603,0
M39,test,cycle,185_1b1_Ar_sc_Litt3200__10,crackle_score,0.4606156772,0
M39,test,cycle,185_1b1_Ll_sc_Litt3200__0,crackle_score,0.6383987267,0
M39,test,cycle,185_1b1_Ll_sc_Litt3200__1,crackle_score,0.5661102388,0
M39,test,cycle,185_1b1_Ll_sc_Litt3200__2,crackle_score,0.5615384615,0
M39,test,cycle,185_1b1_Ll_sc_Litt3200__3,crackle_score,0.5658382026,0
M39,test,cycle,185_1b1_Ll_sc_Litt3200__4,crackle_score,0.5902187805,0
M39,test,cycle,185_1b1_Ll_sc_Litt3200__5,crackle_score,0.6131648435,0
M39,test,cycle,185_1b1_Ll_sc_Litt3200__6,crackle_score,0.5961076406,0
M39,test,cycle,185_1b1_Ll_sc_Litt3200__7,crackle_score,0.6212611156,0
M39,test,cycle,185_1b1_Ll_sc_Litt3200__8,crackle_score,0.5523925952,0
M39,test,cycle,185_1b1_Ll_sc_Litt3200__9,crackle_score,0.1560557859,0
M39,test,cycle,185_1b1_Lr_sc_Litt3200__0,crackle_score,0.5209979265,0
M39,test,cycle,185_1b1_Lr_sc_Litt3200__1,crackle_score,0.5540759767,0
M39,test,cycle,185_1b1_Lr_sc_Litt3200__2,crackle_score,0.5514353682,0
M39,test,cycle,185_1b1_Lr_sc_Litt3200__3,crackle_score,0.5293545665,0
M39,test,cycle,185_1b1_Lr_sc_Litt3200__4,crackle_score,0.5766479305,0
M39,test,cycle,185_1b1_Lr_sc_Litt3200__5,crackle_score,0.5168350168,0
M39,test,cycle,185_1b1_Lr_sc_Litt3200__6,crackle_score,0.4403651447,0
M39,test,cycle,185_1b1_Pl_sc_Litt3200__0,crackle_score,0.5,0
M39,test,cycle,185_1b1_Pl_sc_Litt3200__1,crackle_score,0.5343259247,0
M39,test,cycle,185_1b1_Pl_sc_Litt3200__2,crackle_score,0.562676277,0
M39,test,cycle,185_1b1_Pl_sc_Litt3200__3,crackle_score,0.5346140533,0
M39,test,cycle,185_1b1_Pl_sc_Litt3200__4,crackle_score,0.5330906684,0
M39,test,cycle,185_1b1_Pl_sc_Litt3200__5,crackle_score,0.5909090909,0
M39,test,cycle,185_1b1_Pl_sc_Litt3200__6,crackle_score,0.5390320062,0
M39,test,cycle,185_1b1_Pl_sc_Litt3200__7,crackle_score,0.4870233181,0
M39,test,cycle,185_1b1_Pl_sc_Litt3200__8,crackle_score,0.6631853786,0
M39,test,cycle,185_1b1_Pr_sc_Litt3200__0,crackle_score,0.5323781771,0
M39,test,cycle,185_1b1_Pr_sc_Litt3200__1,crackle_score,0.5728696999,0
M39,test,cycle,185_1b1_Pr_sc_Litt3200__2,crackle_score,0.5999125765,0
M39,test,cycle,185_1b1_Pr_sc_Litt3200__3,crackle_score,0.5299490866,0
M39,test,cycle,185_1b1_Pr_sc_Litt3200__4,crackle_score,0.6048309601,0
M39,test,cycle,185_1b1_Pr_sc_Litt3200__5,crackle_score,0.5574774581,0
M39,test,cycle,185_1b1_Pr_sc_Litt3200__6,crackle_score,0.5240855035,0
M39,test,cycle,185_1b1_Pr_sc_Litt3200__7,crackle_score,0.5438020149,0
M39,test,cycle,185_1b1_Pr_sc_Litt3200__8,crackle_score,0.5265265489,0
M39,test,cycle,185_1b1_Pr_sc_Litt3200__9,crackle_score,0.3564993285,0
M39,test,cycle,185_1b1_Pr_sc_Litt3200__10,crackle_score,0.5480153649,0
M39,test,cycle,187_1b1_Ll_sc_Meditron__0,crackle_score,0.6007246936,0
M39,test,cycle,187_1b1_Ll_sc_Meditron__1,crackle_score,0.3535425347,0
M39,test,cycle,187_1b1_Ll_sc_Meditron__2,crackle_score,0.2934392305,0
M39,test,cycle,187_1b1_Ll_sc_Meditron__3,crackle_score,0.1728594469,0
M39,test,cycle,187_1b1_Ll_sc_Meditron__4,crackle_score,0.4936131979,0
M39,test,cycle,187_1b1_Ll_sc_Meditron__5,crackle_score,0.2353373506,0
M39,test,cycle,187_1b1_Ll_sc_Meditron__6,crackle_score,0.2895400826,0
M39,test,cycle,187_1b1_Ll_sc_Meditron__7,crackle_score,0.2225184919,0
M39,test,cycle,187_1b1_Ll_sc_Meditron__8,crackle_score,0.394324199,0
M39,test,cycle,187_1b1_Ll_sc_Meditron__9,crackle_score,0.356707011,0
M39,test,cycle,187_1b1_Ll_sc_Meditron__10,crackle_score,0.4624314624,0
M39,test,cycle,187_1b1_Ll_sc_Meditron__11,crackle_score,0.4102673852,0
M39,test,cycle,187_1b1_Ll_sc_Meditron__12,crackle_score,0.4503499954,0
M39,test,cycle,187_1b1_Ll_sc_Meditron__13,crackle_score,0.4841031962,0
M39,test,cycle,187_1b1_Ll_sc_Meditron__14,crackle_score,0.460194855,0
M39,test,cycle,187_1b1_Ll_sc_Meditron__15,crackle_score,0.5350564221,0
M39,test,cycle,187_1b1_Ll_sc_Meditron__16,crackle_score,0.7994011976,0
M39,test,cycle,194_1b1_Lr_sc_Meditron__0,crackle_score,0.4486069375,0
M39,test,cycle,194_1b1_Lr_sc_Meditron__1,crackle_score,0.322414655,0
M39,test,cycle,194_1b1_Lr_sc_Meditron__2,crackle_score,0.15853281,0
M39,test,cycle,194_1b1_Lr_sc_Meditron__3,crackle_score,0.3482611106,0
M39,test,cycle,194_1b1_Lr_sc_Meditron__4,crackle_score,0.5779344375,0
M39,test,cycle,194_1b1_Lr_sc_Meditron__5,crackle_score,0.3339687114,0
M39,test,cycle,194_1b1_Lr_sc_Meditron__6,crackle_score,0.286670665,0
M39,test,cycle,194_1b1_Lr_sc_Meditron__7,crackle_score,0.3596495701,0
M39,test,cycle,194_1b1_Lr_sc_Meditron__8,crackle_score,0.1879749328,0
M39,test,cycle,194_1b1_Pr_sc_Meditron__0,crackle_score,0.3951602587,0
M39,test,cycle,194_1b1_Pr_sc_Meditron__1,crackle_score,0.7258355917,0
M39,test,cycle,194_1b1_Pr_sc_Meditron__2,crackle_score,0.3309936625,0
M39,test,cycle,194_1b1_Pr_sc_Meditron__3,crackle_score,0.2469684584,0
M39,test,cycle,194_1b1_Pr_sc_Meditron__4,crackle_score,0.4044183014,0
M39,test,cycle,194_1b1_Pr_sc_Meditron__5,crackle_score,0.3191407388,0
M39,test,cycle,194_1b1_Pr_sc_Meditron__6,crackle_score,0.3045206772,0
M39,test,cycle,194_1b1_Pr_sc_Meditron__7,crackle_score,0.1589479162,0
M39,test,cycle,194_1b1_Pr_sc_Meditron__8,crackle_score,0.4560748999,0
M39,test,cycle,195_1b1_Al_sc_Litt3200__0,crackle_score,0.560434372,0
M39,test,cycle,195_1b1_Al_sc_Litt3200__1,crackle_score,0.5285285674,0
M39,test,cycle,195_1b1_Al_sc_Litt3200__2,crackle_score,0.6827422763,0
M39,test,cycle,195_1b1_Al_sc_Litt3200__3,crackle_score,0.5935927934,0
M39,test,cycle,195_1b1_Al_sc_Litt3200__4,crackle_score,0.5899305848,0
M39,test,cycle,195_1b1_Al_sc_Litt3200__5,crackle_score,0.5630914826,0
M39,test,cycle,195_1b1_Al_sc_Litt3200__6,crackle_score,0.6104728237,0
M39,test,cycle,195_1b1_Al_sc_Litt3200__7,crackle_score,0.6282873637,0
M39,test,cycle,195_1b1_Al_sc_Litt3200__8,crackle_score,0.5727096461,0
M39,test,cycle,195_1b1_Al_sc_Litt3200__9,crackle_score,0.5883782589,0
M39,test,cycle,195_1b1_Al_sc_Litt3200__10,crackle_score,0.5669344043,0
M39,test,cycle,195_1b1_Al_sc_Litt3200__11,crackle_score,0.4611036791,0
M39,test,cycle,195_1b1_Ar_sc_Litt3200__0,crackle_score,0.5786782061,0
M39,test,cycle,195_1b1_Ar_sc_Litt3200__1,crackle_score,0.6251055578,0
M39,test,cycle,195_1b1_Ar_sc_Litt3200__2,crackle_score,0.6215657671,0
M39,test,cycle,195_1b1_Ar_sc_Litt3200__3,crackle_score,0.6076397298,0
M39,test,cycle,195_1b1_Ar_sc_Litt3200__4,crackle_score,0.5388424937,0
M39,test,cycle,195_1b1_Ar_sc_Litt3200__5,crackle_score,0.5914634146,0
M39,test,cycle,195_1b1_Ar_sc_Litt3200__6,crackle_score,0.5296912114,0
M39,test,cycle,195_1b1_Ar_sc_Litt3200__7,crackle_score,0.641509434,0
M39,test,cycle,195_1b1_Ar_sc_Litt3200__8,crackle_score,0.5405186386,0
M39,test,cycle,195_1b1_Ar_sc_Litt3200__9,crackle_score,0.6240694789,0
M39,test,cycle,195_1b1_Ar_sc_Litt3200__10,crackle_score,0.5418410042,0
M39,test,cycle,195_1b1_Ar_sc_Litt3200__11,crackle_score,0.5950570342,0
M39,test,cycle,195_1b1_Ar_sc_Litt3200__12,crackle_score,0.684501845,0
M39,test,cycle,195_1b1_Ar_sc_Litt3200__13,crackle_score,0.5705716302,0
M39,test,cycle,195_1b1_Ar_sc_Litt3200__14,crackle_score,0.6098901099,0
M39,test,cycle,195_1b1_Ar_sc_Litt3200__15,crackle_score,0.4199163135,0
M39,test,cycle,195_1b1_Ar_sc_Litt3200__16,crackle_score,0.6885472208,0
M39,test,cycle,195_1b1_Ll_sc_Litt3200__0,crackle_score,0.6901040291,0
M39,test,cycle,195_1b1_Ll_sc_Litt3200__1,crackle_score,0.8911475546,0
M39,test,cycle,195_1b1_Ll_sc_Litt3200__2,crackle_score,0.3430694856,1
M39,test,cycle,195_1b1_Ll_sc_Litt3200__3,crackle_score,0.6936785474,1
M39,test,cycle,195_1b1_Ll_sc_Litt3200__4,crackle_score,0.5848896435,1
M39,test,cycle,195_1b1_Ll_sc_Litt3200__5,crackle_score,0.64197823,0
M39,test,cycle,195_1b1_Ll_sc_Litt3200__6,crackle_score,0.7735978112,1
M39,test,cycle,195_1b1_Ll_sc_Litt3200__7,crackle_score,0.6124227094,1
M39,test,cycle,195_1b1_Ll_sc_Litt3200__8,crackle_score,0.5617030029,0
M39,test,cycle,195_1b1_Ll_sc_Litt3200__9,crackle_score,0.4138021601,0
M39,test,cycle,195_1b1_Ll_sc_Litt3200__10,crackle_score,0.4600538066,1
M39,test,cycle,195_1b1_Lr_sc_Litt3200__0,crackle_score,0.5254065041,1
M39,test,cycle,195_1b1_Lr_sc_Litt3200__1,crackle_score,0.6214651737,0
M39,test,cycle,195_1b1_Lr_sc_Litt3200__2,crackle_score,0.5,0
M39,test,cycle,195_1b1_Lr_sc_Litt3200__3,crackle_score,0.6079592993,1
M39,test,cycle,195_1b1_Lr_sc_Litt3200__4,crackle_score,0.7615478025,0
M39,test,cycle,195_1b1_Lr_sc_Litt3200__5,crackle_score,0.6241233786,0
M39,test,cycle,195_1b1_Lr_sc_Litt3200__6,crackle_score,0.5331418471,0
M39,test,cycle,195_1b1_Lr_sc_Litt3200__7,crackle_score,0.3800369023,1
M39,test,cycle,195_1b1_Lr_sc_Litt3200__8,crackle_score,0.528579143,1
M39,test,cycle,195_1b1_Pl_sc_Litt3200__0,crackle_score,0.5802273107,0
M39,test,cycle,195_1b1_Pl_sc_Litt3200__1,crackle_score,0.6555080392,0
M39,test,cycle,195_1b1_Pl_sc_Litt3200__2,crackle_score,0.605374078,0
M39,test,cycle,195_1b1_Pl_sc_Litt3200__3,crackle_score,0.7869131729,0
M39,test,cycle,195_1b1_Pl_sc_Litt3200__4,crackle_score,0.564706596,0
M39,test,cycle,195_1b1_Pl_sc_Litt3200__5,crackle_score,0.6691474966,0
M39,test,cycle,195_1b1_Pl_sc_Litt3200__6,crackle_score,0.6096972356,0
M39,test,cycle,195_1b1_Pl_sc_Litt3200__7,crackle_score,0.6765893037,0
M39,test,cycle,195_1b1_Pl_sc_Litt3200__8,crackle_score,0.4866859793,0
M39,test,cycle,195_1b1_Pr_sc_Litt3200__0,crackle_score,0.4632258244,0
M39,test,cycle,195_1b1_Pr_sc_Litt3200__1,crackle_score,0.7348566396,0
M39,test,cycle,195_1b1_Pr_sc_Litt3200__2,crackle_score,0.604640136,0
M39,test,cycle,195_1b1_Pr_sc_Litt3200__3,crackle_score,0.5967966363,0
M39,test,cycle,195_1b1_Pr_sc_Litt3200__4,crackle_score,0.5,0
M39,test,cycle,195_1b1_Pr_sc_Litt3200__5,crackle_score,0.604907714,0
M39,test,cycle,195_1b1_Pr_sc_Litt3200__6,crackle_score,0.68011426,0
M39,test,cycle,195_1b1_Pr_sc_Litt3200__7,crackle_score,0.5308451573,0
M39,test,cycle,195_1b1_Pr_sc_Litt3200__8,crackle_score,0.5972289742,0
M39,test,cycle,195_1b1_Pr_sc_Litt3200__9,crackle_score,0.5723065799,0
M39,test,cycle,195_1b1_Pr_sc_Litt3200__10,crackle_score,0.6160766106,0
M39,test,cycle,195_1b1_Pr_sc_Litt3200__11,crackle_score,0.6431024614,0
M39,test,cycle,195_1b1_Pr_sc_Litt3200__12,crackle_score,0.540996266,0
M39,test,cycle,195_1b1_Pr_sc_Litt3200__13,crackle_score,0.4934569068,0
M39,test,cycle,195_1b1_Pr_sc_Litt3200__14,crackle_score,0.5374391614,0
M39,test,cycle,195_1b1_Pr_sc_Litt3200__15,crackle_score,0.4970475194,0
M39,test,cycle,195_1b1_Pr_sc_Litt3200__16,crackle_score,0.530012257,0
M39,test,cycle,198_1b5_Al_mc_AKGC417L__0,crackle_score,0.4153684881,0
M39,test,cycle,198_1b5_Al_mc_AKGC417L__1,crackle_score,0.2470684535,0
M39,test,cycle,198_1b5_Al_mc_AKGC417L__2,crackle_score,0.2839970952,0
M39,test,cycle,198_1b5_Al_mc_AKGC417L__3,crackle_score,0.2343163978,0
M39,test,cycle,198_1b5_Al_mc_AKGC417L__4,crackle_score,0.2642069663,0
M39,test,cycle,198_1b5_Al_mc_AKGC417L__5,crackle_score,0.4812933929,0
M39,test,cycle,198_1b5_Al_mc_AKGC417L__6,crackle_score,0.3189368395,0
M39,test,cycle,198_1b5_Ar_mc_AKGC417L__0,crackle_score,0.2816546302,0
M39,test,cycle,198_1b5_Ar_mc_AKGC417L__1,crackle_score,0.3988977884,0
M39,test,cycle,198_1b5_Ar_mc_AKGC417L__2,crackle_score,0.4064160301,0
M39,test,cycle,198_1b5_Ar_mc_AKGC417L__3,crackle_score,0.3887440489,0
M39,test,cycle,198_1b5_Ar_mc_AKGC417L__4,crackle_score,0.32088841,0
M39,test,cycle,198_1b5_Ar_mc_AKGC417L__5,crackle_score,0.5449910018,0
M39,test,cycle,198_1b5_Ar_mc_AKGC417L__6,crackle_score,0.3482042739,0
M39,test,cycle,198_1b5_Ll_mc_AKGC417L__0,crackle_score,0.355392601,0
M39,test,cycle,198_1b5_Ll_mc_AKGC417L__1,crackle_score,0.4862467896,0
M39,test,cycle,198_1b5_Ll_mc_AKGC417L__2,crackle_score,0.6414027149,0
M39,test,cycle,198_1b5_Ll_mc_AKGC417L__3,crackle_score,0.4961868968,0
M39,test,cycle,198_1b5_Ll_mc_AKGC417L__4,crackle_score,0.4970177514,0
M39,test,cycle,198_1b5_Ll_mc_AKGC417L__5,crackle_score,0.4580056659,0
M39,test,cycle,198_1b5_Ll_mc_AKGC417L__6,crackle_score,0.2953230307,0
M39,test,cycle,198_1b5_Lr_mc_AKGC417L__0,crackle_score,0.4638975156,0
M39,test,cycle,198_1b5_Lr_mc_AKGC417L__1,crackle_score,0.5635525898,0
M39,test,cycle,198_1b5_Lr_mc_AKGC417L__2,crackle_score,0.6131221719,0
M39,test,cycle,198_1b5_Lr_mc_AKGC417L__3,crackle_score,0.6023990638,0
M39,test,cycle,198_1b5_Lr_mc_AKGC417L__4,crackle_score,0.5953288847,0
M39,test,cycle,198_1b5_Lr_mc_AKGC417L__5,crackle_score,0.6649670066,0
M39,test,cycle,198_1b5_Lr_mc_AKGC417L__6,crackle_score,0.3493514896,0
M39,test,cycle,198_1b5_Pl_mc_AKGC417L__0,crackle_score,0.2227929849,0
M39,test,cycle,198_1b5_Pl_mc_AKGC417L__1,crackle_score,0.1370438903,0
M39,test,cycle,198_1b5_Pl_mc_AKGC417L__2,crackle_score,0.2296435395,0
M39,test,cycle,198_1b5_Pl_mc_AKGC417L__3,crackle_score,0.1638047564,0
M39,test,cycle,198_1b5_Pl_mc_AKGC417L__4,crackle_score,0.163855445,0
M39,test,cycle,198_1b5_Pl_mc_AKGC417L__5,crackle_score,0.2216233668,0
M39,test,cycle,198_1b5_Pl_mc_AKGC417L__6,crackle_score,0.1843611344,0
M39,test,cycle,198_1b5_Pr_mc_AKGC417L__0,crackle_score,0.3236529045,0
M39,test,cycle,198_1b5_Pr_mc_AKGC417L__1,crackle_score,0.3479385501,0
M39,test,cycle,198_1b5_Pr_mc_AKGC417L__2,crackle_score,0.2760928708,0
M39,test,cycle,198_1b5_Pr_mc_AKGC417L__3,crackle_score,0.3207564533,0
M39,test,cycle,198_1b5_Pr_mc_AKGC417L__4,crackle_score,0.2272734506,0
M39,test,cycle,198_1b5_Pr_mc_AKGC417L__5,crackle_score,0.387476243,0
M39,test,cycle,198_1b5_Pr_mc_AKGC417L__6,crackle_score,0.2896761861,0
M39,test,cycle,198_1b5_Tc_mc_AKGC417L__0,crackle_score,0.2573659769,0
M39,test,cycle,198_1b5_Tc_mc_AKGC417L__1,crackle_score,0.1981397743,0
M39,test,cycle,198_1b5_Tc_mc_AKGC417L__2,crackle_score,0.2760341171,0
M39,test,cycle,198_1b5_Tc_mc_AKGC417L__3,crackle_score,0.2859490961,0
M39,test,cycle,198_1b5_Tc_mc_AKGC417L__4,crackle_score,0.1641821091,0
M39,test,cycle,198_1b5_Tc_mc_AKGC417L__5,crackle_score,0.2608622738,0
M39,test,cycle,198_1b5_Tc_mc_AKGC417L__6,crackle_score,0.2252407678,0
M39,test,cycle,198_6p1_Al_mc_AKGC417L__0,crackle_score,0.3156936069,0
M39,test,cycle,198_6p1_Al_mc_AKGC417L__1,crackle_score,0.5137828047,0
M39,test,cycle,198_6p1_Al_mc_AKGC417L__2,crackle_score,0.6905751906,0
M39,test,cycle,198_6p1_Al_mc_AKGC417L__3,crackle_score,0.5038450971,0
M39,test,cycle,198_6p1_Al_mc_AKGC417L__4,crackle_score,0.5789577576,0
M39,test,cycle,198_6p1_Al_mc_AKGC417L__5,crackle_score,0.7140270003,0
M39,test,cycle,198_6p1_Al_mc_AKGC417L__6,crackle_score,0.7669039146,0
M39,test,cycle,198_6p1_Ar_mc_AKGC417L__0,crackle_score,0.6931426597,1
M39,test,cycle,198_6p1_Ar_mc_AKGC417L__1,crackle_score,0.6133482906,1
M39,test,cycle,198_6p1_Ar_mc_AKGC417L__2,crackle_score,0.5732744995,1
M39,test,cycle,198_6p1_Ar_mc_AKGC417L__3,crackle_score,0.5603166107,1
M39,test,cycle,198_6p1_Ar_mc_AKGC417L__4,crackle_score,0.6333910044,1
M39,test,cycle,198_6p1_Ar_mc_AKGC417L__5,crackle_score,0.5718664234,1
M39,test,cycle,198_6p1_Ll_mc_AKGC417L__0,crackle_score,0.1936835561,0
M39,test,cycle,198_6p1_Ll_mc_AKGC417L__1,crackle_score,0.2341065698,1
M39,test,cycle,198_6p1_Ll_mc_AKGC417L__2,crackle_score,0.2698925423,0
M39,test,cycle,198_6p1_Ll_mc_AKGC417L__3,crackle_score,0.3218341161,0
M39,test,cycle,198_6p1_Ll_mc_AKGC417L__4,crackle_score,0.3329236302,0
M39,test,cycle,198_6p1_Ll_mc_AKGC417L__5,crackle_score,0.4308757815,0
M39,test,cycle,198_6p1_Ll_mc_AKGC417L__6,crackle_score,0.2718733321,0
M39,test,cycle,198_6p1_Lr_mc_AKGC417L__0,crackle_score,0.3372248894,1
M39,test,cycle,198_6p1_Lr_mc_AKGC417L__1,crackle_score,0.5474725447,1
M39,test,cycle,198_6p1_Lr_mc_AKGC417L__2,crackle_score,0.5797810006,1
M39,test,cycle,198_6p1_Lr_mc_AKGC417L__3,crackle_score,0.6931884038,1
M39,test,cycle,198_6p1_Lr_mc_AKGC417L__4,crackle_score,0.5373746056,1
M39,test,cycle,198_6p1_Lr_mc_AKGC417L__5,crackle_score,0.7181149178,1
M39,test,cycle,198_6p1_Lr_mc_AKGC417L__6,crackle_score,0.656189172,1
M39,test,cycle,198_6p1_Pl_mc_AKGC417L__0,crackle_score,0.1850136521,1
M39,test,cycle,198_6p1_Pl_mc_AKGC417L__1,crackle_score,0.3032341865,1
M39,test,cycle,198_6p1_Pl_mc_AKGC417L__2,crackle_score,0.2960949988,1
M39,test,cycle,198_6p1_Pl_mc_AKGC417L__3,crackle_score,0.3369903332,1
M39,test,cycle,198_6p1_Pl_mc_AKGC417L__4,crackle_score,0.3084820086,1
M39,test,cycle,198_6p1_Pl_mc_AKGC417L__5,crackle_score,0.3311996881,0
M39,test,cycle,198_6p1_Pl_mc_AKGC417L__6,crackle_score,0.278459609,1
M39,test,cycle,198_6p1_Pr_mc_AKGC417L__0,crackle_score,0.350308139,1
M39,test,cycle,198_6p1_Pr_mc_AKGC417L__1,crackle_score,0.5088304855,1
M39,test,cycle,198_6p1_Pr_mc_AKGC417L__2,crackle_score,0.5119449754,1
M39,test,cycle,198_6p1_Pr_mc_AKGC417L__3,crackle_score,0.5627707558,0
M39,test,cycle,198_6p1_Pr_mc_AKGC417L__4,crackle_score,0.6573842999,1
M39,test,cycle,198_6p1_Pr_mc_AKGC417L__5,crackle_score,0.4603274547,1
M39,test,cycle,198_6p1_Pr_mc_AKGC417L__6,crackle_score,0.4144395018,0
M39,test,cycle,198_6p1_Tc_mc_AKGC417L__0,crackle_score,0.7482775743,0
M39,test,cycle,198_6p1_Tc_mc_AKGC417L__1,crackle_score,0.7082624106,1
M39,test,cycle,198_6p1_Tc_mc_AKGC417L__2,crackle_score,0.8908794788,1
M39,test,cycle,198_6p1_Tc_mc_AKGC417L__3,crackle_score,0.8329828251,1
M39,test,cycle,198_6p1_Tc_mc_AKGC417L__4,crackle_score,0.7348265896,0
M39,test,cycle,198_6p1_Tc_mc_AKGC417L__5,crackle_score,0.6816860465,0
M39,test,cycle,198_6p1_Tc_mc_AKGC417L__6,crackle_score,0.7997002997,0
M39,test,cycle,198_6p1_Tc_mc_AKGC417L__7,crackle_score,0.6117734724,0
M39,test,cycle,202_1b1_Ar_sc_Meditron__0,crackle_score,0.6087159028,0
M39,test,cycle,202_1b1_Ar_sc_Meditron__1,crackle_score,0.7462659125,0
M39,test,cycle,202_1b1_Ar_sc_Meditron__2,crackle_score,0.7684271923,0
M39,test,cycle,202_1b1_Ar_sc_Meditron__3,crackle_score,0.5733432643,0
M39,test,cycle,202_1b1_Ar_sc_Meditron__4,crackle_score,0.3567478718,0
M39,test,cycle,202_1b1_Ar_sc_Meditron__5,crackle_score,0.430909893,0
M39,test,cycle,202_1b1_Ar_sc_Meditron__6,crackle_score,0.6855426138,0
M39,test,cycle,202_1b1_Ar_sc_Meditron__7,crackle_score,0.4354003351,0
M39,test,cycle,202_1b1_Ar_sc_Meditron__8,crackle_score,0.5726547816,0
M39,test,cycle,202_1b1_Ar_sc_Meditron__9,crackle_score,0.3967945171,0
M39,test,cycle,205_1b3_Al_mc_AKGC417L__0,crackle_score,0.5473274443,0
M39,test,cycle,205_1b3_Al_mc_AKGC417L__1,crackle_score,0.5283768445,0
M39,test,cycle,205_1b3_Al_mc_AKGC417L__2,crackle_score,0.3730131202,0
M39,test,cycle,205_1b3_Al_mc_AKGC417L__3,crackle_score,0.5090776366,1
M39,test,cycle,205_1b3_Al_mc_AKGC417L__4,crackle_score,0.4195801107,0
M39,test,cycle,205_1b3_Al_mc_AKGC417L__5,crackle_score,0.1844401259,0
M39,test,cycle,205_1b3_Ar_mc_AKGC417L__0,crackle_score,0.6123090746,1
M39,test,cycle,205_1b3_Ar_mc_AKGC417L__1,crackle_score,0.5936403435,1
M39,test,cycle,205_1b3_Ar_mc_AKGC417L__2,crackle_score,0.677256613,1
M39,test,cycle,205_1b3_Ar_mc_AKGC417L__3,crackle_score,0.6309929264,1
M39,test,cycle,205_1b3_Ar_mc_AKGC417L__4,crackle_score,0.6591270743,1
M39,test,cycle,205_1b3_Ar_mc_AKGC417L__5,crackle_score,0.5866823017,1
M39,test,cycle,205_1b3_Ll_mc_AKGC417L__0,crackle_score,0.4542482818,0
M39,test,cycle,205_1b3_Ll_mc_AKGC417L__1,crackle_score,0.5340152754,1
M39,test,cycle,205_1b3_Ll_mc_AKGC417L__2,crackle_score,0.677256613,1
M39,test,cycle,205_1b3_Ll_mc_AKGC417L__3,crackle_score,0.7095886822,1
M39,test,cycle,205_1b3_Ll_mc_AKGC417L__4,crackle_score,0.7386906115,1
M39,test,cycle,205_1b3_Ll_mc_AKGC417L__5,crackle_score,0.3625654693,1
M39,test,cycle,205_1b3_Lr_mc_AKGC417L__0,crackle_score,0.6347708895,0
M39,test,cycle,205_1b3_Lr_mc_AKGC417L__1,crackle_score,0.613507378,1
M39,test,cycle,205_1b3_Lr_mc_AKGC417L__2,crackle_score,0.5510020165,1
M39,test,cycle,205_1b3_Lr_mc_AKGC417L__3,crackle_score,0.6309929264,0
M39,test,cycle,205_1b3_Lr_mc_AKGC417L__4,crackle_score,0.5681973176,0
M39,test,cycle,205_1b3_Lr_mc_AKGC417L__5,crackle_score,0.4799972838,0
M39,test,cycle,205_1b3_Pl_mc_AKGC417L__0,crackle_score,0.7021563342,0
M39,test,cycle,205_1b3_Pl_mc_AKGC417L__1,crackle_score,0.6170604848,1
M39,test,cycle,205_1b3_Pl_mc_AKGC417L__2,crackle_score,0.677256613,1
M39,test,cycle,205_1b3_Pl_mc_AKGC417L__3,crackle_score,0.4703389161,1
M39,test,cycle,205_1b3_Pl_mc_AKGC417L__4,crackle_score,0.6818595135,1
M39,test,cycle,205_1b3_Pl_mc_AKGC417L__5,crackle_score,0.3675704006,0
M39,test,cycle,205_1b3_Pr_mc_AKGC417L__0,crackle_score,0.6347708895,1
M39,test,cycle,205_1b3_Pr_mc_AKGC417L__1,crackle_score,0.70418182,1
M39,test,cycle,205_1b3_Pr_mc_AKGC417L__2,crackle_score,0.6163073487,1
M39,test,cycle,205_1b3_Pr_mc_AKGC417L__3,crackle_score,0.6833900969,0
M39,test,cycle,205_1b3_Pr_mc_AKGC417L__4,crackle_score,0.5307013246,1
M39,test,cycle,205_1b3_Pr_mc_AKGC417L__5,crackle_score,0.3848349497,0
M39,test,cycle,205_2b2_Pr_mc_AKGC417L__0,crackle_score,0.2953291243,0
M39,test,cycle,205_2b2_Pr_mc_AKGC417L__1,crackle_score,0.4125884428,0
M39,test,cycle,205_2b2_Pr_mc_AKGC417L__2,crackle_score,0.4497358283,0
M39,test,cycle,205_2b2_Pr_mc_AKGC417L__3,crackle_score,0.5272971697,0
M39,test,cycle,205_2b2_Pr_mc_AKGC417L__4,crackle_score,0.4758933785,0
M39,test,cycle,205_2b3_Al_mc_AKGC417L__0,crackle_score,0.6215362178,0
M39,test,cycle,205_2b3_Al_mc_AKGC417L__1,crackle_score,0.5380131779,0
M39,test,cycle,205_2b3_Al_mc_AKGC417L__2,crackle_score,0.5786905886,1
M39,test,cycle,205_2b3_Al_mc_AKGC417L__3,crackle_score,0.5224565963,1
M39,test,cycle,205_2b3_Al_mc_AKGC417L__4,crackle_score,0.4526072805,0
M39,test,cycle,205_2b3_Ar_mc_AKGC417L__0,crackle_score,0.4612043265,1
M39,test,cycle,205_2b3_Ar_mc_AKGC417L__1,crackle_score,0.4770740001,1
M39,test,cycle,205_2b3_Ar_mc_AKGC417L__2,crackle_score,0.4984461866,1
M39,test,cycle,205_2b3_Ar_mc_AKGC417L__3,crackle_score,0.4874189699,1
M39,test,cycle,205_2b3_Ar_mc_AKGC417L__4,crackle_score,0.3768601028,0
M39,test,cycle,205_2b3_Ll_mc_AKGC417L__0,crackle_score,0.4745196613,1
M39,test,cycle,205_2b3_Ll_mc_AKGC417L__1,crackle_score,0.5284967501,1
M39,test,cycle,205_2b3_Ll_mc_AKGC417L__2,crackle_score,0.5968528488,1
M39,test,cycle,205_2b3_Ll_mc_AKGC417L__3,crackle_score,0.5788118219,0
M39,test,cycle,205_2b3_Ll_mc_AKGC417L__4,crackle_score,0.4707121172,0
M39,test,cycle,205_2b4_Pl_mc_AKGC417L__0,crackle_score,0.5703564728,1
M39,test,cycle,205_2b4_Pl_mc_AKGC417L__1,crackle_score,0.695585359,1
M39,test,cycle,205_2b4_Pl_mc_AKGC417L__2,crackle_score,0.6494940202,1
M39,test,cycle,205_2b4_Pl_mc_AKGC417L__3,crackle_score,0.5875875876,1
M39,test,cycle,205_2b4_Pl_mc_AKGC417L__4,crackle_score,0.6272395826,1
M39,test,cycle,205_3b4_Al_mc_AKGC417L__0,crackle_score,0.6379944802,1
M39,test,cycle,205_3b4_Al_mc_AKGC417L__1,crackle_score,0.5833506981,1
M39,test,cycle,205_3b4_Al_mc_AKGC417L__2,crackle_score,0.5773395205,1
M39,test,cycle,205_3b4_Al_mc_AKGC417L__3,crackle_score,0.6128158845,1
M39,test,cycle,205_3b4_Ar_mc_AKGC417L__0,crackle_score,0.8526525606,0
M39,test,cycle,205_3b4_Ar_mc_AKGC417L__1,crackle_score,0.6354448844,0
M39,test,cycle,205_3b4_Ar_mc_AKGC417L__2,crackle_score,0.5831509571,1
M39,test,cycle,205_3b4_Ar_mc_AKGC417L__3,crackle_score,0.6240974729,0
M39,test,cycle,205_3b4_Pl_mc_AKGC417L__0,crackle_score,0.3939864687,0
M39,test,cycle,205_3b4_Pl_mc_AKGC417L__1,crackle_score,0.3934310097,1
M39,test,cycle,205_3b4_Pl_mc_AKGC417L__2,crackle_score,0.4267855285,0
M39,test,cycle,205_3b4_Pl_mc_AKGC417L__3,crackle_score,0.4223523433,1
M39,test,cycle,205_3b4_Pr_mc_AKGC417L__0,crackle_score,0.7146580803,0
M39,test,cycle,205_3b4_Pr_mc_AKGC417L__1,crackle_score,0.7292144197,0
M39,test,cycle,205_3b4_Pr_mc_AKGC417L__2,crackle_score,0.7320185615,0
M39,test,cycle,205_3b4_Pr_mc_AKGC417L__3,crackle_score,0.7933212996,0
M39,test,cycle,205_4b2_Al_mc_AKGC417L__0,crackle_score,0.4039352055,1
M39,test,cycle,205_4b2_Al_mc_AKGC417L__1,crackle_score,0.4059958435,1
M39,test,cycle,205_4b2_Al_mc_AKGC417L__2,crackle_score,0.4494862154,1
M39,test,cycle,205_4b2_Al_mc_AKGC417L__3,crackle_score,0.4682546894,1
M39,test,cycle,205_4b2_Al_mc_AKGC417L__4,crackle_score,0.4643774448,1
M39,test,cycle,205_4b2_Ar_mc_AKGC417L__0,crackle_score,0.6688142423,1
M39,test,cycle,205_4b2_Ar_mc_AKGC417L__1,crackle_score,0.6350135014,1
M39,test,cycle,205_4b2_Ar_mc_AKGC417L__2,crackle_score,0.6184834123,1
M39,test,cycle,205_4b2_Ar_mc_AKGC417L__3,crackle_score,0.2019949123,0
M39,test,cycle,205_4b2_Ar_mc_AKGC417L__4,crackle_score,0.5676773146,1
M39,test,cycle,205_4b2_Lr_mc_AKGC417L__0,crackle_score,0.3253676406,1
M39,test,cycle,205_4b2_Lr_mc_AKGC417L__1,crackle_score,0.4138421459,0
M39,test,cycle,205_4b2_Lr_mc_AKGC417L__2,crackle_score,0.342463401,0
M39,test,cycle,205_4b2_Lr_mc_AKGC417L__3,crackle_score,0.4136500525,0
M39,test,cycle,205_4b2_Lr_mc_AKGC417L__4,crackle_score,0.3521701805,0
M39,test,cycle,205_4b2_Pl_mc_AKGC417L__0,crackle_score,0.4647497426,0
M39,test,cycle,205_4b2_Pl_mc_AKGC417L__1,crackle_score,0.4465471679,0
M39,test,cycle,205_4b2_Pl_mc_AKGC417L__2,crackle_score,0.4275716634,0
M39,test,cycle,205_4b2_Pl_mc_AKGC417L__3,crackle_score,0.3484078517,0
M39,test,cycle,205_4b2_Pl_mc_AKGC417L__4,crackle_score,0.3587038505,0
M39,test,cycle,205_4b2_Pr_mc_AKGC417L__0,crackle_score,0.6379521766,1
M39,test,cycle,205_4b2_Pr_mc_AKGC417L__1,crackle_score,0.695019502,1
M39,test,cycle,205_4b2_Pr_mc_AKGC417L__2,crackle_score,0.6448130595,0
M39,test,cycle,205_4b2_Pr_mc_AKGC417L__3,crackle_score,0.6550788317,1
M39,test,cycle,205_4b2_Pr_mc_AKGC417L__4,crackle_score,0.6353546291,1
M39,test,cycle,207_2b2_Al_mc_AKGC417L__0,crackle_score,0.569955926,0
M39,test,cycle,207_2b2_Al_mc_AKGC417L__1,crackle_score,0.647299509,0
M39,test,cycle,207_2b2_Al_mc_AKGC417L__2,crackle_score,0.5297973778,0
M39,test,cycle,207_2b2_Al_mc_AKGC417L__3,crackle_score,0.5570613409,0
M39,test,cycle,207_2b2_Al_mc_AKGC417L__4,crackle_score,0.6053284932,0
M39,test,cycle,207_2b2_Al_mc_AKGC417L__5,crackle_score,0.5587360731,0
M39,test,cycle,207_2b2_Ar_mc_AKGC417L__0,crackle_score,0.2680844884,0
M39,test,cycle,207_2b2_Ar_mc_AKGC417L__1,crackle_score,0.2167703103,0
M39,test,cycle,207_2b2_Ar_mc_AKGC417L__2,crackle_score,0.2435116447,0
M39,test,cycle,207_2b2_Ar_mc_AKGC417L__3,crackle_score,0.2041343423,0
M39,test,cycle,207_2b2_Ar_mc_AKGC417L__4,crackle_score,0.2813853516,0
M39,test,cycle,207_2b2_Ar_mc_AKGC417L__5,crackle_score,0.2271344502,0
M39,test,cycle,207_2b2_Pl_mc_AKGC417L__0,crackle_score,0.5339311917,0
M39,test,cycle,207_2b2_Pl_mc_AKGC417L__1,crackle_score,0.4968169217,1
M39,test,cycle,207_2b2_Pl_mc_AKGC417L__2,crackle_score,0.4904045507,0
M39,test,cycle,207_2b2_Pl_mc_AKGC417L__3,crackle_score,0.4920037539,1
M39,test,cycle,207_2b2_Pl_mc_AKGC417L__4,crackle_score,0.3761273585,0
M39,test,cycle,207_2b2_Pl_mc_AKGC417L__5,crackle_score,0.3516824113,0
M39,test,cycle,207_2b2_Pr_mc_AKGC417L__0,crackle_score,0.5206689039,0
M39,test,cycle,207_2b2_Pr_mc_AKGC417L__1,crackle_score,0.2960364817,0
M39,test,cycle,207_2b2_Pr_mc_AKGC417L__2,crackle_score,0.4466032532,0
M39,test,cycle,207_2b2_Pr_mc_AKGC417L__3,crackle_score,0.3450222296,0
M39,test,cycle,207_2b2_Pr_mc_AKGC417L__4,crackle_score,0.4590212004,0
M39,test,cycle,207_2b2_Pr_mc_AKGC417L__5,crackle_score,0.4162975888,0
M39,test,cycle,207_2b2_Tc_mc_AKGC417L__0,crackle_score,0.7663115846,0
M39,test,cycle,207_2b2_Tc_mc_AKGC417L__1,crackle_score,0.6309328969,0
M39,test,cycle,207_2b2_Tc_mc_AKGC417L__2,crackle_score,0.7532777116,0
M39,test,cycle,207_2b2_Tc_mc_AKGC417L__3,crackle_score,0.742510699,0
M39,test,cycle,207_2b2_Tc_mc_AKGC417L__4,crackle_score,0.7858916245,0
M39,test,cycle,207_2b2_Tc_mc_AKGC417L__5,crackle_score,0.7055762559,0
M39,test,cycle,207_2b3_Al_mc_AKGC417L__0,crackle_score,0.5425773489,0
M39,test,cycle,207_2b3_Al_mc_AKGC417L__1,crackle_score,0.5872346612,1
M39,test,cycle,207_2b3_Al_mc_AKGC417L__2,crackle_score,0.6728110599,1
M39,test,cycle,207_2b3_Al_mc_AKGC417L__3,crackle_score,0.5851546977,0
M39,test,cycle,207_2b3_Al_mc_AKGC417L__4,crackle_score,0.6204093919,0
M39,test,cycle,207_2b3_Al_mc_AKGC417L__5,crackle_score,0.5792009137,0
M39,test,cycle,207_2b3_Ar_mc_AKGC417L__0,crackle_score,0.3107229552,0
M39,test,cycle,207_2b3_Ar_mc_AKGC417L__1,crackle_score,0.4393862882,0
M39,test,cycle,207_2b3_Ar_mc_AKGC417L__2,crackle_score,0.4617133223,1
M39,test,cycle,207_2b3_Ar_mc_AKGC417L__3,crackle_score,0.3715155296,0
M39,test,cycle,207_2b3_Ar_mc_AKGC417L__4,crackle_score,0.3534251648,0
M39,test,cycle,207_2b3_Ar_mc_AKGC417L__5,crackle_score,0.228798277,0
M39,test,cycle,207_2b3_Pl_mc_AKGC417L__0,crackle_score,0.5993471473,0
M39,test,cycle,207_2b3_Pl_mc_AKGC417L__1,crackle_score,0.5174899071,0
M39,test,cycle,207_2b3_Pl_mc_AKGC417L__2,crackle_score,0.4546413831,0
M39,test,cycle,207_2b3_Pl_mc_AKGC417L__3,crackle_score,0.6116746256,1
M39,test,cycle,207_2b3_Pl_mc_AKGC417L__4,crackle_score,0.3499481539,0
M39,test,cycle,207_2b3_Pl_mc_AKGC417L__5,crackle_score,0.4851107082,1
M39,test,cycle,207_2b3_Pr_mc_AKGC417L__0,crackle_score,0.3932465694,0
M39,test,cycle,207_2b3_Pr_mc_AKGC417L__1,crackle_score,0.3143320837,0
M39,test,cycle,207_2b3_Pr_mc_AKGC417L__2,crackle_score,0.3962593374,0
M39,test,cycle,207_2b3_Pr_mc_AKGC417L__3,crackle_score,0.440027456,0
M39,test,cycle,207_2b3_Pr_mc_AKGC417L__4,crackle_score,0.3091491888,0
M39,test,cycle,207_2b3_Pr_mc_AKGC417L__5,crackle_score,0.3486519609,0
M39,test,cycle,207_2b3_Tc_mc_AKGC417L__0,crackle_score,0.6277320466,0
M39,test,cycle,207_2b3_Tc_mc_AKGC417L__1,crackle_score,0.5290782204,0
M39,test,cycle,207_2b3_Tc_mc_AKGC417L__2,crackle_score,0.6296082949,0
M39,test,cycle,207_2b3_Tc_mc_AKGC417L__3,crackle_score,0.5709622481,0
M39,test,cycle,207_2b3_Tc_mc_AKGC417L__4,crackle_score,0.6204093919,0
M39,test,cycle,207_2b3_Tc_mc_AKGC417L__5,crackle_score,0.5823753183,0
M39,test,cycle,207_2b4_Al_mc_AKGC417L__0,crackle_score,0.6354605659,1
M39,test,cycle,207_2b4_Al_mc_AKGC417L__1,crackle_score,0.6510193808,1
M39,test,cycle,207_2b4_Al_mc_AKGC417L__2,crackle_score,0.5651041667,0
M39,test,cycle,207_2b4_Al_mc_AKGC417L__3,crackle_score,0.6082511427,1
M39,test,cycle,207_2b4_Al_mc_AKGC417L__4,crackle_score,0.6744693225,1
M39,test,cycle,207_2b4_Ar_mc_AKGC417L__0,crackle_score,0.2995552166,1
M39,test,cycle,207_2b4_Ar_mc_AKGC417L__1,crackle_score,0.4659524452,1
M39,test,cycle,207_2b4_Ar_mc_AKGC417L__2,crackle_score,0.4675758735,1
M39,test,cycle,207_2b4_Ar_mc_AKGC417L__3,crackle_score,0.437293892,1
M39,test,cycle,207_2b4_Ar_mc_AKGC417L__4,crackle_score,0.4360453299,1
M39,test,cycle,207_2b4_Pl_mc_AKGC417L__0,crackle_score,0.3295114925,0
M39,test,cycle,207_2b4_Pl_mc_AKGC417L__1,crackle_score,0.4131137697,1
M39,test,cycle,207_2b4_Pl_mc_AKGC417L__2,crackle_score,0.4311408484,1
M39,test,cycle,207_2b4_Pl_mc_AKGC417L__3,crackle_score,0.330732915,1
M39,test,cycle,207_2b4_Pl_mc_AKGC417L__4,crackle_score,0.4222469874,0
M39,test,cycle,207_2b4_Pr_mc_AKGC417L__0,crackle_score,0.3106818663,1
M39,test,cycle,207_2b4_Pr_mc_AKGC417L__1,crackle_score,0.4815019834,1
M39,test,cycle,207_2b4_Pr_mc_AKGC417L__2,crackle_score,0.447005176,1
M39,test,cycle,207_2b4_Pr_mc_AKGC417L__3,crackle_score,0.2895663998,0
M39,test,cycle,207_2b4_Pr_mc_AKGC417L__4,crackle_score,0.3140214285,0
M39,test,cycle,207_2b4_Tc_mc_AKGC417L__0,crackle_score,0.6009744876,0
M39,test,cycle,207_2b4_Tc_mc_AKGC417L__1,crackle_score,0.625849484,0
M39,test,cycle,207_2b4_Tc_mc_AKGC417L__2,crackle_score,0.578125,0
M39,test,cycle,207_2b4_Tc_mc_AKGC417L__3,crackle_score,0.6443348569,0
M39,test,cycle,207_2b4_Tc_mc_AKGC417L__4,crackle_score,0.572695551,0
M39,test,cycle,207_3b2_Al_mc_AKGC417L__0,crackle_score,0.2579195801,0
M39,test,cycle,207_3b2_Al_mc_AKGC417L__1,crackle_score,0.1804335645,0
M39,test,cycle,207_3b2_Al_mc_AKGC417L__2,crackle_score,0.2621587536,0
M39,test,cycle,207_3b2_Al_mc_AKGC417L__3,crackle_score,0.2072702831,0
M39,test,cycle,207_3b2_Al_mc_AKGC417L__4,crackle_score,0.2850232886,0
M39,test,cycle,207_3b2_Al_mc_AKGC417L__5,crackle_score,0.247555285,0
M39,test,cycle,207_3b2_Al_mc_AKGC417L__6,crackle_score,0.196653665,0
M39,test,cycle,207_3b2_Al_mc_AKGC417L__7,crackle_score,0.2899753048,0
M39,test,cycle,207_3b2_Al_mc_AKGC417L__8,crackle_score,0.2082437687,0
M39,test,cycle,207_3b2_Ar_mc_AKGC417L__0,crackle_score,0.6397107414,0
M39,test,cycle,207_3b2_Ar_mc_AKGC417L__1,crackle_score,0.6416430595,0
M39,test,cycle,207_3b2_Ar_mc_AKGC417L__2,crackle_score,0.4746813567,0
M39,test,cycle,207_3b2_Ar_mc_AKGC417L__3,crackle_score,0.6046901173,0
M39,test,cycle,207_3b2_Ar_mc_AKGC417L__4,crackle_score,0.6711596063,0
M39,test,cycle,207_3b2_Ar_mc_AKGC417L__5,crackle_score,0.5701918577,0
M39,test,cycle,207_3b2_Ar_mc_AKGC417L__6,crackle_score,0.5837871806,0
M39,test,cycle,207_3b2_Ar_mc_AKGC417L__7,crackle_score,0.6109139308,0
M39,test,cycle,207_3b2_Ar_mc_AKGC417L__8,crackle_score,0.3882278172,0
M39,test,cycle,207_3b2_Lr_mc_AKGC417L__0,crackle_score,0.2982210307,0
M39,test,cycle,207_3b2_Lr_mc_AKGC417L__1,crackle_score,0.207203162,0
M39,test,cycle,207_3b2_Lr_mc_AKGC417L__2,crackle_score,0.2214729826,0
M39,test,cycle,207_3b2_Lr_mc_AKGC417L__3,crackle_score,0.2447285262,0
M39,test,cycle,207_3b2_Lr_mc_AKGC417L__4,crackle_score,0.2069695725,0
M39,test,cycle,207_3b2_Lr_mc_AKGC417L__5,crackle_score,0.1842903382,0
M39,test,cycle,207_3b2_Lr_mc_AKGC417L__6,crackle_score,0.1962544916,0
M39,test,cycle,207_3b2_Lr_mc_AKGC417L__7,crackle_score,0.2766937183,0
M39,test,cycle,207_3b2_Lr_mc_AKGC417L__8,crackle_score,0.1578257374,0
M39,test,cycle,207_3b2_Pl_mc_AKGC417L__0,crackle_score,0.4007504582,0
M39,test,cycle,207_3b2_Pl_mc_AKGC417L__1,crackle_score,0.2975721802,0
M39,test,cycle,207_3b2_Pl_mc_AKGC417L__2,crackle_score,0.5943396226,0
M39,test,cycle,207_3b2_Pl_mc_AKGC417L__3,crackle_score,0.2598303649,0
M39,test,cycle,207_3b2_Pl_mc_AKGC417L__4,crackle_score,0.3638687835,0
M39,test,cycle,207_3b2_Pl_mc_AKGC417L__5,crackle_score,0.2252473789,0
M39,test,cycle,207_3b2_Pl_mc_AKGC417L__6,crackle_score,0.235879561,0
M39,test,cycle,207_3b2_Pl_mc_AKGC417L__7,crackle_score,0.2193114064,0
M39,test,cycle,207_3b2_Pl_mc_AKGC417L__8,crackle_score,0.1685036844,0
M39,test,cycle,207_3b2_Pr_mc_AKGC417L__0,crackle_score,0.4271525315,0
M39,test,cycle,207_3b2_Pr_mc_AKGC417L__1,crackle_score,0.1951727599,0
M39,test,cycle,207_3b2_Pr_mc_AKGC417L__2,crackle_score,0.570754717,0
M39,test,cycle,207_3b2_Pr_mc_AKGC417L__3,crackle_score,0.2434512781,0
M39,test,cycle,207_3b2_Pr_mc_AKGC417L__4,crackle_score,0.4605476251,0
M39,test,cycle,207_3b2_Pr_mc_AKGC417L__5,crackle_score,0.2642945361,0
M39,test,cycle,207_3b2_Pr_mc_AKGC417L__6,crackle_score,0.3356594505,0
M39,test,cycle,207_3b2_Pr_mc_AKGC417L__7,crackle_score,0.3372970063,0
M39,test,cycle,207_3b2_Pr_mc_AKGC417L__8,crackle_score,0.2139018093,0
M39,test,cycle,207_3b2_Tc_mc_AKGC417L__0,crackle_score,0.6724137931,0
M39,test,cycle,207_3b2_Tc_mc_AKGC417L__1,crackle_score,0.4707819526,0
M39,test,cycle,207_3b2_Tc_mc_AKGC417L__2,crackle_score,0.5153792984,0
M39,test,cycle,207_3b2_Tc_mc_AKGC417L__3,crackle_score,0.448557544,0
M39,test,cycle,207_3b2_Tc_mc_AKGC417L__4,crackle_score,0.6497646555,0
M39,test,cycle,207_3b2_Tc_mc_AKGC417L__5,crackle_score,0.6871782873,0
M39,test,cycle,207_3b2_Tc_mc_AKGC417L__6,crackle_score,0.5525455205,0
M39,test,cycle,207_3b2_Tc_mc_AKGC417L__7,crackle_score,0.468054576,0
M39,test,cycle,207_3b2_Tc_mc_AKGC417L__8,crackle_score,0.335249837,0
M39,test,cycle,211_1p2_Ar_mc_AKGC417L__0,crackle_score,0.5746559494,0
M39,test,cycle,211_1p2_Ar_mc_AKGC417L__1,crackle_score,0.5445074428,0
M39,test,cycle,211_1p2_Ar_mc_AKGC417L__2,crackle_score,0.4827109214,0
M39,test,cycle,211_1p2_Ar_mc_AKGC417L__3,crackle_score,0.3960700226,0
M39,test,cycle,211_1p2_Ar_mc_AKGC417L__4,crackle_score,0.4955234126,0
M39,test,cycle,211_1p2_Ar_mc_AKGC417L__5,crackle_score,0.3692879998,0
M39,test,cycle,211_1p2_Ar_mc_AKGC417L__6,crackle_score,0.3873163843,0
M39,test,cycle,211_1p2_Ar_mc_AKGC417L__7,crackle_score,0.3373528559,0
M39,test,cycle,211_1p2_Ar_mc_AKGC417L__8,crackle_score,0.6370801919,0
M39,test,cycle,211_1p2_Ar_mc_AKGC417L__9,crackle_score,0.3629431396,0
M39,test,cycle,211_1p2_Ar_mc_AKGC417L__10,crackle_score,0.5050896348,0
M39,test,cycle,211_1p2_Ar_mc_AKGC417L__11,crackle_score,0.5162679093,0
M39,test,cycle,211_1p2_Ar_mc_AKGC417L__12,crackle_score,0.4514554814,0
M39,test,cycle,211_1p2_Pl_mc_AKGC417L__0,crackle_score,0.290651195,0
M39,test,cycle,211_1p2_Pl_mc_AKGC417L__1,crackle_score,0.2869057115,1
M39,test,cycle,211_1p2_Pl_mc_AKGC417L__2,crackle_score,0.1991681573,1
M39,test,cycle,211_1p2_Pl_mc_AKGC417L__3,crackle_score,0.09727626459,1
M39,test,cycle,211_1p2_Pl_mc_AKGC417L__4,crackle_score,0.2263984379,1
M39,test,cycle,211_1p2_Pl_mc_AKGC417L__5,crackle_score,0.1897707799,1
M39,test,cycle,211_1p2_Pl_mc_AKGC417L__6,crackle_score,0.2080443828,1
M39,test,cycle,211_1p2_Pl_mc_AKGC417L__7,crackle_score,0.1736560926,0
M39,test,cycle,211_1p2_Pl_mc_AKGC417L__8,crackle_score,0.1831697494,1
M39,test,cycle,211_1p2_Pl_mc_AKGC417L__9,crackle_score,0.1692208612,0
M39,test,cycle,211_1p2_Pl_mc_AKGC417L__10,crackle_score,0.2307156718,0
M39,test,cycle,211_1p2_Pl_mc_AKGC417L__11,crackle_score,0.3481458038,1
M39,test,cycle,211_1p2_Pl_mc_AKGC417L__12,crackle_score,0.3572755447,1
M39,test,cycle,211_1p2_Pr_mc_AKGC417L__0,crackle_score,0.5348972742,0
M39,test,cycle,211_1p2_Pr_mc_AKGC417L__1,crackle_score,0.6286516194,0
M39,test,cycle,211_1p2_Pr_mc_AKGC417L__2,crackle_score,0.6815309302,0
M39,test,cycle,211_1p2_Pr_mc_AKGC417L__3,crackle_score,0.7269779507,0
M39,test,cycle,211_1p2_Pr_mc_AKGC417L__4,crackle_score,0.6866280995,0
M39,test,cycle,211_1p2_Pr_mc_AKGC417L__5,crackle_score,0.4951751445,0
M39,test,cycle,211_1p2_Pr_mc_AKGC417L__6,crackle_score,0.7247387521,0
M39,test,cycle,211_1p2_Pr_mc_AKGC417L__7,crackle_score,0.509374563,0
M39,test,cycle,211_1p2_Pr_mc_AKGC417L__8,crackle_score,0.5065969184,0
M39,test,cycle,211_1p2_Pr_mc_AKGC417L__9,crackle_score,0.6650113437,0
M39,test,cycle,211_1p2_Pr_mc_AKGC417L__10,crackle_score,0.5970762255,0
M39,test,cycle,211_1p2_Pr_mc_AKGC417L__11,crackle_score,0.6299477885,0
M39,test,cycle,211_1p2_Pr_mc_AKGC417L__12,crackle_score,0.5823945261,0
M39,test,cycle,211_1p3_Ar_mc_AKGC417L__0,crackle_score,0.3312441377,0
M39,test,cycle,211_1p3_Ar_mc_AKGC417L__1,crackle_score,0.439607886,0
M39,test,cycle,211_1p3_Ar_mc_AKGC417L__2,crackle_score,0.4916942203,0
M39,test,cycle,211_1p3_Ar_mc_AKGC417L__3,crackle_score,0.4156948384,0
M39,test,cycle,211_1p3_Ar_mc_AKGC417L__4,crackle_score,0.561687128,0
M39,test,cycle,211_1p3_Ar_mc_AKGC417L__5,crackle_score,0.3458781157,0
M39,test,cycle,211_1p3_Ar_mc_AKGC417L__6,crackle_score,0.3871107029,0
M39,test,cycle,211_1p3_Ar_mc_AKGC417L__7,crackle_score,0.3594247618,0
M39,test,cycle,211_1p3_Ar_mc_AKGC417L__8,crackle_score,0.3861422778,0
M39,test,cycle,211_1p3_Ar_mc_AKGC417L__9,crackle_score,0.4610227463,0
M39,test,cycle,211_1p3_Ar_mc_AKGC417L__10,crackle_score,0.4215939401,0
M39,test,cycle,211_1p3_Ar_mc_AKGC417L__11,crackle_score,0.4440815715,0
M39,test,cycle,211_1p3_Ar_mc_AKGC417L__12,crackle_score,0.8021148036,0
M39,test,cycle,211_1p3_Ar_mc_AKGC417L__13,crackle_score,0.3416692574,0
M39,test,cycle,211_1p5_Ar_mc_AKGC417L__0,crackle_score,0.3712789,0
M39,test,cycle,211_1p5_Ar_mc_AKGC417L__1,crackle_score,0.4536736725,0
M39,test,cycle,211_1p5_Ar_mc_AKGC417L__2,crackle_score,0.3342908013,0
M39,test,cycle,211_1p5_Ar_mc_AKGC417L__3,crackle_score,0.5161408015,0
M39,test,cycle,211_1p5_Ar_mc_AKGC417L__4,crackle_score,0.3971861569,0
M39,test,cycle,211_1p5_Ar_mc_AKGC417L__5,crackle_score,0.493323489,0
M39,test,cycle,211_1p5_Ar_mc_AKGC417L__6,crackle_score,0.5167831633,0
M39,test,cycle,211_1p5_Ar_mc_AKGC417L__7,crackle_score,0.5198163581,0
M39,test,cycle,211_1p5_Ar_mc_AKGC417L__8,crackle_score,0.4061227327,0
M39,test,cycle,211_1p5_Ar_mc_AKGC417L__9,crackle_score,0.4172938681,0
M39,test,cycle,211_1p5_Ar_mc_AKGC417L__10,crackle_score,0.4068041965,0
M39,test,cycle,211_1p5_Ar_mc_AKGC417L__11,crackle_score,0.3376682631,0
M39,test,cycle,211_1p5_Ar_mc_AKGC417L__12,crackle_score,0.5667486072,0
M39,test,cycle,211_1p5_Ar_mc_AKGC417L__13,crackle_score,0.4499451512,0
M39,test,cycle,211_2p2_Tc_mc_AKGC417L__0,crackle_score,0.1517284434,0
M39,test,cycle,211_2p2_Tc_mc_AKGC417L__1,crackle_score,0.3428181362,0
M39,test,cycle,211_2p2_Tc_mc_AKGC417L__2,crackle_score,0.2972807216,0
M39,test,cycle,211_2p2_Tc_mc_AKGC417L__3,crackle_score,0.2031049948,0
M39,test,cycle,211_2p2_Tc_mc_AKGC417L__4,crackle_score,0.333991768,0
M39,test,cycle,211_2p2_Tc_mc_AKGC417L__5,crackle_score,0.3914392619,0
M39,test,cycle,211_2p2_Tc_mc_AKGC417L__6,crackle_score,0.3590382117,0
M39,test,cycle,211_2p2_Tc_mc_AKGC417L__7,crackle_score,0.2264458112,0
M39,test,cycle,211_2p2_Tc_mc_AKGC417L__8,crackle_score,0.3011514729,0
M39,test,cycle,211_2p2_Tc_mc_AKGC417L__9,crackle_score,0.3603477996,0
M39,test,cycle,211_2p2_Tc_mc_AKGC417L__10,crackle_score,0.2447689208,0
M39,test,cycle,211_2p2_Tc_mc_AKGC417L__11,crackle_score,0.330191826,0
M39,test,cycle,211_2p2_Tc_mc_AKGC417L__12,crackle_score,0.3156640228,0
M39,test,cycle,211_2p3_Tc_mc_AKGC417L__0,crackle_score,0.394256655,0
M39,test,cycle,211_2p3_Tc_mc_AKGC417L__1,crackle_score,0.3875736425,0
M39,test,cycle,211_2p3_Tc_mc_AKGC417L__2,crackle_score,0.3215587938,0
M39,test,cycle,211_2p3_Tc_mc_AKGC417L__3,crackle_score,0.207404206,0
M39,test,cycle,211_2p3_Tc_mc_AKGC417L__4,crackle_score,0.5942040939,0
M39,test,cycle,211_2p3_Tc_mc_AKGC417L__5,crackle_score,0.2934817183,0
M39,test,cycle,211_2p3_Tc_mc_AKGC417L__6,crackle_score,0.2357229972,0
M39,test,cycle,211_2p3_Tc_mc_AKGC417L__7,crackle_score,0.1991700458,0
M39,test,cycle,211_2p3_Tc_mc_AKGC417L__8,crackle_score,0.1191346827,0
M39,test,cycle,211_2p3_Tc_mc_AKGC417L__9,crackle_score,0.1158059564,0
M39,test,cycle,211_2p3_Tc_mc_AKGC417L__10,crackle_score,0.1743307042,0
M39,test,cycle,211_2p3_Tc_mc_AKGC417L__11,crackle_score,0.1103871201,0
M39,test,cycle,211_2p3_Tc_mc_AKGC417L__12,crackle_score,0.07755542096,0
M39,test,cycle,211_2p3_Tc_mc_AKGC417L__13,crackle_score,0.1437100639,0
M39,test,cycle,211_2p3_Tc_mc_AKGC417L__14,crackle_score,0.1632174743,0
M39,test,cycle,211_2p3_Tc_mc_AKGC417L__15,crackle_score,0.4412368186,0
M39,test,cycle,211_2p4_Tc_mc_AKGC417L__0,crackle_score,0.1158108521,0
M39,test,cycle,211_2p4_Tc_mc_AKGC417L__1,crackle_score,0.1790925869,0
M39,test,cycle,211_2p4_Tc_mc_AKGC417L__2,crackle_score,0.2300079857,0
M39,test,cycle,211_2p4_Tc_mc_AKGC417L__3,crackle_score,0.2480996828,0
M39,test,cycle,211_2p4_Tc_mc_AKGC417L__4,crackle_score,0.2009290544,0
M39,test,cycle,211_2p4_Tc_mc_AKGC417L__5,crackle_score,0.136929013,0
M39,test,cycle,211_2p4_Tc_mc_AKGC417L__6,crackle_score,0.3203164789,0
M39,test,cycle,211_2p4_Tc_mc_AKGC417L__7,crackle_score,0.1211188799,0
M39,test,cycle,211_2p4_Tc_mc_AKGC417L__8,crackle_score,0.3979112547,0
M39,test,cycle,211_2p4_Tc_mc_AKGC417L__9,crackle_score,0.2631295252,0
M39,test,cycle,211_2p4_Tc_mc_AKGC417L__10,crackle_score,0.3600680688,0
M39,test,cycle,211_2p4_Tc_mc_AKGC417L__11,crackle_score,0.3678435353,0
M39,test,cycle,211_2p4_Tc_mc_AKGC417L__12,crackle_score,0.180050427,0
M39,test,cycle,211_2p4_Tc_mc_AKGC417L__13,crackle_score,0.2305604513,0
M39,test,cycle,211_2p4_Tc_mc_AKGC417L__14,crackle_score,0.214731984,0
M39,test,cycle,214_1b1_Ar_sc_Meditron__0,crackle_score,0.4013893944,0
M39,test,cycle,214_1b1_Ar_sc_Meditron__1,crackle_score,0.4226142385,0
M39,test,cycle,214_1b1_Ar_sc_Meditron__2,crackle_score,0.5051024285,0
M39,test,cycle,214_1b1_Ar_sc_Meditron__3,crackle_score,0.5116625562,0
M39,test,cycle,214_1b1_Ar_sc_Meditron__4,crackle_score,0.5497476341,0
M39,test,cycle,214_1b1_Ar_sc_Meditron__5,crackle_score,0.4080523209,0
M39,test,cycle,214_1b1_Ar_sc_Meditron__6,crackle_score,0.3673081041,0
M39,test,cycle,216_1b1_Al_sc_Meditron__0,crackle_score,1,1
M39,test,cycle,216_1b1_Al_sc_Meditron__1,crackle_score,0.832103321,0
M39,test,cycle,216_1b1_Al_sc_Meditron__2,crackle_score,1,1
M39,test,cycle,216_1b1_Al_sc_Meditron__3,crackle_score,0.9744958482,1
M39,test,cycle,216_1b1_Al_sc_Meditron__4,crackle_score,0.9260499087,1
M39,test,cycle,216_1b1_Al_sc_Meditron__5,crackle_score,0.8579258632,0
M39,test,cycle,216_1b1_Al_sc_Meditron__6,crackle_score,0.9885993485,0
M39,test,cycle,216_1b1_Al_sc_Meditron__7,crackle_score,0.890070922,0
M39,test,cycle,216_1b1_Al_sc_Meditron__8,crackle_score,0.7844815562,0
M39,test,cycle,216_1b1_Al_sc_Meditron__9,crackle_score,0.9916236768,0
M39,test,cycle,216_1b1_Al_sc_Meditron__10,crackle_score,0.8574944513,0
M39,test,cycle,216_1b1_Al_sc_Meditron__11,crackle_score,0.6934650333,0
M39,test,cycle,216_1b1_Pl_sc_Meditron__0,crackle_score,0.4950938614,0
M39,test,cycle,216_1b1_Pl_sc_Meditron__1,crackle_score,0.2405232274,0
M39,test,cycle,216_1b1_Pl_sc_Meditron__2,crackle_score,0.3705885634,0
M39,test,cycle,216_1b1_Pl_sc_Meditron__3,crackle_score,0.2322296514,0
M39,test,cycle,216_1b1_Pl_sc_Meditron__4,crackle_score,0.3472486766,0
M39,test,cycle,216_1b1_Pl_sc_Meditron__5,crackle_score,0.4165383072,0
M39,test,cycle,216_1b1_Pl_sc_Meditron__6,crackle_score,0.6643110045,0
M39,test,cycle,216_1b1_Pl_sc_Meditron__7,crackle_score,0.4492727757,0
M39,test,cycle,216_1b1_Pl_sc_Meditron__8,crackle_score,0.6493141819,0
M39,test,cycle,216_1b1_Pl_sc_Meditron__9,crackle_score,0.481577576,0
M39,test,cycle,223_1b1_Al_sc_Meditron__0,crackle_score,0.3567503632,0
M39,test,cycle,223_1b1_Al_sc_Meditron__1,crackle_score,0.3446873074,0
M39,test,cycle,223_1b1_Al_sc_Meditron__2,crackle_score,0.3200236845,0
M39,test,cycle,223_1b1_Al_sc_Meditron__3,crackle_score,0.372604995,0
M39,test,cycle,223_1b1_Al_sc_Meditron__4,crackle_score,0.2229906871,0
M39,test,cycle,223_1b1_Al_sc_Meditron__5,crackle_score,0.26174675,0
M39,test,cycle,223_1b1_Al_sc_Meditron__6,crackle_score,0.2275991641,0
M39,test,cycle,223_1b1_Al_sc_Meditron__7,crackle_score,0.3271060887,0
M39,test,cycle,223_1b1_Al_sc_Meditron__8,crackle_score,0.3321042235,0
M39,test,cycle,223_1b1_Al_sc_Meditron__9,crackle_score,0.4668838808,0
M39,test,cycle,223_1b1_Ar_sc_Meditron__0,crackle_score,0.3378163537,0
M39,test,cycle,223_1b1_Ar_sc_Meditron__1,crackle_score,0.3872241765,0
M39,test,cycle,223_1b1_Ar_sc_Meditron__2,crackle_score,0.4531574092,0
M39,test,cycle,223_1b1_Ar_sc_Meditron__3,crackle_score,0.2934680513,0
M39,test,cycle,223_1b1_Ar_sc_Meditron__4,crackle_score,0.2766433869,0
M39,test,cycle,223_1b1_Ar_sc_Meditron__5,crackle_score,0.2524719879,0
M39,test,cycle,223_1b1_Ar_sc_Meditron__6,crackle_score,0.2471921087,0
M39,test,cycle,223_1b1_Ar_sc_Meditron__7,crackle_score,0.3493127825,0
M39,test,cycle,223_1b1_Ar_sc_Meditron__8,crackle_score,0.4152701526,0
M39,test,cycle,223_1b1_Ar_sc_Meditron__9,crackle_score,0.4122473461,0
M39,test,cycle,223_1b1_Ll_sc_Meditron__0,crackle_score,0.3918074347,1
M39,test,cycle,223_1b1_Ll_sc_Meditron__1,crackle_score,0.2342420651,0
M39,test,cycle,223_1b1_Ll_sc_Meditron__2,crackle_score,0.5266466571,1
M39,test,cycle,223_1b1_Ll_sc_Meditron__3,crackle_score,0.3649882947,1
M39,test,cycle,223_1b1_Ll_sc_Meditron__4,crackle_score,0.3429989378,1
M39,test,cycle,223_1b1_Ll_sc_Meditron__5,crackle_score,0.3424805103,1
M39,test,cycle,223_1b1_Ll_sc_Meditron__6,crackle_score,0.4733682661,1
M39,test,cycle,223_1b1_Ll_sc_Meditron__7,crackle_score,0.2918565989,1
M39,test,cycle,223_1b1_Ll_sc_Meditron__8,crackle_score,0.3953840759,1
M39,test,cycle,223_1b1_Ll_sc_Meditron__9,crackle_score,0.5086938513,1
M39,test,cycle,223_1b1_Lr_sc_Meditron__0,crackle_score,0.3269785629,1
M39,test,cycle,223_1b1_Lr_sc_Meditron__1,crackle_score,0.2056611869,1
M39,test,cycle,223_1b1_Lr_sc_Meditron__2,crackle_score,0.2726033178,1
M39,test,cycle,223_1b1_Lr_sc_Meditron__3,crackle_score,0.4228848613,1
M39,test,cycle,223_1b1_Lr_sc_Meditron__4,crackle_score,0.2306696638,1
M39,test,cycle,223_1b1_Lr_sc_Meditron__5,crackle_score,0.2711594092,1
M39,test,cycle,223_1b1_Lr_sc_Meditron__6,crackle_score,0.5280942742,1
M39,test,cycle,223_1b1_Lr_sc_Meditron__7,crackle_score,0.3861923615,1
M39,test,cycle,223_1b1_Lr_sc_Meditron__8,crackle_score,0.4492404216,1
M39,test,cycle,223_1b1_Lr_sc_Meditron__9,crackle_score,0.1728961309,1
M39,test,cycle,223_1b1_Pl_sc_Meditron__0,crackle_score,0.1402876784,0
M39,test,cycle,223_1b1_Pl_sc_Meditron__1,crackle_score,0.2032718691,0
M39,test,cycle,223_1b1_Pl_sc_Meditron__2,crackle_score,0.4190423791,0
M39,test,cycle,223_1b1_Pl_sc_Meditron__3,crackle_score,0.2412865753,0
M39,test,cycle,223_1b1_Pl_sc_Meditron__4,crackle_score,0.3804441127,0
M39,test,cycle,223_1b1_Pl_sc_Meditron__5,crackle_score,0.2755906738,0
M39,test,cycle,223_1b1_Pl_sc_Meditron__6,crackle_score,0.4225426835,0
M39,test,cycle,223_1b1_Pl_sc_Meditron__7,crackle_score,0.2892863388,0
M39,test,cycle,223_1b1_Pl_sc_Meditron__8,crackle_score,0.2459747619,0
M39,test,cycle,223_1b1_Pl_sc_Meditron__9,crackle_score,0.246755921,0
M39,test,cycle,223_1b1_Pl_sc_Meditron__10,crackle_score,0.4739205003,0
M39,test,cycle,223_1b1_Pr_sc_Meditron__0,crackle_score,0.1720624733,0
M39,test,cycle,223_1b1_Pr_sc_Meditron__1,crackle_score,0.3920422285,0
M39,test,cycle,223_1b1_Pr_sc_Meditron__2,crackle_score,0.1271797569,0
M39,test,cycle,223_1b1_Pr_sc_Meditron__3,crackle_score,0.2741149031,0
M39,test,cycle,223_1b1_Pr_sc_Meditron__4,crackle_score,0.2895758227,0
M39,test,cycle,223_1b1_Pr_sc_Meditron__5,crackle_score,0.2237238649,0
M39,test,cycle,223_1b1_Pr_sc_Meditron__6,crackle_score,0.2243811287,0
M39,test,cycle,223_1b1_Pr_sc_Meditron__7,crackle_score,0.09868596236,0
M39,test,cycle,223_1b1_Pr_sc_Meditron__8,crackle_score,0.2731069662,0
M39,test,cycle,223_1b1_Pr_sc_Meditron__9,crackle_score,0.2034180566,0
M39,test,cycle,224_1b1_Tc_sc_Meditron__0,crackle_score,0.6208552907,0
M39,test,cycle,224_1b1_Tc_sc_Meditron__1,crackle_score,0.7205882353,0
M39,test,cycle,224_1b1_Tc_sc_Meditron__2,crackle_score,0.5256319834,0
M39,test,cycle,224_1b1_Tc_sc_Meditron__3,crackle_score,0.6432208784,0
M39,test,cycle,224_1b1_Tc_sc_Meditron__4,crackle_score,0.6180616719,0
M39,test,cycle,224_1b1_Tc_sc_Meditron__5,crackle_score,0.4265211483,0
M39,test,cycle,224_1b1_Tc_sc_Meditron__6,crackle_score,0.3674304246,0
M39,test,cycle,224_1b2_Al_sc_Meditron__0,crackle_score,0.6023388007,0
M39,test,cycle,224_1b2_Al_sc_Meditron__1,crackle_score,0.3610741551,0
M39,test,cycle,224_1b2_Al_sc_Meditron__2,crackle_score,0.5945019956,0
M39,test,cycle,224_1b2_Al_sc_Meditron__3,crackle_score,0.6425403864,0
M39,test,cycle,224_1b2_Al_sc_Meditron__4,crackle_score,0.6161247512,0
M39,test,cycle,224_1b2_Al_sc_Meditron__5,crackle_score,0.7,0
M39,test,cycle,224_1b2_Al_sc_Meditron__6,crackle_score,0.5363443889,0
M39,test,cycle,225_1b1_Pl_sc_Meditron__0,crackle_score,0.1952640523,0
M39,test,cycle,225_1b1_Pl_sc_Meditron__1,crackle_score,0.4652323804,0
M39,test,cycle,225_1b1_Pl_sc_Meditron__2,crackle_score,0.2511506152,0
M39,test,cycle,225_1b1_Pl_sc_Meditron__3,crackle_score,0.350830778,0
M39,test,cycle,225_1b1_Pl_sc_Meditron__4,crackle_score,0.3890219002,0
M39,test,cycle,225_1b1_Pl_sc_Meditron__5,crackle_score,0.1587927702,0
M39,test,cycle,225_1b1_Pl_sc_Meditron__6,crackle_score,0.4596545706,0
M39,test,cycle,225_1b1_Pl_sc_Meditron__7,crackle_score,0.6926782274,0
M39,test,cycle,225_1b1_Pl_sc_Meditron__8,crackle_score,0.3515907402,0
M39,test,cycle,225_1b1_Pl_sc_Meditron__9,crackle_score,0.3986209681,0
M39,test,cycle,225_1b1_Pl_sc_Meditron__10,crackle_score,0.3944254823,0
M39,test,cycle,225_1b1_Pl_sc_Meditron__11,crackle_score,0.3449693117,0
M39,test,cycle,225_1b1_Pl_sc_Meditron__12,crackle_score,0.7059308072,0
M39,test,cycle,225_1b1_Pl_sc_Meditron__13,crackle_score,0.1086959576,0
M39,train,cycle,103_2b2_Ar_mc_LittC2SE__0,crackle_score,0.5546197621,0
M39,train,cycle,103_2b2_Ar_mc_LittC2SE__1,crackle_score,0.300770693,0
M39,train,cycle,103_2b2_Ar_mc_LittC2SE__2,crackle_score,0.3004798828,0
M39,train,cycle,103_2b2_Ar_mc_LittC2SE__3,crackle_score,0.412247927,0
M39,train,cycle,103_2b2_Ar_mc_LittC2SE__4,crackle_score,0.2458508118,0
M39,train,cycle,103_2b2_Ar_mc_LittC2SE__5,crackle_score,0.4266686519,0
M39,train,cycle,105_1b1_Tc_sc_Meditron__0,crackle_score,0.2764293727,0
M39,train,cycle,105_1b1_Tc_sc_Meditron__1,crackle_score,0.4502116484,0
M39,train,cycle,105_1b1_Tc_sc_Meditron__2,crackle_score,0.4062778614,0
M39,train,cycle,105_1b1_Tc_sc_Meditron__3,crackle_score,0.2455364588,0
M39,train,cycle,105_1b1_Tc_sc_Meditron__4,crackle_score,0.6321003963,0
M39,train,cycle,105_1b1_Tc_sc_Meditron__5,crackle_score,0.4827635089,0
M39,train,cycle,105_1b1_Tc_sc_Meditron__6,crackle_score,0.4716230371,0
M39,train,cycle,105_1b1_Tc_sc_Meditron__7,crackle_score,0.4033113748,0
M39,train,cycle,106_2b1_Pl_mc_LittC2SE__0,crackle_score,0.617481203,1
M39,train,cycle,106_2b1_Pl_mc_LittC2SE__1,crackle_score,0.7035002035,1
M39,train,cycle,106_2b1_Pl_mc_LittC2SE__2,crackle_score,0.6172791243,0
M39,train,cycle,106_2b1_Pl_mc_LittC2SE__3,crackle_score,0.6424501425,1
M39,train,cycle,106_2b1_Pl_mc_LittC2SE__4,crackle_score,0.6687051877,1
M39,train,cycle,106_2b1_Pl_mc_LittC2SE__5,crackle_score,0.6265848605,1
M39,train,cycle,106_2b1_Pl_mc_LittC2SE__6,crackle_score,0.6257334451,1
M39,train,cycle,106_2b1_Pl_mc_LittC2SE__7,crackle_score,0.6801062745,1
M39,train,cycle,106_2b1_Pl_mc_LittC2SE__8,crackle_score,0.3166950776,1
M39,train,cycle,106_2b1_Pr_mc_LittC2SE__0,crackle_score,0.1362436678,0
M39,train,cycle,106_2b1_Pr_mc_LittC2SE__1,crackle_score,0.3812460793,0
M39,train,cycle,106_2b1_Pr_mc_LittC2SE__2,crackle_score,0.1408349343,0
M39,train,cycle,106_2b1_Pr_mc_LittC2SE__3,crackle_score,0.2512646785,0
M39,train,cycle,106_2b1_Pr_mc_LittC2SE__4,crackle_score,0.3212790486,0
M39,train,cycle,106_2b1_Pr_mc_LittC2SE__5,crackle_score,0.1978810764,0
M39,train,cycle,106_2b1_Pr_mc_LittC2SE__6,crackle_score,0.3747293409,0
M39,train,cycle,106_2b1_Pr_mc_LittC2SE__7,crackle_score,0.300571834,0
M39,train,cycle,106_2b1_Pr_mc_LittC2SE__8,crackle_score,0.2639734713,0
M39,train,cycle,107_2b3_Al_mc_AKGC417L__0,crackle_score,0.3101824389,1
M39,train,cycle,107_2b3_Al_mc_AKGC417L__1,crackle_score,0.1689662014,1
M39,train,cycle,107_2b3_Al_mc_AKGC417L__2,crackle_score,0.1625137461,1
M39,train,cycle,107_2b3_Al_mc_AKGC417L__3,crackle_score,0.154988393,1
M39,train,cycle,107_2b3_Al_mc_AKGC417L__4,crackle_score,0.1093286441,1
M39,train,cycle,107_2b3_Al_mc_AKGC417L__5,crackle_score,0.2179164841,1
M39,train,cycle,107_2b3_Al_mc_AKGC417L__6,crackle_score,0.06580755543,1
M39,train,cycle,107_2b3_Al_mc_AKGC417L__7,crackle_score,0.1374304961,0
M39,train,cycle,107_2b3_Ar_mc_AKGC417L__0,crackle_score,0.3819943956,1
M39,train,cycle,107_2b3_Ar_mc_AKGC417L__1,crackle_score,0.4049349589,1
M39,train,cycle,107_2b3_Ar_mc_AKGC417L__2,crackle_score,0.241784988,1
M39,train,cycle,107_2b3_Ar_mc_AKGC417L__3,crackle_score,0.2598353682,1
M39,train,cycle,107_2b3_Ar_mc_AKGC417L__4,crackle_score,0.2620689437,1
M39,train,cycle,107_2b3_Ar_mc_AKGC417L__5,crackle_score,0.2482018919,1
M39,train,cycle,107_2b3_Ar_mc_AKGC417L__6,crackle_score,0.2773795386,1
M39,train,cycle,107_2b3_Ar_mc_AKGC417L__7,crackle_score,0.4839345792,1
M39,train,cycle,107_2b3_Ll_mc_AKGC417L__0,crackle_score,0.597735699,1
M39,train,cycle,107_2b3_Ll_mc_AKGC417L__1,crackle_score,0.665077036,1
M39,train,cycle,107_2b3_Ll_mc_AKGC417L__2,crackle_score,0.6540832049,1
M39,train,cycle,107_2b3_Ll_mc_AKGC417L__3,crackle_score,0.5225564608,1
M39,train,cycle,107_2b3_Ll_mc_AKGC417L__4,crackle_score,0.6312828207,1
M39,train,cycle,107_2b3_Ll_mc_AKGC417L__5,crackle_score,0.6718819119,1
M39,train,cycle,107_2b3_Ll_mc_AKGC417L__6,crackle_score,0.6004419446,1
M39,train,cycle,107_2b3_Ll_mc_AKGC417L__7,crackle_score,0.4674894156,1
M39,train,cycle,107_2b3_Lr_mc_AKGC417L__0,crackle_score,0.2032582337,0
M39,train,cycle,107_2b3_Lr_mc_AKGC417L__1,crackle_score,0.2987109425,1
M39,train,cycle,107_2b3_Lr_mc_AKGC417L__2,crackle_score,0.4323051421,1
M39,train,cycle,107_2b3_Lr_mc_AKGC417L__3,crackle_score,0.3081589897,1
M39,train,cycle,107_2b3_Lr_mc_AKGC417L__4,crackle_score,0.3464595705,1
M39,train,cycle,107_2b3_Lr_mc_AKGC417L__5,crackle_score,0.3253791359,1
M39,train,cycle,107_2b3_Lr_mc_AKGC417L__6,crackle_score,0.2551151628,1
M39,train,cycle,107_2b3_Lr_mc_AKGC417L__7,crackle_score,0.2989217579,1
M39,train,cycle,107_2b3_Pl_mc_AKGC417L__0,crackle_score,0.2731614518,0
M39,train,cycle,107_2b3_Pl_mc_AKGC417L__1,crackle_score,0.3825226371,0
M39,train,cycle,107_2b3_Pl_mc_AKGC417L__2,crackle_score,0.2549826932,0
M39,train,cycle,107_2b3_Pl_mc_AKGC417L__3,crackle_score,0.241821934,0
M39,train,cycle,107_2b3_Pl_mc_AKGC417L__4,crackle_score,0.208439743,0
M39,train,cycle,107_2b3_Pl_mc_AKGC417L__5,crackle_score,0.2192798439,0
M39,train,cycle,107_2b3_Pl_mc_AKGC417L__6,crackle_score,0.2865105289,0
M39,train,cycle,107_2b3_Pl_mc_AKGC417L__7,crackle_score,0.145218661,0
M39,train,cycle,107_2b3_Pr_mc_AKGC417L__0,crackle_score,0.3396341129,0
M39,train,cycle,107_2b3_Pr_mc_AKGC417L__1,crackle_score,0.2872073705,1
M39,train,cycle,107_2b3_Pr_mc_AKGC417L__2,crackle_score,0.2920949735,1
M39,train,cycle,107_2b3_Pr_mc_AKGC417L__3,crackle_score,0.1591377602,0
M39,train,cycle,107_2b3_Pr_mc_AKGC417L__4,crackle_score,0.2917310839,1
M39,train,cycle,107_2b3_Pr_mc_AKGC417L__5,crackle_score,0.1427531233,1
M39,train,cycle,107_2b3_Pr_mc_AKGC417L__6,crackle_score,0.3160706337,1
M39,train,cycle,107_2b3_Pr_mc_AKGC417L__7,crackle_score,0.3030217741,1
M39,train,cycle,107_2b3_Tc_mc_AKGC417L__0,crackle_score,0.6996378788,0
M39,train,cycle,107_2b3_Tc_mc_AKGC417L__1,crackle_score,0.4865338881,0
M39,train,cycle,107_2b3_Tc_mc_AKGC417L__2,crackle_score,0.4256089455,0
M39,train,cycle,107_2b3_Tc_mc_AKGC417L__3,crackle_score,0.3409001116,1
M39,train,cycle,107_2b3_Tc_mc_AKGC417L__4,crackle_score,0.5569935624,0
M39,train,cycle,107_2b3_Tc_mc_AKGC417L__5,crackle_score,0.4530987581,0
M39,train,cycle,107_2b3_Tc_mc_AKGC417L__6,crackle_score,0.4926018402,0
M39,train,cycle,107_2b3_Tc_mc_AKGC417L__7,crackle_score,0.6074066859,1
M39,train,cycle,107_2b4_Al_mc_AKGC417L__0,crackle_score,0.1267772168,1
M39,train,cycle,107_2b4_Al_mc_AKGC417L__1,crackle_score,0.2056259117,1
M39,train,cycle,107_2b4_Al_mc_AKGC417L__2,crackle_score,0.2433527665,1
M39,train,cycle,107_2b4_Al_mc_AKGC417L__3,crackle_score,0.2627507589,1
M39,train,cycle,107_2b4_Al_mc_AKGC417L__4,crackle_score,0.310504519,0
M39,train,cycle,107_2b4_Al_mc_AKGC417L__5,crackle_score,0.3029528227,1
M39,train,cycle,107_2b4_Al_mc_AKGC417L__6,crackle_score,0.2700890669,1
M39,train,cycle,107_2b4_Al_mc_AKGC417L__7,crackle_score,0.3888531583,1
M39,train,cycle,107_2b4_Ar_mc_AKGC417L__0,crackle_score,0.316883641,1
M39,train,cycle,107_2b4_Ar_mc_AKGC417L__1,crackle_score,0.2357794015,1
M39,train,cycle,107_2b4_Ar_mc_AKGC417L__2,crackle_score,0.3287940155,1
M39,train,cycle,107_2b4_Ar_mc_AKGC417L__3,crackle_score,0.4680680288,1
M39,train,cycle,107_2b4_Ar_mc_AKGC417L__4,crackle_score,0.3586124753,1
M39,train,cycle,107_2b4_Ar_mc_AKGC417L__5,crackle_score,0.3840876061,1
M39,train,cycle,107_2b4_Ar_mc_AKGC417L__6,crackle_score,0.2343759481,1
M39,train,cycle,107_2b4_Ar_mc_AKGC417L__7,crackle_score,0.5277844368,1
M39,train,cycle,107_2b4_Ll_mc_AKGC417L__0,crackle_score,0.6671541997,1
M39,train,cycle,107_2b4_Ll_mc_AKGC417L__1,crackle_score,0.6655629139,1
M39,train,cycle,107_2b4_Ll_mc_AKGC417L__2,crackle_score,0.599522293,1
M39,train,cycle,107_2b4_Ll_mc_AKGC417L__3,crackle_score,0.6253351791,1
M39,train,cycle,107_2b4_Ll_mc_AKGC417L__4,crackle_score,0.6055297594,1
M39,train,cycle,107_2b4_Ll_mc_AKGC417L__5,crackle_score,0.5733675715,1
M39,train,cycle,107_2b4_Ll_mc_AKGC417L__6,crackle_score,0.6381367385,1
M39,train,cycle,107_2b4_Ll_mc_AKGC417L__7,crackle_score,0.6886792453,1
M39,train,cycle,107_2b4_Lr_mc_AKGC417L__0,crackle_score,0.3991937066,1
M39,train,cycle,107_2b4_Lr_mc_AKGC417L__1,crackle_score,0.2338046246,1
M39,train,cycle,107_2b4_Lr_mc_AKGC417L__2,crackle_score,0.3488661185,1
M39,train,cycle,107_2b4_Lr_mc_AKGC417L__3,crackle_score,0.25844495,1
M39,train,cycle,107_2b4_Lr_mc_AKGC417L__4,crackle_score,0.2634870113,1
M39,train,cycle,107_2b4_Lr_mc_AKGC417L__5,crackle_score,0.289395536,1
M39,train,cycle,107_2b4_Lr_mc_AKGC417L__6,crackle_score,0.2932527124,1
M39,train,cycle,107_2b4_Lr_mc_AKGC417L__7,crackle_score,0.206768546,1
M39,train,cycle,107_2b4_Pl_mc_AKGC417L__0,crackle_score,0.3930163141,1
M39,train,cycle,107_2b4_Pl_mc_AKGC417L__1,crackle_score,0.3659465324,0
M39,train,cycle,107_2b4_Pl_mc_AKGC417L__2,crackle_score,0.3352057751,1
M39,train,cycle,107_2b4_Pl_mc_AKGC417L__3,crackle_score,0.3199147055,0
M39,train,cycle,107_2b4_Pl_mc_AKGC417L__4,crackle_score,0.4800699562,0
M39,train,cycle,107_2b4_Pl_mc_AKGC417L__5,crackle_score,0.4788923898,1
M39,train,cycle,107_2b4_Pl_mc_AKGC417L__6,crackle_score,0.3850906705,0
M39,train,cycle,107_2b4_Pl_mc_AKGC417L__7,crackle_score,0.1188708604,0
M39,train,cycle,107_2b4_Pr_mc_AKGC417L__0,crackle_score,0.3064298014,1
M39,train,cycle,107_2b4_Pr_mc_AKGC417L__1,crackle_score,0.2391992775,1
M39,train,cycle,107_2b4_Pr_mc_AKGC417L__2,crackle_score,0.3023483212,1
M39,train,cycle,107_2b4_Pr_mc_AKGC417L__3,crackle_score,0.3288910163,1
M39,train,cycle,107_2b4_Pr_mc_AKGC417L__4,crackle_score,0.324835439,1
M39,train,cycle,107_2b4_Pr_mc_AKGC417L__5,crackle_score,0.2974292002,1
M39,train,cycle,107_2b4_Pr_mc_AKGC417L__6,crackle_score,0.2574369414,1
M39,train,cycle,107_2b4_Pr_mc_AKGC417L__7,crackle_score,0.1647130418,1
M39,train,cycle,107_2b4_Tc_mc_AKGC417L__0,crackle_score,0.5014783475,0
M39,train,cycle,107_2b4_Tc_mc_AKGC417L__1,crackle_score,0.4307255617,0
M39,train,cycle,107_2b4_Tc_mc_AKGC417L__2,crackle_score,0.4770769607,0
M39,train,cycle,107_2b4_Tc_mc_AKGC417L__3,crackle_score,0.3784746785,0
M39,train,cycle,107_2b4_Tc_mc_AKGC417L__4,crackle_score,0.422429975,0
M39,train,cycle,107_2b4_Tc_mc_AKGC417L__5,crackle_score,0.493571175,0
M39,train,cycle,107_2b4_Tc_mc_AKGC417L__6,crackle_score,0.4895461462,0
M39,train,cycle,107_2b4_Tc_mc_AKGC417L__7,crackle_score,0.2362921011,0
M39,train,cycle,107_2b5_Al_mc_AKGC417L__0,crackle_score,0.1723301768,0
M39,train,cycle,107_2b5_Al_mc_AKGC417L__1,crackle_score,0.2628871773,1
M39,train,cycle,107_2b5_Al_mc_AKGC417L__2,crackle_score,0.2932260324,1
M39,train,cycle,107_2b5_Al_mc_AKGC417L__3,crackle_score,0.163910925,1
M39,train,cycle,107_2b5_Al_mc_AKGC417L__4,crackle_score,0.2175925416,1
M39,train,cycle,107_2b5_Al_mc_AKGC417L__5,crackle_score,0.2871463823,1
M39,train,cycle,107_2b5_Al_mc_AKGC417L__6,crackle_score,0.2046965745,1
M39,train,cycle,107_2b5_Al_mc_AKGC417L__7,crackle_score,0.238040059,1
M39,train,cycle,107_2b5_Ar_mc_AKGC417L__0,crackle_score,0.2705219048,0
M39,train,cycle,107_2b5_Ar_mc_AKGC417L__1,crackle_score,0.2428581395,0
M39,train,cycle,107_2b5_Ar_mc_AKGC417L__2,crackle_score,0.351635218,1
M39,train,cycle,107_2b5_Ar_mc_AKGC417L__3,crackle_score,0.3383994482,0
M39,train,cycle,107_2b5_Ar_mc_AKGC417L__4,crackle_score,0.4030782917,1
M39,train,cycle,107_2b5_Ar_mc_AKGC417L__5,crackle_score,0.3551818726,1
M39,train,cycle,107_2b5_Ar_mc_AKGC417L__6,crackle_score,0.5073512457,0
M39,train,cycle,107_2b5_Ar_mc_AKGC417L__7,crackle_score,0.7579218865,0
M39,train,cycle,107_2b5_Ll_mc_AKGC417L__0,crackle_score,0.5314495374,0
M39,train,cycle,107_2b5_Ll_mc_AKGC417L__1,crackle_score,0.7243066884,1
M39,train,cycle,107_2b5_Ll_mc_AKGC417L__2,crackle_score,0.646092038,1
M39,train,cycle,107_2b5_Ll_mc_AKGC417L__3,crackle_score,0.7110595188,1
M39,train,cycle,107_2b5_Ll_mc_AKGC417L__4,crackle_score,0.5634216409,1
M39,train,cycle,107_2b5_Ll_mc_AKGC417L__5,crackle_score,0.6775147929,1
M39,train,cycle,107_2b5_Ll_mc_AKGC417L__6,crackle_score,0.6204124464,0
M39,train,cycle,107_2b5_Ll_mc_AKGC417L__7,crackle_score,0.6568891089,1
M39,train,cycle,107_2b5_Lr_mc_AKGC417L__0,crackle_score,0.2939638638,0
M39,train,cycle,107_2b5_Lr_mc_AKGC417L__1,crackle_score,0.2388710095,1
M39,train,cycle,107_2b5_Lr_mc_AKGC417L__2,crackle_score,0.1982585096,1
M39,train,cycle,107_2b5_Lr_mc_AKGC417L__3,crackle_score,0.313528561,1
M39,train,cycle,107_2b5_Lr_mc_AKGC417L__4,crackle_score,0.235837735,1
M39,train,cycle,107_2b5_Lr_mc_AKGC417L__5,crackle_score,0.2137358805,1
M39,train,cycle,107_2b5_Lr_mc_AKGC417L__6,crackle_score,0.2570258571,1
M39,train,cycle,107_2b5_Lr_mc_AKGC417L__7,crackle_score,0.2591873883,1
M39,train,cycle,107_2b5_Pl_mc_AKGC417L__0,crackle_score,0.1644881722,0
M39,train,cycle,107_2b5_Pl_mc_AKGC417L__1,crackle_score,0.4064724596,0
M39,train,cycle,107_2b5_Pl_mc_AKGC417L__2,crackle_score,0.3482408458,0
M39,train,cycle,107_2b5_Pl_mc_AKGC417L__3,crackle_score,0.318295138,0
M39,train,cycle,107_2b5_Pl_mc_AKGC417L__4,crackle_score,0.3752528887,0
M39,train,cycle,107_2b5_Pl_mc_AKGC417L__5,crackle_score,0.359964533,0
M39,train,cycle,107_2b5_Pl_mc_AKGC417L__6,crackle_score,0.4157700352,0
M39,train,cycle,107_2b5_Pl_mc_AKGC417L__7,crackle_score,0.2726024935,0
M39,train,cycle,107_2b5_Pr_mc_AKGC417L__0,crackle_score,0.2118103958,0
M39,train,cycle,107_2b5_Pr_mc_AKGC417L__1,crackle_score,0.1606833385,1
M39,train,cycle,107_2b5_Pr_mc_AKGC417L__2,crackle_score,0.1818076223,0
M39,train,cycle,107_2b5_Pr_mc_AKGC417L__3,crackle_score,0.1705499962,1
M39,train,cycle,107_2b5_Pr_mc_AKGC417L__4,crackle_score,0.2990687642,1
M39,train,cycle,107_2b5_Pr_mc_AKGC417L__5,crackle_score,0.281068108,0
M39,train,cycle,107_2b5_Pr_mc_AKGC417L__6,crackle_score,0.1702797728,1
M39,train,cycle,107_2b5_Pr_mc_AKGC417L__7,crackle_score,0.1925673295,1
M39,train,cycle,107_2b5_Tc_mc_AKGC417L__0,crackle_score,0.4140199811,0
M39,train,cycle,107_2b5_Tc_mc_AKGC417L__1,crackle_score,0.3848262213,0
M39,train,cycle,107_2b5_Tc_mc_AKGC417L__2,crackle_score,0.4727931876,1
M39,train,cycle,107_2b5_Tc_mc_AKGC417L__3,crackle_score,0.4345793709,1
M39,train,cycle,107_2b5_Tc_mc_AKGC417L__4,crackle_score,0.5554689929,0
M39,train,cycle,107_2b5_Tc_mc_AKGC417L__5,crackle_score,0.6380670611,0
M39,train,cycle,107_2b5_Tc_mc_AKGC417L__6,crackle_score,0.3409723978,0
M39,train,cycle,107_2b5_Tc_mc_AKGC417L__7,crackle_score,0.6105379514,0
M39,train,cycle,107_3p2_Al_mc_AKGC417L__0,crackle_score,0.6019575856,1
M39,train,cycle,107_3p2_Al_mc_AKGC417L__1,crackle_score,0.4400436943,1
M39,train,cycle,107_3p2_Al_mc_AKGC417L__2,crackle_score,0.6068923516,1
M39,train,cycle,107_3p2_Al_mc_AKGC417L__3,crackle_score,0.4573142651,1
M39,train,cycle,107_3p2_Al_mc_AKGC417L__4,crackle_score,0.5334665027,1
M39,train,cycle,107_3p2_Al_mc_AKGC417L__5,crackle_score,0.6039933444,1
M39,train,cycle,107_3p2_Al_mc_AKGC417L__6,crackle_score,0.6123090746,1
M39,train,cycle,107_3p2_Al_mc_AKGC417L__7,crackle_score,0.4767771132,1
M39,train,cycle,107_3p2_Al_mc_AKGC417L__8,crackle_score,0.2671393374,1
M39,train,cycle,107_3p2_Ar_mc_AKGC417L__0,crackle_score,0.2471297742,0
M39,train,cycle,107_3p2_Ar_mc_AKGC417L__1,crackle_score,0.245280497,0
M39,train,cycle,107_3p2_Ar_mc_AKGC417L__2,crackle_score,0.3616816226,0
M39,train,cycle,107_3p2_Ar_mc_AKGC417L__3,crackle_score,0.4883328356,1
M39,train,cycle,107_3p2_Ar_mc_AKGC417L__4,crackle_score,0.3129942746,0
M39,train,cycle,107_3p2_Ar_mc_AKGC417L__5,crackle_score,0.3329756007,1
M39,train,cycle,107_3p2_Ar_mc_AKGC417L__6,crackle_score,0.2861488314,1
M39,train,cycle,107_3p2_Ar_mc_AKGC417L__7,crackle_score,0.4108273597,1
M39,train,cycle,107_3p2_Ar_mc_AKGC417L__8,crackle_score,0.4113784217,0
M39,train,cycle,107_3p2_Ll_mc_AKGC417L__0,crackle_score,0.5148058532,1
M39,train,cycle,107_3p2_Ll_mc_AKGC417L__1,crackle_score,0.613164707,1
M39,train,cycle,107_3p2_Ll_mc_AKGC417L__2,crackle_score,0.3800244053,1
M39,train,cycle,107_3p2_Ll_mc_AKGC417L__3,crackle_score,0.3041889895,1
M39,train,cycle,107_3p2_Ll_mc_AKGC417L__4,crackle_score,0.3057588074,1
M39,train,cycle,107_3p2_Ll_mc_AKGC417L__5,crackle_score,0.5351195134,1
M39,train,cycle,107_3p2_Ll_mc_AKGC417L__6,crackle_score,0.4361730956,1
M39,train,cycle,107_3p2_Ll_mc_AKGC417L__7,crackle_score,0.3602347228,1
M39,train,cycle,107_3p2_Ll_mc_AKGC417L__8,crackle_score,0.5880405636,1
M39,train,cycle,107_3p2_Lr_mc_AKGC417L__0,crackle_score,0.428357257,0
M39,train,cycle,107_3p2_Lr_mc_AKGC417L__1,crackle_score,0.2688875923,0
M39,train,cycle,107_3p2_Lr_mc_AKGC417L__2,crackle_score,0.2819624077,0
M39,train,cycle,107_3p2_Lr_mc_AKGC417L__3,crackle_score,0.236989494,0
M39,train,cycle,107_3p2_Lr_mc_AKGC417L__4,crackle_score,0.5387282016,0
M39,train,cycle,107_3p2_Lr_mc_AKGC417L__5,crackle_score,0.5623960067,1
M39,train,cycle,107_3p2_Lr_mc_AKGC417L__6,crackle_score,0.3445514878,1
M39,train,cycle,107_3p2_Lr_mc_AKGC417L__7,crackle_score,0.3937797943,1
M39,train,cycle,107_3p2_Lr_mc_AKGC417L__8,crackle_score,0.3964436909,1
M39,train,cycle,107_3p2_Pl_mc_AKGC417L__0,crackle_score,0.4924147373,1
M39,train,cycle,107_3p2_Pl_mc_AKGC417L__1,crackle_score,0.2708109556,1
M39,train,cycle,107_3p2_Pl_mc_AKGC417L__2,crackle_score,0.4753895849,1
M39,train,cycle,107_3p2_Pl_mc_AKGC417L__3,crackle_score,0.4045115734,1
M39,train,cycle,107_3p2_Pl_mc_AKGC417L__4,crackle_score,0.8479125249,1
M39,train,cycle,107_3p2_Pl_mc_AKGC417L__5,crackle_score,0.6455906822,1
M39,train,cycle,107_3p2_Pl_mc_AKGC417L__6,crackle_score,0.5702719144,1
M39,train,cycle,107_3p2_Pl_mc_AKGC417L__7,crackle_score,0.5335682062,1
M39,train,cycle,107_3p2_Pl_mc_AKGC417L__8,crackle_score,0.4079625167,1
M39,train,cycle,107_3p2_Pr_mc_AKGC417L__0,crackle_score,0.6019575856,1
M39,train,cycle,107_3p2_Pr_mc_AKGC417L__1,crackle_score,0.5696760199,1
M39,train,cycle,107_3p2_Pr_mc_AKGC417L__2,crackle_score,0.6969365427,1
M39,train,cycle,107_3p2_Pr_mc_AKGC417L__3,crackle_score,0.6361779392,1
M39,train,cycle,107_3p2_Pr_mc_AKGC417L__4,crackle_score,0.5745526839,1
M39,train,cycle,107_3p2_Pr_mc_AKGC417L__5,crackle_score,0.5831946755,1
M39,train,cycle,107_3p2_Pr_mc_AKGC417L__6,crackle_score,0.5890320106,1
M39,train,cycle,107_3p2_Pr_mc_AKGC417L__7,crackle_score,0.505828412,1
M39,train,cycle,107_3p2_Pr_mc_AKGC417L__8,crackle_score,0.5572268397,1
M39,train,cycle,107_3p2_Tc_mc_AKGC417L__0,crackle_score,0.1633912677,1
M39,train,cycle,107_3p2_Tc_mc_AKGC417L__1,crackle_score,0.3723149615,1
M39,train,cycle,107_3p2_Tc_mc_AKGC417L__2,crackle_score,0.3860206276,1
M39,train,cycle,107_3p2_Tc_mc_AKGC417L__3,crackle_score,0.28919673,1
M39,train,cycle,107_3p2_Tc_mc_AKGC417L__4,crackle_score,0.328088357,1
M39,train,cycle,107_3p2_Tc_mc_AKGC417L__5,crackle_score,0.3282804805,1
M39,train,cycle,107_3p2_Tc_mc_AKGC417L__6,crackle_score,0.1730664368,0
M39,train,cycle,107_3p2_Tc_mc_AKGC417L__7,crackle_score,0.3166745693,0
M39,train,cycle,107_3p2_Tc_mc_AKGC417L__8,crackle_score,0.3923509764,0
M39,train,cycle,108_1b1_Al_sc_Meditron__0,crackle_score,0.4518180984,0
M39,train,cycle,108_1b1_Al_sc_Meditron__1,crackle_score,0.7668812593,0
M39,train,cycle,108_1b1_Al_sc_Meditron__2,crackle_score,0.6945110409,0
M39,train,cycle,108_1b1_Al_sc_Meditron__3,crackle_score,0.504289513,0
M39,train,cycle,108_1b1_Al_sc_Meditron__4,crackle_score,0.4696671185,0
M39,train,cycle,108_1b1_Al_sc_Meditron__5,crackle_score,0.4203226286,0
M39,train,cycle,108_1b1_Al_sc_Meditron__6,crackle_score,0.5681195651,0
M39,train,cycle,108_1b1_Al_sc_Meditron__7,crackle_score,0.4928109362,0
M39,train,cycle,110_1b1_Pr_sc_Meditron__0,crackle_score,0.4208846078,1
M39,train,cycle,110_1b1_Pr_sc_Meditron__1,crackle_score,0.3820611759,1
M39,train,cycle,110_1b1_Pr_sc_Meditron__2,crackle_score,0.2051596894,0
M39,train,cycle,110_1b1_Pr_sc_Meditron__3,crackle_score,0.5709422614,0
M39,train,cycle,110_1b1_Pr_sc_Meditron__4,crackle_score,0.5300902708,0
M39,train,cycle,110_1b1_Pr_sc_Meditron__5,crackle_score,0.4163463897,0
M39,train,cycle,110_1b1_Pr_sc_Meditron__6,crackle_score,0.6934651763,0
M39,train,cycle,110_1b1_Pr_sc_Meditron__7,crackle_score,0.4358018438,0
M39,train,cycle,110_1b1_Pr_sc_Meditron__8,crackle_score,0.234909765,0
M39,train,cycle,110_1b1_Pr_sc_Meditron__9,crackle_score,0.3224073079,0
M39,train,cycle,110_1b1_Pr_sc_Meditron__10,crackle_score,0.1473521191,0
M39,train,cycle,110_1b1_Pr_sc_Meditron__11,crackle_score,0.3785438738,0
M39,train,cycle,110_1b1_Pr_sc_Meditron__12,crackle_score,0.4860938853,0
M39,train,cycle,110_1b1_Pr_sc_Meditron__13,crackle_score,0.4684744369,0
M39,train,cycle,110_1b1_Pr_sc_Meditron__14,crackle_score,0.3739873507,0
M39,train,cycle,110_1p1_Al_sc_Meditron__0,crackle_score,0.3351462938,1
M39,train,cycle,110_1p1_Al_sc_Meditron__1,crackle_score,0.3239418737,1
M39,train,cycle,110_1p1_Al_sc_Meditron__2,crackle_score,0.3243724427,1
M39,train,cycle,110_1p1_Al_sc_Meditron__3,crackle_score,0.3391326278,1
M39,train,cycle,110_1p1_Al_sc_Meditron__4,crackle_score,0.2214468679,0
M39,train,cycle,110_1p1_Al_sc_Meditron__5,crackle_score,0.2752188701,1
M39,train,cycle,110_1p1_Al_sc_Meditron__6,crackle_score,0.2932863198,1
M39,train,cycle,110_1p1_Ll_sc_Meditron__0,crackle_score,0.08036885638,0
M39,train,cycle,110_1p1_Ll_sc_Meditron__1,crackle_score,0.268007836,0
M39,train,cycle,110_1p1_Ll_sc_Meditron__2,crackle_score,0.2394748752,0
M39,train,cycle,110_1p1_Ll_sc_Meditron__3,crackle_score,0.231722571,0
M39,train,cycle,110_1p1_Ll_sc_Meditron__4,crackle_score,0.3617177148,0
M39,train,cycle,110_1p1_Ll_sc_Meditron__5,crackle_score,0.2799854721,0
M39,train,cycle,110_1p1_Ll_sc_Meditron__6,crackle_score,0.2339645281,0
M39,train,cycle,110_1p1_Lr_sc_Meditron__0,crackle_score,0.3127643094,1
M39,train,cycle,110_1p1_Lr_sc_Meditron__1,crackle_score,0.1895302042,1
M39,train,cycle,110_1p1_Lr_sc_Meditron__2,crackle_score,0.2421530054,1
M39,train,cycle,110_1p1_Lr_sc_Meditron__3,crackle_score,0.3005469299,1
M39,train,cycle,110_1p1_Lr_sc_Meditron__4,crackle_score,0.3102454933,1
M39,train,cycle,110_1p1_Lr_sc_Meditron__5,crackle_score,0.2807654355,1
M39,train,cycle,110_1p1_Lr_sc_Meditron__6,crackle_score,0.3652230742,1
M39,train,cycle,110_1p1_Pr_sc_Meditron__0,crackle_score,0.6697900513,0
M39,train,cycle,110_1p1_Pr_sc_Meditron__1,crackle_score,0.3692592781,0
M39,train,cycle,110_1p1_Pr_sc_Meditron__2,crackle_score,0.2628831697,0
M39,train,cycle,110_1p1_Pr_sc_Meditron__3,crackle_score,0.3745687353,0
M39,train,cycle,110_1p1_Pr_sc_Meditron__4,crackle_score,0.3021303065,0
M39,train,cycle,110_1p1_Pr_sc_Meditron__5,crackle_score,0.6380006572,0
M39,train,cycle,110_1p1_Pr_sc_Meditron__6,crackle_score,0.2534643209,0
M39,train,cycle,110_1p1_Pr_sc_Meditron__7,crackle_score,0.2834425038,0
M39,train,cycle,110_1p1_Pr_sc_Meditron__8,crackle_score,0.2542222228,0
M39,train,cycle,110_1p1_Pr_sc_Meditron__9,crackle_score,0.3623678306,0
M39,train,cycle,110_1p1_Pr_sc_Meditron__10,crackle_score,0.2679842304,0
M39,train,cycle,110_1p1_Pr_sc_Meditron__11,crackle_score,0.3140667728,0
M39,train,cycle,110_1p1_Pr_sc_Meditron__12,crackle_score,0.4311197455,0
M39,train,cycle,110_1p1_Pr_sc_Meditron__13,crackle_score,0.2879369465,0
M39,train,cycle,110_1p1_Pr_sc_Meditron__14,crackle_score,0.4116297334,0
M39,train,cycle,110_1p1_Pr_sc_Meditron__15,crackle_score,0.3456385607,0
M39,train,cycle,111_1b2_Tc_sc_Meditron__0,crackle_score,0.6503436426,0
M39,train,cycle,111_1b2_Tc_sc_Meditron__1,crackle_score,0.6129092962,0
M39,train,cycle,111_1b2_Tc_sc_Meditron__2,crackle_score,0.6759874853,0
M39,train,cycle,111_1b2_Tc_sc_Meditron__3,crackle_score,0.7321428571,0
M39,train,cycle,111_1b2_Tc_sc_Meditron__4,crackle_score,0.6871257485,0
M39,train,cycle,111_1b2_Tc_sc_Meditron__5,crackle_score,0.5833333333,0
M39,train,cycle,111_1b2_Tc_sc_Meditron__6,crackle_score,0.6317275122,0
M39,train,cycle,111_1b2_Tc_sc_Meditron__7,crackle_score,0.7105263158,0
M39,train,cycle,111_1b3_Tc_sc_Meditron__0,crackle_score,0.5897666068,0
M39,train,cycle,111_1b3_Tc_sc_Meditron__1,crackle_score,0.7246349682,0
M39,train,cycle,111_1b3_Tc_sc_Meditron__2,crackle_score,0.66,0
M39,train,cycle,111_1b3_Tc_sc_Meditron__3,crackle_score,0.5378357927,0
M39,train,cycle,111_1b3_Tc_sc_Meditron__4,crackle_score,0.54,0
M39,train,cycle,111_1b3_Tc_sc_Meditron__5,crackle_score,0.5950931913,0
M39,train,cycle,111_1b3_Tc_sc_Meditron__6,crackle_score,0.5925925926,0
M39,train,cycle,111_1b3_Tc_sc_Meditron__7,crackle_score,0.6433251433,0
M39,train,cycle,111_1b3_Tc_sc_Meditron__8,crackle_score,0.6901140684,0
M39,train,cycle,112_1b1_Ar_sc_Meditron__0,crackle_score,0.3865037254,0
M39,train,cycle,112_1b1_Ar_sc_Meditron__1,crackle_score,0.4014384698,0
M39,train,cycle,112_1b1_Ar_sc_Meditron__2,crackle_score,0.2643295328,0
M39,train,cycle,112_1b1_Ar_sc_Meditron__3,crackle_score,0.426862133,0
M39,train,cycle,112_1b1_Ar_sc_Meditron__4,crackle_score,0.5230518514,0
M39,train,cycle,112_1b1_Ar_sc_Meditron__5,crackle_score,0.2494725592,0
M39,train,cycle,112_1b1_Ar_sc_Meditron__6,crackle_score,0.1892766211,0
M39,train,cycle,112_1b1_Ar_sc_Meditron__7,crackle_score,0.3759905253,0
M39,train,cycle,112_1b1_Ar_sc_Meditron__8,crackle_score,0.3547809139,1
M39,train,cycle,112_1b1_Ar_sc_Meditron__9,crackle_score,0.4503731154,0
M39,train,cycle,112_1b1_Ar_sc_Meditron__10,crackle_score,0.5262974228,0
M39,train,cycle,112_1b1_Ar_sc_Meditron__11,crackle_score,0.4226564162,0
M39,train,cycle,112_1b1_Ar_sc_Meditron__12,crackle_score,0.480035161,0
M39,train,cycle,112_1b1_Ar_sc_Meditron__13,crackle_score,0.5265416101,0
M39,train,cycle,112_1b1_Ar_sc_Meditron__14,crackle_score,0.1980598417,0
M39,train,cycle,112_1b1_Ar_sc_Meditron__15,crackle_score,0.1426254476,0
M39,train,cycle,112_1b1_Ar_sc_Meditron__16,crackle_score,0.2128744095,0
M39,train,cycle,112_1b1_Lr_sc_Meditron__0,crackle_score,0.4027306337,1
M39,train,cycle,112_1b1_Lr_sc_Meditron__1,crackle_score,0.3961201166,1
M39,train,cycle,112_1b1_Lr_sc_Meditron__2,crackle_score,0.3865988319,1
M39,train,cycle,112_1b1_Lr_sc_Meditron__3,crackle_score,0.2922389484,1
M39,train,cycle,112_1b1_Lr_sc_Meditron__4,crackle_score,0.3817911384,1
M39,train,cycle,112_1b1_Lr_sc_Meditron__5,crackle_score,0.3217212786,0
M39,train,cycle,112_1b1_Lr_sc_Meditron__6,crackle_score,0.3282161037,0
M39,train,cycle,112_1b1_Lr_sc_Meditron__7,crackle_score,0.283498218,0
M39,train,cycle,112_1b1_Lr_sc_Meditron__8,crackle_score,0.3100451552,0
M39,train,cycle,112_1b1_Lr_sc_Meditron__9,crackle_score,0.1966342219,0
M39,train,cycle,112_1b1_Lr_sc_Meditron__10,crackle_score,0.1952961342,0
M39,train,cycle,112_1b1_Lr_sc_Meditron__11,crackle_score,0.2259092343,0
M39,train,cycle,112_1p1_Ll_sc_Litt3200__0,crackle_score,0.6736613603,0
M39,train,cycle,112_1p1_Ll_sc_Litt3200__1,crackle_score,0.4861466083,0
M39,train,cycle,112_1p1_Ll_sc_Litt3200__2,crackle_score,0.5443598322,0
M39,train,cycle,112_1p1_Ll_sc_Litt3200__3,crackle_score,0.5988142292,0
M39,train,cycle,112_1p1_Ll_sc_Litt3200__4,crackle_score,0.55192108,0
M39,train,cycle,112_1p1_Ll_sc_Litt3200__5,crackle_score,0.5569908815,0
M39,train,cycle,112_1p1_Ll_sc_Litt3200__6,crackle_score,0.5384568154,0
M39,train,cycle,112_1p1_Ll_sc_Litt3200__7,crackle_score,0.3024997578,0
M39,train,cycle,112_1p1_Ll_sc_Litt3200__8,crackle_score,0.4962449528,0
M39,train,cycle,112_1p1_Ll_sc_Litt3200__9,crackle_score,0.8054101222,0
M39,train,cycle,112_1p1_Pl_sc_Litt3200__0,crackle_score,0.4667225528,1
M39,train,cycle,112_1p1_Pl_sc_Litt3200__1,crackle_score,0.2790823319,0
M39,train,cycle,112_1p1_Pl_sc_Litt3200__2,crackle_score,0.6946041575,1
M39,train,cycle,112_1p1_Pl_sc_Litt3200__3,crackle_score,0.624835513,1
M39,train,cycle,112_1p1_Pl_sc_Litt3200__4,crackle_score,0.3885814349,1
M39,train,cycle,112_1p1_Pl_sc_Litt3200__5,crackle_score,0.4182799995,1
M39,train,cycle,112_1p1_Pl_sc_Litt3200__6,crackle_score,0.4320730173,0
M39,train,cycle,112_1p1_Pl_sc_Litt3200__7,crackle_score,0.3664005296,0
M39,train,cycle,112_1p1_Pl_sc_Litt3200__8,crackle_score,0.2934150442,0
M39,train,cycle,112_1p1_Pr_sc_Litt3200__0,crackle_score,0.3210950433,0
M39,train,cycle,112_1p1_Pr_sc_Litt3200__1,crackle_score,0.6247160483,0
M39,train,cycle,112_1p1_Pr_sc_Litt3200__2,crackle_score,0.5083284151,0
M39,train,cycle,112_1p1_Pr_sc_Litt3200__3,crackle_score,0.6992598918,0
M39,train,cycle,112_1p1_Pr_sc_Litt3200__4,crackle_score,0.4945247983,0
M39,train,cycle,112_1p1_Pr_sc_Litt3200__5,crackle_score,0.5178741563,0
M39,train,cycle,112_1p1_Pr_sc_Litt3200__6,crackle_score,0.3661085504,0
M39,train,cycle,112_1p1_Pr_sc_Litt3200__7,crackle_score,0.4807647363,0
M39,train,cycle,112_1p1_Pr_sc_Litt3200__8,crackle_score,0.4060431525,0
M39,train,cycle,114_1b4_Al_mc_AKGC417L__0,crackle_score,0.4403808139,0
M39,train,cycle,114_1b4_Al_mc_AKGC417L__1,crackle_score,0.3890335061,1
M39,train,cycle,114_1b4_Al_mc_AKGC417L__2,crackle_score,0.3838240432,1
M39,train,cycle,114_1b4_Al_mc_AKGC417L__3,crackle_score,0.4478656092,1
M39,train,cycle,114_1b4_Al_mc_AKGC417L__4,crackle_score,0.5984251969,1
M39,train,cycle,114_1b4_Al_mc_AKGC417L__5,crackle_score,0.5593647967,1
M39,train,cycle,114_1b4_Al_mc_AKGC417L__6,crackle_score,0.2726974952,1
M39,train,cycle,114_1b4_Ar_mc_AKGC417L__0,crackle_score,0.5282670927,0
M39,train,cycle,114_1b4_Ar_mc_AKGC417L__1,crackle_score,0.5298346588,1
M39,train,cycle,114_1b4_Ar_mc_AKGC417L__2,crackle_score,0.5887311446,1
M39,train,cycle,114_1b4_Ar_mc_AKGC417L__3,crackle_score,0.5624609619,1
M39,train,cycle,114_1b4_Ar_mc_AKGC417L__4,crackle_score,0.5820209974,1
M39,train,cycle,114_1b4_Ar_mc_AKGC417L__5,crackle_score,0.6038883942,1
M39,train,cycle,114_1b4_Ar_mc_AKGC417L__6,crackle_score,0.3349286624,0
M39,train,cycle,114_1b4_Lr_mc_AKGC417L__0,crackle_score,0.5421940928,1
M39,train,cycle,114_1b4_Lr_mc_AKGC417L__1,crackle_score,0.5204250936,1
M39,train,cycle,114_1b4_Lr_mc_AKGC417L__2,crackle_score,0.3960902059,1
M39,train,cycle,114_1b4_Lr_mc_AKGC417L__3,crackle_score,0.330660855,1
M39,train,cycle,114_1b4_Lr_mc_AKGC417L__4,crackle_score,0.4475011878,1
M39,train,cycle,114_1b4_Lr_mc_AKGC417L__5,crackle_score,0.5296823983,1
M39,train,cycle,114_1b4_Lr_mc_AKGC417L__6,crackle_score,0.2838565696,1
M39,train,cycle,114_1b4_Pl_mc_AKGC417L__0,crackle_score,0.47070946,1
M39,train,cycle,114_1b4_Pl_mc_AKGC417L__1,crackle_score,0.4249879142,1
M39,train,cycle,114_1b4_Pl_mc_AKGC417L__2,crackle_score,0.4079552324,1
M39,train,cycle,114_1b4_Pl_mc_AKGC417L__3,crackle_score,0.2386924312,1
M39,train,cycle,114_1b4_Pl_mc_AKGC417L__4,crackle_score,0.5984251969,1
M39,train,cycle,114_1b4_Pl_mc_AKGC417L__5,crackle_score,0.5742059958,1
M39,train,cycle,114_1b4_Pl_mc_AKGC417L__6,crackle_score,0.2901849549,1
M39,train,cycle,114_1b4_Pr_mc_AKGC417L__0,crackle_score,0.5210970464,0
M39,train,cycle,114_1b4_Pr_mc_AKGC417L__1,crackle_score,0.4203397955,1
M39,train,cycle,114_1b4_Pr_mc_AKGC417L__2,crackle_score,0.5591540964,1
M39,train,cycle,114_1b4_Pr_mc_AKGC417L__3,crackle_score,0.3808583307,1
M39,train,cycle,114_1b4_Pr_mc_AKGC417L__4,crackle_score,0.3673861893,1
M39,train,cycle,114_1b4_Pr_mc_AKGC417L__5,crackle_score,0.5445235975,1
M39,train,cycle,114_1b4_Pr_mc_AKGC417L__6,crackle_score,0.2706816348,1
M39,train,cycle,115_1b1_Ar_sc_Meditron__0,crackle_score,0.2242518715,0
M39,train,cycle,115_1b1_Ar_sc_Meditron__1,crackle_score,0.5901930122,0
M39,train,cycle,115_1b1_Ar_sc_Meditron__2,crackle_score,0.6403924945,0
M39,train,cycle,115_1b1_Ar_sc_Meditron__3,crackle_score,0.5990660029,0
M39,train,cycle,115_1b1_Ar_sc_Meditron__4,crackle_score,0.8385960747,0
M39,train,cycle,115_1b1_Ar_sc_Meditron__5,crackle_score,0.5376531456,0
M39,train,cycle,115_1b1_Ar_sc_Meditron__6,crackle_score,0.6684469845,0
M39,train,cycle,115_1b1_Ar_sc_Meditron__7,crackle_score,0.4923277186,0
M39,train,cycle,115_1b1_Ar_sc_Meditron__8,crackle_score,0.6537903801,0
M39,train,cycle,115_1b1_Ar_sc_Meditron__9,crackle_score,0.6178450424,0
M39,train,cycle,115_1b1_Ar_sc_Meditron__10,crackle_score,0.1933680424,0
M39,train,cycle,115_1b1_Ar_sc_Meditron__11,crackle_score,0.5851865624,0
M39,train,cycle,115_1b1_Ar_sc_Meditron__12,crackle_score,0.4470795334,0
M39,train,cycle,115_1b1_Ar_sc_Meditron__13,crackle_score,0.7143580714,0
M39,train,cycle,115_1b1_Ar_sc_Meditron__14,crackle_score,0.2663277973,0
M39,train,cycle,115_1b1_Ar_sc_Meditron__15,crackle_score,0.3784051653,0
M39,train,cycle,115_1b1_Ar_sc_Meditron__16,crackle_score,0.4605145759,0
M39,train,cycle,115_1b1_Ar_sc_Meditron__17,crackle_score,0.5428584928,0
M39,train,cycle,115_1b1_Ar_sc_Meditron__18,crackle_score,0.2307512637,0
M39,train,cycle,115_1b1_Ar_sc_Meditron__19,crackle_score,0.4960527409,0
M39,train,cycle,115_1b1_Ar_sc_Meditron__20,crackle_score,0.6161953237,0
M39,train,cycle,115_1b1_Ar_sc_Meditron__21,crackle_score,0.3855410318,0
M39,train,cycle,115_1b1_Ar_sc_Meditron__22,crackle_score,0.3371581933,0
M39,train,cycle,115_1b1_Ar_sc_Meditron__23,crackle_score,0.2135519841,0
M39,train,cycle,116_1b2_Pl_sc_Meditron__0,crackle_score,0.5987273868,0
M39,train,cycle,116_1b2_Pl_sc_Meditron__1,crackle_score,0.4911578078,0
M39,train,cycle,116_1b2_Pl_sc_Meditron__2,crackle_score,0.6171474594,0
M39,train,cycle,116_1b2_Pl_sc_Meditron__3,crackle_score,0.7104055088,0
M39,train,cycle,116_1b2_Tc_sc_Meditron__0,crackle_score,0.5768546662,0
M39,train,cycle,116_1b2_Tc_sc_Meditron__1,crackle_score,0.6005300676,0
M39,train,cycle,116_1b2_Tc_sc_Meditron__2,crackle_score,0.6587301587,0
M39,train,cycle,116_1b2_Tc_sc_Meditron__3,crackle_score,0.4187224172,0
M39,train,cycle,117_1b2_Tc_mc_LittC2SE__0,crackle_score,0.3946382067,0
M39,train,cycle,117_1b2_Tc_mc_LittC2SE__1,crackle_score,0.4300061652,0
M39,train,cycle,117_1b2_Tc_mc_LittC2SE__2,crackle_score,0.6584101382,0
M39,train,cycle,117_1b2_Tc_mc_LittC2SE__3,crackle_score,0.4856095132,0
M39,train,cycle,117_1b2_Tc_mc_LittC2SE__4,crackle_score,0.591268909,0
M39,train,cycle,117_1b2_Tc_mc_LittC2SE__5,crackle_score,0.3655194072,0
M39,train,cycle,117_1b2_Tc_mc_LittC2SE__6,crackle_score,0.1711961163,0
M39,train,cycle,117_1b3_Tc_mc_LittC2SE__0,crackle_score,0.4523358606,0
M39,train,cycle,117_1b3_Tc_mc_LittC2SE__1,crackle_score,0.7079533003,0
M39,train,cycle,117_1b3_Tc_mc_LittC2SE__2,crackle_score,0.6395748336,0
M39,train,cycle,117_1b3_Tc_mc_LittC2SE__3,crackle_score,0.6378579003,0
M39,train,cycle,117_1b3_Tc_mc_LittC2SE__4,crackle_score,0.5655521324,0
M39,train,cycle,120_1b1_Al_sc_Meditron__0,crackle_score,0.1278335027,0
M39,train,cycle,120_1b1_Al_sc_Meditron__1,crackle_score,0.2893246003,0
M39,train,cycle,120_1b1_Al_sc_Meditron__2,crackle_score,0.1134258362,0
M39,train,cycle,120_1b1_Al_sc_Meditron__3,crackle_score,0.2193930891,0
M39,train,cycle,120_1b1_Al_sc_Meditron__4,crackle_score,0.216717764,0
M39,train,cycle,120_1b1_Al_sc_Meditron__5,crackle_score,0.2617229741,0
M39,train,cycle,120_1b1_Al_sc_Meditron__6,crackle_score,0.4080458856,0
M39,train,cycle,120_1b1_Al_sc_Meditron__7,crackle_score,0.3134733908,0
M39,train,cycle,120_1b1_Al_sc_Meditron__8,crackle_score,0.2481076781,0
M39,train,cycle,120_1b1_Al_sc_Meditron__9,crackle_score,0.1739919498,0
M39,train,cycle,120_1b1_Al_sc_Meditron__10,crackle_score,0.2494731984,0
M39,train,cycle,120_1b1_Al_sc_Meditron__11,crackle_score,0.2416282593,0
M39,train,cycle,120_1b1_Al_sc_Meditron__12,crackle_score,0.2785892008,0
M39,train,cycle,120_1b1_Al_sc_Meditron__13,crackle_score,0.1880936326,0
M39,train,cycle,120_1b1_Al_sc_Meditron__14,crackle_score,0.2967549936,0
M39,train,cycle,120_1b1_Al_sc_Meditron__15,crackle_score,0.2700120969,0
M39,train,cycle,120_1b1_Al_sc_Meditron__16,crackle_score,0.269246939,0
M39,train,cycle,120_1b1_Al_sc_Meditron__17,crackle_score,0.2418619673,0
M39,train,cycle,120_1b1_Al_sc_Meditron__18,crackle_score,0.4182650025,0
M39,train,cycle,120_1b1_Ar_sc_Meditron__0,crackle_score,0.4880999203,0
M39,train,cycle,120_1b1_Ar_sc_Meditron__1,crackle_score,0.2465563322,0
M39,train,cycle,120_1b1_Ar_sc_Meditron__2,crackle_score,0.2683831713,0
M39,train,cycle,120_1b1_Ar_sc_Meditron__3,crackle_score,0.3131523454,0
M39,train,cycle,120_1b1_Ar_sc_Meditron__4,crackle_score,0.4756576239,0
M39,train,cycle,120_1b1_Ar_sc_Meditron__5,crackle_score,0.2896958356,0
M39,train,cycle,120_1b1_Ar_sc_Meditron__6,crackle_score,0.3606899269,0
M39,train,cycle,120_1b1_Ar_sc_Meditron__7,crackle_score,0.2300002771,0
M39,train,cycle,120_1b1_Ar_sc_Meditron__8,crackle_score,0.2309212108,0
M39,train,cycle,120_1b1_Ar_sc_Meditron__9,crackle_score,0.2912174363,0
M39,train,cycle,120_1b1_Ar_sc_Meditron__10,crackle_score,0.3127148906,0
M39,train,cycle,120_1b1_Ar_sc_Meditron__11,crackle_score,0.4952631723,0
M39,train,cycle,120_1b1_Ar_sc_Meditron__12,crackle_score,0.3163269185,0
M39,train,cycle,120_1b1_Ar_sc_Meditron__13,crackle_score,0.3063221295,0
M39,train,cycle,120_1b1_Ar_sc_Meditron__14,crackle_score,0.1733856364,0
M39,train,cycle,120_1b1_Ar_sc_Meditron__15,crackle_score,0.2605643095,0
M39,train,cycle,120_1b1_Ar_sc_Meditron__16,crackle_score,0.200356184,0
M39,train,cycle,120_1b1_Ar_sc_Meditron__17,crackle_score,0.1650739422,0
M39,train,cycle,120_1b1_Ar_sc_Meditron__18,crackle_score,0.151598677,0
M39,train,cycle,120_1b1_Ar_sc_Meditron__19,crackle_score,0.2308167168,0
M39,train,cycle,120_1b1_Lr_sc_Meditron__0,crackle_score,0.3737102411,0
M39,train,cycle,120_1b1_Lr_sc_Meditron__1,crackle_score,0.2100696875,0
M39,train,cycle,120_1b1_Lr_sc_Meditron__2,crackle_score,0.2719488479,0
M39,train,cycle,120_1b1_Lr_sc_Meditron__3,crackle_score,0.3710878382,0
M39,train,cycle,120_1b1_Lr_sc_Meditron__4,crackle_score,0.3596969879,0
M39,train,cycle,120_1b1_Lr_sc_Meditron__5,crackle_score,0.3277245641,0
M39,train,cycle,120_1b1_Lr_sc_Meditron__6,crackle_score,0.219737146,0
M39,train,cycle,120_1b1_Lr_sc_Meditron__7,crackle_score,0.2940991633,0
M39,train,cycle,120_1b1_Lr_sc_Meditron__8,crackle_score,0.2508398941,0
M39,train,cycle,120_1b1_Lr_sc_Meditron__9,crackle_score,0.2657448566,0
M39,train,cycle,120_1b1_Lr_sc_Meditron__10,crackle_score,0.2235586467,0
M39,train,cycle,120_1b1_Lr_sc_Meditron__11,crackle_score,0.3024601607,0
M39,train,cycle,120_1b1_Lr_sc_Meditron__12,crackle_score,0.112593568,0
M39,train,cycle,120_1b1_Lr_sc_Meditron__13,crackle_score,0.3011509771,0
M39,train,cycle,120_1b1_Lr_sc_Meditron__14,crackle_score,0.3384318928,0
M39,train,cycle,120_1b1_Lr_sc_Meditron__15,crackle_score,0.2413398224,0
M39,train,cycle,120_1b1_Lr_sc_Meditron__16,crackle_score,0.394710353,0
M39,train,cycle,120_1b1_Lr_sc_Meditron__17,crackle_score,0.2881825939,0
M39,train,cycle,120_1b1_Lr_sc_Meditron__18,crackle_score,0.394548522,0
M39,train,cycle,120_1b1_Lr_sc_Meditron__19,crackle_score,0.239063361,0
M39,train,cycle,120_1b1_Lr_sc_Meditron__20,crackle_score,0.4544968684,0
M39,train,cycle,120_1b1_Lr_sc_Meditron__21,crackle_score,0.2596264868,0
M39,train,cycle,120_1b1_Lr_sc_Meditron__22,crackle_score,0.2663608618,0
M39,train,cycle,120_1b1_Lr_sc_Meditron__23,crackle_score,0.2971888495,0
M39,train,cycle,120_1b1_Lr_sc_Meditron__24,crackle_score,0.1322421294,0
M39,train,cycle,120_1b1_Lr_sc_Meditron__25,crackle_score,0.2246207671,0
M39,train,cycle,120_1b1_Lr_sc_Meditron__26,crackle_score,0.2685665669,0
M39,train,cycle,120_1b1_Lr_sc_Meditron__27,crackle_score,0.2283105023,0
M39,train,cycle,120_1b1_Lr_sc_Meditron__28,crackle_score,0.231472032,0
M39,train,cycle,120_1b1_Lr_sc_Meditron__29,crackle_score,0.2698755247,0
M39,train,cycle,120_1b1_Lr_sc_Meditron__30,crackle_score,0.2309460407,0
M39,train,cycle,120_1b1_Lr_sc_Meditron__31,crackle_score,0.2327748272,0
M39,train,cycle,120_1b1_Lr_sc_Meditron__32,crackle_score,0.157289473,0
M39,train,cycle,120_1b1_Pl_sc_Meditron__0,crackle_score,0.3682206963,0
M39,train,cycle,120_1b1_Pl_sc_Meditron__1,crackle_score,0.423307792,0
M39,train,cycle,120_1b1_Pl_sc_Meditron__2,crackle_score,0.3394797687,0
M39,train,cycle,120_1b1_Pl_sc_Meditron__3,crackle_score,0.1666069616,0
M39,train,cycle,120_1b1_Pl_sc_Meditron__4,crackle_score,0.4037789235,0
M39,train,cycle,120_1b1_Pl_sc_Meditron__5,crackle_score,0.3646279406,0
M39,train,cycle,120_1b1_Pl_sc_Meditron__6,crackle_score,0.3019924655,0
M39,train,cycle,120_1b1_Pl_sc_Meditron__7,crackle_score,0.1466003591,0
M39,train,cycle,120_1b1_Pl_sc_Meditron__8,crackle_score,0.31464598,0
M39,train,cycle,120_1b1_Pl_sc_Meditron__9,crackle_score,0.363867151,0
M39,train,cycle,120_1b1_Pl_sc_Meditron__10,crackle_score,0.3331710261,0
M39,train,cycle,120_1b1_Pl_sc_Meditron__11,crackle_score,0.4529716775,0
M39,train,cycle,120_1b1_Pl_sc_Meditron__12,crackle_score,0.281918034,0
M39,train,cycle,120_1b1_Pl_sc_Meditron__13,crackle_score,0.2704842246,0
M39,train,cycle,120_1b1_Pl_sc_Meditron__14,crackle_score,0.4035577995,0
M39,train,cycle,120_1b1_Pl_sc_Meditron__15,crackle_score,0.3012556631,1
M39,train,cycle,120_1b1_Pl_sc_Meditron__16,crackle_score,0.3785323329,1
M39,train,cycle,120_1b1_Pl_sc_Meditron__17,crackle_score,0.4876933996,1
M39,train,cycle,120_1b1_Pl_sc_Meditron__18,crackle_score,0.2687412705,1
M39,train,cycle,120_1b1_Pl_sc_Meditron__19,crackle_score,0.2107769257,0
M39,train,cycle,120_1b1_Pl_sc_Meditron__20,crackle_score,0.4147606718,1
M39,train,cycle,120_1b1_Pl_sc_Meditron__21,crackle_score,0.3348065826,1
M39,train,cycle,120_1b1_Pl_sc_Meditron__22,crackle_score,0.4711276131,1
M39,train,cycle,120_1b1_Pl_sc_Meditron__23,crackle_score,0.379509129,1
M39,train,cycle,120_1b1_Pl_sc_Meditron__24,crackle_score,0.3745999749,1
M39,train,cycle,120_1b1_Pl_sc_Meditron__25,crackle_score,0.3532076523,1
M39,train,cycle,120_1b1_Pl_sc_Meditron__26,crackle_score,0.3118882295,1
M39,train,cycle,120_1b1_Pl_sc_Meditron__27,crackle_score,0.1975980758,1
M39,train,cycle,120_1b1_Pl_sc_Meditron__28,crackle_score,0.3022533883,1
M39,train,cycle,120_1b1_Pl_sc_Meditron__29,crackle_score,0.2902006267,1
M39,train,cycle,120_1b1_Pr_sc_Meditron__0,crackle_score,0.32483207,1
M39,train,cycle,120_1b1_Pr_sc_Meditron__1,crackle_score,0.2800072772,0
M39,train,cycle,120_1b1_Pr_sc_Meditron__2,crackle_score,0.226392442,0
M39,train,cycle,120_1b1_Pr_sc_Meditron__3,crackle_score,0.2192748875,0
M39,train,cycle,120_1b1_Pr_sc_Meditron__4,crackle_score,0.3220325465,0
M39,train,cycle,120_1b1_Pr_sc_Meditron__5,crackle_score,0.3339272805,0
M39,train,cycle,120_1b1_Pr_sc_Meditron__6,crackle_score,0.2534903474,0
M39,train,cycle,120_1b1_Pr_sc_Meditron__7,crackle_score,0.2571234176,0
M39,train,cycle,120_1b1_Pr_sc_Meditron__8,crackle_score,0.4537585696,0
M39,train,cycle,120_1b1_Pr_sc_Meditron__9,crackle_score,0.2371454256,0
M39,train,cycle,120_1b1_Pr_sc_Meditron__10,crackle_score,0.2312011585,0
M39,train,cycle,120_1b1_Pr_sc_Meditron__11,crackle_score,0.4352915757,0
M39,train,cycle,120_1b1_Pr_sc_Meditron__12,crackle_score,0.4698700842,0
M39,train,cycle,120_1b1_Pr_sc_Meditron__13,crackle_score,0.4597469193,0
M39,train,cycle,120_1b1_Pr_sc_Meditron__14,crackle_score,0.3738761895,0
M39,train,cycle,120_1b1_Pr_sc_Meditron__15,crackle_score,0.5900360144,0
M39,train,cycle,120_1b1_Pr_sc_Meditron__16,crackle_score,0.4500427774,0
M39,train,cycle,120_1b1_Pr_sc_Meditron__17,crackle_score,0.2846785839,0
M39,train,cycle,120_1b1_Pr_sc_Meditron__18,crackle_score,0.2140911762,0
M39,train,cycle,120_1b1_Pr_sc_Meditron__19,crackle_score,0.2911020871,0
M39,train,cycle,120_1b1_Pr_sc_Meditron__20,crackle_score,0.3617499036,0
M39,train,cycle,121_1b1_Tc_sc_Meditron__0,crackle_score,0.5486144871,0
M39,train,cycle,121_1b1_Tc_sc_Meditron__1,crackle_score,0.5777806585,0
M39,train,cycle,121_1b1_Tc_sc_Meditron__2,crackle_score,0.6313903488,0
M39,train,cycle,121_1b1_Tc_sc_Meditron__3,crackle_score,0.6595987232,0
M39,train,cycle,121_1b1_Tc_sc_Meditron__4,crackle_score,0.6136363636,0
M39,train,cycle,121_1b1_Tc_sc_Meditron__5,crackle_score,0.638121547,0
M39,train,cycle,121_1p1_Tc_sc_Meditron__0,crackle_score,0.7137894174,0
M39,train,cycle,121_1p1_Tc_sc_Meditron__1,crackle_score,0.6073335203,0
M39,train,cycle,121_1p1_Tc_sc_Meditron__2,crackle_score,0.5748502994,0
M39,train,cycle,121_1p1_Tc_sc_Meditron__3,crackle_score,0.5818743285,0
M39,train,cycle,121_1p1_Tc_sc_Meditron__4,crackle_score,0.6048789188,0
M39,train,cycle,121_1p1_Tc_sc_Meditron__5,crackle_score,0.7109062876,0
M39,train,cycle,121_1p1_Tc_sc_Meditron__6,crackle_score,0.4996726254,0
M39,train,cycle,121_1p1_Tc_sc_Meditron__7,crackle_score,0.5890895425,0
M39,train,cycle,122_2b1_Al_mc_LittC2SE__0,crackle_score,0.3152824971,0
M39,train,cycle,122_2b1_Al_mc_LittC2SE__1,crackle_score,0.2050062174,0
M39,train,cycle,122_2b1_Al_mc_LittC2SE__2,crackle_score,0.4029788208,0
M39,train,cycle,122_2b1_Al_mc_LittC2SE__3,crackle_score,0.3440333874,0
M39,train,cycle,122_2b1_Al_mc_LittC2SE__4,crackle_score,0.2433671105,0
M39,train,cycle,122_2b1_Al_mc_LittC2SE__5,crackle_score,0.3746658283,0
M39,train,cycle,122_2b1_Ar_mc_LittC2SE__0,crackle_score,0.2946518895,0
M39,train,cycle,122_2b1_Ar_mc_LittC2SE__1,crackle_score,0.2051680393,0
M39,train,cycle,122_2b1_Ar_mc_LittC2SE__2,crackle_score,0.2468570328,0
M39,train,cycle,122_2b1_Ar_mc_LittC2SE__3,crackle_score,0.4684009873,0
M39,train,cycle,122_2b1_Ar_mc_LittC2SE__4,crackle_score,0.2714392932,0
M39,train,cycle,122_2b1_Ar_mc_LittC2SE__5,crackle_score,0.2108699003,0
M39,train,cycle,122_2b1_Tc_mc_LittC2SE__0,crackle_score,0.4870685967,0
M39,train,cycle,122_2b1_Tc_mc_LittC2SE__1,crackle_score,0.3871370755,0
M39,train,cycle,122_2b1_Tc_mc_LittC2SE__2,crackle_score,0.4529087711,0
M39,train,cycle,122_2b1_Tc_mc_LittC2SE__3,crackle_score,0.5041620615,0
M39,train,cycle,122_2b1_Tc_mc_LittC2SE__4,crackle_score,0.4201189592,0
M39,train,cycle,122_2b1_Tc_mc_LittC2SE__5,crackle_score,0.3357967525,0
M39,train,cycle,122_2b2_Al_mc_LittC2SE__0,crackle_score,0.2011518589,0
M39,train,cycle,122_2b2_Al_mc_LittC2SE__1,crackle_score,0.2591212741,0
M39,train,cycle,122_2b2_Al_mc_LittC2SE__2,crackle_score,0.4740721644,0
M39,train,cycle,122_2b2_Al_mc_LittC2SE__3,crackle_score,0.3154105856,0
M39,train,cycle,122_2b2_Al_mc_LittC2SE__4,crackle_score,0.2152104317,0
M39,train,cycle,122_2b2_Al_mc_LittC2SE__5,crackle_score,0.3442980593,0
M39,train,cycle,122_2b2_Ar_mc_LittC2SE__0,crackle_score,0.1924589412,0
M39,train,cycle,122_2b2_Ar_mc_LittC2SE__1,crackle_score,0.2952901496,0
M39,train,cycle,122_2b2_Ar_mc_LittC2SE__2,crackle_score,0.5246690953,0
M39,train,cycle,122_2b2_Ar_mc_LittC2SE__3,crackle_score,0.4581083406,0
M39,train,cycle,122_2b2_Ar_mc_LittC2SE__4,crackle_score,0.2467812358,0
M39,train,cycle,122_2b2_Ar_mc_LittC2SE__5,crackle_score,0.3778726506,0
M39,train,cycle,122_2b2_Ar_mc_LittC2SE__6,crackle_score,0.1012227287,0
M39,train,cycle,122_2b2_Tc_mc_LittC2SE__0,crackle_score,0.2576998964,0
M39,train,cycle,122_2b2_Tc_mc_LittC2SE__1,crackle_score,0.3713927194,0
M39,train,cycle,122_2b2_Tc_mc_LittC2SE__2,crackle_score,0.4930096497,0
M39,train,cycle,122_2b2_Tc_mc_LittC2SE__3,crackle_score,0.6175548589,0
M39,train,cycle,122_2b2_Tc_mc_LittC2SE__4,crackle_score,0.5263157895,0
M39,train,cycle,122_2b2_Tc_mc_LittC2SE__5,crackle_score,0.3524445409,0
M39,train,cycle,122_2b3_Al_mc_LittC2SE__0,crackle_score,0.3177656387,0
M39,train,cycle,122_2b3_Al_mc_LittC2SE__1,crackle_score,0.529578956,0
M39,train,cycle,122_2b3_Al_mc_LittC2SE__2,crackle_score,0.2959200269,0
M39,train,cycle,122_2b3_Al_mc_LittC2SE__3,crackle_score,0.2241250872,0
M39,train,cycle,122_2b3_Al_mc_LittC2SE__4,crackle_score,0.3553848073,0
M39,train,cycle,122_2b3_Ar_mc_LittC2SE__0,crackle_score,0.3975990435,0
M39,train,cycle,122_2b3_Ar_mc_LittC2SE__1,crackle_score,0.2646527366,0
M39,train,cycle,122_2b3_Ar_mc_LittC2SE__2,crackle_score,0.2546144726,0
M39,train,cycle,122_2b3_Ar_mc_LittC2SE__3,crackle_score,0.4026621453,0
M39,train,cycle,122_2b3_Ar_mc_LittC2SE__4,crackle_score,0.3862712421,0
M39,train,cycle,122_2b3_Tc_mc_LittC2SE__0,crackle_score,0.5865707175,0
M39,train,cycle,122_2b3_Tc_mc_LittC2SE__1,crackle_score,0.387983819,0
M39,train,cycle,122_2b3_Tc_mc_LittC2SE__2,crackle_score,0.5915122398,0
M39,train,cycle,122_2b3_Tc_mc_LittC2SE__3,crackle_score,0.5816612226,0
M39,train,cycle,122_2b3_Tc_mc_LittC2SE__4,crackle_score,0.5830347223,0
M39,train,cycle,125_1b1_Tc_sc_Meditron__0,crackle_score,0.5479386385,0
M39,train,cycle,125_1b1_Tc_sc_Meditron__1,crackle_score,0.5650533437,0
M39,train,cycle,125_1b1_Tc_sc_Meditron__2,crackle_score,0.5234137204,1
M39,train,cycle,125_1b1_Tc_sc_Meditron__3,crackle_score,0.5,0
M39,train,cycle,125_1b1_Tc_sc_Meditron__4,crackle_score,0.6585204756,1
M39,train,cycle,125_1b1_Tc_sc_Meditron__5,crackle_score,0.6448225923,0
M39,train,cycle,127_1b1_Ar_sc_Meditron__0,crackle_score,0.4572811959,0
M39,train,cycle,127_1b1_Ar_sc_Meditron__1,crackle_score,0.6533947099,0
M39,train,cycle,127_1b1_Ar_sc_Meditron__2,crackle_score,0.5464219527,0
M39,train,cycle,127_1b1_Ar_sc_Meditron__3,crackle_score,0.7619008614,0
M39,train,cycle,127_1b1_Ar_sc_Meditron__4,crackle_score,0.5773518395,1
M39,train,cycle,127_1b1_Ar_sc_Meditron__5,crackle_score,0.6444297076,0
M39,train,cycle,127_1b1_Ar_sc_Meditron__6,crackle_score,0.6191986287,1
M39,train,cycle,127_1b1_Ar_sc_Meditron__7,crackle_score,0.7460195827,0
M39,train,cycle,127_1b1_Ar_sc_Meditron__8,crackle_score,0.6251505403,1
M39,train,cycle,127_1b1_Ar_sc_Meditron__9,crackle_score,0.3286151363,0
M39,train,cycle,128_1b3_Tc_mc_LittC2SE__0,crackle_score,0.4190450926,1
M39,train,cycle,128_1b3_Tc_mc_LittC2SE__1,crackle_score,0.5792531324,0
M39,train,cycle,128_1b3_Tc_mc_LittC2SE__2,crackle_score,0.4945975866,1
M39,train,cycle,128_1b3_Tc_mc_LittC2SE__3,crackle_score,0.417908818,1
M39,train,cycle,128_1b3_Tc_mc_LittC2SE__4,crackle_score,0.4275439666,0
M39,train,cycle,129_1b1_Ar_sc_Meditron__0,crackle_score,0.3386766174,0
M39,train,cycle,129_1b1_Ar_sc_Meditron__1,crackle_score,0.4877358286,1
M39,train,cycle,129_1b1_Ar_sc_Meditron__2,crackle_score,0.3027547643,0
M39,train,cycle,129_1b1_Ar_sc_Meditron__3,crackle_score,0.3477178779,1
M39,train,cycle,129_1b1_Ar_sc_Meditron__4,crackle_score,0.3604115362,1
M39,train,cycle,129_1b1_Ar_sc_Meditron__5,crackle_score,0.4203403348,1
M39,train,cycle,129_1b1_Ar_sc_Meditron__6,crackle_score,0.301919945,1
M39,train,cycle,129_1b1_Ar_sc_Meditron__7,crackle_score,0.3826158844,0
M39,train,cycle,129_1b1_Ar_sc_Meditron__8,crackle_score,0.5632938368,0
M39,train,cycle,130_1p2_Al_mc_AKGC417L__0,crackle_score,0.6448435689,0
M39,train,cycle,130_1p2_Al_mc_AKGC417L__1,crackle_score,0.5933532487,0
M39,train,cycle,130_1p2_Al_mc_AKGC417L__2,crackle_score,0.5772081532,1
M39,train,cycle,130_1p2_Al_mc_AKGC417L__3,crackle_score,0.6870112207,1
M39,train,cycle,130_1p2_Al_mc_AKGC417L__4,crackle_score,0.6317523057,1
M39,train,cycle,130_1p2_Al_mc_AKGC417L__5,crackle_score,0.7210759027,0
M39,train,cycle,130_1p2_Al_mc_AKGC417L__6,crackle_score,0.6584786054,0
M39,train,cycle,130_1p2_Ar_mc_AKGC417L__0,crackle_score,0.6738122827,1
M39,train,cycle,130_1p2_Ar_mc_AKGC417L__1,crackle_score,0.6680358476,1
M39,train,cycle,130_1p2_Ar_mc_AKGC417L__2,crackle_score,0.6544163064,1
M39,train,cycle,130_1p2_Ar_mc_AKGC417L__3,crackle_score,0.6360081605,1
M39,train,cycle,130_1p2_Ar_mc_AKGC417L__4,crackle_score,0.582345191,1
M39,train,cycle,130_1p2_Ar_mc_AKGC417L__5,crackle_score,0.5368459838,1
M39,train,cycle,130_1p2_Ar_mc_AKGC417L__6,crackle_score,0.6386687797,1
M39,train,cycle,130_1p2_Ll_mc_AKGC417L__0,crackle_score,0.5549615474,1
M39,train,cycle,130_1p2_Ll_mc_AKGC417L__1,crackle_score,0.4690793021,1
M39,train,cycle,130_1p2_Ll_mc_AKGC417L__2,crackle_score,0.497259736,1
M39,train,cycle,130_1p2_Ll_mc_AKGC417L__3,crackle_score,0.4779485875,1
M39,train,cycle,130_1p2_Ll_mc_AKGC417L__4,crackle_score,0.6059702928,1
M39,train,cycle,130_1p2_Ll_mc_AKGC417L__5,crackle_score,0.5098123951,1
M39,train,cycle,130_1p2_Ll_mc_AKGC417L__6,crackle_score,0.5109993179,1
M39,train,cycle,130_1p2_Lr_mc_AKGC417L__0,crackle_score,0.6158748552,1
M39,train,cycle,130_1p2_Lr_mc_AKGC417L__1,crackle_score,0.6153752706,1
M39,train,cycle,130_1p2_Lr_mc_AKGC417L__2,crackle_score,0.6235330451,1
M39,train,cycle,130_1p2_Lr_mc_AKGC417L__3,crackle_score,0.6091071911,1
M39,train,cycle,130_1p2_Lr_mc_AKGC417L__4,crackle_score,0.5243437077,1
M39,train,cycle,130_1p2_Lr_mc_AKGC417L__5,crackle_score,0.5336918483,1
M39,train,cycle,130_1p2_Lr_mc_AKGC417L__6,crackle_score,0.4589393557,1
M39,train,cycle,130_1p2_Pl_mc_AKGC417L__0,crackle_score,0.1915109863,1
M39,train,cycle,130_1p2_Pl_mc_AKGC417L__1,crackle_score,0.2317656987,1
M39,train,cycle,130_1p2_Pl_mc_AKGC417L__2,crackle_score,0.1911687999,1
M39,train,cycle,130_1p2_Pl_mc_AKGC417L__3,crackle_score,0.2181617416,1
M39,train,cycle,130_1p2_Pl_mc_AKGC417L__4,crackle_score,0.2352270853,1
M39,train,cycle,130_1p2_Pl_mc_AKGC417L__5,crackle_score,0.1646673695,1
M39,train,cycle,130_1p2_Pl_mc_AKGC417L__6,crackle_score,0.2481128299,1
M39,train,cycle,130_1p2_Pr_mc_AKGC417L__0,crackle_score,0.3930547006,0
M39,train,cycle,130_1p2_Pr_mc_AKGC417L__1,crackle_score,0.2407274175,1
M39,train,cycle,130_1p2_Pr_mc_AKGC417L__2,crackle_score,0.2568460282,1
M39,train,cycle,130_1p2_Pr_mc_AKGC417L__3,crackle_score,0.4395455746,1
M39,train,cycle,130_1p2_Pr_mc_AKGC417L__4,crackle_score,0.24787125,1
M39,train,cycle,130_1p2_Pr_mc_AKGC417L__5,crackle_score,0.2684997953,1
M39,train,cycle,130_1p2_Pr_mc_AKGC417L__6,crackle_score,0.2564146399,0
M39,train,cycle,130_1p2_Tc_mc_AKGC417L__0,crackle_score,0.6158748552,1
M39,train,cycle,130_1p2_Tc_mc_AKGC417L__1,crackle_score,0.5534814819,1
M39,train,cycle,130_1p2_Tc_mc_AKGC417L__2,crackle_score,0.5617665225,1
M39,train,cycle,130_1p2_Tc_mc_AKGC417L__3,crackle_score,0.5680040802,1
M39,train,cycle,130_1p2_Tc_mc_AKGC417L__4,crackle_score,0.582345191,1
M39,train,cycle,130_1p2_Tc_mc_AKGC417L__5,crackle_score,0.6289609433,1
M39,train,cycle,130_1p2_Tc_mc_AKGC417L__6,crackle_score,0.6525749613,1
M39,train,cycle,130_1p3_Al_mc_AKGC417L__0,crackle_score,0.5283000584,1
M39,train,cycle,130_1p3_Al_mc_AKGC417L__1,crackle_score,0.4567431956,1
M39,train,cycle,130_1p3_Al_mc_AKGC417L__2,crackle_score,0.4191697367,1
M39,train,cycle,130_1p3_Al_mc_AKGC417L__3,crackle_score,0.5434480507,1
M39,train,cycle,130_1p3_Al_mc_AKGC417L__4,crackle_score,0.5503423885,1
M39,train,cycle,130_1p3_Al_mc_AKGC417L__5,crackle_score,0.4110395254,0
M39,train,cycle,130_1p3_Ar_mc_AKGC417L__0,crackle_score,0.6565353509,0
M39,train,cycle,130_1p3_Ar_mc_AKGC417L__1,crackle_score,0.6042597557,1
M39,train,cycle,130_1p3_Ar_mc_AKGC417L__2,crackle_score,0.6463271876,1
M39,train,cycle,130_1p3_Ar_mc_AKGC417L__3,crackle_score,0.6175088132,0
M39,train,cycle,130_1p3_Ar_mc_AKGC417L__4,crackle_score,0.6516070346,1
M39,train,cycle,130_1p3_Ar_mc_AKGC417L__5,crackle_score,0.6591343094,1
M39,train,cycle,130_1p3_Ll_mc_AKGC417L__0,crackle_score,0.3985120327,0
M39,train,cycle,130_1p3_Ll_mc_AKGC417L__1,crackle_score,0.4365979978,0
M39,train,cycle,130_1p3_Ll_mc_AKGC417L__2,crackle_score,0.4238903465,1
M39,train,cycle,130_1p3_Ll_mc_AKGC417L__3,crackle_score,0.4061129384,0
M39,train,cycle,130_1p3_Ll_mc_AKGC417L__4,crackle_score,0.3758344664,0
M39,train,cycle,130_1p3_Ll_mc_AKGC417L__5,crackle_score,0.4272965649,0
M39,train,cycle,130_1p3_Lr_mc_AKGC417L__0,crackle_score,0.4967175914,0
M39,train,cycle,130_1p3_Lr_mc_AKGC417L__1,crackle_score,0.4439724323,0
M39,train,cycle,130_1p3_Lr_mc_AKGC417L__2,crackle_score,0.7341235001,0
M39,train,cycle,130_1p3_Lr_mc_AKGC417L__3,crackle_score,0.6321974148,0
M39,train,cycle,130_1p3_Lr_mc_AKGC417L__4,crackle_score,0.6516070346,0
M39,train,cycle,130_1p3_Lr_mc_AKGC417L__5,crackle_score,0.5320410805,0
M39,train,cycle,130_1p3_Pl_mc_AKGC417L__0,crackle_score,0.1534503299,0
M39,train,cycle,130_1p3_Pl_mc_AKGC417L__1,crackle_score,0.1251024633,0
M39,train,cycle,130_1p3_Pl_mc_AKGC417L__2,crackle_score,0.1472438752,0
M39,train,cycle,130_1p3_Pl_mc_AKGC417L__3,crackle_score,0.147204461,0
M39,train,cycle,130_1p3_Pl_mc_AKGC417L__4,crackle_score,0.2403193574,0
M39,train,cycle,130_1p3_Pl_mc_AKGC417L__5,crackle_score,0.1606875602,0
M39,train,cycle,130_1p3_Pr_mc_AKGC417L__0,crackle_score,0.1856052302,0
M39,train,cycle,130_1p3_Pr_mc_AKGC417L__1,crackle_score,0.2949452828,0
M39,train,cycle,130_1p3_Pr_mc_AKGC417L__2,crackle_score,0.2850538069,0
M39,train,cycle,130_1p3_Pr_mc_AKGC417L__3,crackle_score,0.194973382,0
M39,train,cycle,130_1p3_Pr_mc_AKGC417L__4,crackle_score,0.231033493,0
M39,train,cycle,130_1p3_Pr_mc_AKGC417L__5,crackle_score,0.3819223425,0
M39,train,cycle,130_1p3_Tc_mc_AKGC417L__0,crackle_score,0.4233088175,0
M39,train,cycle,130_1p3_Tc_mc_AKGC417L__1,crackle_score,0.4506169669,0
M39,train,cycle,130_1p3_Tc_mc_AKGC417L__2,crackle_score,0.5357320507,0
M39,train,cycle,130_1p3_Tc_mc_AKGC417L__3,crackle_score,0.395388531,0
M39,train,cycle,130_1p3_Tc_mc_AKGC417L__4,crackle_score,0.5678980086,0
M39,train,cycle,130_1p3_Tc_mc_AKGC417L__5,crackle_score,0.3673985579,0
M39,train,cycle,130_1p4_Al_mc_AKGC417L__0,crackle_score,0.3093715102,0
M39,train,cycle,130_1p4_Al_mc_AKGC417L__1,crackle_score,0.4356329159,0
M39,train,cycle,130_1p4_Al_mc_AKGC417L__2,crackle_score,0.392217609,0
M39,train,cycle,130_1p4_Al_mc_AKGC417L__3,crackle_score,0.4734233871,0
M39,train,cycle,130_1p4_Al_mc_AKGC417L__4,crackle_score,0.3150167857,0
M39,train,cycle,130_1p4_Al_mc_AKGC417L__5,crackle_score,0.4228250982,0
M39,train,cycle,130_1p4_Al_mc_AKGC417L__6,crackle_score,0.4475648736,0
M39,train,cycle,130_1p4_Ar_mc_AKGC417L__0,crackle_score,0.6615218952,0
M39,train,cycle,130_1p4_Ar_mc_AKGC417L__1,crackle_score,0.622624157,0
M39,train,cycle,130_1p4_Ar_mc_AKGC417L__2,crackle_score,0.6050052503,0
M39,train,cycle,130_1p4_Ar_mc_AKGC417L__3,crackle_score,0.5520652551,0
M39,train,cycle,130_1p4_Ar_mc_AKGC417L__4,crackle_score,0.5746547219,0
M39,train,cycle,130_1p4_Ar_mc_AKGC417L__5,crackle_score,0.5767165324,0
M39,train,cycle,130_1p4_Ar_mc_AKGC417L__6,crackle_score,0.5897666068,0
M39,train,cycle,130_1p4_Ll_mc_AKGC417L__0,crackle_score,0.2610286954,0
M39,train,cycle,130_1p4_Ll_mc_AKGC417L__1,crackle_score,0.3780555144,0
M39,train,cycle,130_1p4_Ll_mc_AKGC417L__2,crackle_score,0.3419477894,0
M39,train,cycle,130_1p4_Ll_mc_AKGC417L__3,crackle_score,0.3239911185,0
M39,train,cycle,130_1p4_Ll_mc_AKGC417L__4,crackle_score,0.3018036365,0
M39,train,cycle,130_1p4_Ll_mc_AKGC417L__5,crackle_score,0.365620604,0
M39,train,cycle,130_1p4_Ll_mc_AKGC417L__6,crackle_score,0.4239396226,0
M39,train,cycle,130_1p4_Lr_mc_AKGC417L__0,crackle_score,0.1794687724,0
M39,train,cycle,130_1p4_Lr_mc_AKGC417L__1,crackle_score,0.1826902704,0
M39,train,cycle,130_1p4_Lr_mc_AKGC417L__2,crackle_score,0.09684893262,0
M39,train,cycle,130_1p4_Lr_mc_AKGC417L__3,crackle_score,0.1147173967,0
M39,train,cycle,130_1p4_Lr_mc_AKGC417L__4,crackle_score,0.2370967268,0
M39,train,cycle,130_1p4_Lr_mc_AKGC417L__5,crackle_score,0.2403918057,0
M39,train,cycle,130_1p4_Lr_mc_AKGC417L__6,crackle_score,0.1395165099,0
M39,train,cycle,130_1p4_Pl_mc_AKGC417L__0,crackle_score,0.150397206,0
M39,train,cycle,130_1p4_Pl_mc_AKGC417L__1,crackle_score,0.1989521993,0
M39,train,cycle,130_1p4_Pl_mc_AKGC417L__2,crackle_score,0.2396448007,0
M39,train,cycle,130_1p4_Pl_mc_AKGC417L__3,crackle_score,0.3024973519,0
M39,train,cycle,130_1p4_Pl_mc_AKGC417L__4,crackle_score,0.1819839759,0
M39,train,cycle,130_1p4_Pl_mc_AKGC417L__5,crackle_score,0.1756342374,0
M39,train,cycle,130_1p4_Pl_mc_AKGC417L__6,crackle_score,0.2409425141,0
M39,train,cycle,130_1p4_Pr_mc_AKGC417L__0,crackle_score,0.2401126534,0
M39,train,cycle,130_1p4_Pr_mc_AKGC417L__1,crackle_score,0.2458621821,0
M39,train,cycle,130_1p4_Pr_mc_AKGC417L__2,crackle_score,0.2384582313,0
M39,train,cycle,130_1p4_Pr_mc_AKGC417L__3,crackle_score,0.1995667271,0
M39,train,cycle,130_1p4_Pr_mc_AKGC417L__4,crackle_score,0.2371586194,0
M39,train,cycle,130_1p4_Pr_mc_AKGC417L__5,crackle_score,0.2869027229,0
M39,train,cycle,130_1p4_Pr_mc_AKGC417L__6,crackle_score,0.3152171877,0
M39,train,cycle,130_1p4_Tc_mc_AKGC417L__0,crackle_score,0.03862255493,0
M39,train,cycle,130_1p4_Tc_mc_AKGC417L__1,crackle_score,0.3388587376,0
M39,train,cycle,130_1p4_Tc_mc_AKGC417L__2,crackle_score,0.5073593893,0
M39,train,cycle,130_1p4_Tc_mc_AKGC417L__3,crackle_score,0.5351493849,0
M39,train,cycle,130_1p4_Tc_mc_AKGC417L__4,crackle_score,0.2963599402,0
M39,train,cycle,130_1p4_Tc_mc_AKGC417L__5,crackle_score,0.2394572722,0
M39,train,cycle,130_1p4_Tc_mc_AKGC417L__6,crackle_score,0.2159195262,0
M39,train,cycle,130_1p4_Tc_mc_AKGC417L__7,crackle_score,0.3628844891,0
M39,train,cycle,130_2b2_Al_mc_AKGC417L__0,crackle_score,0.6002405774,1
M39,train,cycle,130_2b2_Al_mc_AKGC417L__1,crackle_score,0.5923633784,1
M39,train,cycle,130_2b2_Al_mc_AKGC417L__2,crackle_score,0.5592183182,1
M39,train,cycle,130_2b2_Al_mc_AKGC417L__3,crackle_score,0.594055681,1
M39,train,cycle,130_2b2_Al_mc_AKGC417L__4,crackle_score,0.5580720093,1
M39,train,cycle,130_2b2_Al_mc_AKGC417L__5,crackle_score,0.6054407423,1
M39,train,cycle,130_2b2_Al_mc_AKGC417L__6,crackle_score,0.6240457599,1
M39,train,cycle,130_2b2_Al_mc_AKGC417L__7,crackle_score,0.6072501073,1
M39,train,cycle,130_2b2_Ar_mc_AKGC417L__0,crackle_score,0.4920247123,1
M39,train,cycle,130_2b2_Ar_mc_AKGC417L__1,crackle_score,0.6054852321,1
M39,train,cycle,130_2b2_Ar_mc_AKGC417L__2,crackle_score,0.582620436,1
M39,train,cycle,130_2b2_Ar_mc_AKGC417L__3,crackle_score,0.5701858238,1
M39,train,cycle,130_2b2_Ar_mc_AKGC417L__4,crackle_score,0.5234987003,0
M39,train,cycle,130_2b2_Ar_mc_AKGC417L__5,crackle_score,0.5421375613,0
M39,train,cycle,130_2b2_Ar_mc_AKGC417L__6,crackle_score,0.5591249507,1
M39,train,cycle,130_2b2_Ar_mc_AKGC417L__7,crackle_score,0.6072501073,1
M39,train,cycle,130_2b2_Ll_mc_AKGC417L__0,crackle_score,0.6002405774,1
M39,train,cycle,130_2b2_Ll_mc_AKGC417L__1,crackle_score,0.6476793249,1
M39,train,cycle,130_2b2_Ll_mc_AKGC417L__2,crackle_score,0.697394394,1
M39,train,cycle,130_2b2_Ll_mc_AKGC417L__3,crackle_score,0.594055681,1
M39,train,cycle,130_2b2_Ll_mc_AKGC417L__4,crackle_score,0.635501355,1
M39,train,cycle,130_2b2_Ll_mc_AKGC417L__5,crackle_score,0.7108814846,1
M39,train,cycle,130_2b2_Ll_mc_AKGC417L__6,crackle_score,0.5985415845,1
M39,train,cycle,130_2b2_Ll_mc_AKGC417L__7,crackle_score,0.6930501931,1
M39,train,cycle,130_2b2_Lr_mc_AKGC417L__0,crackle_score,0.6603849238,1
M39,train,cycle,130_2b2_Lr_mc_AKGC417L__1,crackle_score,0.5843881857,1
M39,train,cycle,130_2b2_Lr_mc_AKGC417L__2,crackle_score,0.598697197,1
M39,train,cycle,130_2b2_Lr_mc_AKGC417L__3,crackle_score,0.6316779533,1
M39,train,cycle,130_2b2_Lr_mc_AKGC417L__4,crackle_score,0.635501355,1
M39,train,cycle,130_2b2_Lr_mc_AKGC417L__5,crackle_score,0.5843525938,1
M39,train,cycle,130_2b2_Lr_mc_AKGC417L__6,crackle_score,0.6773748522,1
M39,train,cycle,130_2b2_Lr_mc_AKGC417L__7,crackle_score,0.5858000858,1
M39,train,cycle,130_2b2_Pl_mc_AKGC417L__0,crackle_score,0.519148189,1
M39,train,cycle,130_2b2_Pl_mc_AKGC417L__1,crackle_score,0.4332196221,1
M39,train,cycle,130_2b2_Pl_mc_AKGC417L__2,crackle_score,0.3996653341,1
M39,train,cycle,130_2b2_Pl_mc_AKGC417L__3,crackle_score,0.4418383956,1
M39,train,cycle,130_2b2_Pl_mc_AKGC417L__4,crackle_score,0.4814532518,1
M39,train,cycle,130_2b2_Pl_mc_AKGC417L__5,crackle_score,0.4963473262,1
M39,train,cycle,130_2b2_Pl_mc_AKGC417L__6,crackle_score,0.5124774043,1
M39,train,cycle,130_2b2_Pl_mc_AKGC417L__7,crackle_score,0.6037679958,1
M39,train,cycle,130_2b2_Pr_mc_AKGC417L__0,crackle_score,0.4637031954,1
M39,train,cycle,130_2b2_Pr_mc_AKGC417L__1,crackle_score,0.456329197,1
M39,train,cycle,130_2b2_Pr_mc_AKGC417L__2,crackle_score,0.4879941711,1
M39,train,cycle,130_2b2_Pr_mc_AKGC417L__3,crackle_score,0.5425043904,1
M39,train,cycle,130_2b2_Pr_mc_AKGC417L__4,crackle_score,0.5147020334,1
M39,train,cycle,130_2b2_Pr_mc_AKGC417L__5,crackle_score,0.6054407423,1
M39,train,cycle,130_2b2_Pr_mc_AKGC417L__6,crackle_score,0.6643397661,1
M39,train,cycle,130_2b2_Pr_mc_AKGC417L__7,crackle_score,0.5767597691,1
M39,train,cycle,130_2b2_Tc_mc_AKGC417L__0,crackle_score,0.7806736167,0
M39,train,cycle,130_2b2_Tc_mc_AKGC417L__1,crackle_score,0.753164557,0
M39,train,cycle,130_2b2_Tc_mc_AKGC417L__2,crackle_score,0.6381760758,0
M39,train,cycle,130_2b2_Tc_mc_AKGC417L__3,crackle_score,0.6693002257,0
M39,train,cycle,130_2b2_Tc_mc_AKGC417L__4,crackle_score,0.6548586914,0
M39,train,cycle,130_2b2_Tc_mc_AKGC417L__5,crackle_score,0.6489602281,0
M39,train,cycle,130_2b2_Tc_mc_AKGC417L__6,crackle_score,0.6419380589,0
M39,train,cycle,130_2b2_Tc_mc_AKGC417L__7,crackle_score,0.570255926,0
M39,train,cycle,130_2b3_Al_mc_AKGC417L__0,crackle_score,0.5403517751,0
M39,train,cycle,130_2b3_Al_mc_AKGC417L__1,crackle_score,0.5865800866,1
M39,train,cycle,130_2b3_Al_mc_AKGC417L__2,crackle_score,0.6306051371,1
M39,train,cycle,130_2b3_Al_mc_AKGC417L__3,crackle_score,0.6588742624,1
M39,train,cycle,130_2b3_Al_mc_AKGC417L__4,crackle_score,0.5908265213,1
M39,train,cycle,130_2b3_Al_mc_AKGC417L__5,crackle_score,0.635501355,1
M39,train,cycle,130_2b3_Al_mc_AKGC417L__6,crackle_score,0.5260824204,1
M39,train,cycle,130_2b3_Al_mc_AKGC417L__7,crackle_score,0.5482858522,1
M39,train,cycle,130_2b3_Al_mc_AKGC417L__8,crackle_score,0.6583710407,1
M39,train,cycle,130_2b3_Ar_mc_AKGC417L__0,crackle_score,0.245854028,0
M39,train,cycle,130_2b3_Ar_mc_AKGC417L__1,crackle_score,0.3045719717,1
M39,train,cycle,130_2b3_Ar_mc_AKGC417L__2,crackle_score,0.512812073,1
M39,train,cycle,130_2b3_Ar_mc_AKGC417L__3,crackle_score,0.3180457786,1
M39,train,cycle,130_2b3_Ar_mc_AKGC417L__4,crackle_score,0.488103135,1
M39,train,cycle,130_2b3_Ar_mc_AKGC417L__5,crackle_score,0.5903342367,1
M39,train,cycle,130_2b3_Ar_mc_AKGC417L__6,crackle_score,0.6304121022,1
M39,train,cycle,130_2b3_Ar_mc_AKGC417L__7,crackle_score,0.4717704578,1
M39,train,cycle,130_2b3_Ar_mc_AKGC417L__8,crackle_score,0.3400372057,1
M39,train,cycle,130_2b3_Ll_mc_AKGC417L__0,crackle_score,0.4957103659,1
M39,train,cycle,130_2b3_Ll_mc_AKGC417L__1,crackle_score,0.6515151515,1
M39,train,cycle,130_2b3_Ll_mc_AKGC417L__2,crackle_score,0.6244361108,1
M39,train,cycle,130_2b3_Ll_mc_AKGC417L__3,crackle_score,0.6588742624,1
M39,train,cycle,130_2b3_Ll_mc_AKGC417L__4,crackle_score,0.6589464124,1
M39,train,cycle,130_2b3_Ll_mc_AKGC417L__5,crackle_score,0.6580849142,1
M39,train,cycle,130_2b3_Ll_mc_AKGC417L__6,crackle_score,0.7175728712,1
M39,train,cycle,130_2b3_Ll_mc_AKGC417L__7,crackle_score,0.7655721873,1
M39,train,cycle,130_2b3_Ll_mc_AKGC417L__8,crackle_score,0.6809954751,1
M39,train,cycle,130_2b3_Lr_mc_AKGC417L__0,crackle_score,0.6438159156,0
M39,train,cycle,130_2b3_Lr_mc_AKGC417L__1,crackle_score,0.6948051948,1
M39,train,cycle,130_2b3_Lr_mc_AKGC417L__2,crackle_score,0.5870700914,1
M39,train,cycle,130_2b3_Lr_mc_AKGC417L__3,crackle_score,0.5907852928,1
M39,train,cycle,130_2b3_Lr_mc_AKGC417L__4,crackle_score,0.5454132607,1
M39,train,cycle,130_2b3_Lr_mc_AKGC417L__5,crackle_score,0.635501355,1
M39,train,cycle,130_2b3_Lr_mc_AKGC417L__6,crackle_score,0.6825769431,1
M39,train,cycle,130_2b3_Lr_mc_AKGC417L__7,crackle_score,0.693143409,1
M39,train,cycle,130_2b3_Lr_mc_AKGC417L__8,crackle_score,0.6357466063,1
M39,train,cycle,130_2b3_Pl_mc_AKGC417L__0,crackle_score,0.7054443602,1
M39,train,cycle,130_2b3_Pl_mc_AKGC417L__1,crackle_score,0.4623210031,1
M39,train,cycle,130_2b3_Pl_mc_AKGC417L__2,crackle_score,0.4871544123,1
M39,train,cycle,130_2b3_Pl_mc_AKGC417L__3,crackle_score,0.5066041725,1
M39,train,cycle,130_2b3_Pl_mc_AKGC417L__4,crackle_score,0.7964269173,1
M39,train,cycle,130_2b3_Pl_mc_AKGC417L__5,crackle_score,0.6580849142,1
M39,train,cycle,130_2b3_Pl_mc_AKGC417L__6,crackle_score,0.4580987419,1
M39,train,cycle,130_2b3_Pl_mc_AKGC417L__7,crackle_score,0.6450536711,1
M39,train,cycle,130_2b3_Pl_mc_AKGC417L__8,crackle_score,0.6113851841,1
M39,train,cycle,130_2b3_Pr_mc_AKGC417L__0,crackle_score,0.4083806303,1
M39,train,cycle,130_2b3_Pr_mc_AKGC417L__1,crackle_score,0.6298701299,1
M39,train,cycle,130_2b3_Pr_mc_AKGC417L__2,crackle_score,0.4932080565,1
M39,train,cycle,130_2b3_Pr_mc_AKGC417L__3,crackle_score,0.4497234918,1
M39,train,cycle,130_2b3_Pr_mc_AKGC417L__4,crackle_score,0.4985203742,1
M39,train,cycle,130_2b3_Pr_mc_AKGC417L__5,crackle_score,0.5671130579,1
M39,train,cycle,130_2b3_Pr_mc_AKGC417L__6,crackle_score,0.4943376513,1
M39,train,cycle,130_2b3_Pr_mc_AKGC417L__7,crackle_score,0.3870101473,1
M39,train,cycle,130_2b3_Pr_mc_AKGC417L__8,crackle_score,0.6431356965,1
M39,train,cycle,130_2b3_Tc_mc_AKGC417L__0,crackle_score,0.6350127905,0
M39,train,cycle,130_2b3_Tc_mc_AKGC417L__1,crackle_score,0.7813852814,0
M39,train,cycle,130_2b3_Tc_mc_AKGC417L__2,crackle_score,0.6959077057,0
M39,train,cycle,130_2b3_Tc_mc_AKGC417L__3,crackle_score,0.5063326832,0
M39,train,cycle,130_2b3_Tc_mc_AKGC417L__4,crackle_score,0.704359673,0
M39,train,cycle,130_2b3_Tc_mc_AKGC417L__5,crackle_score,0.7258355917,0
M39,train,cycle,130_2b3_Tc_mc_AKGC417L__6,crackle_score,0.6079029339,0
M39,train,cycle,130_2b3_Tc_mc_AKGC417L__7,crackle_score,0.5482858522,0
M39,train,cycle,130_2b3_Tc_mc_AKGC417L__8,crackle_score,0.5904977376,0
M39,train,cycle,130_2b4_Al_mc_AKGC417L__0,crackle_score,0.5942507069,0
M39,train,cycle,130_2b4_Al_mc_AKGC417L__1,crackle_score,0.5422119038,1
M39,train,cycle,130_2b4_Al_mc_AKGC417L__2,crackle_score,0.5711912672,1
M39,train,cycle,130_2b4_Al_mc_AKGC417L__3,crackle_score,0.6305483029,1
M39,train,cycle,130_2b4_Al_mc_AKGC417L__4,crackle_score,0.668847615,1
M39,train,cycle,130_2b4_Al_mc_AKGC417L__5,crackle_score,0.5938526513,1
M39,train,cycle,130_2b4_Al_mc_AKGC417L__6,crackle_score,0.5844238075,1
M39,train,cycle,130_2b4_Al_mc_AKGC417L__7,crackle_score,0.568119891,1
M39,train,cycle,130_2b4_Al_mc_AKGC417L__8,crackle_score,0.5687442713,1
M39,train,cycle,130_2b4_Ar_mc_AKGC417L__0,crackle_score,0.2709536768,1
M39,train,cycle,130_2b4_Ar_mc_AKGC417L__1,crackle_score,0.5134668002,1
M39,train,cycle,130_2b4_Ar_mc_AKGC417L__2,crackle_score,0.6223067923,1
M39,train,cycle,130_2b4_Ar_mc_AKGC417L__3,crackle_score,0.4593214961,1
M39,train,cycle,130_2b4_Ar_mc_AKGC417L__4,crackle_score,0.4635716202,1
M39,train,cycle,130_2b4_Ar_mc_AKGC417L__5,crackle_score,0.43373152,1
M39,train,cycle,130_2b4_Ar_mc_AKGC417L__6,crackle_score,0.4080131641,1
M39,train,cycle,130_2b4_Ar_mc_AKGC417L__7,crackle_score,0.4145875229,1
M39,train,cycle,130_2b4_Ar_mc_AKGC417L__8,crackle_score,0.5125560471,1
M39,train,cycle,130_2b4_Ll_mc_AKGC417L__0,crackle_score,0.6885014138,0
M39,train,cycle,130_2b4_Ll_mc_AKGC417L__1,crackle_score,0.668847615,1
M39,train,cycle,130_2b4_Ll_mc_AKGC417L__2,crackle_score,0.6423825344,1
M39,train,cycle,130_2b4_Ll_mc_AKGC417L__3,crackle_score,0.6087902524,1
M39,train,cycle,130_2b4_Ll_mc_AKGC417L__4,crackle_score,0.6055297594,1
M39,train,cycle,130_2b4_Ll_mc_AKGC417L__5,crackle_score,0.5938526513,1
M39,train,cycle,130_2b4_Ll_mc_AKGC417L__6,crackle_score,0.6055297594,1
M39,train,cycle,130_2b4_Ll_mc_AKGC417L__7,crackle_score,0.6135331517,1
M39,train,cycle,130_2b4_Ll_mc_AKGC417L__8,crackle_score,0.5916590284,1
M39,train,cycle,130_2b4_Lr_mc_AKGC417L__0,crackle_score,0.5471253534,0
M39,train,cycle,130_2b4_Lr_mc_AKGC417L__1,crackle_score,0.6477416631,1
M39,train,cycle,130_2b4_Lr_mc_AKGC417L__2,crackle_score,0.5237304224,1
M39,train,cycle,130_2b4_Lr_mc_AKGC417L__3,crackle_score,0.6958224543,1
M39,train,cycle,130_2b4_Lr_mc_AKGC417L__4,crackle_score,0.6055297594,1
M39,train,cycle,130_2b4_Lr_mc_AKGC417L__5,crackle_score,0.6173158142,1
M39,train,cycle,130_2b4_Lr_mc_AKGC417L__6,crackle_score,0.6266357113,1
M39,train,cycle,130_2b4_Lr_mc_AKGC417L__7,crackle_score,0.5227066303,1
M39,train,cycle,130_2b4_Lr_mc_AKGC417L__8,crackle_score,0.5229147571,1
M39,train,cycle,130_2b4_Pl_mc_AKGC417L__0,crackle_score,0.3679185661,0
M39,train,cycle,130_2b4_Pl_mc_AKGC417L__1,crackle_score,0.5033696006,1
M39,train,cycle,130_2b4_Pl_mc_AKGC417L__2,crackle_score,0.5333553662,1
M39,train,cycle,130_2b4_Pl_mc_AKGC417L__3,crackle_score,0.5102822763,1
M39,train,cycle,130_2b4_Pl_mc_AKGC417L__4,crackle_score,0.6794541078,1
M39,train,cycle,130_2b4_Pl_mc_AKGC417L__5,crackle_score,0.4924369646,0
M39,train,cycle,130_2b4_Pl_mc_AKGC417L__6,crackle_score,0.5837962323,1
M39,train,cycle,130_2b4_Pl_mc_AKGC417L__7,crackle_score,0.7499232477,1
M39,train,cycle,130_2b4_Pl_mc_AKGC417L__8,crackle_score,0.7520623281,0
M39,train,cycle,130_2p3_Pl_mc_AKGC417L__0,crackle_score,0.5,1
M39,train,cycle,130_2p3_Pl_mc_AKGC417L__1,crackle_score,0.429389313,1
M39,train,cycle,130_2p3_Pl_mc_AKGC417L__2,crackle_score,0.3931203931,1
M39,train,cycle,130_2p3_Pl_mc_AKGC417L__3,crackle_score,0.3250270856,1
M39,train,cycle,130_2p3_Pl_mc_AKGC417L__4,crackle_score,0.3673094582,1
M39,train,cycle,130_2p3_Pl_mc_AKGC417L__5,crackle_score,0.3461005999,1
M39,train,cycle,130_2p3_Pl_mc_AKGC417L__6,crackle_score,0.5,1
M39,train,cycle,130_2p3_Pl_mc_AKGC417L__7,crackle_score,0.3685503686,1
M39,train,cycle,130_2p3_Pl_mc_AKGC417L__8,crackle_score,0.3412073491,1
M39,train,cycle,130_2p3_Pl_mc_AKGC417L__9,crackle_score,0.3339269813,1
M39,train,cycle,130_2p5_Al_mc_AKGC417L__0,crackle_score,0.2100989124,1
M39,train,cycle,130_2p5_Al_mc_AKGC417L__1,crackle_score,0.2271226365,1
M39,train,cycle,130_2p5_Al_mc_AKGC417L__2,crackle_score,0.2466280113,1
M39,train,cycle,130_2p5_Al_mc_AKGC417L__3,crackle_score,0.1833988237,1
M39,train,cycle,130_2p5_Al_mc_AKGC417L__4,crackle_score,0.226372244,1
M39,train,cycle,130_2p5_Al_mc_AKGC417L__5,crackle_score,0.2385038095,1
M39,train,cycle,130_2p5_Al_mc_AKGC417L__6,crackle_score,0.2633220496,1
M39,train,cycle,130_2p5_Al_mc_AKGC417L__7,crackle_score,0.1863011413,1
M39,train,cycle,130_2p5_Al_mc_AKGC417L__8,crackle_score,0.1114103777,1
M39,train,cycle,130_2p5_Al_mc_AKGC417L__9,crackle_score,0.1551881854,1
M39,train,cycle,130_2p5_Al_mc_AKGC417L__10,crackle_score,0.1160586522,1
M39,train,cycle,130_2p5_Ar_mc_AKGC417L__0,crackle_score,0.269921918,1
M39,train,cycle,130_2p5_Ar_mc_AKGC417L__1,crackle_score,0.2593270883,1
M39,train,cycle,130_2p5_Ar_mc_AKGC417L__2,crackle_score,0.2512407457,1
M39,train,cycle,130_2p5_Ar_mc_AKGC417L__3,crackle_score,0.2360921895,1
M39,train,cycle,130_2p5_Ar_mc_AKGC417L__4,crackle_score,0.2856612045,1
M39,train,cycle,130_2p5_Ar_mc_AKGC417L__5,crackle_score,0.2525161152,1
M39,train,cycle,130_2p5_Ar_mc_AKGC417L__6,crackle_score,0.3702160072,1
M39,train,cycle,130_2p5_Ar_mc_AKGC417L__7,crackle_score,0.2724420515,1
M39,train,cycle,130_2p5_Ar_mc_AKGC417L__8,crackle_score,0.2251394303,1
M39,train,cycle,130_2p5_Ar_mc_AKGC417L__9,crackle_score,0.2199087385,1
M39,train,cycle,130_2p5_Ar_mc_AKGC417L__10,crackle_score,0.3707268491,0
M39,train,cycle,130_2p5_Lr_mc_AKGC417L__0,crackle_score,0.1839681146,1
M39,train,cycle,130_2p5_Lr_mc_AKGC417L__1,crackle_score,0.2063133603,1
M39,train,cycle,130_2p5_Lr_mc_AKGC417L__2,crackle_score,0.1661047113,1
M39,train,cycle,130_2p5_Lr_mc_AKGC417L__3,crackle_score,0.2079408402,1
M39,train,cycle,130_2p5_Lr_mc_AKGC417L__4,crackle_score,0.2408110293,1
M39,train,cycle,130_2p5_Lr_mc_AKGC417L__5,crackle_score,0.1771192403,1
M39,train,cycle,130_2p5_Lr_mc_AKGC417L__6,crackle_score,0.2277274402,0
M39,train,cycle,130_2p5_Lr_mc_AKGC417L__7,crackle_score,0.1757011147,1
M39,train,cycle,130_2p5_Lr_mc_AKGC417L__8,crackle_score,0.1820719335,1
M39,train,cycle,130_2p5_Lr_mc_AKGC417L__9,crackle_score,0.1643119097,1
M39,train,cycle,130_2p5_Lr_mc_AKGC417L__10,crackle_score,0.2767197266,0
M39,train,cycle,130_2p5_Pl_mc_AKGC417L__0,crackle_score,0.3194991144,1
M39,train,cycle,130_2p5_Pl_mc_AKGC417L__1,crackle_score,0.3603372301,1
M39,train,cycle,130_2p5_Pl_mc_AKGC417L__2,crackle_score,0.323358413,1
M39,train,cycle,130_2p5_Pl_mc_AKGC417L__3,crackle_score,0.1979248797,1
M39,train,cycle,130_2p5_Pl_mc_AKGC417L__4,crackle_score,0.3354211299,1
M39,train,cycle,130_2p5_Pl_mc_AKGC417L__5,crackle_score,0.6415628539,1
M39,train,cycle,130_2p5_Pl_mc_AKGC417L__6,crackle_score,0.7717391304,1
M39,train,cycle,130_2p5_Pl_mc_AKGC417L__7,crackle_score,0.6480750247,1
M39,train,cycle,130_2p5_Pl_mc_AKGC417L__8,crackle_score,0.6833491342,1
M39,train,cycle,130_2p5_Pl_mc_AKGC417L__9,crackle_score,0.4963698263,1
M39,train,cycle,130_2p5_Pl_mc_AKGC417L__10,crackle_score,0.4963488973,1
M39,train,cycle,130_2p5_Pr_mc_AKGC417L__0,crackle_score,0.5824937071,1
M39,train,cycle,130_2p5_Pr_mc_AKGC417L__1,crackle_score,0.6637810014,1
M39,train,cycle,130_2p5_Pr_mc_AKGC417L__2,crackle_score,0.3341035852,1
M39,train,cycle,130_2p5_Pr_mc_AKGC417L__3,crackle_score,0.4265129008,1
M39,train,cycle,130_2p5_Pr_mc_AKGC417L__4,crackle_score,0.3442085363,1
M39,train,cycle,130_2p5_Pr_mc_AKGC417L__5,crackle_score,0.6132502831,1
M39,train,cycle,130_2p5_Pr_mc_AKGC417L__6,crackle_score,0.5627090301,1
M39,train,cycle,130_2p5_Pr_mc_AKGC417L__7,crackle_score,0.5246791708,1
M39,train,cycle,130_2p5_Pr_mc_AKGC417L__8,crackle_score,0.5002172026,1
M39,train,cycle,130_2p5_Pr_mc_AKGC417L__9,crackle_score,0.355217622,1
M39,train,cycle,130_2p5_Pr_mc_AKGC417L__10,crackle_score,0.1959814669,1
M39,train,cycle,130_2p5_Tc_mc_AKGC417L__0,crackle_score,0.3182608082,0
M39,train,cycle,130_2p5_Tc_mc_AKGC417L__1,crackle_score,0.2547765395,1
M39,train,cycle,130_2p5_Tc_mc_AKGC417L__2,crackle_score,0.1807423823,1
M39,train,cycle,130_2p5_Tc_mc_AKGC417L__3,crackle_score,0.2842452335,1
M39,train,cycle,130_2p5_Tc_mc_AKGC417L__4,crackle_score,0.2914787224,1
M39,train,cycle,130_2p5_Tc_mc_AKGC417L__5,crackle_score,0.186627212,1
M39,train,cycle,130_2p5_Tc_mc_AKGC417L__6,crackle_score,0.2965145625,1
M39,train,cycle,130_2p5_Tc_mc_AKGC417L__7,crackle_score,0.2760186727,1
M39,train,cycle,130_2p5_Tc_mc_AKGC417L__8,crackle_score,0.2827242595,1
M39,train,cycle,130_2p5_Tc_mc_AKGC417L__9,crackle_score,0.2904653964,0
M39,train,cycle,130_2p5_Tc_mc_AKGC417L__10,crackle_score,0.162386304,0
M39,train,cycle,130_3b3_Ll_mc_AKGC417L__0,crackle_score,0.3879565546,1
M39,train,cycle,130_3b3_Ll_mc_AKGC417L__1,crackle_score,0.4145438048,1
M39,train,cycle,130_3b3_Ll_mc_AKGC417L__2,crackle_score,0.6385521302,1
M39,train,cycle,130_3b3_Ll_mc_AKGC417L__3,crackle_score,0.3477305462,1
M39,train,cycle,130_3b3_Ll_mc_AKGC417L__4,crackle_score,0.3810976392,1
M39,train,cycle,130_3b3_Ll_mc_AKGC417L__5,crackle_score,0.2210630022,0
M39,train,cycle,130_3b4_Al_mc_AKGC417L__0,crackle_score,0.6108401685,0
M39,train,cycle,130_3b4_Al_mc_AKGC417L__1,crackle_score,0.5743863129,0
M39,train,cycle,130_3b4_Al_mc_AKGC417L__2,crackle_score,0.5970638195,0
M39,train,cycle,130_3b4_Al_mc_AKGC417L__3,crackle_score,0.6379690949,0
M39,train,cycle,130_3b4_Al_mc_AKGC417L__4,crackle_score,0.6707650273,0
M39,train,cycle,130_3b4_Ar_mc_AKGC417L__0,crackle_score,0.5886721348,0
M39,train,cycle,130_3b4_Ar_mc_AKGC417L__1,crackle_score,0.6115794694,0
M39,train,cycle,130_3b4_Ar_mc_AKGC417L__2,crackle_score,0.6819946615,0
M39,train,cycle,130_3b4_Ar_mc_AKGC417L__3,crackle_score,0.5689845475,0
M39,train,cycle,130_3b4_Ar_mc_AKGC417L__4,crackle_score,0.943989071,0
M39,train,cycle,130_3b4_Lr_mc_AKGC417L__0,crackle_score,0.5886721348,1
M39,train,cycle,130_3b4_Lr_mc_AKGC417L__1,crackle_score,0.5642114555,1
M39,train,cycle,130_3b4_Lr_mc_AKGC417L__2,crackle_score,0.5069829173,1
M39,train,cycle,130_3b4_Lr_mc_AKGC417L__3,crackle_score,0.6655629139,1
M39,train,cycle,130_3b4_Lr_mc_AKGC417L__4,crackle_score,0.4478400321,1
M39,train,cycle,130_3b4_Pl_mc_AKGC417L__0,crackle_score,0.5213816317,1
M39,train,cycle,130_3b4_Pl_mc_AKGC417L__1,crackle_score,0.6735680635,1
M39,train,cycle,130_3b4_Pl_mc_AKGC417L__2,crackle_score,0.543481331,1
M39,train,cycle,130_3b4_Pl_mc_AKGC417L__3,crackle_score,0.3582336455,1
M39,train,cycle,130_3b4_Pl_mc_AKGC417L__4,crackle_score,0.3061563678,1
M39,train,cycle,130_3b4_Pr_mc_AKGC417L__0,crackle_score,0.6053115267,1
M39,train,cycle,130_3b4_Pr_mc_AKGC417L__1,crackle_score,0.6611703447,1
M39,train,cycle,130_3b4_Pr_mc_AKGC417L__2,crackle_score,0.7062606164,1
M39,train,cycle,130_3b4_Pr_mc_AKGC417L__3,crackle_score,0.582781457,1
M39,train,cycle,130_3b4_Pr_mc_AKGC417L__4,crackle_score,0.2832208837,1
M39,train,cycle,130_3p2_Al_mc_AKGC417L__0,crackle_score,0.6054091892,1
M39,train,cycle,130_3p2_Al_mc_AKGC417L__1,crackle_score,0.518544112,1
M39,train,cycle,130_3p2_Al_mc_AKGC417L__2,crackle_score,0.6446131598,1
M39,train,cycle,130_3p2_Al_mc_AKGC417L__3,crackle_score,0.5241755834,1
M39,train,cycle,130_3p2_Al_mc_AKGC417L__4,crackle_score,0.7802101576,1
M39,train,cycle,130_3p2_Al_mc_AKGC417L__5,crackle_score,0.6553331032,1
M39,train,cycle,130_3p2_Al_mc_AKGC417L__6,crackle_score,0.5738121098,1
M39,train,cycle,130_3p2_Ar_mc_AKGC417L__0,crackle_score,0.68930999,0
M39,train,cycle,130_3p2_Ar_mc_AKGC417L__1,crackle_score,0.7567613831,1
M39,train,cycle,130_3p2_Ar_mc_AKGC417L__2,crackle_score,0.5590649273,0
M39,train,cycle,130_3p2_Ar_mc_AKGC417L__3,crackle_score,0.6465362925,1
M39,train,cycle,130_3p2_Ar_mc_AKGC417L__4,crackle_score,0.6576182137,1
M39,train,cycle,130_3p2_Ar_mc_AKGC417L__5,crackle_score,0.5862961685,0
M39,train,cycle,130_3p2_Ar_mc_AKGC417L__6,crackle_score,0.4668100683,0
M39,train,cycle,130_3p2_Pl_mc_AKGC417L__0,crackle_score,0.3942598165,1
M39,train,cycle,130_3p2_Pl_mc_AKGC417L__1,crackle_score,0.3261873147,1
M39,train,cycle,130_3p2_Pl_mc_AKGC417L__2,crackle_score,0.2239151723,1
M39,train,cycle,130_3p2_Pl_mc_AKGC417L__3,crackle_score,0.2941985839,1
M39,train,cycle,130_3p2_Pl_mc_AKGC417L__4,crackle_score,0.2551641593,1
M39,train,cycle,130_3p2_Pl_mc_AKGC417L__5,crackle_score,0.247912318,1
M39,train,cycle,130_3p2_Pl_mc_AKGC417L__6,crackle_score,0.1664631351,1
M39,train,cycle,130_3p2_Pr_mc_AKGC417L__0,crackle_score,0.2189247899,1
M39,train,cycle,130_3p2_Pr_mc_AKGC417L__1,crackle_score,0.1470919172,1
M39,train,cycle,130_3p2_Pr_mc_AKGC417L__2,crackle_score,0.2140980473,1
M39,train,cycle,130_3p2_Pr_mc_AKGC417L__3,crackle_score,0.2226455293,1
M39,train,cycle,130_3p2_Pr_mc_AKGC417L__4,crackle_score,0.2420987645,1
M39,train,cycle,130_3p2_Pr_mc_AKGC417L__5,crackle_score,0.1676673566,1
M39,train,cycle,130_3p2_Pr_mc_AKGC417L__6,crackle_score,0.4447728354,1
M39,train,cycle,130_3p2_Tc_mc_AKGC417L__0,crackle_score,0.2723369876,1
M39,train,cycle,130_3p2_Tc_mc_AKGC417L__1,crackle_score,0.2448972,1
M39,train,cycle,130_3p2_Tc_mc_AKGC417L__2,crackle_score,0.2206584131,1
M39,train,cycle,130_3p2_Tc_mc_AKGC417L__3,crackle_score,0.3422366727,1
M39,train,cycle,130_3p2_Tc_mc_AKGC417L__4,crackle_score,0.2758042298,1
M39,train,cycle,130_3p2_Tc_mc_AKGC417L__5,crackle_score,0.3919874048,1
M39,train,cycle,130_3p2_Tc_mc_AKGC417L__6,crackle_score,0.2842741662,1
M39,train,cycle,130_3p3_Al_mc_AKGC417L__0,crackle_score,0.5998260675,1
M39,train,cycle,130_3p3_Al_mc_AKGC417L__1,crackle_score,0.5304643569,1
M39,train,cycle,130_3p3_Al_mc_AKGC417L__2,crackle_score,0.5878734622,1
M39,train,cycle,130_3p3_Al_mc_AKGC417L__3,crackle_score,0.5952112916,1
M39,train,cycle,130_3p3_Al_mc_AKGC417L__4,crackle_score,0.646092038,1
M39,train,cycle,130_3p3_Al_mc_AKGC417L__5,crackle_score,0.6327617108,1
M39,train,cycle,130_3p3_Al_mc_AKGC417L__6,crackle_score,0.5025658904,1
M39,train,cycle,130_3p3_Pl_mc_AKGC417L__0,crackle_score,0.3221371718,1
M39,train,cycle,130_3p3_Pl_mc_AKGC417L__1,crackle_score,0.3334008574,1
M39,train,cycle,130_3p3_Pl_mc_AKGC417L__2,crackle_score,0.3313965965,1
M39,train,cycle,130_3p3_Pl_mc_AKGC417L__3,crackle_score,0.3915550627,1
M39,train,cycle,130_3p3_Pl_mc_AKGC417L__4,crackle_score,0.3102250494,1
M39,train,cycle,130_3p3_Pl_mc_AKGC417L__5,crackle_score,0.2742640168,1
M39,train,cycle,130_3p3_Pl_mc_AKGC417L__6,crackle_score,0.3075169632,1
M39,train,cycle,130_3p3_Pr_mc_AKGC417L__0,crackle_score,0.5617792422,1
M39,train,cycle,130_3p3_Pr_mc_AKGC417L__1,crackle_score,0.4171619139,1
M39,train,cycle,130_3p3_Pr_mc_AKGC417L__2,crackle_score,0.5175746924,1
M39,train,cycle,130_3p3_Pr_mc_AKGC417L__3,crackle_score,0.4398497193,1
M39,train,cycle,130_3p3_Pr_mc_AKGC417L__4,crackle_score,0.5413544423,1
M39,train,cycle,130_3p3_Pr_mc_AKGC417L__5,crackle_score,0.5351493849,1
M39,train,cycle,130_3p3_Pr_mc_AKGC417L__6,crackle_score,0.4684896203,1
M39,train,cycle,130_3p3_Tc_mc_AKGC417L__0,crackle_score,0.1915479316,0
M39,train,cycle,130_3p3_Tc_mc_AKGC417L__1,crackle_score,0.2872937787,1
M39,train,cycle,130_3p3_Tc_mc_AKGC417L__2,crackle_score,0.2038477598,1
M39,train,cycle,130_3p3_Tc_mc_AKGC417L__3,crackle_score,0.3417732285,1
M39,train,cycle,130_3p3_Tc_mc_AKGC417L__4,crackle_score,0.5001531382,1
M39,train,cycle,130_3p3_Tc_mc_AKGC417L__5,crackle_score,0.1303233138,1
M39,train,cycle,130_3p3_Tc_mc_AKGC417L__6,crackle_score,0.2501800748,1
M39,train,cycle,130_3p4_Al_mc_AKGC417L__0,crackle_score,0.5570125428,1
M39,train,cycle,130_3p4_Al_mc_AKGC417L__1,crackle_score,0.5721240534,1
M39,train,cycle,130_3p4_Al_mc_AKGC417L__2,crackle_score,0.5792079208,1
M39,train,cycle,130_3p4_Al_mc_AKGC417L__3,crackle_score,0.4612670968,1
M39,train,cycle,130_3p4_Al_mc_AKGC417L__4,crackle_score,0.4892473384,1
M39,train,cycle,130_3p4_Al_mc_AKGC417L__5,crackle_score,0.5756659504,0
M39,train,cycle,130_3p4_Al_mc_AKGC417L__6,crackle_score,0.6250282501,1
M39,train,cycle,130_3p4_Al_mc_AKGC417L__7,crackle_score,0.2874055261,0
M39,train,cycle,130_3p4_Pl_mc_AKGC417L__0,crackle_score,0.2993869753,1
M39,train,cycle,130_3p4_Pl_mc_AKGC417L__1,crackle_score,0.3917460304,1
M39,train,cycle,130_3p4_Pl_mc_AKGC417L__2,crackle_score,0.3928845527,1
M39,train,cycle,130_3p4_Pl_mc_AKGC417L__3,crackle_score,0.4346456537,1
M39,train,cycle,130_3p4_Pl_mc_AKGC417L__4,crackle_score,0.3786917419,1
M39,train,cycle,130_3p4_Pl_mc_AKGC417L__5,crackle_score,0.3909945231,1
M39,train,cycle,130_3p4_Pl_mc_AKGC417L__6,crackle_score,0.2780474648,1
M39,train,cycle,130_3p4_Pl_mc_AKGC417L__7,crackle_score,0.1919709443,1
M39,train,cycle,130_3p4_Pr_mc_AKGC417L__0,crackle_score,0.5950209046,1
M39,train,cycle,130_3p4_Pr_mc_AKGC417L__1,crackle_score,0.3184480423,1
M39,train,cycle,130_3p4_Pr_mc_AKGC417L__2,crackle_score,0.4761654909,1
M39,train,cycle,130_3p4_Pr_mc_AKGC417L__3,crackle_score,0.2333151932,1
M39,train,cycle,130_3p4_Pr_mc_AKGC417L__4,crackle_score,0.3067641643,1
M39,train,cycle,130_3p4_Pr_mc_AKGC417L__5,crackle_score,0.4280235422,1
M39,train,cycle,130_3p4_Pr_mc_AKGC417L__6,crackle_score,0.5199570762,1
M39,train,cycle,130_3p4_Pr_mc_AKGC417L__7,crackle_score,0.1737641131,1
M39,train,cycle,130_3p4_Tc_mc_AKGC417L__0,crackle_score,0.2836096002,1
M39,train,cycle,130_3p4_Tc_mc_AKGC417L__1,crackle_score,0.277611104,1
M39,train,cycle,130_3p4_Tc_mc_AKGC417L__2,crackle_score,0.2939160675,1
M39,train,cycle,130_3p4_Tc_mc_AKGC417L__3,crackle_score,0.27413451,1
M39,train,cycle,130_3p4_Tc_mc_AKGC417L__4,crackle_score,0.1627017158,1
M39,train,cycle,130_3p4_Tc_mc_AKGC417L__5,crackle_score,0.1664647661,1
M39,train,cycle,130_3p4_Tc_mc_AKGC417L__6,crackle_score,0.2659801498,1
M39,train,cycle,130_3p4_Tc_mc_AKGC417L__7,crackle_score,0.1929932169,1
M39,train,cycle,131_1b1_Al_sc_Meditron__0,crackle_score,0.5628839065,0
M39,train,cycle,131_1b1_Al_sc_Meditron__1,crackle_score,0.3906687171,0
M39,train,cycle,131_1b1_Al_sc_Meditron__2,crackle_score,0.2635509852,0
M39,train,cycle,131_1b1_Al_sc_Meditron__3,crackle_score,0.3022837734,0
M39,train,cycle,131_1b1_Al_sc_Meditron__4,crackle_score,0.5012368677,0
M39,train,cycle,131_1b1_Al_sc_Meditron__5,crackle_score,0.5246249557,0
M39,train,cycle,131_1b1_Al_sc_Meditron__6,crackle_score,0.5063627467,0
M39,train,cycle,131_1b1_Al_sc_Meditron__7,crackle_score,0.44810908,0
M39,train,cycle,131_1b1_Al_sc_Meditron__8,crackle_score,0.3345334541,0
M39,train,cycle,131_1b1_Al_sc_Meditron__9,crackle_score,0.5354657584,0
M39,train,cycle,131_1b1_Al_sc_Meditron__10,crackle_score,0.3477404581,0
M39,train,cycle,132_2b1_Lr_mc_LittC2SE__0,crackle_score,0.8376304481,1
M39,train,cycle,132_2b1_Lr_mc_LittC2SE__1,crackle_score,0.5514403076,1
M39,train,cycle,132_2b1_Lr_mc_LittC2SE__2,crackle_score,0.4324963205,0
M39,train,cycle,132_2b1_Lr_mc_LittC2SE__3,crackle_score,0.5528590069,1
M39,train,cycle,132_2b1_Lr_mc_LittC2SE__4,crackle_score,0.3902848477,1
M39,train,cycle,132_2b1_Lr_mc_LittC2SE__5,crackle_score,0.5308213443,1
M39,train,cycle,132_2b1_Lr_mc_LittC2SE__6,crackle_score,0.4839375185,1
M39,train,cycle,132_2b1_Lr_mc_LittC2SE__7,crackle_score,0.2709014317,1
M39,train,cycle,132_2b1_Lr_mc_LittC2SE__8,crackle_score,0.4716846112,1
M39,train,cycle,132_2b2_Lr_mc_LittC2SE__0,crackle_score,0.4534337384,0
M39,train,cycle,132_2b2_Lr_mc_LittC2SE__1,crackle_score,0.3130729093,1
M39,train,cycle,132_2b2_Lr_mc_LittC2SE__2,crackle_score,0.2620561716,1
M39,train,cycle,132_2b2_Lr_mc_LittC2SE__3,crackle_score,0.4333419269,1
M39,train,cycle,132_2b2_Lr_mc_LittC2SE__4,crackle_score,0.4106356185,1
M39,train,cycle,132_2b2_Lr_mc_LittC2SE__5,crackle_score,0.6201343866,1
M39,train,cycle,132_2b2_Lr_mc_LittC2SE__6,crackle_score,0.5813578969,1
M39,train,cycle,132_2b2_Lr_mc_LittC2SE__7,crackle_score,0.7135942396,1
M39,train,cycle,132_2b2_Lr_mc_LittC2SE__8,crackle_score,0.6759788825,1
M39,train,cycle,132_2b2_Lr_mc_LittC2SE__9,crackle_score,0.3788061621,1
M39,train,cycle,134_2b1_Al_mc_LittC2SE__0,crackle_score,0.3699478388,0
M39,train,cycle,134_2b1_Al_mc_LittC2SE__1,crackle_score,0.4269194845,0
M39,train,cycle,134_2b1_Al_mc_LittC2SE__2,crackle_score,0.3149680694,0
M39,train,cycle,134_2b1_Al_mc_LittC2SE__3,crackle_score,0.4766780605,0
M39,train,cycle,134_2b1_Al_mc_LittC2SE__4,crackle_score,0.3053074009,0
M39,train,cycle,134_2b1_Ar_mc_LittC2SE__0,crackle_score,0.3354806537,0
M39,train,cycle,134_2b1_Ar_mc_LittC2SE__1,crackle_score,0.4927474842,0
M39,train,cycle,134_2b1_Ar_mc_LittC2SE__2,crackle_score,0.2740759242,0
M39,train,cycle,134_2b1_Ar_mc_LittC2SE__3,crackle_score,0.5384177775,0
M39,train,cycle,134_2b1_Ar_mc_LittC2SE__4,crackle_score,0.2295283623,0
M39,train,cycle,134_2b2_Al_mc_LittC2SE__0,crackle_score,0.2599851737,0
M39,train,cycle,134_2b2_Al_mc_LittC2SE__1,crackle_score,0.3259570259,0
M39,train,cycle,134_2b2_Al_mc_LittC2SE__2,crackle_score,0.2256167333,0
M39,train,cycle,134_2b2_Al_mc_LittC2SE__3,crackle_score,0.2853834986,0
M39,train,cycle,134_2b2_Al_mc_LittC2SE__4,crackle_score,0.3834436848,0
M39,train,cycle,134_2b2_Al_mc_LittC2SE__5,crackle_score,0.3471804511,0
M39,train,cycle,134_2b2_Al_mc_LittC2SE__6,crackle_score,0.06342272146,0
M39,train,cycle,134_2b2_Ar_mc_LittC2SE__0,crackle_score,0.3050682361,0
M39,train,cycle,134_2b2_Ar_mc_LittC2SE__1,crackle_score,0.3729099118,0
M39,train,cycle,134_2b2_Ar_mc_LittC2SE__2,crackle_score,0.1749576555,0
M39,train,cycle,134_2b2_Ar_mc_LittC2SE__3,crackle_score,0.3278364269,0
M39,train,cycle,134_2b2_Ar_mc_LittC2SE__4,crackle_score,0.177958594,0
M39,train,cycle,134_2b2_Ar_mc_LittC2SE__5,crackle_score,0.3384962387,0
M39,train,cycle,134_2b2_Ar_mc_LittC2SE__6,crackle_score,0.1462575429,0
M39,train,cycle,134_2b3_Ar_mc_LittC2SE__0,crackle_score,0.2495061044,0
M39,train,cycle,134_2b3_Ar_mc_LittC2SE__1,crackle_score,0.3120808576,0
M39,train,cycle,134_2b3_Ar_mc_LittC2SE__2,crackle_score,0.2951972414,0
M39,train,cycle,134_2b3_Ar_mc_LittC2SE__3,crackle_score,0.2907951781,0
M39,train,cycle,134_2b3_Ar_mc_LittC2SE__4,crackle_score,0.3476648372,0
M39,train,cycle,134_2b3_Ar_mc_LittC2SE__5,crackle_score,0.2095641793,0
M39,train,cycle,135_2b1_Al_mc_LittC2SE__0,crackle_score,0.2913441305,0
M39,train,cycle,135_2b1_Al_mc_LittC2SE__1,crackle_score,0.2561211274,0
M39,train,cycle,135_2b1_Al_mc_LittC2SE__2,crackle_score,0.4186453102,0
M39,train,cycle,135_2b1_Al_mc_LittC2SE__3,crackle_score,0.4420083783,0
M39,train,cycle,135_2b1_Al_mc_LittC2SE__4,crackle_score,0.2393107845,0
M39,train,cycle,135_2b1_Al_mc_LittC2SE__5,crackle_score,0.5090876748,0
M39,train,cycle,135_2b1_Al_mc_LittC2SE__6,crackle_score,0.336655056,0
M39,train,cycle,135_2b1_Al_mc_LittC2SE__7,crackle_score,0.4639238815,0
M39,train,cycle,135_2b1_Al_mc_LittC2SE__8,crackle_score,0.3745363056,0
M39,train,cycle,135_2b1_Ar_mc_LittC2SE__0,crackle_score,0.1944311876,0
M39,train,cycle,135_2b1_Ar_mc_LittC2SE__1,crackle_score,0.157975382,0
M39,train,cycle,135_2b1_Ar_mc_LittC2SE__2,crackle_score,0.2477072176,0
M39,train,cycle,135_2b1_Ar_mc_LittC2SE__3,crackle_score,0.3528417853,0
M39,train,cycle,135_2b1_Ar_mc_LittC2SE__4,crackle_score,0.3910418349,0
M39,train,cycle,135_2b1_Ar_mc_LittC2SE__5,crackle_score,0.2369436522,0
M39,train,cycle,135_2b1_Ar_mc_LittC2SE__6,crackle_score,0.3006829144,0
M39,train,cycle,135_2b1_Ar_mc_LittC2SE__7,crackle_score,0.2603012223,0
M39,train,cycle,135_2b1_Ar_mc_LittC2SE__8,crackle_score,0.2839446678,0
M39,train,cycle,135_2b1_Pl_mc_LittC2SE__0,crackle_score,0.8773140449,1
M39,train,cycle,135_2b1_Pl_mc_LittC2SE__1,crackle_score,0.3486825308,1
M39,train,cycle,135_2b1_Pl_mc_LittC2SE__2,crackle_score,0.5432167197,1
M39,train,cycle,135_2b1_Pl_mc_LittC2SE__3,crackle_score,0.8735745183,1
M39,train,cycle,135_2b1_Pl_mc_LittC2SE__4,crackle_score,0.8333333333,1
M39,train,cycle,135_2b1_Pl_mc_LittC2SE__5,crackle_score,0.5740740741,0
M39,train,cycle,135_2b1_Pl_mc_LittC2SE__6,crackle_score,0.6221225041,0
M39,train,cycle,135_2b1_Pl_mc_LittC2SE__7,crackle_score,0.4606294115,0
M39,train,cycle,135_2b1_Pl_mc_LittC2SE__8,crackle_score,0.5654458292,0
M39,train,cycle,135_2b1_Tc_mc_LittC2SE__0,crackle_score,0.2697078801,0
M39,train,cycle,135_2b1_Tc_mc_LittC2SE__1,crackle_score,0.3038970198,0
M39,train,cycle,135_2b1_Tc_mc_LittC2SE__2,crackle_score,0.273601886,0
M39,train,cycle,135_2b1_Tc_mc_LittC2SE__3,crackle_score,0.2646392615,0
M39,train,cycle,135_2b1_Tc_mc_LittC2SE__4,crackle_score,0.4460259639,0
M39,train,cycle,135_2b1_Tc_mc_LittC2SE__5,crackle_score,0.6497566455,0
M39,train,cycle,135_2b1_Tc_mc_LittC2SE__6,crackle_score,0.5422648671,0
M39,train,cycle,135_2b1_Tc_mc_LittC2SE__7,crackle_score,0.270396172,0
M39,train,cycle,135_2b1_Tc_mc_LittC2SE__8,crackle_score,0.3176467437,0
M39,train,cycle,135_2b2_Al_mc_LittC2SE__0,crackle_score,0.5677811304,0
M39,train,cycle,135_2b2_Al_mc_LittC2SE__1,crackle_score,0.4518820368,0
M39,train,cycle,135_2b2_Al_mc_LittC2SE__2,crackle_score,0.4341604297,0
M39,train,cycle,135_2b2_Al_mc_LittC2SE__3,crackle_score,0.4019363447,0
M39,train,cycle,135_2b2_Al_mc_LittC2SE__4,crackle_score,0.3172735255,0
M39,train,cycle,135_2b2_Al_mc_LittC2SE__5,crackle_score,0.3659659669,0
M39,train,cycle,135_2b2_Al_mc_LittC2SE__6,crackle_score,0.4447019982,0
M39,train,cycle,135_2b2_Al_mc_LittC2SE__7,crackle_score,0.4045144058,0
M39,train,cycle,135_2b2_Ar_mc_LittC2SE__0,crackle_score,0.3890589482,0
M39,train,cycle,135_2b2_Ar_mc_LittC2SE__1,crackle_score,0.127730013,0
M39,train,cycle,135_2b2_Ar_mc_LittC2SE__2,crackle_score,0.2984901412,0
M39,train,cycle,135_2b2_Ar_mc_LittC2SE__3,crackle_score,0.1984696344,0
M39,train,cycle,135_2b2_Ar_mc_LittC2SE__4,crackle_score,0.5238606944,0
M39,train,cycle,135_2b2_Ar_mc_LittC2SE__5,crackle_score,0.4267603689,0
M39,train,cycle,135_2b2_Ar_mc_LittC2SE__6,crackle_score,0.3439281125,0
M39,train,cycle,135_2b2_Ar_mc_LittC2SE__7,crackle_score,0.2196341057,0
M39,train,cycle,135_2b2_Pl_mc_LittC2SE__0,crackle_score,0.6242750621,0
M39,train,cycle,135_2b2_Pl_mc_LittC2SE__1,crackle_score,0.7407407407,0
M39,train,cycle,135_2b2_Pl_mc_LittC2SE__2,crackle_score,0.6168120318,0
M39,train,cycle,135_2b2_Pl_mc_LittC2SE__3,crackle_score,0.6588333,0
M39,train,cycle,135_2b2_Pl_mc_LittC2SE__4,crackle_score,0.6284109149,0
M39,train,cycle,135_2b2_Pl_mc_LittC2SE__5,crackle_score,0.4000005675,0
M39,train,cycle,135_2b2_Pl_mc_LittC2SE__6,crackle_score,0.1649991826,0
M39,train,cycle,135_2b2_Tc_mc_LittC2SE__0,crackle_score,0.307326274,0
M39,train,cycle,135_2b2_Tc_mc_LittC2SE__1,crackle_score,0.5556450027,0
M39,train,cycle,135_2b2_Tc_mc_LittC2SE__2,crackle_score,0.4488940584,0
M39,train,cycle,135_2b2_Tc_mc_LittC2SE__3,crackle_score,0.4846287991,0
M39,train,cycle,135_2b2_Tc_mc_LittC2SE__4,crackle_score,0.3933366903,0
M39,train,cycle,135_2b2_Tc_mc_LittC2SE__5,crackle_score,0.4125824186,0
M39,train,cycle,135_2b2_Tc_mc_LittC2SE__6,crackle_score,0.3405238109,0
M39,train,cycle,135_2b2_Tc_mc_LittC2SE__7,crackle_score,0.2203374805,0
M39,train,cycle,135_2b3_Al_mc_LittC2SE__0,crackle_score,0.4573584489,0
M39,train,cycle,135_2b3_Al_mc_LittC2SE__1,crackle_score,0.2383614969,0
M39,train,cycle,135_2b3_Al_mc_LittC2SE__2,crackle_score,0.5665410591,0
M39,train,cycle,135_2b3_Al_mc_LittC2SE__3,crackle_score,0.3599228347,0
M39,train,cycle,135_2b3_Al_mc_LittC2SE__4,crackle_score,0.3287219493,0
M39,train,cycle,135_2b3_Al_mc_LittC2SE__5,crackle_score,0.5069190479,0
M39,train,cycle,135_2b3_Al_mc_LittC2SE__6,crackle_score,0.6086956522,0
M39,train,cycle,135_2b3_Al_mc_LittC2SE__7,crackle_score,0.6611418048,0
M39,train,cycle,135_2b3_Al_mc_LittC2SE__8,crackle_score,0.1839136316,0
M39,train,cycle,135_2b3_Ar_mc_LittC2SE__0,crackle_score,0.4068752434,0
M39,train,cycle,135_2b3_Ar_mc_LittC2SE__1,crackle_score,0.4603110792,0
M39,train,cycle,135_2b3_Ar_mc_LittC2SE__2,crackle_score,0.3335583705,0
M39,train,cycle,135_2b3_Ar_mc_LittC2SE__3,crackle_score,0.3135537242,0
M39,train,cycle,135_2b3_Ar_mc_LittC2SE__4,crackle_score,0.377200755,0
M39,train,cycle,135_2b3_Ar_mc_LittC2SE__5,crackle_score,0.1778707626,0
M39,train,cycle,135_2b3_Ar_mc_LittC2SE__6,crackle_score,0.4170020981,0
M39,train,cycle,135_2b3_Ar_mc_LittC2SE__7,crackle_score,0.2828206784,0
M39,train,cycle,135_2b3_Ar_mc_LittC2SE__8,crackle_score,0.1964559942,0
M39,train,cycle,135_2b3_Pl_mc_LittC2SE__0,crackle_score,0.320402255,0
M39,train,cycle,135_2b3_Pl_mc_LittC2SE__1,crackle_score,0.1751980283,0
M39,train,cycle,135_2b3_Pl_mc_LittC2SE__2,crackle_score,0.2929552945,0
M39,train,cycle,135_2b3_Pl_mc_LittC2SE__3,crackle_score,0.4685964032,0
M39,train,cycle,135_2b3_Pl_mc_LittC2SE__4,crackle_score,0.5927889714,0
M39,train,cycle,135_2b3_Pl_mc_LittC2SE__5,crackle_score,0.5454545455,0
M39,train,cycle,135_2b3_Pl_mc_LittC2SE__6,crackle_score,0.4854296071,0
M39,train,cycle,135_2b3_Pl_mc_LittC2SE__7,crackle_score,0.3803958106,0
M39,train,cycle,135_2b3_Pl_mc_LittC2SE__8,crackle_score,0.09254235964,0
M39,train,cycle,135_2b3_Pr_mc_LittC2SE__0,crackle_score,0.3374556497,0
M39,train,cycle,135_2b3_Pr_mc_LittC2SE__1,crackle_score,0.297554405,0
M39,train,cycle,135_2b3_Pr_mc_LittC2SE__2,crackle_score,0.2795735381,0
M39,train,cycle,135_2b3_Pr_mc_LittC2SE__3,crackle_score,0.2207542351,0
M39,train,cycle,135_2b3_Pr_mc_LittC2SE__4,crackle_score,0.372522183,0
M39,train,cycle,135_2b3_Pr_mc_LittC2SE__5,crackle_score,0.3998936122,0
M39,train,cycle,135_2b3_Pr_mc_LittC2SE__6,crackle_score,0.3169960689,0
M39,train,cycle,135_2b3_Pr_mc_LittC2SE__7,crackle_score,0.2492249934,0
M39,train,cycle,135_2b3_Pr_mc_LittC2SE__8,crackle_score,0.1289233857,0
M39,train,cycle,135_2b3_Tc_mc_LittC2SE__0,crackle_score,0.4184311263,0
M39,train,cycle,135_2b3_Tc_mc_LittC2SE__1,crackle_score,0.3041648331,0
M39,train,cycle,135_2b3_Tc_mc_LittC2SE__2,crackle_score,0.2336265438,0
M39,train,cycle,135_2b3_Tc_mc_LittC2SE__3,crackle_score,0.3476904595,0
M39,train,cycle,135_2b3_Tc_mc_LittC2SE__4,crackle_score,0.6923702349,0
M39,train,cycle,135_2b3_Tc_mc_LittC2SE__5,crackle_score,0.3252162121,0
M39,train,cycle,135_2b3_Tc_mc_LittC2SE__6,crackle_score,0.2311459587,0
M39,train,cycle,135_2b3_Tc_mc_LittC2SE__7,crackle_score,0.3208758818,0
M39,train,cycle,135_2b3_Tc_mc_LittC2SE__8,crackle_score,0.2863806352,0
M39,train,cycle,137_1b1_Ar_sc_Meditron__0,crackle_score,0.4247311365,0
M39,train,cycle,137_1b1_Ar_sc_Meditron__1,crackle_score,0.4373451654,0
M39,train,cycle,137_1b1_Ar_sc_Meditron__2,crackle_score,0.4926856137,0
M39,train,cycle,137_1b1_Ar_sc_Meditron__3,crackle_score,0.2939384888,0
M39,train,cycle,137_1b1_Ar_sc_Meditron__4,crackle_score,0.4221819274,0
M39,train,cycle,137_1b1_Ar_sc_Meditron__5,crackle_score,0.3761356039,0
M39,train,cycle,137_1b1_Ar_sc_Meditron__6,crackle_score,0.3531074358,0
M39,train,cycle,137_1b1_Ar_sc_Meditron__7,crackle_score,0.5474330284,0
M39,train,cycle,137_1b1_Ll_sc_Meditron__0,crackle_score,0.3876835256,0
M39,train,cycle,137_1b1_Ll_sc_Meditron__1,crackle_score,0.3947801944,0
M39,train,cycle,137_1b1_Ll_sc_Meditron__2,crackle_score,0.5224177045,0
M39,train,cycle,137_1b1_Ll_sc_Meditron__3,crackle_score,0.5444903957,0
M39,train,cycle,137_1b1_Ll_sc_Meditron__4,crackle_score,0.5621764398,0
M39,train,cycle,137_1b1_Ll_sc_Meditron__5,crackle_score,0.8392857143,0
M39,train,cycle,137_1b1_Ll_sc_Meditron__6,crackle_score,0.4798302279,0
M39,train,cycle,137_1b1_Ll_sc_Meditron__7,crackle_score,0.6196218958,0
M39,train,cycle,137_1b1_Ll_sc_Meditron__8,crackle_score,0.388515581,0
M39,train,cycle,138_1p2_Al_mc_AKGC417L__0,crackle_score,0.5031651697,0
M39,train,cycle,138_1p2_Al_mc_AKGC417L__1,crackle_score,0.48577279,1
M39,train,cycle,138_1p2_Al_mc_AKGC417L__2,crackle_score,0.5830137972,1
M39,train,cycle,138_1p2_Al_mc_AKGC417L__3,crackle_score,0.597394692,1
M39,train,cycle,138_1p2_Al_mc_AKGC417L__4,crackle_score,0.5557940002,1
M39,train,cycle,138_1p2_Ar_mc_AKGC417L__0,crackle_score,0.6124859393,1
M39,train,cycle,138_1p2_Ar_mc_AKGC417L__1,crackle_score,0.7053140097,1
M39,train,cycle,138_1p2_Ar_mc_AKGC417L__2,crackle_score,0.6474766701,0
M39,train,cycle,138_1p2_Ar_mc_AKGC417L__3,crackle_score,0.6591792996,0
M39,train,cycle,138_1p2_Ar_mc_AKGC417L__4,crackle_score,0.7646976874,0
M39,train,cycle,138_1p2_Ll_mc_AKGC417L__0,crackle_score,0.5320004627,1
M39,train,cycle,138_1p2_Ll_mc_AKGC417L__1,crackle_score,0.5327453937,1
M39,train,cycle,138_1p2_Ll_mc_AKGC417L__2,crackle_score,0.5444449903,1
M39,train,cycle,138_1p2_Ll_mc_AKGC417L__3,crackle_score,0.5983554733,1
M39,train,cycle,138_1p2_Ll_mc_AKGC417L__4,crackle_score,0.5390420129,1
M39,train,cycle,138_1p2_Lr_mc_AKGC417L__0,crackle_score,0.879640045,1
M39,train,cycle,138_1p2_Lr_mc_AKGC417L__1,crackle_score,0.6733416647,1
M39,train,cycle,138_1p2_Lr_mc_AKGC417L__2,crackle_score,0.8602520661,1
M39,train,cycle,138_1p2_Lr_mc_AKGC417L__3,crackle_score,0.8757934798,1
M39,train,cycle,138_1p2_Lr_mc_AKGC417L__4,crackle_score,0.6823675883,1
M39,train,cycle,138_1p2_Pl_mc_AKGC417L__0,crackle_score,0.2374512404,1
M39,train,cycle,138_1p2_Pl_mc_AKGC417L__1,crackle_score,0.1632187049,1
M39,train,cycle,138_1p2_Pl_mc_AKGC417L__2,crackle_score,0.1504884456,1
M39,train,cycle,138_1p2_Pl_mc_AKGC417L__3,crackle_score,0.2602744292,1
M39,train,cycle,138_1p2_Pl_mc_AKGC417L__4,crackle_score,0.2297269551,1
M39,train,cycle,138_1p2_Pr_mc_AKGC417L__0,crackle_score,0.4016203986,1
M39,train,cycle,138_1p2_Pr_mc_AKGC417L__1,crackle_score,0.3574049689,1
M39,train,cycle,138_1p2_Pr_mc_AKGC417L__2,crackle_score,0.4905755237,1
M39,train,cycle,138_1p2_Pr_mc_AKGC417L__3,crackle_score,0.5981098355,1
M39,train,cycle,138_1p2_Pr_mc_AKGC417L__4,crackle_score,0.5884581293,1
M39,train,cycle,138_1p2_Tc_mc_AKGC417L__0,crackle_score,0.4188753284,0
M39,train,cycle,138_1p2_Tc_mc_AKGC417L__1,crackle_score,0.3537481866,0
M39,train,cycle,138_1p2_Tc_mc_AKGC417L__2,crackle_score,0.475806645,0
M39,train,cycle,138_1p2_Tc_mc_AKGC417L__3,crackle_score,0.412145318,0
M39,train,cycle,138_1p2_Tc_mc_AKGC417L__4,crackle_score,0.6168911897,0
M39,train,cycle,138_1p3_Al_mc_AKGC417L__0,crackle_score,0.6652892562,0
M39,train,cycle,138_1p3_Al_mc_AKGC417L__1,crackle_score,0.5601637352,0
M39,train,cycle,138_1p3_Al_mc_AKGC417L__2,crackle_score,0.5061898821,0
M39,train,cycle,138_1p3_Al_mc_AKGC417L__3,crackle_score,0.5845206472,0
M39,train,cycle,138_1p3_Al_mc_AKGC417L__4,crackle_score,0.6064962726,0
M39,train,cycle,138_1p3_Ar_mc_AKGC417L__0,crackle_score,0.3939279808,1
M39,train,cycle,138_1p3_Ar_mc_AKGC417L__1,crackle_score,0.3494500554,1
M39,train,cycle,138_1p3_Ar_mc_AKGC417L__2,crackle_score,0.3915268371,1
M39,train,cycle,138_1p3_Ar_mc_AKGC417L__3,crackle_score,0.323683404,1
M39,train,cycle,138_1p3_Ar_mc_AKGC417L__4,crackle_score,0.3109453418,1
M39,train,cycle,138_1p3_Ll_mc_AKGC417L__0,crackle_score,0.585476604,1
M39,train,cycle,138_1p3_Ll_mc_AKGC417L__1,crackle_score,0.7148032225,1
M39,train,cycle,138_1p3_Ll_mc_AKGC417L__2,crackle_score,0.6425144665,1
M39,train,cycle,138_1p3_Ll_mc_AKGC417L__3,crackle_score,0.6639080499,1
M39,train,cycle,138_1p3_Ll_mc_AKGC417L__4,crackle_score,0.6464323749,1
M39,train,cycle,138_1p3_Lr_mc_AKGC417L__0,crackle_score,1,1
M39,train,cycle,138_1p3_Lr_mc_AKGC417L__1,crackle_score,0.7936340146,1
M39,train,cycle,138_1p3_Lr_mc_AKGC417L__2,crackle_score,0.7846534653,1
M39,train,cycle,138_1p3_Lr_mc_AKGC417L__3,crackle_score,0.7897850761,1
M39,train,cycle,138_1p3_Lr_mc_AKGC417L__4,crackle_score,0.7359482562,1
M39,train,cycle,138_1p3_Pl_mc_AKGC417L__0,crackle_score,0.1939614105,0
M39,train,cycle,138_1p3_Pl_mc_AKGC417L__1,crackle_score,0.1880370887,1
M39,train,cycle,138_1p3_Pl_mc_AKGC417L__2,crackle_score,0.2319745243,1
M39,train,cycle,138_1p3_Pl_mc_AKGC417L__3,crackle_score,0.2461208761,1
M39,train,cycle,138_1p3_Pl_mc_AKGC417L__4,crackle_score,0.2528246801,1
M39,train,cycle,138_1p3_Pr_mc_AKGC417L__0,crackle_score,0.7103708612,1
M39,train,cycle,138_1p3_Pr_mc_AKGC417L__1,crackle_score,0.5329462076,1
M39,train,cycle,138_1p3_Pr_mc_AKGC417L__2,crackle_score,0.5445184218,1
M39,train,cycle,138_1p3_Pr_mc_AKGC417L__3,crackle_score,0.5487354701,1
M39,train,cycle,138_1p3_Pr_mc_AKGC417L__4,crackle_score,0.6852544199,1
M39,train,cycle,138_1p3_Tc_mc_AKGC417L__0,crackle_score,0.2844474032,1
M39,train,cycle,138_1p3_Tc_mc_AKGC417L__1,crackle_score,0.4484571472,0
M39,train,cycle,138_1p3_Tc_mc_AKGC417L__2,crackle_score,0.4380057102,1
M39,train,cycle,138_1p3_Tc_mc_AKGC417L__3,crackle_score,0.5000135332,0
M39,train,cycle,138_1p3_Tc_mc_AKGC417L__4,crackle_score,0.3541190695,0
M39,train,cycle,138_1p4_Ar_mc_AKGC417L__0,crackle_score,0.4226387392,1
M39,train,cycle,138_1p4_Ar_mc_AKGC417L__1,crackle_score,0.2979503655,1
M39,train,cycle,138_1p4_Ar_mc_AKGC417L__2,crackle_score,0.3087897859,1
M39,train,cycle,138_1p4_Ar_mc_AKGC417L__3,crackle_score,0.4297040193,1
M39,train,cycle,138_1p4_Ar_mc_AKGC417L__4,crackle_score,0.2236005538,0
M39,train,cycle,138_1p4_Ll_mc_AKGC417L__0,crackle_score,0.653609831,1
M39,train,cycle,138_1p4_Ll_mc_AKGC417L__1,crackle_score,0.6940779754,1
M39,train,cycle,138_1p4_Ll_mc_AKGC417L__2,crackle_score,0.5571531031,1
M39,train,cycle,138_1p4_Ll_mc_AKGC417L__3,crackle_score,0.5321439087,0
M39,train,cycle,138_1p4_Ll_mc_AKGC417L__4,crackle_score,0.7914679385,1
M39,train,cycle,138_1p4_Lr_mc_AKGC417L__0,crackle_score,0.8200204813,1
M39,train,cycle,138_1p4_Lr_mc_AKGC417L__1,crackle_score,0.7527167046,1
M39,train,cycle,138_1p4_Lr_mc_AKGC417L__2,crackle_score,0.7417405318,1
M39,train,cycle,138_1p4_Lr_mc_AKGC417L__3,crackle_score,0.7140401485,1
M39,train,cycle,138_1p4_Lr_mc_AKGC417L__4,crackle_score,0.8179650238,1
M39,train,cycle,138_1p4_Pl_mc_AKGC417L__0,crackle_score,0.2106582836,1
M39,train,cycle,138_1p4_Pl_mc_AKGC417L__1,crackle_score,0.1531795887,1
M39,train,cycle,138_1p4_Pl_mc_AKGC417L__2,crackle_score,0.1776612619,1
M39,train,cycle,138_1p4_Pl_mc_AKGC417L__3,crackle_score,0.1939460033,1
M39,train,cycle,138_1p4_Pl_mc_AKGC417L__4,crackle_score,0.2631577122,0
M39,train,cycle,138_1p4_Pr_mc_AKGC417L__0,crackle_score,0.6200922187,1
M39,train,cycle,138_1p4_Pr_mc_AKGC417L__1,crackle_score,0.4188809488,1
M39,train,cycle,138_1p4_Pr_mc_AKGC417L__2,crackle_score,0.5215452666,1
M39,train,cycle,138_1p4_Pr_mc_AKGC417L__3,crackle_score,0.5110116668,1
M39,train,cycle,138_1p4_Pr_mc_AKGC417L__4,crackle_score,0.5069988127,1
M39,train,cycle,138_1p4_Tc_mc_AKGC417L__0,crackle_score,0.3207713789,0
M39,train,cycle,138_1p4_Tc_mc_AKGC417L__1,crackle_score,0.3801562661,0
M39,train,cycle,138_1p4_Tc_mc_AKGC417L__2,crackle_score,0.3721034357,0
M39,train,cycle,138_1p4_Tc_mc_AKGC417L__3,crackle_score,0.4197572552,0
M39,train,cycle,138_1p4_Tc_mc_AKGC417L__4,crackle_score,0.3540159062,0
M39,train,cycle,138_2p2_Al_mc_AKGC417L__0,crackle_score,0.7278645833,1
M39,train,cycle,138_2p2_Al_mc_AKGC417L__1,crackle_score,0.6401050788,1
M39,train,cycle,138_2p2_Al_mc_AKGC417L__2,crackle_score,0.7237521515,1
M39,train,cycle,138_2p2_Al_mc_AKGC417L__3,crackle_score,0.6211911357,1
M39,train,cycle,138_2p2_Al_mc_AKGC417L__4,crackle_score,0.633536818,1
M39,train,cycle,138_2p2_Al_mc_AKGC417L__5,crackle_score,0.6872074883,1
M39,train,cycle,138_2p2_Al_mc_AKGC417L__6,crackle_score,0.5721500722,1
M39,train,cycle,138_2p2_Ar_mc_AKGC417L__0,crackle_score,0.5646965168,0
M39,train,cycle,138_2p2_Ar_mc_AKGC417L__1,crackle_score,0.3591305489,1
M39,train,cycle,138_2p2_Ar_mc_AKGC417L__2,crackle_score,0.5792746065,1
M39,train,cycle,138_2p2_Ar_mc_AKGC417L__3,crackle_score,0.4606981765,1
M39,train,cycle,138_2p2_Ar_mc_AKGC417L__4,crackle_score,0.5951667602,1
M39,train,cycle,138_2p2_Ar_mc_AKGC417L__5,crackle_score,0.4893965391,1
M39,train,cycle,138_2p2_Ar_mc_AKGC417L__6,crackle_score,0.2677774159,1
M39,train,cycle,138_2p2_Ll_mc_AKGC417L__0,crackle_score,0.3666836653,0
M39,train,cycle,138_2p2_Ll_mc_AKGC417L__1,crackle_score,0.246493128,0
M39,train,cycle,138_2p2_Ll_mc_AKGC417L__2,crackle_score,0.2026596012,1
M39,train,cycle,138_2p2_Ll_mc_AKGC417L__3,crackle_score,0.2474184305,0
M39,train,cycle,138_2p2_Ll_mc_AKGC417L__4,crackle_score,0.317900024,0
M39,train,cycle,138_2p2_Ll_mc_AKGC417L__5,crackle_score,0.2867955624,0
M39,train,cycle,138_2p2_Ll_mc_AKGC417L__6,crackle_score,0.1471571218,0
M39,train,cycle,138_2p2_Lr_mc_AKGC417L__0,crackle_score,0.6544498757,1
M39,train,cycle,138_2p2_Lr_mc_AKGC417L__1,crackle_score,0.475004335,0
M39,train,cycle,138_2p2_Lr_mc_AKGC417L__2,crackle_score,0.6058607346,1
M39,train,cycle,138_2p2_Lr_mc_AKGC417L__3,crackle_score,0.6505238728,1
M39,train,cycle,138_2p2_Lr_mc_AKGC417L__4,crackle_score,0.5785547828,1
M39,train,cycle,138_2p2_Lr_mc_AKGC417L__5,crackle_score,0.5468918072,0
M39,train,cycle,138_2p2_Lr_mc_AKGC417L__6,crackle_score,0.5914265298,1
M39,train,cycle,138_2p2_Pl_mc_AKGC417L__0,crackle_score,0.6627604167,1
M39,train,cycle,138_2p2_Pl_mc_AKGC417L__1,crackle_score,0.622591944,1
M39,train,cycle,138_2p2_Pl_mc_AKGC417L__2,crackle_score,0.6204819277,1
M39,train,cycle,138_2p2_Pl_mc_AKGC417L__3,crackle_score,0.4086730447,1
M39,train,cycle,138_2p2_Pl_mc_AKGC417L__4,crackle_score,0.4909814449,1
M39,train,cycle,138_2p2_Pl_mc_AKGC417L__5,crackle_score,0.7028081123,1
M39,train,cycle,138_2p2_Pl_mc_AKGC417L__6,crackle_score,0.5354852288,0
M39,train,cycle,138_2p2_Pr_mc_AKGC417L__0,crackle_score,0.7604166667,1
M39,train,cycle,138_2p2_Pr_mc_AKGC417L__1,crackle_score,0.6918429858,1
M39,train,cycle,138_2p2_Pr_mc_AKGC417L__2,crackle_score,0.6847685242,1
M39,train,cycle,138_2p2_Pr_mc_AKGC417L__3,crackle_score,0.6276904925,1
M39,train,cycle,138_2p2_Pr_mc_AKGC417L__4,crackle_score,0.7391771554,1
M39,train,cycle,138_2p2_Pr_mc_AKGC417L__5,crackle_score,0.6168855884,1
M39,train,cycle,138_2p2_Pr_mc_AKGC417L__6,crackle_score,0.4694175067,1
M39,train,cycle,138_2p2_Tc_mc_AKGC417L__0,crackle_score,0.4899993924,1
M39,train,cycle,138_2p2_Tc_mc_AKGC417L__1,crackle_score,0.6588248515,0
M39,train,cycle,138_2p2_Tc_mc_AKGC417L__2,crackle_score,0.621420085,1
M39,train,cycle,138_2p2_Tc_mc_AKGC417L__3,crackle_score,0.7943213296,0
M39,train,cycle,138_2p2_Tc_mc_AKGC417L__4,crackle_score,0.6907668829,1
M39,train,cycle,138_2p2_Tc_mc_AKGC417L__5,crackle_score,0.5416969329,0
M39,train,cycle,138_2p2_Tc_mc_AKGC417L__6,crackle_score,0.6504190458,0
M39,train,cycle,140_2b2_Ll_mc_LittC2SE__0,crackle_score,0.3205568205,0
M39,train,cycle,140_2b2_Ll_mc_LittC2SE__1,crackle_score,0.482321721,0
M39,train,cycle,140_2b2_Ll_mc_LittC2SE__2,crackle_score,0.3264648957,0
M39,train,cycle,140_2b2_Ll_mc_LittC2SE__3,crackle_score,0.2998006172,0
M39,train,cycle,140_2b2_Ll_mc_LittC2SE__4,crackle_score,0.4312950865,0
M39,train,cycle,140_2b2_Ll_mc_LittC2SE__5,crackle_score,0.2519634989,0
M39,train,cycle,140_2b2_Ll_mc_LittC2SE__6,crackle_score,0.2490380041,1
M39,train,cycle,140_2b2_Ll_mc_LittC2SE__7,crackle_score,0.4681019481,0
M39,train,cycle,140_2b2_Ll_mc_LittC2SE__8,crackle_score,0.4961231773,0
M39,train,cycle,140_2b2_Ll_mc_LittC2SE__9,crackle_score,0.3917158927,0
M39,train,cycle,140_2b2_Ll_mc_LittC2SE__10,crackle_score,0.2350302514,0
M39,train,cycle,140_2b2_Tc_mc_LittC2SE__0,crackle_score,0.5095494963,0
M39,train,cycle,140_2b2_Tc_mc_LittC2SE__1,crackle_score,0.645449351,1
M39,train,cycle,140_2b2_Tc_mc_LittC2SE__2,crackle_score,0.7757669769,0
M39,train,cycle,140_2b2_Tc_mc_LittC2SE__3,crackle_score,0.4062537469,0
M39,train,cycle,140_2b2_Tc_mc_LittC2SE__4,crackle_score,0.5981835183,0
M39,train,cycle,140_2b2_Tc_mc_LittC2SE__5,crackle_score,0.4927214629,0
M39,train,cycle,140_2b2_Tc_mc_LittC2SE__6,crackle_score,0.7724285002,0
M39,train,cycle,140_2b2_Tc_mc_LittC2SE__7,crackle_score,0.6359635193,0
M39,train,cycle,140_2b2_Tc_mc_LittC2SE__8,crackle_score,0.7032520325,0
M39,train,cycle,140_2b2_Tc_mc_LittC2SE__9,crackle_score,0.5587543489,0
M39,train,cycle,140_2b3_Ll_mc_LittC2SE__0,crackle_score,0.4735444712,0
M39,train,cycle,140_2b3_Ll_mc_LittC2SE__1,crackle_score,0.442220599,0
M39,train,cycle,140_2b3_Ll_mc_LittC2SE__2,crackle_score,0.3361341247,0
M39,train,cycle,140_2b3_Ll_mc_LittC2SE__3,crackle_score,0.4075315679,0
M39,train,cycle,140_2b3_Ll_mc_LittC2SE__4,crackle_score,0.4619454608,0
M39,train,cycle,140_2b3_Ll_mc_LittC2SE__5,crackle_score,0.3509973204,0
M39,train,cycle,140_2b3_Ll_mc_LittC2SE__6,crackle_score,0.4496465944,0
M39,train,cycle,140_2b3_Ll_mc_LittC2SE__7,crackle_score,0.2975464719,0
M39,train,cycle,140_2b3_Ll_mc_LittC2SE__8,crackle_score,0.2840278981,0
M39,train,cycle,140_2b3_Tc_mc_LittC2SE__0,crackle_score,0.4671100999,0
M39,train,cycle,140_2b3_Tc_mc_LittC2SE__1,crackle_score,0.4347043029,0
M39,train,cycle,140_2b3_Tc_mc_LittC2SE__2,crackle_score,0.4950828367,0
M39,train,cycle,140_2b3_Tc_mc_LittC2SE__3,crackle_score,0.3044054826,0
M39,train,cycle,140_2b3_Tc_mc_LittC2SE__4,crackle_score,0.2107731215,0
M39,train,cycle,140_2b3_Tc_mc_LittC2SE__5,crackle_score,0.519564416,0
M39,train,cycle,140_2b3_Tc_mc_LittC2SE__6,crackle_score,0.2690624614,0
M39,train,cycle,140_2b3_Tc_mc_LittC2SE__7,crackle_score,0.241156488,0
M39,train,cycle,140_2b3_Tc_mc_LittC2SE__8,crackle_score,0.3737326012,0
M39,train,cycle,140_2b3_Tc_mc_LittC2SE__9,crackle_score,0.2035310464,0
M39,train,cycle,141_1b1_Pr_mc_LittC2SE__0,crackle_score,0.5232450353,0
M39,train,cycle,141_1b1_Pr_mc_LittC2SE__1,crackle_score,0.6828631139,0
M39,train,cycle,141_1b1_Pr_mc_LittC2SE__2,crackle_score,0.6778027325,0
M39,train,cycle,141_1b1_Pr_mc_LittC2SE__3,crackle_score,0.6581965592,1
M39,train,cycle,141_1b1_Pr_mc_LittC2SE__4,crackle_score,0.6896157852,0
M39,train,cycle,141_1b2_Ar_mc_LittC2SE__0,crackle_score,0.204845419,0
M39,train,cycle,141_1b2_Ar_mc_LittC2SE__1,crackle_score,0.3579308972,0
M39,train,cycle,141_1b2_Ar_mc_LittC2SE__2,crackle_score,0.4606498923,0
M39,train,cycle,141_1b2_Ar_mc_LittC2SE__3,crackle_score,0.4537602669,1
M39,train,cycle,141_1b2_Ar_mc_LittC2SE__4,crackle_score,0.3055498007,0
M39,train,cycle,141_1b2_Ar_mc_LittC2SE__5,crackle_score,0.2389515935,0
M39,train,cycle,141_1b2_Lr_mc_LittC2SE__0,crackle_score,0.6280956447,0
M39,train,cycle,141_1b2_Lr_mc_LittC2SE__1,crackle_score,0.4977942243,0
M39,train,cycle,141_1b2_Lr_mc_LittC2SE__2,crackle_score,0.439040172,0
M39,train,cycle,141_1b2_Lr_mc_LittC2SE__3,crackle_score,0.4606391819,0
M39,train,cycle,141_1b2_Lr_mc_LittC2SE__4,crackle_score,0.5016218065,0
M39,train,cycle,141_1b2_Pr_mc_LittC2SE__0,crackle_score,0.2273019296,0
M39,train,cycle,141_1b2_Pr_mc_LittC2SE__1,crackle_score,0.7240717029,1
M39,train,cycle,141_1b2_Pr_mc_LittC2SE__2,crackle_score,0.6756029033,1
M39,train,cycle,141_1b2_Pr_mc_LittC2SE__3,crackle_score,0.6835704452,0
M39,train,cycle,141_1b2_Pr_mc_LittC2SE__4,crackle_score,0.7272727273,1
M39,train,cycle,141_1b2_Pr_mc_LittC2SE__5,crackle_score,0.6945525292,0
M39,train,cycle,141_1b2_Tc_mc_LittC2SE__0,crackle_score,0.5585343011,0
M39,train,cycle,141_1b2_Tc_mc_LittC2SE__1,crackle_score,0.4123741369,0
M39,train,cycle,141_1b2_Tc_mc_LittC2SE__2,crackle_score,0.2307496032,0
M39,train,cycle,141_1b2_Tc_mc_LittC2SE__3,crackle_score,0.2862781528,0
M39,train,cycle,141_1b2_Tc_mc_LittC2SE__4,crackle_score,0.3605720298,0
M39,train,cycle,141_1b3_Al_mc_LittC2SE__0,crackle_score,0.6033973412,0
M39,train,cycle,141_1b3_Al_mc_LittC2SE__1,crackle_score,0.3987520052,0
M39,train,cycle,141_1b3_Al_mc_LittC2SE__2,crackle_score,0.332161323,0
M39,train,cycle,141_1b3_Al_mc_LittC2SE__3,crackle_score,0.3339772512,0
M39,train,cycle,141_1b3_Al_mc_LittC2SE__4,crackle_score,0.4562826236,0
M39,train,cycle,141_1b3_Ar_mc_LittC2SE__0,crackle_score,0.3383407421,0
M39,train,cycle,141_1b3_Ar_mc_LittC2SE__1,crackle_score,0.3571800767,0
M39,train,cycle,141_1b3_Ar_mc_LittC2SE__2,crackle_score,0.30265859,0
M39,train,cycle,141_1b3_Ar_mc_LittC2SE__3,crackle_score,0.3737799237,0
M39,train,cycle,141_1b3_Ar_mc_LittC2SE__4,crackle_score,0.4917055902,0
M39,train,cycle,141_1b3_Pr_mc_LittC2SE__0,crackle_score,0.6416353912,1
M39,train,cycle,141_1b3_Pr_mc_LittC2SE__1,crackle_score,0.6270794824,1
M39,train,cycle,141_1b3_Pr_mc_LittC2SE__2,crackle_score,0.6426377002,1
M39,train,cycle,141_1b3_Pr_mc_LittC2SE__3,crackle_score,0.5597228858,1
M39,train,cycle,141_1b3_Pr_mc_LittC2SE__4,crackle_score,0.6053370787,1
M39,train,cycle,141_1b3_Pr_mc_LittC2SE__5,crackle_score,0.850262697,1
M39,train,cycle,142_1b1_Pl_mc_LittC2SE__0,crackle_score,0.5165671156,1
M39,train,cycle,142_1b1_Pl_mc_LittC2SE__1,crackle_score,0.6251849392,1
M39,train,cycle,142_1b1_Pl_mc_LittC2SE__2,crackle_score,0.3954779442,1
M39,train,cycle,142_1b1_Pl_mc_LittC2SE__3,crackle_score,0.3981008069,1
M39,train,cycle,142_1b1_Pl_mc_LittC2SE__4,crackle_score,0.6282918466,1
M39,train,cycle,142_1b1_Pl_mc_LittC2SE__5,crackle_score,0.4061033066,1
M39,train,cycle,142_1b1_Pl_mc_LittC2SE__6,crackle_score,0.4135111637,1
M39,train,cycle,142_1b1_Pl_mc_LittC2SE__7,crackle_score,0.3759641342,1
M39,train,cycle,142_1b1_Pl_mc_LittC2SE__8,crackle_score,0.3446754989,1
M39,train,cycle,148_1b1_Al_sc_Meditron__0,crackle_score,0.04806366782,0
M39,train,cycle,148_1b1_Al_sc_Meditron__1,crackle_score,0.4825682699,0
M39,train,cycle,148_1b1_Al_sc_Meditron__2,crackle_score,0.5192623817,0
M39,train,cycle,148_1b1_Al_sc_Meditron__3,crackle_score,0.4921629796,0
M39,train,cycle,148_1b1_Al_sc_Meditron__4,crackle_score,0.3791119869,0
M39,train,cycle,148_1b1_Al_sc_Meditron__5,crackle_score,0.8723932473,0
M39,train,cycle,148_1b1_Al_sc_Meditron__6,crackle_score,0.5845807243,0
M39,train,cycle,148_1b1_Al_sc_Meditron__7,crackle_score,0.414581142,0
M39,train,cycle,148_1b1_Al_sc_Meditron__8,crackle_score,0.5755287009,0
M39,train,cycle,148_1b1_Al_sc_Meditron__9,crackle_score,0.5526574536,0
M39,train,cycle,148_1b1_Al_sc_Meditron__10,crackle_score,0.3804018144,0
M39,train,cycle,152_1b1_Al_sc_Meditron__0,crackle_score,0.3421304557,0
M39,train,cycle,152_1b1_Al_sc_Meditron__1,crackle_score,0.6155878468,0
M39,train,cycle,152_1b1_Al_sc_Meditron__2,crackle_score,0.5230342779,0
M39,train,cycle,152_1b1_Al_sc_Meditron__3,crackle_score,0.6615218952,0
M39,train,cycle,152_1b1_Al_sc_Meditron__4,crackle_score,0.5841600405,0
M39,train,cycle,152_1b1_Al_sc_Meditron__5,crackle_score,0.7205363259,0
M39,train,cycle,152_1b1_Al_sc_Meditron__6,crackle_score,0.5336973722,0
M39,train,cycle,153_1b1_Al_sc_Meditron__0,crackle_score,0.7547326913,0
M39,train,cycle,153_1b1_Al_sc_Meditron__1,crackle_score,0.5274622322,0
M39,train,cycle,153_1b1_Al_sc_Meditron__2,crackle_score,0.4053499831,0
M39,train,cycle,153_1b1_Al_sc_Meditron__3,crackle_score,0.3378401156,0
M39,train,cycle,153_1b1_Al_sc_Meditron__4,crackle_score,0.6907235757,0
M39,train,cycle,153_1b1_Al_sc_Meditron__5,crackle_score,0.3862454108,0
M39,train,cycle,153_1b1_Al_sc_Meditron__6,crackle_score,0.6516300227,0
M39,train,cycle,153_1b1_Al_sc_Meditron__7,crackle_score,0.433694515,0
M39,train,cycle,153_1b1_Al_sc_Meditron__8,crackle_score,0.2450524348,0
M39,train,cycle,154_1b3_Al_mc_AKGC417L__0,crackle_score,0.3119867313,1
M39,train,cycle,154_1b3_Al_mc_AKGC417L__1,crackle_score,0.3702428921,1
M39,train,cycle,154_1b3_Al_mc_AKGC417L__2,crackle_score,0.332582519,1
M39,train,cycle,154_1b3_Al_mc_AKGC417L__3,crackle_score,0.3709242205,1
M39,train,cycle,154_1b3_Al_mc_AKGC417L__4,crackle_score,0.2157651595,0
M39,train,cycle,154_1b3_Al_mc_AKGC417L__5,crackle_score,0.2724923303,0
M39,train,cycle,154_1b3_Al_mc_AKGC417L__6,crackle_score,0.2250897422,1
M39,train,cycle,154_1b3_Al_mc_AKGC417L__7,crackle_score,0.221638775,1
M39,train,cycle,154_1b3_Al_mc_AKGC417L__8,crackle_score,0.2254687552,0
M39,train,cycle,154_1b3_Al_mc_AKGC417L__9,crackle_score,0.3462659704,1
M39,train,cycle,154_1b3_Al_mc_AKGC417L__10,crackle_score,0.29705433,1
M39,train,cycle,154_1b3_Al_mc_AKGC417L__11,crackle_score,0.3054440418,1
M39,train,cycle,154_1b3_Ar_mc_AKGC417L__0,crackle_score,0.6037344398,0
M39,train,cycle,154_1b3_Ar_mc_AKGC417L__1,crackle_score,0.3947972553,0
M39,train,cycle,154_1b3_Ar_mc_AKGC417L__2,crackle_score,0.6091107474,0
M39,train,cycle,154_1b3_Ar_mc_AKGC417L__3,crackle_score,0.4421581713,0
M39,train,cycle,154_1b3_Ar_mc_AKGC417L__4,crackle_score,0.3346311035,0
M39,train,cycle,154_1b3_Ar_mc_AKGC417L__5,crackle_score,0.5188974968,1
M39,train,cycle,154_1b3_Ar_mc_AKGC417L__6,crackle_score,0.4262987013,0
M39,train,cycle,154_1b3_Ar_mc_AKGC417L__7,crackle_score,0.4416139348,0
M39,train,cycle,154_1b3_Ar_mc_AKGC417L__8,crackle_score,0.3685514622,0
M39,train,cycle,154_1b3_Ar_mc_AKGC417L__9,crackle_score,0.5106734663,0
M39,train,cycle,154_1b3_Ar_mc_AKGC417L__10,crackle_score,0.4925338089,0
M39,train,cycle,154_1b3_Ar_mc_AKGC417L__11,crackle_score,0.1853303575,0
M39,train,cycle,154_1b3_Ll_mc_AKGC417L__0,crackle_score,0.3040567814,1
M39,train,cycle,154_1b3_Ll_mc_AKGC417L__1,crackle_score,0.2950471561,1
M39,train,cycle,154_1b3_Ll_mc_AKGC417L__2,crackle_score,0.1879217657,1
M39,train,cycle,154_1b3_Ll_mc_AKGC417L__3,crackle_score,0.4516366927,1
M39,train,cycle,154_1b3_Ll_mc_AKGC417L__4,crackle_score,0.2926775681,1
M39,train,cycle,154_1b3_Ll_mc_AKGC417L__5,crackle_score,0.3620283095,1
M39,train,cycle,154_1b3_Ll_mc_AKGC417L__6,crackle_score,0.3669359425,1
M39,train,cycle,154_1b3_Ll_mc_AKGC417L__7,crackle_score,0.5317120617,1
M39,train,cycle,154_1b3_Ll_mc_AKGC417L__8,crackle_score,0.3105788173,1
M39,train,cycle,154_1b3_Ll_mc_AKGC417L__9,crackle_score,0.3315112809,1
M39,train,cycle,154_1b3_Ll_mc_AKGC417L__10,crackle_score,0.3500663321,1
M39,train,cycle,154_1b3_Ll_mc_AKGC417L__11,crackle_score,0.4033140296,0
M39,train,cycle,154_1b3_Lr_mc_AKGC417L__0,crackle_score,0.3184840422,1
M39,train,cycle,154_1b3_Lr_mc_AKGC417L__1,crackle_score,0.319676394,0
M39,train,cycle,154_1b3_Lr_mc_AKGC417L__2,crackle_score,0.3044718317,0
M39,train,cycle,154_1b3_Lr_mc_AKGC417L__3,crackle_score,0.3310401342,0
M39,train,cycle,154_1b3_Lr_mc_AKGC417L__4,crackle_score,0.3841222071,0
M39,train,cycle,154_1b3_Lr_mc_AKGC417L__5,crackle_score,0.3674461342,1
M39,train,cycle,154_1b3_Lr_mc_AKGC417L__6,crackle_score,0.4682226976,0
M39,train,cycle,154_1b3_Lr_mc_AKGC417L__7,crackle_score,0.2807578522,0
M39,train,cycle,154_1b3_Lr_mc_AKGC417L__8,crackle_score,0.5063244255,0
M39,train,cycle,154_1b3_Lr_mc_AKGC417L__9,crackle_score,0.5691665482,0
M39,train,cycle,154_1b3_Lr_mc_AKGC417L__10,crackle_score,0.4519956508,0
M39,train,cycle,154_1b3_Lr_mc_AKGC417L__11,crackle_score,0.2376123105,0
M39,train,cycle,154_1b3_Pl_mc_AKGC417L__0,crackle_score,0.7852697095,1
M39,train,cycle,154_1b3_Pl_mc_AKGC417L__1,crackle_score,0.7262443439,1
M39,train,cycle,154_1b3_Pl_mc_AKGC417L__2,crackle_score,0.5200621385,1
M39,train,cycle,154_1b3_Pl_mc_AKGC417L__3,crackle_score,0.4562531126,1
M39,train,cycle,154_1b3_Pl_mc_AKGC417L__4,crackle_score,0.5916655951,1
M39,train,cycle,154_1b3_Pl_mc_AKGC417L__5,crackle_score,0.5610070179,1
M39,train,cycle,154_1b3_Pl_mc_AKGC417L__6,crackle_score,0.411985896,1
M39,train,cycle,154_1b3_Pl_mc_AKGC417L__7,crackle_score,0.5401639459,1
M39,train,cycle,154_1b3_Pl_mc_AKGC417L__8,crackle_score,0.4872964096,1
M39,train,cycle,154_1b3_Pl_mc_AKGC417L__9,crackle_score,0.5365412061,1
M39,train,cycle,154_1b3_Pl_mc_AKGC417L__10,crackle_score,0.4626209655,0
M39,train,cycle,154_1b3_Pl_mc_AKGC417L__11,crackle_score,0.4233496154,0
M39,train,cycle,154_1b3_Pr_mc_AKGC417L__0,crackle_score,0.3453730895,1
M39,train,cycle,154_1b3_Pr_mc_AKGC417L__1,crackle_score,0.376208073,0
M39,train,cycle,154_1b3_Pr_mc_AKGC417L__2,crackle_score,0.3131014012,1
M39,train,cycle,154_1b3_Pr_mc_AKGC417L__3,crackle_score,0.3520093645,1
M39,train,cycle,154_1b3_Pr_mc_AKGC417L__4,crackle_score,0.4419300229,1
M39,train,cycle,154_1b3_Pr_mc_AKGC417L__5,crackle_score,0.3305541097,1
M39,train,cycle,154_1b3_Pr_mc_AKGC417L__6,crackle_score,0.4917612504,0
M39,train,cycle,154_1b3_Pr_mc_AKGC417L__7,crackle_score,0.4565432407,0
M39,train,cycle,154_1b3_Pr_mc_AKGC417L__8,crackle_score,0.4958446635,0
M39,train,cycle,154_1b3_Pr_mc_AKGC417L__9,crackle_score,0.3559281452,1
M39,train,cycle,154_1b3_Pr_mc_AKGC417L__10,crackle_score,0.4384084476,1
M39,train,cycle,154_1b3_Pr_mc_AKGC417L__11,crackle_score,0.4247785229,1
M39,train,cycle,154_1b3_Tc_mc_AKGC417L__0,crackle_score,0.2389688585,0
M39,train,cycle,154_1b3_Tc_mc_AKGC417L__1,crackle_score,0.1831405951,0
M39,train,cycle,154_1b3_Tc_mc_AKGC417L__2,crackle_score,0.1510500155,0
M39,train,cycle,154_1b3_Tc_mc_AKGC417L__3,crackle_score,0.1970202005,0
M39,train,cycle,154_1b3_Tc_mc_AKGC417L__4,crackle_score,0.189592356,0
M39,train,cycle,154_1b3_Tc_mc_AKGC417L__5,crackle_score,0.1984288453,0
M39,train,cycle,154_1b3_Tc_mc_AKGC417L__6,crackle_score,0.3792284557,0
M39,train,cycle,154_1b3_Tc_mc_AKGC417L__7,crackle_score,0.3457160591,0
M39,train,cycle,154_1b3_Tc_mc_AKGC417L__8,crackle_score,0.2780285525,0
M39,train,cycle,154_1b3_Tc_mc_AKGC417L__9,crackle_score,0.1718865639,0
M39,train,cycle,154_1b3_Tc_mc_AKGC417L__10,crackle_score,0.2396693149,0
M39,train,cycle,154_1b3_Tc_mc_AKGC417L__11,crackle_score,0.2560092044,0
M39,train,cycle,154_2b4_Al_mc_AKGC417L__0,crackle_score,0.6010509297,0
M39,train,cycle,154_2b4_Al_mc_AKGC417L__1,crackle_score,0.6736111111,0
M39,train,cycle,154_2b4_Al_mc_AKGC417L__2,crackle_score,0.6180173092,1
M39,train,cycle,154_2b4_Al_mc_AKGC417L__3,crackle_score,0.6514004542,1
M39,train,cycle,154_2b4_Al_mc_AKGC417L__4,crackle_score,0.6605136437,1
M39,train,cycle,154_2b4_Al_mc_AKGC417L__5,crackle_score,0.6007725899,1
M39,train,cycle,154_2b4_Al_mc_AKGC417L__6,crackle_score,0.6229004506,1
M39,train,cycle,154_2b4_Ar_mc_AKGC417L__0,crackle_score,0.324206435,0
M39,train,cycle,154_2b4_Ar_mc_AKGC417L__1,crackle_score,0.2742281056,0
M39,train,cycle,154_2b4_Ar_mc_AKGC417L__2,crackle_score,0.3854166157,0
M39,train,cycle,154_2b4_Ar_mc_AKGC417L__3,crackle_score,0.3620222268,0
M39,train,cycle,154_2b4_Ar_mc_AKGC417L__4,crackle_score,0.5788522656,1
M39,train,cycle,154_2b4_Ar_mc_AKGC417L__5,crackle_score,0.3311158264,1
M39,train,cycle,154_2b4_Ar_mc_AKGC417L__6,crackle_score,0.5614502253,0
M39,train,cycle,154_2b4_Ll_mc_AKGC417L__0,crackle_score,0.5320910772,1
M39,train,cycle,154_2b4_Ll_mc_AKGC417L__1,crackle_score,0.3747357415,1
M39,train,cycle,154_2b4_Ll_mc_AKGC417L__2,crackle_score,0.4926377682,1
M39,train,cycle,154_2b4_Ll_mc_AKGC417L__3,crackle_score,0.4064857521,1
M39,train,cycle,154_2b4_Ll_mc_AKGC417L__4,crackle_score,0.4223095706,1
M39,train,cycle,154_2b4_Ll_mc_AKGC417L__5,crackle_score,0.533834291,1
M39,train,cycle,154_2b4_Ll_mc_AKGC417L__6,crackle_score,0.4199422487,1
M39,train,cycle,154_2b4_Lr_mc_AKGC417L__0,crackle_score,0.7223120453,1
M39,train,cycle,154_2b4_Lr_mc_AKGC417L__1,crackle_score,0.6736111111,1
M39,train,cycle,154_2b4_Lr_mc_AKGC417L__2,crackle_score,0.5128486366,1
M39,train,cycle,154_2b4_Lr_mc_AKGC417L__3,crackle_score,0.6795674567,1
M39,train,cycle,154_2b4_Lr_mc_AKGC417L__4,crackle_score,0.6605136437,1
M39,train,cycle,154_2b4_Lr_mc_AKGC417L__5,crackle_score,0.6343634531,1
M39,train,cycle,154_2b4_Lr_mc_AKGC417L__6,crackle_score,0.5782704216,1
M39,train,cycle,154_2b4_Pl_mc_AKGC417L__0,crackle_score,0.6616814875,1
M39,train,cycle,154_2b4_Pl_mc_AKGC417L__1,crackle_score,0.6350308642,1
M39,train,cycle,154_2b4_Pl_mc_AKGC417L__2,crackle_score,0.5590086546,1
M39,train,cycle,154_2b4_Pl_mc_AKGC417L__3,crackle_score,0.670325511,1
M39,train,cycle,154_2b4_Pl_mc_AKGC417L__4,crackle_score,0.5601926164,1
M39,train,cycle,154_2b4_Pl_mc_AKGC417L__5,crackle_score,0.5839771582,1
M39,train,cycle,154_2b4_Pl_mc_AKGC417L__6,crackle_score,0.6433838591,1
M39,train,cycle,154_2b4_Pr_mc_AKGC417L__0,crackle_score,0.5606305578,0
M39,train,cycle,154_2b4_Pr_mc_AKGC417L__1,crackle_score,0.5771604938,0
M39,train,cycle,154_2b4_Pr_mc_AKGC417L__2,crackle_score,0.5475685558,1
M39,train,cycle,154_2b4_Pr_mc_AKGC417L__3,crackle_score,0.5757002271,0
M39,train,cycle,154_2b4_Pr_mc_AKGC417L__4,crackle_score,0.5601926164,0
M39,train,cycle,154_2b4_Pr_mc_AKGC417L__5,crackle_score,0.6175680215,1
M39,train,cycle,154_2b4_Pr_mc_AKGC417L__6,crackle_score,0.5428676297,0
M39,train,cycle,154_2b4_Tc_mc_AKGC417L__0,crackle_score,0.4173070649,0
M39,train,cycle,154_2b4_Tc_mc_AKGC417L__1,crackle_score,0.2943986173,0
M39,train,cycle,154_2b4_Tc_mc_AKGC417L__2,crackle_score,0.3878188469,0
M39,train,cycle,154_2b4_Tc_mc_AKGC417L__3,crackle_score,0.3223525115,0
M39,train,cycle,154_2b4_Tc_mc_AKGC417L__4,crackle_score,0.5601926164,0
M39,train,cycle,154_2b4_Tc_mc_AKGC417L__5,crackle_score,0.3907312208,0
M39,train,cycle,154_2b4_Tc_mc_AKGC417L__6,crackle_score,0.2394149061,0
M39,train,cycle,154_3b3_Al_mc_AKGC417L__0,crackle_score,0.7583979328,0
M39,train,cycle,154_3b3_Al_mc_AKGC417L__1,crackle_score,0.5808127453,0
M39,train,cycle,154_3b3_Al_mc_AKGC417L__2,crackle_score,0.7069917203,1
M39,train,cycle,154_3b3_Al_mc_AKGC417L__3,crackle_score,0.6667407737,0
M39,train,cycle,154_3b3_Al_mc_AKGC417L__4,crackle_score,0.5623888466,1
M39,train,cycle,154_3b3_Ar_mc_AKGC417L__0,crackle_score,0.4736471057,0
M39,train,cycle,154_3b3_Ar_mc_AKGC417L__1,crackle_score,0.6500808127,1
M39,train,cycle,154_3b3_Ar_mc_AKGC417L__2,crackle_score,0.3968180967,1
M39,train,cycle,154_3b3_Ar_mc_AKGC417L__3,crackle_score,0.6111605158,1
M39,train,cycle,154_3b3_Ar_mc_AKGC417L__4,crackle_score,0.5698499543,1
M39,train,cycle,154_3b3_Ll_mc_AKGC417L__0,crackle_score,0.3521294194,1
M39,train,cycle,154_3b3_Ll_mc_AKGC417L__1,crackle_score,0.5483652913,1
M39,train,cycle,154_3b3_Ll_mc_AKGC417L__2,crackle_score,0.4117540264,1
M39,train,cycle,154_3b3_Ll_mc_AKGC417L__3,crackle_score,0.5889284126,1
M39,train,cycle,154_3b3_Ll_mc_AKGC417L__4,crackle_score,0.3875776521,0
M39,train,cycle,154_4b4_Al_mc_AKGC417L__0,crackle_score,0.2626069198,1
M39,train,cycle,154_4b4_Al_mc_AKGC417L__1,crackle_score,0.141580306,1
M39,train,cycle,154_4b4_Al_mc_AKGC417L__2,crackle_score,0.2183439717,1
M39,train,cycle,154_4b4_Al_mc_AKGC417L__3,crackle_score,0.2389902845,1
M39,train,cycle,154_4b4_Al_mc_AKGC417L__4,crackle_score,0.1431847759,1
M39,train,cycle,154_4b4_Al_mc_AKGC417L__5,crackle_score,0.2310288424,1
M39,train,cycle,154_4b4_Al_mc_AKGC417L__6,crackle_score,0.2512208552,0
M39,train,cycle,154_4b4_Al_mc_AKGC417L__7,crackle_score,0.1785475154,1
M39,train,cycle,154_4b4_Al_mc_AKGC417L__8,crackle_score,0.2337908322,1
M39,train,cycle,154_4b4_Al_mc_AKGC417L__9,crackle_score,0.1652304108,0
M39,train,cycle,154_4b4_Ar_mc_AKGC417L__0,crackle_score,0.6793032787,1
M39,train,cycle,154_4b4_Ar_mc_AKGC417L__1,crackle_score,0.5235960359,1
M39,train,cycle,154_4b4_Ar_mc_AKGC417L__2,crackle_score,0.6293995859,1
M39,train,cycle,154_4b4_Ar_mc_AKGC417L__3,crackle_score,0.4151319169,1
M39,train,cycle,154_4b4_Ar_mc_AKGC417L__4,crackle_score,0.2620108633,0
M39,train,cycle,154_4b4_Ar_mc_AKGC417L__5,crackle_score,0.5757958565,1
M39,train,cycle,154_4b4_Ar_mc_AKGC417L__6,crackle_score,0.5866175834,1
M39,train,cycle,154_4b4_Ar_mc_AKGC417L__7,crackle_score,0.3249349598,0
M39,train,cycle,154_4b4_Ar_mc_AKGC417L__8,crackle_score,0.6555209953,1
M39,train,cycle,154_4b4_Ar_mc_AKGC417L__9,crackle_score,0.6362850063,0
M39,train,cycle,154_4b4_Ll_mc_AKGC417L__0,crackle_score,0.3474325481,0
M39,train,cycle,154_4b4_Ll_mc_AKGC417L__1,crackle_score,0.2921276099,0
M39,train,cycle,154_4b4_Ll_mc_AKGC417L__2,crackle_score,0.4054788019,0
M39,train,cycle,154_4b4_Ll_mc_AKGC417L__3,crackle_score,0.3412016131,0
M39,train,cycle,154_4b4_Ll_mc_AKGC417L__4,crackle_score,0.3266181324,0
M39,train,cycle,154_4b4_Ll_mc_AKGC417L__5,crackle_score,0.2064963235,0
M39,train,cycle,154_4b4_Ll_mc_AKGC417L__6,crackle_score,0.3169836566,0
M39,train,cycle,154_4b4_Ll_mc_AKGC417L__7,crackle_score,0.3501729852,0
M39,train,cycle,154_4b4_Ll_mc_AKGC417L__8,crackle_score,0.5450154872,0
M39,train,cycle,154_4b4_Ll_mc_AKGC417L__9,crackle_score,0.1978645364,0
M39,train,cycle,154_4b4_Lr_mc_AKGC417L__0,crackle_score,0.2318034938,1
M39,train,cycle,154_4b4_Lr_mc_AKGC417L__1,crackle_score,0.2472124659,1
M39,train,cycle,154_4b4_Lr_mc_AKGC417L__2,crackle_score,0.1994436968,1
M39,train,cycle,154_4b4_Lr_mc_AKGC417L__3,crackle_score,0.1973721748,1
M39,train,cycle,154_4b4_Lr_mc_AKGC417L__4,crackle_score,0.2443323133,1
M39,train,cycle,154_4b4_Lr_mc_AKGC417L__5,crackle_score,0.1416177947,1
M39,train,cycle,154_4b4_Lr_mc_AKGC417L__6,crackle_score,0.1940786516,1
M39,train,cycle,154_4b4_Lr_mc_AKGC417L__7,crackle_score,0.147333759,1
M39,train,cycle,154_4b4_Lr_mc_AKGC417L__8,crackle_score,0.06786652341,1
M39,train,cycle,154_4b4_Lr_mc_AKGC417L__9,crackle_score,0.07843151456,0
M39,train,cycle,154_4b4_Pl_mc_AKGC417L__0,crackle_score,0.4019507415,1
M39,train,cycle,154_4b4_Pl_mc_AKGC417L__1,crackle_score,0.4344167346,1
M39,train,cycle,154_4b4_Pl_mc_AKGC417L__2,crackle_score,0.5517598344,1
M39,train,cycle,154_4b4_Pl_mc_AKGC417L__3,crackle_score,0.4590248606,0
M39,train,cycle,154_4b4_Pl_mc_AKGC417L__4,crackle_score,0.5316739634,0
M39,train,cycle,154_4b4_Pl_mc_AKGC417L__5,crackle_score,0.2951707911,0
M39,train,cycle,154_4b4_Pl_mc_AKGC417L__6,crackle_score,0.4395477799,0
M39,train,cycle,154_4b4_Pl_mc_AKGC417L__7,crackle_score,0.6415762152,1
M39,train,cycle,154_4b4_Pl_mc_AKGC417L__8,crackle_score,0.603390187,1
M39,train,cycle,154_4b4_Pl_mc_AKGC417L__9,crackle_score,0.6258577884,0
M39,train,cycle,154_4b4_Pr_mc_AKGC417L__0,crackle_score,0.6024590164,1
M39,train,cycle,154_4b4_Pr_mc_AKGC417L__1,crackle_score,0.6415762152,0
M39,train,cycle,154_4b4_Pr_mc_AKGC417L__2,crackle_score,0.6035196687,0
M39,train,cycle,154_4b4_Pr_mc_AKGC417L__3,crackle_score,0.4347529344,0
M39,train,cycle,154_4b4_Pr_mc_AKGC417L__4,crackle_score,0.4729825019,0
M39,train,cycle,154_4b4_Pr_mc_AKGC417L__5,crackle_score,0.5003152189,0
M39,train,cycle,154_4b4_Pr_mc_AKGC417L__6,crackle_score,0.4302522798,0
M39,train,cycle,154_4b4_Pr_mc_AKGC417L__7,crackle_score,0.4307540194,1
M39,train,cycle,154_4b4_Pr_mc_AKGC417L__8,crackle_score,0.5518403318,0
M39,train,cycle,154_4b4_Pr_mc_AKGC417L__9,crackle_score,0.5545851528,0
M39,train,cycle,155_2b1_Al_mc_LittC2SE__0,crackle_score,0.269242526,0
M39,train,cycle,155_2b1_Al_mc_LittC2SE__1,crackle_score,0.5938841202,0
M39,train,cycle,155_2b1_Al_mc_LittC2SE__2,crackle_score,0.3935889158,0
M39,train,cycle,155_2b1_Al_mc_LittC2SE__3,crackle_score,0.3286762264,0
M39,train,cycle,155_2b1_Al_mc_LittC2SE__4,crackle_score,0.5983580707,0
M39,train,cycle,155_2b1_Al_mc_LittC2SE__5,crackle_score,0.2756476597,0
M39,train,cycle,156_2b3_Al_mc_AKGC417L__0,crackle_score,0.4840201867,1
M39,train,cycle,156_2b3_Al_mc_AKGC417L__1,crackle_score,0.4186388851,1
M39,train,cycle,156_2b3_Al_mc_AKGC417L__2,crackle_score,0.4063230457,1
M39,train,cycle,156_2b3_Al_mc_AKGC417L__3,crackle_score,0.3467693465,1
M39,train,cycle,156_2b3_Al_mc_AKGC417L__4,crackle_score,0.4573964578,1
M39,train,cycle,156_2b3_Al_mc_AKGC417L__5,crackle_score,0.4182226914,1
M39,train,cycle,156_2b3_Ar_mc_AKGC417L__0,crackle_score,0.6582278481,0
M39,train,cycle,156_2b3_Ar_mc_AKGC417L__1,crackle_score,0.5927930715,1
M39,train,cycle,156_2b3_Ar_mc_AKGC417L__2,crackle_score,0.5323729362,1
M39,train,cycle,156_2b3_Ar_mc_AKGC417L__3,crackle_score,0.3286055935,0
M39,train,cycle,156_2b3_Ar_mc_AKGC417L__4,crackle_score,0.4734441692,1
M39,train,cycle,156_2b3_Ar_mc_AKGC417L__5,crackle_score,0.6686340641,1
M39,train,cycle,156_2b3_Ll_mc_AKGC417L__0,crackle_score,0.4309238978,1
M39,train,cycle,156_2b3_Ll_mc_AKGC417L__1,crackle_score,0.4122181335,1
M39,train,cycle,156_2b3_Ll_mc_AKGC417L__2,crackle_score,0.4492449468,1
M39,train,cycle,156_2b3_Ll_mc_AKGC417L__3,crackle_score,0.3457131395,1
M39,train,cycle,156_2b3_Ll_mc_AKGC417L__4,crackle_score,0.4426233533,1
M39,train,cycle,156_2b3_Ll_mc_AKGC417L__5,crackle_score,0.5088541106,1
M39,train,cycle,156_2b3_Lr_mc_AKGC417L__0,crackle_score,0.6291988403,1
M39,train,cycle,156_2b3_Lr_mc_AKGC417L__1,crackle_score,0.5108553997,1
M39,train,cycle,156_2b3_Lr_mc_AKGC417L__2,crackle_score,0.4472829881,1
M39,train,cycle,156_2b3_Lr_mc_AKGC417L__3,crackle_score,0.3269248988,1
M39,train,cycle,156_2b3_Lr_mc_AKGC417L__4,crackle_score,0.3308782219,1
M39,train,cycle,156_2b3_Lr_mc_AKGC417L__5,crackle_score,0.3745563773,1
M39,train,cycle,156_2b3_Pl_mc_AKGC417L__0,crackle_score,0.4038237902,1
M39,train,cycle,156_2b3_Pl_mc_AKGC417L__1,crackle_score,0.3348438274,1
M39,train,cycle,156_2b3_Pl_mc_AKGC417L__2,crackle_score,0.2527267965,1
M39,train,cycle,156_2b3_Pl_mc_AKGC417L__3,crackle_score,0.3549422906,1
M39,train,cycle,156_2b3_Pl_mc_AKGC417L__4,crackle_score,0.2599289718,1
M39,train,cycle,156_2b3_Pl_mc_AKGC417L__5,crackle_score,0.274289626,1
M39,train,cycle,156_2b3_Pr_mc_AKGC417L__0,crackle_score,0.506756096,1
M39,train,cycle,156_2b3_Pr_mc_AKGC417L__1,crackle_score,0.6391896072,1
M39,train,cycle,156_2b3_Pr_mc_AKGC417L__2,crackle_score,0.5161864681,1
M39,train,cycle,156_2b3_Pr_mc_AKGC417L__3,crackle_score,0.5709821433,1
M39,train,cycle,156_2b3_Pr_mc_AKGC417L__4,crackle_score,0.416517795,1
M39,train,cycle,156_2b3_Pr_mc_AKGC417L__5,crackle_score,0.6053962901,1
M39,train,cycle,156_5b3_Al_mc_AKGC417L__0,crackle_score,0.4786942094,0
M39,train,cycle,156_5b3_Al_mc_AKGC417L__1,crackle_score,0.4189186456,1
M39,train,cycle,156_5b3_Al_mc_AKGC417L__2,crackle_score,0.6796138303,1
M39,train,cycle,156_5b3_Al_mc_AKGC417L__3,crackle_score,0.523883518,1
M39,train,cycle,156_5b3_Al_mc_AKGC417L__4,crackle_score,0.7020932968,1
M39,train,cycle,156_5b3_Al_mc_AKGC417L__5,crackle_score,0.5544887,1
M39,train,cycle,156_5b3_Al_mc_AKGC417L__6,crackle_score,0.6943005181,1
M39,train,cycle,156_5b3_Al_mc_AKGC417L__7,crackle_score,0.5638629009,1
M39,train,cycle,156_5b3_Al_mc_AKGC417L__8,crackle_score,0.7211541543,1
M39,train,cycle,156_5b3_Ar_mc_AKGC417L__0,crackle_score,0.6291032151,0
M39,train,cycle,156_5b3_Ar_mc_AKGC417L__1,crackle_score,0.5178166228,1
M39,train,cycle,156_5b3_Ar_mc_AKGC417L__2,crackle_score,0.5049379845,1
M39,train,cycle,156_5b3_Ar_mc_AKGC417L__3,crackle_score,0.4089761011,0
M39,train,cycle,156_5b3_Ar_mc_AKGC417L__4,crackle_score,0.5822002247,1
M39,train,cycle,156_5b3_Ar_mc_AKGC417L__5,crackle_score,0.4411419864,1
M39,train,cycle,156_5b3_Ar_mc_AKGC417L__6,crackle_score,0.6187221656,1
M39,train,cycle,156_5b3_Ar_mc_AKGC417L__7,crackle_score,0.3917544553,1
M39,train,cycle,156_5b3_Ar_mc_AKGC417L__8,crackle_score,0.8735990037,1
M39,train,cycle,156_5b3_Ll_mc_AKGC417L__0,crackle_score,0.6485884101,1
M39,train,cycle,156_5b3_Ll_mc_AKGC417L__1,crackle_score,0.5460193281,1
M39,train,cycle,156_5b3_Ll_mc_AKGC417L__2,crackle_score,0.4019744788,1
M39,train,cycle,156_5b3_Ll_mc_AKGC417L__3,crackle_score,0.7497502498,1
M39,train,cycle,156_5b3_Ll_mc_AKGC417L__4,crackle_score,0.5945626478,1
M39,train,cycle,156_5b3_Ll_mc_AKGC417L__5,crackle_score,0.6350742909,1
M39,train,cycle,156_5b3_Ll_mc_AKGC417L__6,crackle_score,0.6079447323,1
M39,train,cycle,156_5b3_Ll_mc_AKGC417L__7,crackle_score,0.5689972401,1
M39,train,cycle,156_5b3_Ll_mc_AKGC417L__8,crackle_score,0.7283105023,1
M39,train,cycle,156_5b3_Lr_mc_AKGC417L__0,crackle_score,0.4755557126,1
M39,train,cycle,156_5b3_Lr_mc_AKGC417L__1,crackle_score,0.2687725894,1
M39,train,cycle,156_5b3_Lr_mc_AKGC417L__2,crackle_score,0.6122586439,1
M39,train,cycle,156_5b3_Lr_mc_AKGC417L__3,crackle_score,0.54995005,1
M39,train,cycle,156_5b3_Lr_mc_AKGC417L__4,crackle_score,0.3646944821,1
M39,train,cycle,156_5b3_Lr_mc_AKGC417L__5,crackle_score,0.358286122,1
M39,train,cycle,156_5b3_Lr_mc_AKGC417L__6,crackle_score,0.716506935,1
M39,train,cycle,156_5b3_Lr_mc_AKGC417L__7,crackle_score,0.6149954002,1
M39,train,cycle,156_5b3_Lr_mc_AKGC417L__8,crackle_score,0.7075550021,1
M39,train,cycle,156_5b3_Pl_mc_AKGC417L__0,crackle_score,0.7476473502,1
M39,train,cycle,156_5b3_Pl_mc_AKGC417L__1,crackle_score,0.7300966406,1
M39,train,cycle,156_5b3_Pl_mc_AKGC417L__2,crackle_score,0.7694207454,1
M39,train,cycle,156_5b3_Pl_mc_AKGC417L__3,crackle_score,0.8246753247,1
M39,train,cycle,156_5b3_Pl_mc_AKGC417L__4,crackle_score,0.7127659574,1
M39,train,cycle,156_5b3_Pl_mc_AKGC417L__5,crackle_score,0.7026114363,1
M39,train,cycle,156_5b3_Pl_mc_AKGC417L__6,crackle_score,0.7374784111,1
M39,train,cycle,156_5b3_Pl_mc_AKGC417L__7,crackle_score,0.7299908004,1
M39,train,cycle,156_5b3_Pl_mc_AKGC417L__8,crackle_score,0.6660440017,1
M39,train,cycle,156_5b3_Pr_mc_AKGC417L__0,crackle_score,0.3790799296,1
M39,train,cycle,156_5b3_Pr_mc_AKGC417L__1,crackle_score,0.3346300132,1
M39,train,cycle,156_5b3_Pr_mc_AKGC417L__2,crackle_score,0.4748682308,1
M39,train,cycle,156_5b3_Pr_mc_AKGC417L__3,crackle_score,0.4009152583,1
M39,train,cycle,156_5b3_Pr_mc_AKGC417L__4,crackle_score,0.3978314604,1
M39,train,cycle,156_5b3_Pr_mc_AKGC417L__5,crackle_score,0.3192789074,1
M39,train,cycle,156_5b3_Pr_mc_AKGC417L__6,crackle_score,0.447783744,1
M39,train,cycle,156_5b3_Pr_mc_AKGC417L__7,crackle_score,0.6149954002,1
M39,train,cycle,156_5b3_Pr_mc_AKGC417L__8,crackle_score,0.282858848,1
M39,train,cycle,156_8b3_Al_mc_AKGC417L__0,crackle_score,0.3686971683,0
M39,train,cycle,156_8b3_Al_mc_AKGC417L__1,crackle_score,0.3524765675,1
M39,train,cycle,156_8b3_Al_mc_AKGC417L__2,crackle_score,0.5982800983,1
M39,train,cycle,156_8b3_Al_mc_AKGC417L__3,crackle_score,0.1744898369,1
M39,train,cycle,156_8b3_Al_mc_AKGC417L__4,crackle_score,0.478062979,1
M39,train,cycle,156_8b3_Al_mc_AKGC417L__5,crackle_score,0.2291740116,0
M39,train,cycle,156_8b3_Al_mc_AKGC417L__6,crackle_score,0.3332492887,0
M39,train,cycle,156_8b3_Al_mc_AKGC417L__7,crackle_score,0.2528270142,0
M39,train,cycle,156_8b3_Ar_mc_AKGC417L__0,crackle_score,0.3457217133,1
M39,train,cycle,156_8b3_Ar_mc_AKGC417L__1,crackle_score,0.4465856196,0
M39,train,cycle,156_8b3_Ar_mc_AKGC417L__2,crackle_score,0.3632729647,0
M39,train,cycle,156_8b3_Ar_mc_AKGC417L__3,crackle_score,0.6117068811,0
M39,train,cycle,156_8b3_Ar_mc_AKGC417L__4,crackle_score,0.4755542968,0
M39,train,cycle,156_8b3_Ar_mc_AKGC417L__5,crackle_score,0.3926331389,0
M39,train,cycle,156_8b3_Ar_mc_AKGC417L__6,crackle_score,0.3496682339,0
M39,train,cycle,156_8b3_Ar_mc_AKGC417L__7,crackle_score,0.2776966594,0
M39,train,cycle,156_8b3_Ll_mc_AKGC417L__0,crackle_score,0.4067737309,1
M39,train,cycle,156_8b3_Ll_mc_AKGC417L__1,crackle_score,0.3312437414,1
M39,train,cycle,156_8b3_Ll_mc_AKGC417L__2,crackle_score,0.2468453669,1
M39,train,cycle,156_8b3_Ll_mc_AKGC417L__3,crackle_score,0.2177768052,1
M39,train,cycle,156_8b3_Ll_mc_AKGC417L__4,crackle_score,0.329940256,1
M39,train,cycle,156_8b3_Ll_mc_AKGC417L__5,crackle_score,0.3194464955,1
M39,train,cycle,156_8b3_Ll_mc_AKGC417L__6,crackle_score,0.330203082,1
M39,train,cycle,156_8b3_Ll_mc_AKGC417L__7,crackle_score,0.2752663853,1
M39,train,cycle,156_8b3_Lr_mc_AKGC417L__0,crackle_score,0.3032464432,0
M39,train,cycle,156_8b3_Lr_mc_AKGC417L__1,crackle_score,0.2764635604,0
M39,train,cycle,156_8b3_Lr_mc_AKGC417L__2,crackle_score,0.4968540955,0
M39,train,cycle,156_8b3_Lr_mc_AKGC417L__3,crackle_score,0.2569875566,0
M39,train,cycle,156_8b3_Lr_mc_AKGC417L__4,crackle_score,0.3991609816,0
M39,train,cycle,156_8b3_Lr_mc_AKGC417L__5,crackle_score,0.3885408252,0
M39,train,cycle,156_8b3_Lr_mc_AKGC417L__6,crackle_score,0.4538981335,0
M39,train,cycle,156_8b3_Lr_mc_AKGC417L__7,crackle_score,0.3503298821,0
M39,train,cycle,156_8b3_Pl_mc_AKGC417L__0,crackle_score,0.4729187086,1
M39,train,cycle,156_8b3_Pl_mc_AKGC417L__1,crackle_score,0.3858972433,0
M39,train,cycle,156_8b3_Pl_mc_AKGC417L__2,crackle_score,0.5537326747,1
M39,train,cycle,156_8b3_Pl_mc_AKGC417L__3,crackle_score,0.4257548091,1
M39,train,cycle,156_8b3_Pl_mc_AKGC417L__4,crackle_score,0.6521138758,1
M39,train,cycle,156_8b3_Pl_mc_AKGC417L__5,crackle_score,0.5115662152,1
M39,train,cycle,156_8b3_Pl_mc_AKGC417L__6,crackle_score,0.7283105023,1
M39,train,cycle,156_8b3_Pl_mc_AKGC417L__7,crackle_score,0.3755568706,1
M39,train,cycle,157_1b1_Al_sc_Meditron__0,crackle_score,0.5282788103,0
M39,train,cycle,157_1b1_Al_sc_Meditron__1,crackle_score,0.4378974312,0
M39,train,cycle,157_1b1_Al_sc_Meditron__2,crackle_score,0.4478486293,0
M39,train,cycle,157_1b1_Al_sc_Meditron__3,crackle_score,0.4103408811,0
M39,train,cycle,157_1b1_Al_sc_Meditron__4,crackle_score,0.3689181583,0
M39,train,cycle,157_1b1_Al_sc_Meditron__5,crackle_score,0.3866250008,0
M39,train,cycle,157_1b1_Al_sc_Meditron__6,crackle_score,0.3648675232,0
M39,train,cycle,157_1b1_Al_sc_Meditron__7,crackle_score,0.244830113,1
M39,train,cycle,157_1b1_Al_sc_Meditron__8,crackle_score,0.3367129933,0
M39,train,cycle,157_1b1_Al_sc_Meditron__9,crackle_score,0.2326978041,0
M39,train,cycle,157_1b1_Al_sc_Meditron__10,crackle_score,0.2675174325,0
M39,train,cycle,157_1b1_Al_sc_Meditron__11,crackle_score,0.2977153543,1
M39,train,cycle,157_1b1_Al_sc_Meditron__12,crackle_score,0.08915588872,0
M39,train,cycle,157_1b1_Al_sc_Meditron__13,crackle_score,0.0918255371,0
M39,train,cycle,157_1b1_Al_sc_Meditron__14,crackle_score,0.09082833383,0
M39,train,cycle,157_1b1_Ar_sc_Meditron__0,crackle_score,0.5655285759,0
M39,train,cycle,157_1b1_Ar_sc_Meditron__1,crackle_score,0.557801148,0
M39,train,cycle,157_1b1_Ar_sc_Meditron__2,crackle_score,0.5387863655,0
M39,train,cycle,157_1b1_Ar_sc_Meditron__3,crackle_score,0.3061130159,0
M39,train,cycle,157_1b1_Ar_sc_Meditron__4,crackle_score,0.3736334944,0
M39,train,cycle,157_1b1_Ar_sc_Meditron__5,crackle_score,0.2118174245,0
M39,train,cycle,157_1b1_Ar_sc_Meditron__6,crackle_score,0.3300213815,0
M39,train,cycle,157_1b1_Ar_sc_Meditron__7,crackle_score,0.3176863913,0
M39,train,cycle,157_1b1_Ar_sc_Meditron__8,crackle_score,0.3814130325,0
M39,train,cycle,157_1b1_Ar_sc_Meditron__9,crackle_score,0.5302532631,0
M39,train,cycle,157_1b1_Ar_sc_Meditron__10,crackle_score,0.4242241443,0
M39,train,cycle,157_1b1_Ar_sc_Meditron__11,crackle_score,0.3183655794,0
M39,train,cycle,157_1b1_Lr_sc_Meditron__0,crackle_score,0.2746690893,1
M39,train,cycle,157_1b1_Lr_sc_Meditron__1,crackle_score,0.3794042453,1
M39,train,cycle,157_1b1_Lr_sc_Meditron__2,crackle_score,0.4758071494,0
M39,train,cycle,157_1b1_Lr_sc_Meditron__3,crackle_score,0.4481726619,1
M39,train,cycle,157_1b1_Lr_sc_Meditron__4,crackle_score,0.4483458469,1
M39,train,cycle,157_1b1_Lr_sc_Meditron__5,crackle_score,0.4031835749,1
M39,train,cycle,157_1b1_Lr_sc_Meditron__6,crackle_score,0.2687233237,1
M39,train,cycle,157_1b1_Lr_sc_Meditron__7,crackle_score,0.6607991925,1
M39,train,cycle,157_1b1_Lr_sc_Meditron__8,crackle_score,0.5420875421,0
M39,train,cycle,157_1b1_Pl_sc_Meditron__0,crackle_score,0.3203699837,0
M39,train,cycle,157_1b1_Pl_sc_Meditron__1,crackle_score,0.3718615906,0
M39,train,cycle,157_1b1_Pl_sc_Meditron__2,crackle_score,0.2941613659,0
M39,train,cycle,157_1b1_Pl_sc_Meditron__3,crackle_score,0.3417035564,0
M39,train,cycle,157_1b1_Pl_sc_Meditron__4,crackle_score,0.6850481125,0
M39,train,cycle,157_1b1_Pl_sc_Meditron__5,crackle_score,0.4373426476,0
M39,train,cycle,157_1b1_Pl_sc_Meditron__6,crackle_score,0.2333471326,1
M39,train,cycle,157_1b1_Pl_sc_Meditron__7,crackle_score,0.3590165466,1
M39,train,cycle,157_1b1_Pl_sc_Meditron__8,crackle_score,0.3704614048,0
M39,train,cycle,157_1b1_Pl_sc_Meditron__9,crackle_score,0.360895405,0
M39,train,cycle,157_1b1_Pl_sc_Meditron__10,crackle_score,0.2924361175,1
M39,train,cycle,157_1b1_Pl_sc_Meditron__11,crackle_score,0.2771996407,1
M39,train,cycle,157_1b1_Pl_sc_Meditron__12,crackle_score,0.3981237952,0
M39,train,cycle,157_1b1_Pr_sc_Meditron__0,crackle_score,0.6180872128,1
M39,train,cycle,157_1b1_Pr_sc_Meditron__1,crackle_score,0.3890719545,1
M39,train,cycle,157_1b1_Pr_sc_Meditron__2,crackle_score,0.3087151109,1
M39,train,cycle,157_1b1_Pr_sc_Meditron__3,crackle_score,0.7224694105,1
M39,train,cycle,157_1b1_Pr_sc_Meditron__4,crackle_score,0.656202173,1
M39,train,cycle,157_1b1_Pr_sc_Meditron__5,crackle_score,0.2872840357,0
M39,train,cycle,157_1b1_Pr_sc_Meditron__6,crackle_score,0.6948717949,1
M39,train,cycle,157_1b1_Pr_sc_Meditron__7,crackle_score,0.4870968839,0
M39,train,cycle,157_1b1_Pr_sc_Meditron__8,crackle_score,0.2980223631,0
M39,train,cycle,157_1b1_Pr_sc_Meditron__9,crackle_score,0.3165180131,0
M39,train,cycle,157_1b1_Pr_sc_Meditron__10,crackle_score,0.416289955,0
M39,train,cycle,157_1b1_Pr_sc_Meditron__11,crackle_score,0.2201723769,1
M39,train,cycle,157_1b1_Pr_sc_Meditron__12,crackle_score,0.515773742,1
M39,train,cycle,157_1b1_Pr_sc_Meditron__13,crackle_score,0.2791776795,1
M39,train,cycle,157_1b1_Pr_sc_Meditron__14,crackle_score,0.1856178037,1
M39,train,cycle,158_1b3_Ar_mc_LittC2SE__0,crackle_score,0.4043607294,0
M39,train,cycle,158_1b3_Ar_mc_LittC2SE__1,crackle_score,0.2610740661,0
M39,train,cycle,158_1b3_Ar_mc_LittC2SE__2,crackle_score,0.2859771156,0
M39,train,cycle,158_1b3_Ar_mc_LittC2SE__3,crackle_score,0.2679734797,1
M39,train,cycle,158_1b3_Ar_mc_LittC2SE__4,crackle_score,0.3747333223,0
M39,train,cycle,158_1b3_Ar_mc_LittC2SE__5,crackle_score,0.5499676515,1
M39,train,cycle,158_1b3_Ar_mc_LittC2SE__6,crackle_score,0.469122999,1
M39,train,cycle,158_1b3_Ar_mc_LittC2SE__7,crackle_score,0.5103740235,1
M39,train,cycle,158_1b3_Ar_mc_LittC2SE__8,crackle_score,0.2201288369,1
M39,train,cycle,158_1b3_Ar_mc_LittC2SE__9,crackle_score,0.6182254667,1
M39,train,cycle,158_1b3_Ar_mc_LittC2SE__10,crackle_score,0.3262209636,0
M39,train,cycle,158_1p2_Al_mc_AKGC417L__0,crackle_score,0.5160672061,1
M39,train,cycle,158_1p2_Al_mc_AKGC417L__1,crackle_score,0.496805306,1
M39,train,cycle,158_1p2_Al_mc_AKGC417L__2,crackle_score,0.4605940271,0
M39,train,cycle,158_1p2_Al_mc_AKGC417L__3,crackle_score,0.5161218102,1
M39,train,cycle,158_1p2_Al_mc_AKGC417L__4,crackle_score,0.4519091758,0
M39,train,cycle,158_1p2_Al_mc_AKGC417L__5,crackle_score,0.5599466817,0
M39,train,cycle,158_1p2_Al_mc_AKGC417L__6,crackle_score,0.3156667168,0
M39,train,cycle,158_1p2_Al_mc_AKGC417L__7,crackle_score,0.1760066608,0
M39,train,cycle,158_1p2_Ar_mc_AKGC417L__0,crackle_score,0.3401645449,1
M39,train,cycle,158_1p2_Ar_mc_AKGC417L__1,crackle_score,0.3542618425,1
M39,train,cycle,158_1p2_Ar_mc_AKGC417L__2,crackle_score,0.4359303975,0
M39,train,cycle,158_1p2_Ar_mc_AKGC417L__3,crackle_score,0.3509848289,1
M39,train,cycle,158_1p2_Ar_mc_AKGC417L__4,crackle_score,0.3690474708,0
M39,train,cycle,158_1p2_Ar_mc_AKGC417L__5,crackle_score,0.4195279745,0
M39,train,cycle,158_1p2_Ar_mc_AKGC417L__6,crackle_score,0.3491683142,0
M39,train,cycle,158_1p2_Ar_mc_AKGC417L__7,crackle_score,0.2973064321,0
M39,train,cycle,158_1p2_Ll_mc_AKGC417L__0,crackle_score,0.5924864567,1
M39,train,cycle,158_1p2_Ll_mc_AKGC417L__1,crackle_score,0.6741553466,1
M39,train,cycle,158_1p2_Ll_mc_AKGC417L__2,crackle_score,0.5998402556,1
M39,train,cycle,158_1p2_Ll_mc_AKGC417L__3,crackle_score,0.6884422111,1
M39,train,cycle,158_1p2_Ll_mc_AKGC417L__4,crackle_score,0.5611246944,1
M39,train,cycle,158_1p2_Ll_mc_AKGC417L__5,crackle_score,0.5953834414,1
M39,train,cycle,158_1p2_Ll_mc_AKGC417L__6,crackle_score,0.6530389156,0
M39,train,cycle,158_1p2_Ll_mc_AKGC417L__7,crackle_score,0.5084705272,0
M39,train,cycle,158_1p2_Lr_mc_AKGC417L__0,crackle_score,0.3368386311,1
M39,train,cycle,158_1p2_Lr_mc_AKGC417L__1,crackle_score,0.5223531228,1
M39,train,cycle,158_1p2_Lr_mc_AKGC417L__2,crackle_score,0.3796669406,1
M39,train,cycle,158_1p2_Lr_mc_AKGC417L__3,crackle_score,0.428403896,1
M39,train,cycle,158_1p2_Lr_mc_AKGC417L__4,crackle_score,0.3965423343,0
M39,train,cycle,158_1p2_Lr_mc_AKGC417L__5,crackle_score,0.4507278436,0
M39,train,cycle,158_1p2_Lr_mc_AKGC417L__6,crackle_score,0.4787895042,0
M39,train,cycle,158_1p2_Lr_mc_AKGC417L__7,crackle_score,0.3291737898,0
M39,train,cycle,158_1p2_Pl_mc_AKGC417L__0,crackle_score,0.5309116634,1
M39,train,cycle,158_1p2_Pl_mc_AKGC417L__1,crackle_score,0.2859916275,1
M39,train,cycle,158_1p2_Pl_mc_AKGC417L__2,crackle_score,0.3625188591,1
M39,train,cycle,158_1p2_Pl_mc_AKGC417L__3,crackle_score,0.2912516901,1
M39,train,cycle,158_1p2_Pl_mc_AKGC417L__4,crackle_score,0.3085890239,0
M39,train,cycle,158_1p2_Pl_mc_AKGC417L__5,crackle_score,0.1952725905,0
M39,train,cycle,158_1p2_Pl_mc_AKGC417L__6,crackle_score,0.1596972743,0
M39,train,cycle,158_1p2_Pl_mc_AKGC417L__7,crackle_score,0.08163848284,0
M39,train,cycle,158_1p2_Pr_mc_AKGC417L__0,crackle_score,0.3022577732,1
M39,train,cycle,158_1p2_Pr_mc_AKGC417L__1,crackle_score,0.2349953992,1
M39,train,cycle,158_1p2_Pr_mc_AKGC417L__2,crackle_score,0.4035997912,1
M39,train,cycle,158_1p2_Pr_mc_AKGC417L__3,crackle_score,0.2823607063,1
M39,train,cycle,158_1p2_Pr_mc_AKGC417L__4,crackle_score,0.3632593998,1
M39,train,cycle,158_1p2_Pr_mc_AKGC417L__5,crackle_score,0.3318709707,0
M39,train,cycle,158_1p2_Pr_mc_AKGC417L__6,crackle_score,0.3067655077,1
M39,train,cycle,158_1p2_Pr_mc_AKGC417L__7,crackle_score,0.1331697797,0
M39,train,cycle,158_1p2_Tc_mc_AKGC417L__0,crackle_score,0.7866671829,1
M39,train,cycle,158_1p2_Tc_mc_AKGC417L__1,crackle_score,0.5672652105,1
M39,train,cycle,158_1p2_Tc_mc_AKGC417L__2,crackle_score,0.5189154041,0
M39,train,cycle,158_1p2_Tc_mc_AKGC417L__3,crackle_score,0.4885197119,0
M39,train,cycle,158_1p2_Tc_mc_AKGC417L__4,crackle_score,0.3958315826,0
M39,train,cycle,158_1p2_Tc_mc_AKGC417L__5,crackle_score,0.4129988719,0
M39,train,cycle,158_1p2_Tc_mc_AKGC417L__6,crackle_score,0.5216360218,0
M39,train,cycle,158_1p2_Tc_mc_AKGC417L__7,crackle_score,0.2952578441,0
M39,train,cycle,158_1p3_Al_mc_AKGC417L__0,crackle_score,0.15698638,0
M39,train,cycle,158_1p3_Al_mc_AKGC417L__1,crackle_score,0.1226238902,1
M39,train,cycle,158_1p3_Al_mc_AKGC417L__2,crackle_score,0.2759251364,1
M39,train,cycle,158_1p3_Al_mc_AKGC417L__3,crackle_score,0.4161097969,1
M39,train,cycle,158_1p3_Al_mc_AKGC417L__4,crackle_score,0.4527627838,1
M39,train,cycle,158_1p3_Al_mc_AKGC417L__5,crackle_score,0.3648927237,1
M39,train,cycle,158_1p3_Al_mc_AKGC417L__6,crackle_score,0.4106054986,0
M39,train,cycle,158_1p3_Al_mc_AKGC417L__7,crackle_score,0.3757138725,0
M39,train,cycle,158_1p3_Al_mc_AKGC417L__8,crackle_score,0.4280391828,0
M39,train,cycle,158_1p3_Ar_mc_AKGC417L__0,crackle_score,0.2004764996,1
M39,train,cycle,158_1p3_Ar_mc_AKGC417L__1,crackle_score,0.09264584473,0
M39,train,cycle,158_1p3_Ar_mc_AKGC417L__2,crackle_score,0.1930231641,0
M39,train,cycle,158_1p3_Ar_mc_AKGC417L__3,crackle_score,0.3898536113,1
M39,train,cycle,158_1p3_Ar_mc_AKGC417L__4,crackle_score,0.3346214536,1
M39,train,cycle,158_1p3_Ar_mc_AKGC417L__5,crackle_score,0.4342134166,1
M39,train,cycle,158_1p3_Ar_mc_AKGC417L__6,crackle_score,0.36090219,0
M39,train,cycle,158_1p3_Ar_mc_AKGC417L__7,crackle_score,0.3490219353,0
M39,train,cycle,158_1p3_Ar_mc_AKGC417L__8,crackle_score,0.2237010561,0
M39,train,cycle,158_1p3_Ll_mc_AKGC417L__0,crackle_score,0.06736762865,0
M39,train,cycle,158_1p3_Ll_mc_AKGC417L__1,crackle_score,0.09461579264,0
M39,train,cycle,158_1p3_Ll_mc_AKGC417L__2,crackle_score,0.2531027041,0
M39,train,cycle,158_1p3_Ll_mc_AKGC417L__3,crackle_score,0.2508232488,1
M39,train,cycle,158_1p3_Ll_mc_AKGC417L__4,crackle_score,0.2023188227,0
M39,train,cycle,158_1p3_Ll_mc_AKGC417L__5,crackle_score,0.1973578883,1
M39,train,cycle,158_1p3_Ll_mc_AKGC417L__6,crackle_score,0.2462470727,1
M39,train,cycle,158_1p3_Ll_mc_AKGC417L__7,crackle_score,0.2549527244,0
M39,train,cycle,158_1p3_Ll_mc_AKGC417L__8,crackle_score,0.2549856144,0
M39,train,cycle,158_1p3_Lr_mc_AKGC417L__0,crackle_score,0.3008357314,1
M39,train,cycle,158_1p3_Lr_mc_AKGC417L__1,crackle_score,0.2185135095,0
M39,train,cycle,158_1p3_Lr_mc_AKGC417L__2,crackle_score,0.3290725333,0
M39,train,cycle,158_1p3_Lr_mc_AKGC417L__3,crackle_score,0.4408287158,0
M39,train,cycle,158_1p3_Lr_mc_AKGC417L__4,crackle_score,0.4766166851,1
M39,train,cycle,158_1p3_Lr_mc_AKGC417L__5,crackle_score,0.4547667131,1
M39,train,cycle,158_1p3_Lr_mc_AKGC417L__6,crackle_score,0.3947360102,1
M39,train,cycle,158_1p3_Lr_mc_AKGC417L__7,crackle_score,0.4884891746,0
M39,train,cycle,158_1p3_Lr_mc_AKGC417L__8,crackle_score,0.3388889775,0
M39,train,cycle,158_1p3_Pl_mc_AKGC417L__0,crackle_score,0.2762020564,0
M39,train,cycle,158_1p3_Pl_mc_AKGC417L__1,crackle_score,0.1422569569,0
M39,train,cycle,158_1p3_Pl_mc_AKGC417L__2,crackle_score,0.2154104341,0
M39,train,cycle,158_1p3_Pl_mc_AKGC417L__3,crackle_score,0.2065099715,0
M39,train,cycle,158_1p3_Pl_mc_AKGC417L__4,crackle_score,0.2260138665,1
M39,train,cycle,158_1p3_Pl_mc_AKGC417L__5,crackle_score,0.2152487143,1
M39,train,cycle,158_1p3_Pl_mc_AKGC417L__6,crackle_score,0.2479651212,1
M39,train,cycle,158_1p3_Pl_mc_AKGC417L__7,crackle_score,0.2448353091,0
M39,train,cycle,158_1p3_Pl_mc_AKGC417L__8,crackle_score,0.08613927401,0
M39,train,cycle,158_1p3_Pr_mc_AKGC417L__0,crackle_score,0.1724972896,0
M39,train,cycle,158_1p3_Pr_mc_AKGC417L__1,crackle_score,0.09340074678,0
M39,train,cycle,158_1p3_Pr_mc_AKGC417L__2,crackle_score,0.2207501686,0
M39,train,cycle,158_1p3_Pr_mc_AKGC417L__3,crackle_score,0.1925613971,1
M39,train,cycle,158_1p3_Pr_mc_AKGC417L__4,crackle_score,0.1887120336,0
M39,train,cycle,158_1p3_Pr_mc_AKGC417L__5,crackle_score,0.2829888072,1
M39,train,cycle,158_1p3_Pr_mc_AKGC417L__6,crackle_score,0.234913303,0
M39,train,cycle,158_1p3_Pr_mc_AKGC417L__7,crackle_score,0.1577905858,1
M39,train,cycle,158_1p3_Pr_mc_AKGC417L__8,crackle_score,0.2664911301,0
M39,train,cycle,158_1p3_Tc_mc_AKGC417L__0,crackle_score,0.5380230308,0
M39,train,cycle,158_1p3_Tc_mc_AKGC417L__1,crackle_score,0.1960235063,0
M39,train,cycle,158_1p3_Tc_mc_AKGC417L__2,crackle_score,0.3896246402,0
M39,train,cycle,158_1p3_Tc_mc_AKGC417L__3,crackle_score,0.4931579194,0
M39,train,cycle,158_1p3_Tc_mc_AKGC417L__4,crackle_score,0.3878357309,0
M39,train,cycle,158_1p3_Tc_mc_AKGC417L__5,crackle_score,0.4006433933,0
M39,train,cycle,158_1p3_Tc_mc_AKGC417L__6,crackle_score,0.5329968361,0
M39,train,cycle,158_1p3_Tc_mc_AKGC417L__7,crackle_score,0.672725609,0
M39,train,cycle,158_1p3_Tc_mc_AKGC417L__8,crackle_score,0.4770362473,0
M39,train,cycle,158_1p4_Al_mc_AKGC417L__0,crackle_score,0.3446410202,1
M39,train,cycle,158_1p4_Al_mc_AKGC417L__1,crackle_score,0.3647333372,1
M39,train,cycle,158_1p4_Al_mc_AKGC417L__2,crackle_score,0.466991545,1
M39,train,cycle,158_1p4_Al_mc_AKGC417L__3,crackle_score,0.4356242818,0
M39,train,cycle,158_1p4_Al_mc_AKGC417L__4,crackle_score,0.4666872704,1
M39,train,cycle,158_1p4_Al_mc_AKGC417L__5,crackle_score,0.3362653343,1
M39,train,cycle,158_1p4_Al_mc_AKGC417L__6,crackle_score,0.442712972,0
M39,train,cycle,158_1p4_Al_mc_AKGC417L__7,crackle_score,0.5488876773,1
M39,train,cycle,158_1p4_Al_mc_AKGC417L__8,crackle_score,0.4636546163,0
M39,train,cycle,158_1p4_Ar_mc_AKGC417L__0,crackle_score,0.2978103692,1
M39,train,cycle,158_1p4_Ar_mc_AKGC417L__1,crackle_score,0.327003083,1
M39,train,cycle,158_1p4_Ar_mc_AKGC417L__2,crackle_score,0.3299344681,1
M39,train,cycle,158_1p4_Ar_mc_AKGC417L__3,crackle_score,0.2943390209,0
M39,train,cycle,158_1p4_Ar_mc_AKGC417L__4,crackle_score,0.3562877266,1
M39,train,cycle,158_1p4_Ar_mc_AKGC417L__5,crackle_score,0.3907470538,1
M39,train,cycle,158_1p4_Ar_mc_AKGC417L__6,crackle_score,0.4022374151,0
M39,train,cycle,158_1p4_Ar_mc_AKGC417L__7,crackle_score,0.4659289542,1
M39,train,cycle,158_1p4_Ar_mc_AKGC417L__8,crackle_score,0.4088214372,1
M39,train,cycle,158_1p4_Lr_mc_AKGC417L__0,crackle_score,0.4785599111,1
M39,train,cycle,158_1p4_Lr_mc_AKGC417L__1,crackle_score,0.3713975073,1
M39,train,cycle,158_1p4_Lr_mc_AKGC417L__2,crackle_score,0.3086315854,1
M39,train,cycle,158_1p4_Lr_mc_AKGC417L__3,crackle_score,0.402424492,0
M39,train,cycle,158_1p4_Lr_mc_AKGC417L__4,crackle_score,0.3725300412,0
M39,train,cycle,158_1p4_Lr_mc_AKGC417L__5,crackle_score,0.4277414138,0
M39,train,cycle,158_1p4_Lr_mc_AKGC417L__6,crackle_score,0.5055757213,0
M39,train,cycle,158_1p4_Lr_mc_AKGC417L__7,crackle_score,0.4318742297,1
M39,train,cycle,158_1p4_Lr_mc_AKGC417L__8,crackle_score,0.4809183921,1
M39,train,cycle,158_1p4_Pl_mc_AKGC417L__0,crackle_score,0.2099828529,0
M39,train,cycle,158_1p4_Pl_mc_AKGC417L__1,crackle_score,0.2841499136,1
M39,train,cycle,158_1p4_Pl_mc_AKGC417L__2,crackle_score,0.2308567924,1
M39,train,cycle,158_1p4_Pl_mc_AKGC417L__3,crackle_score,0.2494121606,0
M39,train,cycle,158_1p4_Pl_mc_AKGC417L__4,crackle_score,0.2834896392,1
M39,train,cycle,158_1p4_Pl_mc_AKGC417L__5,crackle_score,0.2318564504,1
M39,train,cycle,158_1p4_Pl_mc_AKGC417L__6,crackle_score,0.1860870064,0
M39,train,cycle,158_1p4_Pl_mc_AKGC417L__7,crackle_score,0.2921671763,1
M39,train,cycle,158_1p4_Pl_mc_AKGC417L__8,crackle_score,0.3218530266,1
M39,train,cycle,158_1p4_Pr_mc_AKGC417L__0,crackle_score,0.2908842501,0
M39,train,cycle,158_1p4_Pr_mc_AKGC417L__1,crackle_score,0.2384313694,1
M39,train,cycle,158_1p4_Pr_mc_AKGC417L__2,crackle_score,0.2315621474,1
M39,train,cycle,158_1p4_Pr_mc_AKGC417L__3,crackle_score,0.2654772248,1
M39,train,cycle,158_1p4_Pr_mc_AKGC417L__4,crackle_score,0.3437397172,1
M39,train,cycle,158_1p4_Pr_mc_AKGC417L__5,crackle_score,0.2274024755,1
M39,train,cycle,158_1p4_Pr_mc_AKGC417L__6,crackle_score,0.2017074941,0
M39,train,cycle,158_1p4_Pr_mc_AKGC417L__7,crackle_score,0.2298412788,1
M39,train,cycle,158_1p4_Pr_mc_AKGC417L__8,crackle_score,0.2654692478,1
M39,train,cycle,158_1p4_Tc_mc_AKGC417L__0,crackle_score,0.4223971338,1
M39,train,cycle,158_1p4_Tc_mc_AKGC417L__1,crackle_score,0.5021234969,1
M39,train,cycle,158_1p4_Tc_mc_AKGC417L__2,crackle_score,0.457047515,0
M39,train,cycle,158_1p4_Tc_mc_AKGC417L__3,crackle_score,0.4516995988,0
M39,train,cycle,158_1p4_Tc_mc_AKGC417L__4,crackle_score,0.5872682554,1
M39,train,cycle,158_1p4_Tc_mc_AKGC417L__5,crackle_score,0.5139525178,0
M39,train,cycle,158_1p4_Tc_mc_AKGC417L__6,crackle_score,0.5017295333,0
M39,train,cycle,158_1p4_Tc_mc_AKGC417L__7,crackle_score,0.4771432278,1
M39,train,cycle,158_1p4_Tc_mc_AKGC417L__8,crackle_score,0.3474103699,0
M39,train,cycle,158_2p2_Ar_mc_AKGC417L__0,crackle_score,0.5072067363,1
M39,train,cycle,158_2p2_Ar_mc_AKGC417L__1,crackle_score,0.56079287,1
M39,train,cycle,158_2p2_Ar_mc_AKGC417L__2,crackle_score,0.6544766835,0
M39,train,cycle,158_2p2_Ar_mc_AKGC417L__3,crackle_score,0.6016036182,0
M39,train,cycle,158_2p2_Ar_mc_AKGC417L__4,crackle_score,0.5457252517,1
M39,train,cycle,158_2p2_Ar_mc_AKGC417L__5,crackle_score,0.5825287589,1
M39,train,cycle,158_2p2_Ar_mc_AKGC417L__6,crackle_score,0.6655083054,1
M39,train,cycle,158_2p2_Ar_mc_AKGC417L__7,crackle_score,0.6911401717,1
M39,train,cycle,158_2p2_Ar_mc_AKGC417L__8,crackle_score,0.6997107509,1
M39,train,cycle,158_2p3_Lr_mc_AKGC417L__0,crackle_score,0.3065695292,1
M39,train,cycle,158_2p3_Lr_mc_AKGC417L__1,crackle_score,0.2622759671,1
M39,train,cycle,158_2p3_Lr_mc_AKGC417L__2,crackle_score,0.2954482795,1
M39,train,cycle,158_2p3_Lr_mc_AKGC417L__3,crackle_score,0.3049404744,1
M39,train,cycle,158_2p3_Lr_mc_AKGC417L__4,crackle_score,0.26947193,1
M39,train,cycle,158_2p3_Lr_mc_AKGC417L__5,crackle_score,0.362001225,1
M39,train,cycle,158_2p3_Lr_mc_AKGC417L__6,crackle_score,0.474169238,1
M39,train,cycle,158_2p3_Lr_mc_AKGC417L__7,crackle_score,0.1809523205,1
M39,train,cycle,158_2p3_Lr_mc_AKGC417L__8,crackle_score,0.3198841888,1
M39,train,cycle,158_2p3_Lr_mc_AKGC417L__9,crackle_score,0.3357426055,1
M39,train,cycle,158_2p3_Lr_mc_AKGC417L__10,crackle_score,0.3574326372,1
M39,train,cycle,158_2p3_Lr_mc_AKGC417L__11,crackle_score,0.3063727485,1
M39,train,cycle,158_2p3_Tc_mc_AKGC417L__0,crackle_score,0.5189981007,0
M39,train,cycle,158_2p3_Tc_mc_AKGC417L__1,crackle_score,0.7099922641,1
M39,train,cycle,158_2p3_Tc_mc_AKGC417L__2,crackle_score,0.71963406,0
M39,train,cycle,158_2p3_Tc_mc_AKGC417L__3,crackle_score,0.6164355743,0
M39,train,cycle,158_2p3_Tc_mc_AKGC417L__4,crackle_score,0.7106457216,0
M39,train,cycle,158_2p3_Tc_mc_AKGC417L__5,crackle_score,0.7899128296,1
M39,train,cycle,158_2p3_Tc_mc_AKGC417L__6,crackle_score,0.6572146661,0
M39,train,cycle,158_2p3_Tc_mc_AKGC417L__7,crackle_score,0.530864471,0
M39,train,cycle,158_2p3_Tc_mc_AKGC417L__8,crackle_score,0.729372499,0
M39,train,cycle,158_2p3_Tc_mc_AKGC417L__9,crackle_score,0.7281572074,0
M39,train,cycle,158_2p3_Tc_mc_AKGC417L__10,crackle_score,0.5737448599,0
M39,train,cycle,158_2p3_Tc_mc_AKGC417L__11,crackle_score,0.6578403802,0
M39,train,cycle,159_1b1_Al_sc_Meditron__0,crackle_score,0.8009781791,0
M39,train,cycle,159_1b1_Al_sc_Meditron__1,crackle_score,0.8632760898,0
M39,train,cycle,159_1b1_Al_sc_Meditron__2,crackle_score,0.7984264786,0
M39,train,cycle,159_1b1_Al_sc_Meditron__3,crackle_score,0.8333333333,0
M39,train,cycle,159_1b1_Al_sc_Meditron__4,crackle_score,0.815258512,0
M39,train,cycle,159_1b1_Al_sc_Meditron__5,crackle_score,0.8926701571,0
M39,train,cycle,159_1b1_Al_sc_Meditron__6,crackle_score,0.7480705623,0
M39,train,cycle,159_1b1_Al_sc_Meditron__7,crackle_score,0.8866976025,0
M39,train,cycle,159_1b1_Al_sc_Meditron__8,crackle_score,0.75,0
M39,train,cycle,159_1b1_Al_sc_Meditron__9,crackle_score,0.8347534997,0
M39,train,cycle,159_1b1_Al_sc_Meditron__10,crackle_score,0.8138580396,0
M39,train,cycle,159_1b1_Al_sc_Meditron__11,crackle_score,0.743902439,0
M39,train,cycle,159_1b1_Ar_sc_Meditron__0,crackle_score,0.3735589098,0
M39,train,cycle,159_1b1_Ar_sc_Meditron__1,crackle_score,0.6908763703,0
M39,train,cycle,159_1b1_Ar_sc_Meditron__2,crackle_score,0.455442365,0
M39,train,cycle,159_1b1_Ar_sc_Meditron__3,crackle_score,0.6795332136,0
M39,train,cycle,159_1b1_Ar_sc_Meditron__4,crackle_score,0.7739997836,0
M39,train,cycle,159_1b1_Ar_sc_Meditron__5,crackle_score,0.5261029123,0
M39,train,cycle,159_1b1_Ar_sc_Meditron__6,crackle_score,0.491693384,0
M39,train,cycle,159_1b1_Ar_sc_Meditron__7,crackle_score,0.4451541326,0
M39,train,cycle,159_1b1_Ar_sc_Meditron__8,crackle_score,0.6961142415,0
M39,train,cycle,159_1b1_Ll_sc_Meditron__0,crackle_score,0.4311628197,0
M39,train,cycle,159_1b1_Ll_sc_Meditron__1,crackle_score,0.3926950031,0
M39,train,cycle,159_1b1_Ll_sc_Meditron__2,crackle_score,0.3463831577,0
M39,train,cycle,159_1b1_Ll_sc_Meditron__3,crackle_score,0.5336111206,0
M39,train,cycle,159_1b1_Ll_sc_Meditron__4,crackle_score,0.5950076798,0
M39,train,cycle,159_1b1_Ll_sc_Meditron__5,crackle_score,0.4175058726,0
M39,train,cycle,159_1b1_Ll_sc_Meditron__6,crackle_score,0.484427676,0
M39,train,cycle,159_1b1_Ll_sc_Meditron__7,crackle_score,0.4735648252,0
M39,train,cycle,159_1b1_Ll_sc_Meditron__8,crackle_score,0.4513630882,0
M39,train,cycle,159_1b1_Ll_sc_Meditron__9,crackle_score,0.581097616,0
M39,train,cycle,159_1b1_Ll_sc_Meditron__10,crackle_score,0.7990033223,0
M39,train,cycle,159_1b1_Ll_sc_Meditron__11,crackle_score,0.776484223,0
M39,train,cycle,159_1b1_Pr_sc_Meditron__0,crackle_score,0.3647087455,0
M39,train,cycle,159_1b1_Pr_sc_Meditron__1,crackle_score,0.3579324957,0
M39,train,cycle,159_1b1_Pr_sc_Meditron__2,crackle_score,0.626308192,0
M39,train,cycle,159_1b1_Pr_sc_Meditron__3,crackle_score,0.5254022665,0
M39,train,cycle,159_1b1_Pr_sc_Meditron__4,crackle_score,0.2846142691,0
M39,train,cycle,159_1b1_Pr_sc_Meditron__5,crackle_score,0.6774631093,0
M39,train,cycle,159_1b1_Pr_sc_Meditron__6,crackle_score,0.5202347228,0
M39,train,cycle,159_1b1_Pr_sc_Meditron__7,crackle_score,0.5758486852,0
M39,train,cycle,159_1b1_Pr_sc_Meditron__8,crackle_score,0.34807996,0
M39,train,cycle,161_1b1_Al_sc_Meditron__0,crackle_score,0.6626254961,1
M39,train,cycle,161_1b1_Al_sc_Meditron__1,crackle_score,0.7818420818,1
M39,train,cycle,161_1b1_Al_sc_Meditron__2,crackle_score,0.763070902,0
M39,train,cycle,161_1b1_Al_sc_Meditron__3,crackle_score,0.5374762844,0
M39,train,cycle,161_1b1_Al_sc_Meditron__4,crackle_score,0.7691220797,0
M39,train,cycle,161_1b1_Al_sc_Meditron__5,crackle_score,0.967989517,1
M39,train,cycle,161_1b1_Al_sc_Meditron__6,crackle_score,0.8264417845,0
M39,train,cycle,161_1b1_Al_sc_Meditron__7,crackle_score,0.8281187446,1
M39,train,cycle,161_1b1_Al_sc_Meditron__8,crackle_score,0.8847817857,0
M39,train,cycle,161_1b1_Pl_sc_Meditron__0,crackle_score,0.7220194581,0
M39,train,cycle,161_1b1_Pl_sc_Meditron__1,crackle_score,0.3539273152,0
M39,train,cycle,161_1b1_Pl_sc_Meditron__2,crackle_score,0.2963941301,0
M39,train,cycle,161_1b1_Pl_sc_Meditron__3,crackle_score,0.6666666667,0
M39,train,cycle,161_1b1_Pl_sc_Meditron__4,crackle_score,0.7762771329,0
M39,train,cycle,161_1b1_Pl_sc_Meditron__5,crackle_score,0.5675709918,0
M39,train,cycle,161_1b1_Pl_sc_Meditron__6,crackle_score,0.3651011088,0
M39,train,cycle,161_1b1_Pl_sc_Meditron__7,crackle_score,0.5493597222,0
M39,train,cycle,161_1b1_Pl_sc_Meditron__8,crackle_score,0.7583372475,0
M39,train,cycle,161_1b1_Pl_sc_Meditron__9,crackle_score,0.4069777796,0
M39,train,cycle,162_1b2_Al_mc_AKGC417L__0,crackle_score,0.6917969903,0
M39,train,cycle,162_1b2_Al_mc_AKGC417L__1,crackle_score,0.6230853392,0
M39,train,cycle,162_1b2_Al_mc_AKGC417L__2,crackle_score,0.6404853129,0
M39,train,cycle,162_1b2_Ar_mc_AKGC417L__0,crackle_score,0.6770433756,0
M39,train,cycle,162_1b2_Ar_mc_AKGC417L__1,crackle_score,0.6254080957,1
M39,train,cycle,162_1b2_Ar_mc_AKGC417L__2,crackle_score,0.6468710089,0
M39,train,cycle,162_1b2_Ll_mc_AKGC417L__0,crackle_score,0.4938171922,0
M39,train,cycle,162_1b2_Ll_mc_AKGC417L__1,crackle_score,0.3889251724,0
M39,train,cycle,162_1b2_Ll_mc_AKGC417L__2,crackle_score,0.381651818,0
M39,train,cycle,162_1b2_Lr_mc_AKGC417L__0,crackle_score,0.4029961442,0
M39,train,cycle,162_1b2_Lr_mc_AKGC417L__1,crackle_score,0.5205142232,0
M39,train,cycle,162_1b2_Lr_mc_AKGC417L__2,crackle_score,0.5435321222,0
M39,train,cycle,162_1b2_Pl_mc_AKGC417L__0,crackle_score,0.3653590725,0
M39,train,cycle,162_1b2_Pl_mc_AKGC417L__1,crackle_score,0.6572757112,0
M39,train,cycle,162_1b2_Pl_mc_AKGC417L__2,crackle_score,0.659642401,0
M39,train,cycle,162_1b2_Pr_mc_AKGC417L__0,crackle_score,0.2864007163,0
M39,train,cycle,162_1b2_Pr_mc_AKGC417L__1,crackle_score,0.5465483945,0
M39,train,cycle,162_1b2_Pr_mc_AKGC417L__2,crackle_score,0.4730311414,0
M39,train,cycle,162_1b2_Tc_mc_AKGC417L__0,crackle_score,0.6475361464,1
M39,train,cycle,162_1b2_Tc_mc_AKGC417L__1,crackle_score,0.5888949672,1
M39,train,cycle,162_1b2_Tc_mc_AKGC417L__2,crackle_score,0.7043422733,1
M39,train,cycle,162_2b2_Al_mc_AKGC417L__0,crackle_score,0.5314724642,0
M39,train,cycle,162_2b2_Al_mc_AKGC417L__1,crackle_score,0.5081439689,0
M39,train,cycle,162_2b2_Al_mc_AKGC417L__2,crackle_score,0.6108635514,0
M39,train,cycle,162_2b2_Al_mc_AKGC417L__3,crackle_score,0.6202042397,0
M39,train,cycle,162_2b2_Ar_mc_AKGC417L__0,crackle_score,0.2594383046,0
M39,train,cycle,162_2b2_Ar_mc_AKGC417L__1,crackle_score,0.3182184459,0
M39,train,cycle,162_2b2_Ar_mc_AKGC417L__2,crackle_score,0.3687693113,0
M39,train,cycle,162_2b2_Ar_mc_AKGC417L__3,crackle_score,0.2672576836,0
M39,train,cycle,162_2b2_Pl_mc_AKGC417L__0,crackle_score,0.6423508883,0
M39,train,cycle,162_2b2_Pl_mc_AKGC417L__1,crackle_score,0.456578543,0
M39,train,cycle,162_2b2_Pl_mc_AKGC417L__2,crackle_score,0.5449400679,0
M39,train,cycle,162_2b2_Pl_mc_AKGC417L__3,crackle_score,0.3210090396,0
M39,train,cycle,162_2b2_Pr_mc_AKGC417L__0,crackle_score,0.6307873398,0
M39,train,cycle,162_2b2_Pr_mc_AKGC417L__1,crackle_score,0.588552568,0
M39,train,cycle,162_2b2_Pr_mc_AKGC417L__2,crackle_score,0.3547056874,0
M39,train,cycle,162_2b2_Pr_mc_AKGC417L__3,crackle_score,0.6497646555,0
M39,train,cycle,162_2b2_Tc_mc_AKGC417L__0,crackle_score,0.6239745653,0
M39,train,cycle,162_2b2_Tc_mc_AKGC417L__1,crackle_score,0.5966028015,0
M39,train,cycle,162_2b2_Tc_mc_AKGC417L__2,crackle_score,0.6655629139,0
M39,train,cycle,162_2b2_Tc_mc_AKGC417L__3,crackle_score,0.7995293111,0
M39,train,cycle,162_2b3_Al_mc_AKGC417L__0,crackle_score,0.6021558901,0
M39,train,cycle,162_2b3_Al_mc_AKGC417L__1,crackle_score,0.6399097408,0
M39,train,cycle,162_2b3_Al_mc_AKGC417L__2,crackle_score,0.7352385263,0
M39,train,cycle,162_2b3_Al_mc_AKGC417L__3,crackle_score,0.6604278075,0
M39,train,cycle,162_2b3_Ar_mc_AKGC417L__0,crackle_score,0.3469807189,0
M39,train,cycle,162_2b3_Ar_mc_AKGC417L__1,crackle_score,0.2213427328,0
M39,train,cycle,162_2b3_Ar_mc_AKGC417L__2,crackle_score,0.3188876242,0
M39,train,cycle,162_2b3_Ar_mc_AKGC417L__3,crackle_score,0.2598656509,0
M39,train,cycle,162_2b3_Lr_mc_AKGC417L__0,crackle_score,0.7130325815,0
M39,train,cycle,162_2b3_Lr_mc_AKGC417L__1,crackle_score,0.4066802036,0
M39,train,cycle,162_2b3_Lr_mc_AKGC417L__2,crackle_score,0.5228682991,0
M39,train,cycle,162_2b3_Lr_mc_AKGC417L__3,crackle_score,0.5732114009,0
M39,train,cycle,162_2b3_Pl_mc_AKGC417L__0,crackle_score,0.2498500462,0
M39,train,cycle,162_2b3_Pl_mc_AKGC417L__1,crackle_score,0.1856386187,0
M39,train,cycle,162_2b3_Pl_mc_AKGC417L__2,crackle_score,0.1690372417,0
M39,train,cycle,162_2b3_Pl_mc_AKGC417L__3,crackle_score,0.2695929275,0
M39,train,cycle,162_2b3_Pr_mc_AKGC417L__0,crackle_score,0.6002506266,0
M39,train,cycle,162_2b3_Pr_mc_AKGC417L__1,crackle_score,0.5027716168,0
M39,train,cycle,162_2b3_Pr_mc_AKGC417L__2,crackle_score,0.578814628,0
M39,train,cycle,162_2b3_Pr_mc_AKGC417L__3,crackle_score,0.4523103257,0
M39,train,cycle,162_2b3_Tc_mc_AKGC417L__0,crackle_score,0.219200753,0
M39,train,cycle,162_2b3_Tc_mc_AKGC417L__1,crackle_score,0.2175634752,0
M39,train,cycle,162_2b3_Tc_mc_AKGC417L__2,crackle_score,0.5472887768,0
M39,train,cycle,162_2b3_Tc_mc_AKGC417L__3,crackle_score,0.1924246813,0
M39,train,cycle,162_2b4_Al_mc_AKGC417L__0,crackle_score,0.5374198772,0
M39,train,cycle,162_2b4_Al_mc_AKGC417L__1,crackle_score,0.6871834398,0
M39,train,cycle,162_2b4_Al_mc_AKGC417L__2,crackle_score,0.6694944416,0
M39,train,cycle,162_2b4_Al_mc_AKGC417L__3,crackle_score,0.6488095238,0
M39,train,cycle,162_2b4_Ar_mc_AKGC417L__0,crackle_score,0.1875310141,0
M39,train,cycle,162_2b4_Ar_mc_AKGC417L__1,crackle_score,0.1329203386,0
M39,train,cycle,162_2b4_Ar_mc_AKGC417L__2,crackle_score,0.235922902,0
M39,train,cycle,162_2b4_Ar_mc_AKGC417L__3,crackle_score,0.09538172476,0
M39,train,cycle,162_2b4_Lr_mc_AKGC417L__0,crackle_score,0.5791765637,0
M39,train,cycle,162_2b4_Lr_mc_AKGC417L__1,crackle_score,0.5880863246,0
M39,train,cycle,162_2b4_Lr_mc_AKGC417L__2,crackle_score,0.5690043218,0
M39,train,cycle,162_2b4_Lr_mc_AKGC417L__3,crackle_score,0.2829394617,0
M39,train,cycle,162_2b4_Pl_mc_AKGC417L__0,crackle_score,0.1527877745,0
M39,train,cycle,162_2b4_Pl_mc_AKGC417L__1,crackle_score,0.1680035619,0
M39,train,cycle,162_2b4_Pl_mc_AKGC417L__2,crackle_score,0.1831755554,0
M39,train,cycle,162_2b4_Pl_mc_AKGC417L__3,crackle_score,0.07756182318,0
M39,train,cycle,162_2b4_Pr_mc_AKGC417L__0,crackle_score,0.4135569011,0
M39,train,cycle,162_2b4_Pr_mc_AKGC417L__1,crackle_score,0.4798327221,0
M39,train,cycle,162_2b4_Pr_mc_AKGC417L__2,crackle_score,0.4331094538,0
M39,train,cycle,162_2b4_Pr_mc_AKGC417L__3,crackle_score,0.3422829347,0
M39,train,cycle,162_2b4_Tc_mc_AKGC417L__0,crackle_score,0.4920849246,1
M39,train,cycle,162_2b4_Tc_mc_AKGC417L__1,crackle_score,0.4907387437,1
M39,train,cycle,162_2b4_Tc_mc_AKGC417L__2,crackle_score,0.6171646163,1
M39,train,cycle,162_2b4_Tc_mc_AKGC417L__3,crackle_score,0.478853528,0
M39,train,cycle,163_2b2_Al_mc_AKGC417L__0,crackle_score,0.5935828877,0
M39,train,cycle,163_2b2_Al_mc_AKGC417L__1,crackle_score,0.3786192003,0
M39,train,cycle,163_2b2_Al_mc_AKGC417L__2,crackle_score,0.6123411981,0
M39,train,cycle,163_2b2_Al_mc_AKGC417L__3,crackle_score,0.5493917396,0
M39,train,cycle,163_2b2_Al_mc_AKGC417L__4,crackle_score,0.2185281346,0
M39,train,cycle,163_2b2_Ar_mc_AKGC417L__0,crackle_score,0.3527489042,0
M39,train,cycle,163_2b2_Ar_mc_AKGC417L__1,crackle_score,0.4239566389,0
M39,train,cycle,163_2b2_Ar_mc_AKGC417L__2,crackle_score,0.4896166634,0
M39,train,cycle,163_2b2_Ar_mc_AKGC417L__3,crackle_score,0.3858052335,0
M39,train,cycle,163_2b2_Ar_mc_AKGC417L__4,crackle_score,0.2915323049,0
M39,train,cycle,163_2b2_Ll_mc_AKGC417L__0,crackle_score,0.6060302866,0
M39,train,cycle,163_2b2_Ll_mc_AKGC417L__1,crackle_score,0.7192982456,1
M39,train,cycle,163_2b2_Ll_mc_AKGC417L__2,crackle_score,0.4268013008,1
M39,train,cycle,163_2b2_Ll_mc_AKGC417L__3,crackle_score,0.4078825538,0
M39,train,cycle,163_2b2_Ll_mc_AKGC417L__4,crackle_score,0.6018405235,0
M39,train,cycle,163_2b2_Lr_mc_AKGC417L__0,crackle_score,0.436751358,1
M39,train,cycle,163_2b2_Lr_mc_AKGC417L__1,crackle_score,0.4812187859,0
M39,train,cycle,163_2b2_Lr_mc_AKGC417L__2,crackle_score,0.5103511687,1
M39,train,cycle,163_2b2_Lr_mc_AKGC417L__3,crackle_score,0.65807393,1
M39,train,cycle,163_2b2_Lr_mc_AKGC417L__4,crackle_score,0.2889941761,0
M39,train,cycle,163_2b2_Pl_mc_AKGC417L__0,crackle_score,0.5935828877,1
M39,train,cycle,163_2b2_Pl_mc_AKGC417L__1,crackle_score,0.6892252324,1
M39,train,cycle,163_2b2_Pl_mc_AKGC417L__2,crackle_score,0.6806972789,0
M39,train,cycle,163_2b2_Pl_mc_AKGC417L__3,crackle_score,0.6251073489,0
M39,train,cycle,163_2b2_Pl_mc_AKGC417L__4,crackle_score,0.6931247586,0
M39,train,cycle,163_2b2_Pr_mc_AKGC417L__0,crackle_score,0.3453220475,0
M39,train,cycle,163_2b2_Pr_mc_AKGC417L__1,crackle_score,0.3913812805,0
M39,train,cycle,163_2b2_Pr_mc_AKGC417L__2,crackle_score,0.2768127379,0
M39,train,cycle,163_2b2_Pr_mc_AKGC417L__3,crackle_score,0.2587722969,0
M39,train,cycle,163_2b2_Pr_mc_AKGC417L__4,crackle_score,0.2118607164,0
M39,train,cycle,163_2b2_Tc_mc_AKGC417L__0,crackle_score,0.3554947811,0
M39,train,cycle,163_2b2_Tc_mc_AKGC417L__1,crackle_score,0.4703872531,0
M39,train,cycle,163_2b2_Tc_mc_AKGC417L__2,crackle_score,0.4055586819,0
M39,train,cycle,163_2b2_Tc_mc_AKGC417L__3,crackle_score,0.386315148,0
M39,train,cycle,163_2b2_Tc_mc_AKGC417L__4,crackle_score,0.4248990149,0
M39,train,cycle,163_8b3_Al_mc_AKGC417L__0,crackle_score,0.6650165017,0
M39,train,cycle,163_8b3_Al_mc_AKGC417L__1,crackle_score,0.5863697752,0
M39,train,cycle,163_8b3_Al_mc_AKGC417L__2,crackle_score,0.643472023,0
M39,train,cycle,163_8b3_Al_mc_AKGC417L__3,crackle_score,0.5059984464,0
M39,train,cycle,163_8b3_Al_mc_AKGC417L__4,crackle_score,0.4623131148,0
M39,train,cycle,163_8b3_Al_mc_AKGC417L__5,crackle_score,0.4909347432,0
M39,train,cycle,163_8b3_Ar_mc_AKGC417L__0,crackle_score,0.5339288065,0
M39,train,cycle,163_8b3_Ar_mc_AKGC417L__1,crackle_score,0.4128814302,0
M39,train,cycle,163_8b3_Ar_mc_AKGC417L__2,crackle_score,0.3228634093,0
M39,train,cycle,163_8b3_Ar_mc_AKGC417L__3,crackle_score,0.3452658329,0
M39,train,cycle,163_8b3_Ar_mc_AKGC417L__4,crackle_score,0.435773705,0
M39,train,cycle,163_8b3_Ar_mc_AKGC417L__5,crackle_score,0.5828500414,0
M39,train,cycle,163_8b3_Ll_mc_AKGC417L__0,crackle_score,0.4001639059,0
M39,train,cycle,163_8b3_Ll_mc_AKGC417L__1,crackle_score,0.314498367,0
M39,train,cycle,163_8b3_Ll_mc_AKGC417L__2,crackle_score,0.3667750457,0
M39,train,cycle,163_8b3_Ll_mc_AKGC417L__3,crackle_score,0.4021071836,0
M39,train,cycle,163_8b3_Ll_mc_AKGC417L__4,crackle_score,0.6791548107,0
M39,train,cycle,163_8b3_Ll_mc_AKGC417L__5,crackle_score,0.3321134764,0
M39,train,cycle,163_8b3_Lr_mc_AKGC417L__0,crackle_score,0.7100210021,0
M39,train,cycle,163_8b3_Lr_mc_AKGC417L__1,crackle_score,0.2273509912,0
M39,train,cycle,163_8b3_Lr_mc_AKGC417L__2,crackle_score,0.3736881353,0
M39,train,cycle,163_8b3_Lr_mc_AKGC417L__3,crackle_score,0.3827575845,0
M39,train,cycle,163_8b3_Lr_mc_AKGC417L__4,crackle_score,0.6284875184,0
M39,train,cycle,163_8b3_Lr_mc_AKGC417L__5,crackle_score,0.2910225431,0
M39,train,cycle,163_8b3_Pl_mc_AKGC417L__0,crackle_score,0.550560618,0
M39,train,cycle,163_8b3_Pl_mc_AKGC417L__1,crackle_score,0.5332561136,0
M39,train,cycle,163_8b3_Pl_mc_AKGC417L__2,crackle_score,0.643472023,0
M39,train,cycle,163_8b3_Pl_mc_AKGC417L__3,crackle_score,0.6049790042,0
M39,train,cycle,163_8b3_Pl_mc_AKGC417L__4,crackle_score,0.5917767988,0
M39,train,cycle,163_8b3_Pl_mc_AKGC417L__5,crackle_score,0.6657000829,0
M39,train,cycle,163_8b3_Pr_mc_AKGC417L__0,crackle_score,0.3438521781,0
M39,train,cycle,163_8b3_Pr_mc_AKGC417L__1,crackle_score,0.4232099982,0
M39,train,cycle,163_8b3_Pr_mc_AKGC417L__2,crackle_score,0.3346399302,0
M39,train,cycle,163_8b3_Pr_mc_AKGC417L__3,crackle_score,0.5607500625,0
M39,train,cycle,163_8b3_Pr_mc_AKGC417L__4,crackle_score,0.4984433029,0
M39,train,cycle,163_8b3_Pr_mc_AKGC417L__5,crackle_score,0.56440307,0
M39,train,cycle,164_1b1_Ll_sc_Meditron__0,crackle_score,0.6683501684,0
M39,train,cycle,164_1b1_Ll_sc_Meditron__1,crackle_score,0.3580980124,0
M39,train,cycle,164_1b1_Ll_sc_Meditron__2,crackle_score,0.5969765648,1
M39,train,cycle,164_1b1_Ll_sc_Meditron__3,crackle_score,0.4653472315,0
M39,train,cycle,164_1b1_Ll_sc_Meditron__4,crackle_score,0.5941756117,0
M39,train,cycle,164_1b1_Ll_sc_Meditron__5,crackle_score,0.4403255107,0
M39,train,cycle,164_1b1_Ll_sc_Meditron__6,crackle_score,0.2349420294,0
M39,train,cycle,164_1b1_Ll_sc_Meditron__7,crackle_score,0.7042007001,0
M39,train,cycle,164_1b1_Ll_sc_Meditron__8,crackle_score,0.432513198,0
M39,train,cycle,164_1b1_Ll_sc_Meditron__9,crackle_score,0.2095998539,0
M39,train,cycle,166_1p1_Al_sc_Meditron__0,crackle_score,0.1818083346,0
M39,train,cycle,166_1p1_Al_sc_Meditron__1,crackle_score,0.2156735165,0
M39,train,cycle,166_1p1_Al_sc_Meditron__2,crackle_score,0.4461210054,0
M39,train,cycle,166_1p1_Al_sc_Meditron__3,crackle_score,0.3132274854,0
M39,train,cycle,166_1p1_Al_sc_Meditron__4,crackle_score,0.291544611,0
M39,train,cycle,166_1p1_Al_sc_Meditron__5,crackle_score,0.00309348512,0
M39,train,cycle,166_1p1_Al_sc_Meditron__6,crackle_score,0.07785422292,0
M39,train,cycle,166_1p1_Al_sc_Meditron__7,crackle_score,0.3451892996,0
M39,train,cycle,166_1p1_Al_sc_Meditron__8,crackle_score,0.2721583347,0
M39,train,cycle,166_1p1_Al_sc_Meditron__9,crackle_score,0.2391818312,0
M39,train,cycle,166_1p1_Al_sc_Meditron__10,crackle_score,0.417600828,1
M39,train,cycle,166_1p1_Al_sc_Meditron__11,crackle_score,0.4566211396,1
M39,train,cycle,166_1p1_Al_sc_Meditron__12,crackle_score,0.6124082129,0
M39,train,cycle,166_1p1_Al_sc_Meditron__13,crackle_score,0.3781581902,1
M39,train,cycle,166_1p1_Al_sc_Meditron__14,crackle_score,0.43073727,1
M39,train,cycle,166_1p1_Al_sc_Meditron__15,crackle_score,0.543811573,1
M39,train,cycle,166_1p1_Al_sc_Meditron__16,crackle_score,0.2418663219,0
M39,train,cycle,166_1p1_Ar_sc_Meditron__0,crackle_score,0.2015838836,0
M39,train,cycle,166_1p1_Ar_sc_Meditron__1,crackle_score,0.2793190116,0
M39,train,cycle,166_1p1_Ar_sc_Meditron__2,crackle_score,0.4092470421,0
M39,train,cycle,166_1p1_Ar_sc_Meditron__3,crackle_score,0.5386475271,0
M39,train,cycle,166_1p1_Ar_sc_Meditron__4,crackle_score,0.3179591734,0
M39,train,cycle,166_1p1_Ar_sc_Meditron__5,crackle_score,0.5202811307,0
M39,train,cycle,166_1p1_Ar_sc_Meditron__6,crackle_score,0.397974718,0
M39,train,cycle,166_1p1_Ar_sc_Meditron__7,crackle_score,0.4667735461,0
M39,train,cycle,166_1p1_Ar_sc_Meditron__8,crackle_score,0.254049385,0
M39,train,cycle,166_1p1_Ar_sc_Meditron__9,crackle_score,0.170840036,0
M39,train,cycle,166_1p1_Ar_sc_Meditron__10,crackle_score,0.2838073255,0
M39,train,cycle,166_1p1_Ar_sc_Meditron__11,crackle_score,0.2364585543,0
M39,train,cycle,166_1p1_Ar_sc_Meditron__12,crackle_score,0.3242315784,0
M39,train,cycle,166_1p1_Ar_sc_Meditron__13,crackle_score,0.3765407288,0
M39,train,cycle,166_1p1_Ar_sc_Meditron__14,crackle_score,0.2481382114,0
M39,train,cycle,166_1p1_Ar_sc_Meditron__15,crackle_score,0.4202684784,0
M39,train,cycle,166_1p1_Ar_sc_Meditron__16,crackle_score,0.3452137926,0
M39,train,cycle,166_1p1_Ar_sc_Meditron__17,crackle_score,0.1949332985,0
M39,train,cycle,166_1p1_Ar_sc_Meditron__18,crackle_score,0.2613691882,0
M39,train,cycle,166_1p1_Ar_sc_Meditron__19,crackle_score,0.2583085698,0
M39,train,cycle,166_1p1_Ar_sc_Meditron__20,crackle_score,0.2464421951,0
M39,train,cycle,166_1p1_Ar_sc_Meditron__21,crackle_score,0.3045342851,0
M39,train,cycle,166_1p1_Ar_sc_Meditron__22,crackle_score,0.2125487323,0
M39,train,cycle,166_1p1_Ar_sc_Meditron__23,crackle_score,0.1826398836,0
M39,train,cycle,166_1p1_Ar_sc_Meditron__24,crackle_score,0.3657543488,0
M39,train,cycle,166_1p1_Ll_sc_Meditron__0,crackle_score,0.2148851446,1
M39,train,cycle,166_1p1_Ll_sc_Meditron__1,crackle_score,0.1761236919,1
M39,train,cycle,166_1p1_Ll_sc_Meditron__2,crackle_score,0.2334371818,1
M39,train,cycle,166_1p1_Ll_sc_Meditron__3,crackle_score,0.2555562244,1
M39,train,cycle,166_1p1_Ll_sc_Meditron__4,crackle_score,0.2144656161,1
M39,train,cycle,166_1p1_Ll_sc_Meditron__5,crackle_score,0.2332716661,1
M39,train,cycle,166_1p1_Ll_sc_Meditron__6,crackle_score,0.2220788005,1
M39,train,cycle,166_1p1_Ll_sc_Meditron__7,crackle_score,0.4029291143,1
M39,train,cycle,166_1p1_Ll_sc_Meditron__8,crackle_score,0.2116147488,1
M39,train,cycle,166_1p1_Ll_sc_Meditron__9,crackle_score,0.2450902093,1
M39,train,cycle,166_1p1_Ll_sc_Meditron__10,crackle_score,0.1893647826,1
M39,train,cycle,166_1p1_Ll_sc_Meditron__11,crackle_score,0.1805022342,1
M39,train,cycle,166_1p1_Ll_sc_Meditron__12,crackle_score,0.3632167595,1
M39,train,cycle,166_1p1_Ll_sc_Meditron__13,crackle_score,0.3227109972,1
M39,train,cycle,166_1p1_Ll_sc_Meditron__14,crackle_score,0.2962020752,1
M39,train,cycle,166_1p1_Ll_sc_Meditron__15,crackle_score,0.5485558688,0
M39,train,cycle,166_1p1_Ll_sc_Meditron__16,crackle_score,0.3795183963,0
M39,train,cycle,166_1p1_Ll_sc_Meditron__17,crackle_score,0.1694909776,1
M39,train,cycle,166_1p1_Ll_sc_Meditron__18,crackle_score,0.193402033,0
M39,train,cycle,166_1p1_Ll_sc_Meditron__19,crackle_score,0.4431799468,0
M39,train,cycle,166_1p1_Ll_sc_Meditron__20,crackle_score,0.2808473709,0
M39,train,cycle,166_1p1_Ll_sc_Meditron__21,crackle_score,0.4498463526,0
M39,train,cycle,166_1p1_Ll_sc_Meditron__22,crackle_score,0.4958051636,0
M39,train,cycle,166_1p1_Ll_sc_Meditron__23,crackle_score,0.3821561058,0
M39,train,cycle,166_1p1_Ll_sc_Meditron__24,crackle_score,0.3178878808,0
M39,train,cycle,166_1p1_Pl_sc_Meditron__0,crackle_score,0.2235420682,0
M39,train,cycle,166_1p1_Pl_sc_Meditron__1,crackle_score,0.4118476373,0
M39,train,cycle,166_1p1_Pl_sc_Meditron__2,crackle_score,0.2239026397,0
M39,train,cycle,166_1p1_Pl_sc_Meditron__3,crackle_score,0.2604958379,0
M39,train,cycle,166_1p1_Pl_sc_Meditron__4,crackle_score,0.155926303,0
M39,train,cycle,166_1p1_Pl_sc_Meditron__5,crackle_score,0.3962504283,0
M39,train,cycle,166_1p1_Pl_sc_Meditron__6,crackle_score,0.2981149434,0
M39,train,cycle,166_1p1_Pl_sc_Meditron__7,crackle_score,0.2817989223,0
M39,train,cycle,166_1p1_Pl_sc_Meditron__8,crackle_score,0.287687971,0
M39,train,cycle,166_1p1_Pl_sc_Meditron__9,crackle_score,0.4866444765,0
M39,train,cycle,166_1p1_Pl_sc_Meditron__10,crackle_score,0.1897143838,0
M39,train,cycle,166_1p1_Pl_sc_Meditron__11,crackle_score,0.2651918867,0
M39,train,cycle,166_1p1_Pl_sc_Meditron__12,crackle_score,0.1426066032,0
M39,train,cycle,166_1p1_Pl_sc_Meditron__13,crackle_score,0.2902254953,0
M39,train,cycle,166_1p1_Pl_sc_Meditron__14,crackle_score,0.2822301817,0
M39,train,cycle,166_1p1_Pl_sc_Meditron__15,crackle_score,0.3277624276,0
M39,train,cycle,166_1p1_Pl_sc_Meditron__16,crackle_score,0.2593099314,1
M39,train,cycle,166_1p1_Pl_sc_Meditron__17,crackle_score,0.2030046417,1
M39,train,cycle,166_1p1_Pl_sc_Meditron__18,crackle_score,0.2809884692,1
M39,train,cycle,166_1p1_Pl_sc_Meditron__19,crackle_score,0.320447289,1
M39,train,cycle,166_1p1_Pl_sc_Meditron__20,crackle_score,0.3391493043,1
M39,train,cycle,166_1p1_Pl_sc_Meditron__21,crackle_score,0.309073176,1
M39,train,cycle,166_1p1_Pl_sc_Meditron__22,crackle_score,0.6678364358,0
M39,train,cycle,166_1p1_Pl_sc_Meditron__23,crackle_score,0.4369609879,1
M39,train,cycle,166_1p1_Pr_sc_Meditron__0,crackle_score,0.44897361,0
M39,train,cycle,166_1p1_Pr_sc_Meditron__1,crackle_score,0.2155452393,0
M39,train,cycle,166_1p1_Pr_sc_Meditron__2,crackle_score,0.2403476782,0
M39,train,cycle,166_1p1_Pr_sc_Meditron__3,crackle_score,0.22876826,0
M39,train,cycle,166_1p1_Pr_sc_Meditron__4,crackle_score,0.3236369261,0
M39,train,cycle,166_1p1_Pr_sc_Meditron__5,crackle_score,0.3203684845,0
M39,train,cycle,166_1p1_Pr_sc_Meditron__6,crackle_score,0.3065755857,0
M39,train,cycle,166_1p1_Pr_sc_Meditron__7,crackle_score,0.3522890085,0
M39,train,cycle,166_1p1_Pr_sc_Meditron__8,crackle_score,0.1724598755,0
M39,train,cycle,166_1p1_Pr_sc_Meditron__9,crackle_score,0.3823654489,0
M39,train,cycle,166_1p1_Pr_sc_Meditron__10,crackle_score,0.2256007567,0
M39,train,cycle,166_1p1_Pr_sc_Meditron__11,crackle_score,0.5236218393,0
M39,train,cycle,166_1p1_Pr_sc_Meditron__12,crackle_score,0.2207813108,0
M39,train,cycle,166_1p1_Pr_sc_Meditron__13,crackle_score,0.1702749441,0
M39,train,cycle,166_1p1_Pr_sc_Meditron__14,crackle_score,0.3375898459,0
M39,train,cycle,166_1p1_Pr_sc_Meditron__15,crackle_score,0.3989572346,0
M39,train,cycle,166_1p1_Pr_sc_Meditron__16,crackle_score,0.350251205,0
M39,train,cycle,166_1p1_Pr_sc_Meditron__17,crackle_score,0.2531784103,0
M39,train,cycle,166_1p1_Pr_sc_Meditron__18,crackle_score,0.246488712,0
M39,train,cycle,166_1p1_Pr_sc_Meditron__19,crackle_score,0.22633638,0
M39,train,cycle,166_1p1_Pr_sc_Meditron__20,crackle_score,0.284753465,0
M39,train,cycle,166_1p1_Pr_sc_Meditron__21,crackle_score,0.1736444207,0
M39,train,cycle,166_1p1_Pr_sc_Meditron__22,crackle_score,0.3531113959,0
M39,train,cycle,166_1p1_Pr_sc_Meditron__23,crackle_score,0.2739900677,0
M39,train,cycle,167_1b1_Al_sc_Meditron__0,crackle_score,0.9517221909,0
M39,train,cycle,167_1b1_Al_sc_Meditron__1,crackle_score,0.8924133421,0
M39,train,cycle,167_1b1_Al_sc_Meditron__2,crackle_score,0.8891050584,0
M39,train,cycle,167_1b1_Al_sc_Meditron__3,crackle_score,0.7692307692,0
M39,train,cycle,167_1b1_Al_sc_Meditron__4,crackle_score,0.769179004,0
M39,train,cycle,167_1b1_Al_sc_Meditron__5,crackle_score,0.9789977892,0
M39,train,cycle,167_1b1_Al_sc_Meditron__6,crackle_score,0.8461538462,0
M39,train,cycle,167_1b1_Al_sc_Meditron__7,crackle_score,0.7666666667,0
M39,train,cycle,167_1b1_Al_sc_Meditron__8,crackle_score,0.9235736612,0
M39,train,cycle,167_1b1_Al_sc_Meditron__9,crackle_score,1,0
M39,train,cycle,167_1b1_Al_sc_Meditron__10,crackle_score,0.8630363036,0
M39,train,cycle,167_1b1_Al_sc_Meditron__11,crackle_score,0.7323207141,0
M39,train,cycle,167_1b1_Al_sc_Meditron__12,crackle_score,0.4660309565,0
M39,train,cycle,167_1b1_Pr_sc_Meditron__0,crackle_score,0.4545625804,0
M39,train,cycle,167_1b1_Pr_sc_Meditron__1,crackle_score,0.5108593643,0
M39,train,cycle,167_1b1_Pr_sc_Meditron__2,crackle_score,0.640199896,0
M39,train,cycle,167_1b1_Pr_sc_Meditron__3,crackle_score,0.2497191597,0
M39,train,cycle,167_1b1_Pr_sc_Meditron__4,crackle_score,0.3871870364,0
M39,train,cycle,167_1b1_Pr_sc_Meditron__5,crackle_score,0.3550570505,0
M39,train,cycle,167_1b1_Pr_sc_Meditron__6,crackle_score,0.4665016565,0
M39,train,cycle,167_1b1_Pr_sc_Meditron__7,crackle_score,0.4656565758,0
M39,train,cycle,167_1b1_Pr_sc_Meditron__8,crackle_score,0.3688627786,0
M39,train,cycle,167_1b1_Pr_sc_Meditron__9,crackle_score,0.5554703496,0
M39,train,cycle,167_1b1_Pr_sc_Meditron__10,crackle_score,0.3006391647,0
M39,train,cycle,167_1b1_Pr_sc_Meditron__11,crackle_score,0.5698939278,0
M39,train,cycle,167_1b1_Pr_sc_Meditron__12,crackle_score,0.4394874857,0
M39,train,cycle,167_1b1_Pr_sc_Meditron__13,crackle_score,0.3090599326,0
M39,train,cycle,167_1b1_Pr_sc_Meditron__14,crackle_score,0.3248428471,0
M39,train,cycle,168_1b1_Al_sc_Meditron__0,crackle_score,0.7916666667,0
M39,train,cycle,168_1b1_Al_sc_Meditron__1,crackle_score,0.6954513149,0
M39,train,cycle,168_1b1_Al_sc_Meditron__2,crackle_score,0.6103404792,0
M39,train,cycle,168_1b1_Al_sc_Meditron__3,crackle_score,0.5656182917,0
M39,train,cycle,168_1b1_Al_sc_Meditron__4,crackle_score,0.6965390499,0
M39,train,cycle,168_1b1_Al_sc_Meditron__5,crackle_score,0.7865761689,0
M39,train,cycle,168_1b1_Al_sc_Meditron__6,crackle_score,0.7381691583,0
M39,train,cycle,172_1b3_Al_mc_AKGC417L__0,crackle_score,0.443135909,0
M39,train,cycle,172_1b3_Al_mc_AKGC417L__1,crackle_score,0.5836663412,0
M39,train,cycle,172_1b3_Al_mc_AKGC417L__2,crackle_score,0.3735975697,0
M39,train,cycle,172_1b3_Al_mc_AKGC417L__3,crackle_score,0.5918442322,0
M39,train,cycle,172_1b3_Al_mc_AKGC417L__4,crackle_score,0.4276207391,0
M39,train,cycle,172_1b3_Al_mc_AKGC417L__5,crackle_score,0.6050788091,0
M39,train,cycle,172_1b3_Al_mc_AKGC417L__6,crackle_score,0.3857872129,1
M39,train,cycle,172_1b3_Ar_mc_AKGC417L__0,crackle_score,0.5628651326,0
M39,train,cycle,172_1b3_Ar_mc_AKGC417L__1,crackle_score,0.6361470388,0
M39,train,cycle,172_1b3_Ar_mc_AKGC417L__2,crackle_score,0.4054542495,0
M39,train,cycle,172_1b3_Ar_mc_AKGC417L__3,crackle_score,0.558274474,0
M39,train,cycle,172_1b3_Ar_mc_AKGC417L__4,crackle_score,0.5363108206,0
M39,train,cycle,172_1b3_Ar_mc_AKGC417L__5,crackle_score,0.5700525394,0
M39,train,cycle,172_1b3_Ar_mc_AKGC417L__6,crackle_score,0.5047431619,0
M39,train,cycle,172_1b3_Ll_mc_AKGC417L__0,crackle_score,0.3391272966,1
M39,train,cycle,172_1b3_Ll_mc_AKGC417L__1,crackle_score,0.6361470388,0
M39,train,cycle,172_1b3_Ll_mc_AKGC417L__2,crackle_score,0.3485633486,1
M39,train,cycle,172_1b3_Ll_mc_AKGC417L__3,crackle_score,0.4969455269,1
M39,train,cycle,172_1b3_Ll_mc_AKGC417L__4,crackle_score,0.5288053523,1
M39,train,cycle,172_1b3_Ll_mc_AKGC417L__5,crackle_score,0.3416448045,1
M39,train,cycle,172_1b3_Ll_mc_AKGC417L__6,crackle_score,0.6012982911,1
M39,train,cycle,172_1b3_Lr_mc_AKGC417L__0,crackle_score,0.7511579863,0
M39,train,cycle,172_1b3_Lr_mc_AKGC417L__1,crackle_score,0.7212389381,0
M39,train,cycle,172_1b3_Lr_mc_AKGC417L__2,crackle_score,0.41357388,0
M39,train,cycle,172_1b3_Lr_mc_AKGC417L__3,crackle_score,0.7020573108,0
M39,train,cycle,172_1b3_Lr_mc_AKGC417L__4,crackle_score,0.6452432825,0
M39,train,cycle,172_1b3_Lr_mc_AKGC417L__5,crackle_score,0.4048340295,0
M39,train,cycle,172_1b3_Lr_mc_AKGC417L__6,crackle_score,0.6663893511,0
M39,train,cycle,172_1b3_Pl_mc_AKGC417L__0,crackle_score,0.5148101055,1
M39,train,cycle,172_1b3_Pl_mc_AKGC417L__1,crackle_score,0.6531654187,0
M39,train,cycle,172_1b3_Pl_mc_AKGC417L__2,crackle_score,0.4434493756,0
M39,train,cycle,172_1b3_Pl_mc_AKGC417L__3,crackle_score,0.6469507715,1
M39,train,cycle,172_1b3_Pl_mc_AKGC417L__4,crackle_score,0.3382626626,0
M39,train,cycle,172_1b3_Pl_mc_AKGC417L__5,crackle_score,0.4331472091,1
M39,train,cycle,172_1b3_Pl_mc_AKGC417L__6,crackle_score,0.6604478646,0
M39,train,cycle,172_1b3_Pr_mc_AKGC417L__0,crackle_score,0.5506358554,1
M39,train,cycle,172_1b3_Pr_mc_AKGC417L__1,crackle_score,0.4242348487,1
M39,train,cycle,172_1b3_Pr_mc_AKGC417L__2,crackle_score,0.3550044489,1
M39,train,cycle,172_1b3_Pr_mc_AKGC417L__3,crackle_score,0.380511786,1
M39,train,cycle,172_1b3_Pr_mc_AKGC417L__4,crackle_score,0.5034638035,1
M39,train,cycle,172_1b3_Pr_mc_AKGC417L__5,crackle_score,0.5172010056,1
M39,train,cycle,172_1b3_Pr_mc_AKGC417L__6,crackle_score,0.2996399311,1
M39,train,cycle,172_1b3_Tc_mc_AKGC417L__0,crackle_score,0.3528446222,0
M39,train,cycle,172_1b3_Tc_mc_AKGC417L__1,crackle_score,0.3999747583,0
M39,train,cycle,172_1b3_Tc_mc_AKGC417L__2,crackle_score,0.3927397246,0
M39,train,cycle,172_1b3_Tc_mc_AKGC417L__3,crackle_score,0.3313390034,0
M39,train,cycle,172_1b3_Tc_mc_AKGC417L__4,crackle_score,0.5035206792,0
M39,train,cycle,172_1b3_Tc_mc_AKGC417L__5,crackle_score,0.2765050934,0
M39,train,cycle,172_1b3_Tc_mc_AKGC417L__6,crackle_score,0.3791973327,1
M39,train,cycle,172_1b4_Al_mc_AKGC417L__0,crackle_score,0.3978995021,1
M39,train,cycle,172_1b4_Al_mc_AKGC417L__1,crackle_score,0.4217717911,0
M39,train,cycle,172_1b4_Al_mc_AKGC417L__2,crackle_score,0.5587314017,0
M39,train,cycle,172_1b4_Al_mc_AKGC417L__3,crackle_score,0.3143932834,0
M39,train,cycle,172_1b4_Al_mc_AKGC417L__4,crackle_score,0.5184382056,0
M39,train,cycle,172_1b4_Al_mc_AKGC417L__5,crackle_score,0.3708370153,1
M39,train,cycle,172_1b4_Ar_mc_AKGC417L__0,crackle_score,0.2428355922,0
M39,train,cycle,172_1b4_Ar_mc_AKGC417L__1,crackle_score,0.434977679,1
M39,train,cycle,172_1b4_Ar_mc_AKGC417L__2,crackle_score,0.2838454398,0
M39,train,cycle,172_1b4_Ar_mc_AKGC417L__3,crackle_score,0.3162098572,0
M39,train,cycle,172_1b4_Ar_mc_AKGC417L__4,crackle_score,0.412095371,0
M39,train,cycle,172_1b4_Ar_mc_AKGC417L__5,crackle_score,0.5417621565,0
M39,train,cycle,172_1b4_Ll_mc_AKGC417L__0,crackle_score,0.3056298739,0
M39,train,cycle,172_1b4_Ll_mc_AKGC417L__1,crackle_score,0.4337655273,1
M39,train,cycle,172_1b4_Ll_mc_AKGC417L__2,crackle_score,0.6174628034,1
M39,train,cycle,172_1b4_Ll_mc_AKGC417L__3,crackle_score,0.4079955745,0
M39,train,cycle,172_1b4_Ll_mc_AKGC417L__4,crackle_score,0.5990652926,1
M39,train,cycle,172_1b4_Ll_mc_AKGC417L__5,crackle_score,0.3858791058,0
M39,train,cycle,172_1b4_Lr_mc_AKGC417L__0,crackle_score,0.5484048982,0
M39,train,cycle,172_1b4_Lr_mc_AKGC417L__1,crackle_score,0.6220947888,0
M39,train,cycle,172_1b4_Lr_mc_AKGC417L__2,crackle_score,0.3685281722,0
M39,train,cycle,172_1b4_Lr_mc_AKGC417L__3,crackle_score,0.3875757324,0
M39,train,cycle,172_1b4_Lr_mc_AKGC417L__4,crackle_score,0.267989516,0
M39,train,cycle,172_1b4_Lr_mc_AKGC417L__5,crackle_score,0.5577804331,0
M39,train,cycle,172_1b4_Pl_mc_AKGC417L__0,crackle_score,0.6039933444,1
M39,train,cycle,172_1b4_Pl_mc_AKGC417L__1,crackle_score,0.2868395133,0
M39,train,cycle,172_1b4_Pl_mc_AKGC417L__2,crackle_score,0.4514148131,0
M39,train,cycle,172_1b4_Pl_mc_AKGC417L__3,crackle_score,0.5696621386,0
M39,train,cycle,172_1b4_Pl_mc_AKGC417L__4,crackle_score,0.5560204994,0
M39,train,cycle,172_1b4_Pl_mc_AKGC417L__5,crackle_score,0.6442481067,1
M39,train,cycle,172_1b4_Pr_mc_AKGC417L__0,crackle_score,0.5261180106,0
M39,train,cycle,172_1b4_Pr_mc_AKGC417L__1,crackle_score,0.3672428637,0
M39,train,cycle,172_1b4_Pr_mc_AKGC417L__2,crackle_score,0.4929183173,0
M39,train,cycle,172_1b4_Pr_mc_AKGC417L__3,crackle_score,0.4906418154,0
M39,train,cycle,172_1b4_Pr_mc_AKGC417L__4,crackle_score,0.3107241958,0
M39,train,cycle,172_1b4_Pr_mc_AKGC417L__5,crackle_score,0.4125352295,0
M39,train,cycle,172_1b4_Tc_mc_AKGC417L__0,crackle_score,0.2841466555,0
M39,train,cycle,172_1b4_Tc_mc_AKGC417L__1,crackle_score,0.3466852281,1
M39,train,cycle,172_1b4_Tc_mc_AKGC417L__2,crackle_score,0.3377177082,0
M39,train,cycle,172_1b4_Tc_mc_AKGC417L__3,crackle_score,0.3988275788,1
M39,train,cycle,172_1b4_Tc_mc_AKGC417L__4,crackle_score,0.4018348532,0
M39,train,cycle,172_1b4_Tc_mc_AKGC417L__5,crackle_score,0.3154756298,0
M39,train,cycle,172_1b5_Al_mc_AKGC417L__0,crackle_score,0.6166861144,0
M39,train,cycle,172_1b5_Al_mc_AKGC417L__1,crackle_score,0.5367992381,0
M39,train,cycle,172_1b5_Al_mc_AKGC417L__2,crackle_score,0.6076040172,1
M39,train,cycle,172_1b5_Al_mc_AKGC417L__3,crackle_score,0.46230408,0
M39,train,cycle,172_1b5_Al_mc_AKGC417L__4,crackle_score,0.584769709,0
M39,train,cycle,172_1b5_Al_mc_AKGC417L__5,crackle_score,0.5793335978,0
M39,train,cycle,172_1b5_Al_mc_AKGC417L__6,crackle_score,0.2238847105,0
M39,train,cycle,172_1b5_Ar_mc_AKGC417L__0,crackle_score,0.5972384286,0
M39,train,cycle,172_1b5_Ar_mc_AKGC417L__1,crackle_score,0.5544131236,0
M39,train,cycle,172_1b5_Ar_mc_AKGC417L__2,crackle_score,0.6614060258,0
M39,train,cycle,172_1b5_Ar_mc_AKGC417L__3,crackle_score,0.4848798322,0
M39,train,cycle,172_1b5_Ar_mc_AKGC417L__4,crackle_score,0.6836677027,0
M39,train,cycle,172_1b5_Ar_mc_AKGC417L__5,crackle_score,0.5991669972,0
M39,train,cycle,172_1b5_Ar_mc_AKGC417L__6,crackle_score,0.5525210084,0
M39,train,cycle,172_1b5_Ll_mc_AKGC417L__0,crackle_score,0.4256620755,1
M39,train,cycle,172_1b5_Ll_mc_AKGC417L__1,crackle_score,0.4103283143,0
M39,train,cycle,172_1b5_Ll_mc_AKGC417L__2,crackle_score,0.6255380201,1
M39,train,cycle,172_1b5_Ll_mc_AKGC417L__3,crackle_score,0.4919028452,0
M39,train,cycle,172_1b5_Ll_mc_AKGC417L__4,crackle_score,0.6130505407,1
M39,train,cycle,172_1b5_Ll_mc_AKGC417L__5,crackle_score,0.6190003967,0
M39,train,cycle,172_1b5_Ll_mc_AKGC417L__6,crackle_score,0.530083029,0
M39,train,cycle,172_1b5_Lr_mc_AKGC417L__0,crackle_score,0.5972384286,0
M39,train,cycle,172_1b5_Lr_mc_AKGC417L__1,crackle_score,0.3004665323,0
M39,train,cycle,172_1b5_Lr_mc_AKGC417L__2,crackle_score,0.6102490086,0
M39,train,cycle,172_1b5_Lr_mc_AKGC417L__3,crackle_score,0.4195216875,1
M39,train,cycle,172_1b5_Lr_mc_AKGC417L__4,crackle_score,0.4966845941,1
M39,train,cycle,172_1b5_Lr_mc_AKGC417L__5,crackle_score,0.3668568995,0
M39,train,cycle,172_1b5_Lr_mc_AKGC417L__6,crackle_score,0.5811523036,0
M39,train,cycle,172_1b5_Pl_mc_AKGC417L__0,crackle_score,0.2387763915,1
M39,train,cycle,172_1b5_Pl_mc_AKGC417L__1,crackle_score,0.3771520411,0
M39,train,cycle,172_1b5_Pl_mc_AKGC417L__2,crackle_score,0.4619842946,1
M39,train,cycle,172_1b5_Pl_mc_AKGC417L__3,crackle_score,0.247841379,0
M39,train,cycle,172_1b5_Pl_mc_AKGC417L__4,crackle_score,0.362816544,1
M39,train,cycle,172_1b5_Pl_mc_AKGC417L__5,crackle_score,0.3241622612,1
M39,train,cycle,172_1b5_Pl_mc_AKGC417L__6,crackle_score,0.2343857913,0
M39,train,cycle,172_1b5_Pr_mc_AKGC417L__0,crackle_score,0.5471117151,0
M39,train,cycle,172_1b5_Pr_mc_AKGC417L__1,crackle_score,0.3844670797,0
M39,train,cycle,172_1b5_Pr_mc_AKGC417L__2,crackle_score,0.4856998443,1
M39,train,cycle,172_1b5_Pr_mc_AKGC417L__3,crackle_score,0.3771028167,0
M39,train,cycle,172_1b5_Pr_mc_AKGC417L__4,crackle_score,0.584769709,0
M39,train,cycle,172_1b5_Pr_mc_AKGC417L__5,crackle_score,0.6190003967,0
M39,train,cycle,172_1b5_Pr_mc_AKGC417L__6,crackle_score,0.2515550794,0
M39,train,cycle,172_1b5_Tc_mc_AKGC417L__0,crackle_score,0.3153741159,0
M39,train,cycle,172_1b5_Tc_mc_AKGC417L__1,crackle_score,0.3466645002,1
M39,train,cycle,172_1b5_Tc_mc_AKGC417L__2,crackle_score,0.307183606,0
M39,train,cycle,172_1b5_Tc_mc_AKGC417L__3,crackle_score,0.2390549893,0
M39,train,cycle,172_1b5_Tc_mc_AKGC417L__4,crackle_score,0.3348170295,0
M39,train,cycle,172_1b5_Tc_mc_AKGC417L__5,crackle_score,0.2769784583,0
M39,train,cycle,172_1b5_Tc_mc_AKGC417L__6,crackle_score,0.3177396984,0
M39,train,cycle,172_2b5_Al_mc_AKGC417L__0,crackle_score,0.474914152,1
M39,train,cycle,172_2b5_Al_mc_AKGC417L__1,crackle_score,0.3114198878,1
M39,train,cycle,172_2b5_Al_mc_AKGC417L__2,crackle_score,0.5548410337,1
M39,train,cycle,172_2b5_Al_mc_AKGC417L__3,crackle_score,0.4125252553,1
M39,train,cycle,172_2b5_Al_mc_AKGC417L__4,crackle_score,0.2743719322,1
M39,train,cycle,172_2b5_Al_mc_AKGC417L__5,crackle_score,0.3431037888,1
M39,train,cycle,172_2b5_Ar_mc_AKGC417L__0,crackle_score,0.3893800202,0
M39,train,cycle,172_2b5_Ar_mc_AKGC417L__1,crackle_score,0.4997892837,0
M39,train,cycle,172_2b5_Ar_mc_AKGC417L__2,crackle_score,0.7152080344,0
M39,train,cycle,172_2b5_Ar_mc_AKGC417L__3,crackle_score,0.3726938914,0
M39,train,cycle,172_2b5_Ar_mc_AKGC417L__4,crackle_score,0.5191961085,0
M39,train,cycle,172_2b5_Ar_mc_AKGC417L__5,crackle_score,0.4905500097,0
M39,train,cycle,172_2b5_Lr_mc_AKGC417L__0,crackle_score,0.3341432218,0
M39,train,cycle,172_2b5_Lr_mc_AKGC417L__1,crackle_score,0.5426921905,1
M39,train,cycle,172_2b5_Lr_mc_AKGC417L__2,crackle_score,0.1764768804,0
M39,train,cycle,172_2b5_Lr_mc_AKGC417L__3,crackle_score,0.2783876178,0
M39,train,cycle,172_2b5_Lr_mc_AKGC417L__4,crackle_score,0.2183833849,0
M39,train,cycle,172_2b5_Lr_mc_AKGC417L__5,crackle_score,0.2653232542,0
M39,train,cycle,172_2b5_Pl_mc_AKGC417L__0,crackle_score,0.6915041783,1
M39,train,cycle,172_2b5_Pl_mc_AKGC417L__1,crackle_score,0.5379689708,1
M39,train,cycle,172_2b5_Pl_mc_AKGC417L__2,crackle_score,0.6797335347,1
M39,train,cycle,172_2b5_Pl_mc_AKGC417L__3,crackle_score,0.3051400659,0
M39,train,cycle,172_2b5_Pl_mc_AKGC417L__4,crackle_score,0.2588024405,0
M39,train,cycle,172_2b5_Pl_mc_AKGC417L__5,crackle_score,0.2099871298,0
M39,train,cycle,172_2b5_Pr_mc_AKGC417L__0,crackle_score,0.6044568245,1
M39,train,cycle,172_2b5_Pr_mc_AKGC417L__1,crackle_score,0.6325439071,0
M39,train,cycle,172_2b5_Pr_mc_AKGC417L__2,crackle_score,0.4577445633,0
M39,train,cycle,172_2b5_Pr_mc_AKGC417L__3,crackle_score,0.3703389883,0
M39,train,cycle,172_2b5_Pr_mc_AKGC417L__4,crackle_score,0.3200479983,1
M39,train,cycle,172_2b5_Pr_mc_AKGC417L__5,crackle_score,0.4175437759,0
M39,train,cycle,172_2b5_Tc_mc_AKGC417L__0,crackle_score,0.2800148569,0
M39,train,cycle,172_2b5_Tc_mc_AKGC417L__1,crackle_score,0.2146534254,0
M39,train,cycle,172_2b5_Tc_mc_AKGC417L__2,crackle_score,0.2483268905,0
M39,train,cycle,172_2b5_Tc_mc_AKGC417L__3,crackle_score,0.2511737004,0
M39,train,cycle,172_2b5_Tc_mc_AKGC417L__4,crackle_score,0.2229645653,0
M39,train,cycle,172_2b5_Tc_mc_AKGC417L__5,crackle_score,0.1711740345,0
M39,train,cycle,179_1b1_Al_sc_Meditron__0,crackle_score,0.5233650145,1
M39,train,cycle,179_1b1_Al_sc_Meditron__1,crackle_score,0.6601097896,1
M39,train,cycle,179_1b1_Al_sc_Meditron__2,crackle_score,0.5389171199,1
M39,train,cycle,179_1b1_Al_sc_Meditron__3,crackle_score,0.526835833,0
M39,train,cycle,179_1b1_Al_sc_Meditron__4,crackle_score,0.6049552941,0
M39,train,cycle,179_1b1_Al_sc_Meditron__5,crackle_score,0.4841505722,0
M39,train,cycle,179_1b1_Al_sc_Meditron__6,crackle_score,0.4352150346,0
M39,train,cycle,179_1b1_Al_sc_Meditron__7,crackle_score,0.4909331564,0
M39,train,cycle,179_1b1_Tc_sc_Meditron__0,crackle_score,0.2983232392,0
M39,train,cycle,179_1b1_Tc_sc_Meditron__1,crackle_score,0.3642730677,0
M39,train,cycle,179_1b1_Tc_sc_Meditron__2,crackle_score,0.3755018882,1
M39,train,cycle,179_1b1_Tc_sc_Meditron__3,crackle_score,0.2762007049,0
M39,train,cycle,179_1b1_Tc_sc_Meditron__4,crackle_score,0.5130131514,0
M39,train,cycle,179_1b1_Tc_sc_Meditron__5,crackle_score,0.3471187316,1
M39,train,cycle,179_1b1_Tc_sc_Meditron__6,crackle_score,0.2943718736,0
M39,train,cycle,180_1b4_Al_mc_AKGC417L__0,crackle_score,0.3759653922,1
M39,train,cycle,180_1b4_Al_mc_AKGC417L__1,crackle_score,0.3328618387,1
M39,train,cycle,180_1b4_Al_mc_AKGC417L__2,crackle_score,0.4271066894,1
M39,train,cycle,180_1b4_Al_mc_AKGC417L__3,crackle_score,0.4411039638,1
M39,train,cycle,180_1b4_Al_mc_AKGC417L__4,crackle_score,0.3584848023,1
M39,train,cycle,180_1b4_Al_mc_AKGC417L__5,crackle_score,0.4312974667,0
M39,train,cycle,180_1b4_Ar_mc_AKGC417L__0,crackle_score,0.4303947212,1
M39,train,cycle,180_1b4_Ar_mc_AKGC417L__1,crackle_score,0.6799114105,1
M39,train,cycle,180_1b4_Ar_mc_AKGC417L__2,crackle_score,0.5646099323,1
M39,train,cycle,180_1b4_Ar_mc_AKGC417L__3,crackle_score,0.5764112496,1
M39,train,cycle,180_1b4_Ar_mc_AKGC417L__4,crackle_score,0.3317306816,1
M39,train,cycle,180_1b4_Ar_mc_AKGC417L__5,crackle_score,0.2629829752,1
M39,train,cycle,180_1b4_Lr_mc_AKGC417L__0,crackle_score,0.3802193608,1
M39,train,cycle,180_1b4_Lr_mc_AKGC417L__1,crackle_score,0.2857735921,1
M39,train,cycle,180_1b4_Lr_mc_AKGC417L__2,crackle_score,0.4810606824,1
M39,train,cycle,180_1b4_Lr_mc_AKGC417L__3,crackle_score,0.5062882002,1
M39,train,cycle,180_1b4_Lr_mc_AKGC417L__4,crackle_score,0.3666754739,1
M39,train,cycle,180_1b4_Lr_mc_AKGC417L__5,crackle_score,0.4438106337,1
M39,train,cycle,180_1b4_Pl_mc_AKGC417L__0,crackle_score,0.5569870109,1
M39,train,cycle,180_1b4_Pl_mc_AKGC417L__1,crackle_score,0.4970438621,1
M39,train,cycle,180_1b4_Pl_mc_AKGC417L__2,crackle_score,0.4305313442,1
M39,train,cycle,180_1b4_Pl_mc_AKGC417L__3,crackle_score,0.4167046942,1
M39,train,cycle,180_1b4_Pl_mc_AKGC417L__4,crackle_score,0.3360760508,1
M39,train,cycle,180_1b4_Pl_mc_AKGC417L__5,crackle_score,0.3188567938,1
M39,train,cycle,180_1b4_Pr_mc_AKGC417L__0,crackle_score,0.4265464364,1
M39,train,cycle,180_1b4_Pr_mc_AKGC417L__1,crackle_score,0.4242640689,1
M39,train,cycle,180_1b4_Pr_mc_AKGC417L__2,crackle_score,0.5784881715,1
M39,train,cycle,180_1b4_Pr_mc_AKGC417L__3,crackle_score,0.4927255866,1
M39,train,cycle,180_1b4_Pr_mc_AKGC417L__4,crackle_score,0.4827208965,1
M39,train,cycle,180_1b4_Pr_mc_AKGC417L__5,crackle_score,0.4263917598,1
M39,train,cycle,181_1b1_Ar_mc_LittC2SE__0,crackle_score,0.5557144285,0
M39,train,cycle,181_1b1_Ar_mc_LittC2SE__1,crackle_score,0.3567684238,0
M39,train,cycle,181_1b1_Ar_mc_LittC2SE__2,crackle_score,0.4344945531,0
M39,train,cycle,181_1b1_Ar_mc_LittC2SE__3,crackle_score,0.3509502975,0
M39,train,cycle,181_1b1_Tc_mc_LittC2SE__0,crackle_score,0.5510986203,0
M39,train,cycle,181_1b1_Tc_mc_LittC2SE__1,crackle_score,0.5580527451,0
M39,train,cycle,181_1b1_Tc_mc_LittC2SE__2,crackle_score,0.5572456657,0
M39,train,cycle,181_1b1_Tc_mc_LittC2SE__3,crackle_score,0.6500296455,0
M39,train,cycle,181_1b2_Ar_mc_LittC2SE__0,crackle_score,0.5109810789,1
M39,train,cycle,181_1b2_Ar_mc_LittC2SE__1,crackle_score,0.3613507059,1
M39,train,cycle,181_1b2_Ar_mc_LittC2SE__2,crackle_score,0.4225597801,0
M39,train,cycle,181_1b2_Ar_mc_LittC2SE__3,crackle_score,0.5101992219,0
M39,train,cycle,181_1b3_Tc_mc_LittC2SE__0,crackle_score,0.4104565471,0
M39,train,cycle,181_1b3_Tc_mc_LittC2SE__1,crackle_score,0.6283587198,0
M39,train,cycle,181_1b3_Tc_mc_LittC2SE__2,crackle_score,0.5833333333,0
M39,train,cycle,181_1b3_Tc_mc_LittC2SE__3,crackle_score,0.6338688086,0
M39,train,cycle,181_1b3_Tc_mc_LittC2SE__4,crackle_score,0.3547913976,0
M39,train,cycle,183_1b1_Pl_sc_Meditron__0,crackle_score,0.4360197211,1
M39,train,cycle,183_1b1_Pl_sc_Meditron__1,crackle_score,0.3692565337,0
M39,train,cycle,183_1b1_Pl_sc_Meditron__2,crackle_score,0.3485763798,1
M39,train,cycle,183_1b1_Pl_sc_Meditron__3,crackle_score,0.4072816916,0
M39,train,cycle,183_1b1_Tc_sc_Meditron__0,crackle_score,0.6206872072,0
M39,train,cycle,183_1b1_Tc_sc_Meditron__1,crackle_score,0.6762255687,0
M39,train,cycle,183_1b1_Tc_sc_Meditron__2,crackle_score,0.7247551774,0
M39,train,cycle,183_1b1_Tc_sc_Meditron__3,crackle_score,0.533444526,0
M39,train,cycle,184_1b1_Ar_sc_Meditron__0,crackle_score,0.6233966128,0
M39,train,cycle,184_1b1_Ar_sc_Meditron__1,crackle_score,0.5230860853,0
M39,train,cycle,184_1b1_Ar_sc_Meditron__2,crackle_score,0.6454483906,0
M39,train,cycle,184_1b1_Ar_sc_Meditron__3,crackle_score,0.7234139301,0
M39,train,cycle,184_1b1_Ar_sc_Meditron__4,crackle_score,0.6020936067,0
M39,train,cycle,184_1b1_Ar_sc_Meditron__5,crackle_score,0.6381927679,0
M39,train,cycle,184_1b1_Ar_sc_Meditron__6,crackle_score,0.7514441566,0
M39,train,cycle,184_1b1_Ar_sc_Meditron__7,crackle_score,0.683841829,0
M39,train,cycle,186_2b2_Al_mc_AKGC417L__0,crackle_score,0.5011229722,0
M39,train,cycle,186_2b2_Al_mc_AKGC417L__1,crackle_score,0.596828855,0
M39,train,cycle,186_2b2_Al_mc_AKGC417L__2,crackle_score,0.4786599558,0
M39,train,cycle,186_2b2_Al_mc_AKGC417L__3,crackle_score,0.5485554746,0
M39,train,cycle,186_2b2_Al_mc_AKGC417L__4,crackle_score,0.3556385284,0
M39,train,cycle,186_2b2_Ar_mc_AKGC417L__0,crackle_score,0.4411598623,1
M39,train,cycle,186_2b2_Ar_mc_AKGC417L__1,crackle_score,0.4646096255,1
M39,train,cycle,186_2b2_Ar_mc_AKGC417L__2,crackle_score,0.433808378,1
M39,train,cycle,186_2b2_Ar_mc_AKGC417L__3,crackle_score,0.345381961,1
M39,train,cycle,186_2b2_Ar_mc_AKGC417L__4,crackle_score,0.4136663959,1
M39,train,cycle,186_2b2_Lr_mc_AKGC417L__0,crackle_score,0.2943106867,1
M39,train,cycle,186_2b2_Lr_mc_AKGC417L__1,crackle_score,0.4072139421,1
M39,train,cycle,186_2b2_Lr_mc_AKGC417L__2,crackle_score,0.4343869463,1
M39,train,cycle,186_2b2_Lr_mc_AKGC417L__3,crackle_score,0.3423822721,1
M39,train,cycle,186_2b2_Lr_mc_AKGC417L__4,crackle_score,0.3670025615,1
M39,train,cycle,186_2b2_Pl_mc_AKGC417L__0,crackle_score,0.5888099467,1
M39,train,cycle,186_2b2_Pl_mc_AKGC417L__1,crackle_score,0.3980636769,1
M39,train,cycle,186_2b2_Pl_mc_AKGC417L__2,crackle_score,0.3550051212,1
M39,train,cycle,186_2b2_Pl_mc_AKGC417L__3,crackle_score,0.5029277671,1
M39,train,cycle,186_2b2_Pl_mc_AKGC417L__4,crackle_score,0.2889702875,1
M39,train,cycle,186_2b2_Pr_mc_AKGC417L__0,crackle_score,0.4792553399,1
M39,train,cycle,186_2b2_Pr_mc_AKGC417L__1,crackle_score,0.4146029252,1
M39,train,cycle,186_2b2_Pr_mc_AKGC417L__2,crackle_score,0.5524602744,1
M39,train,cycle,186_2b2_Pr_mc_AKGC417L__3,crackle_score,0.5342917645,1
M39,train,cycle,186_2b2_Pr_mc_AKGC417L__4,crackle_score,0.441762404,1
M39,train,cycle,186_2b2_Tc_mc_AKGC417L__0,crackle_score,0.6649327582,0
M39,train,cycle,186_2b2_Tc_mc_AKGC417L__1,crackle_score,0.6331396756,0
M39,train,cycle,186_2b2_Tc_mc_AKGC417L__2,crackle_score,0.583728719,0
M39,train,cycle,186_2b2_Tc_mc_AKGC417L__3,crackle_score,0.6335275552,0
M39,train,cycle,186_2b2_Tc_mc_AKGC417L__4,crackle_score,0.7250562641,0
M39,train,cycle,186_2b3_Al_mc_AKGC417L__0,crackle_score,0.6499863649,0
M39,train,cycle,186_2b3_Al_mc_AKGC417L__1,crackle_score,0.5628772636,0
M39,train,cycle,186_2b3_Al_mc_AKGC417L__2,crackle_score,0.635501355,0
M39,train,cycle,186_2b3_Al_mc_AKGC417L__3,crackle_score,0.5615763547,0
M39,train,cycle,186_2b3_Al_mc_AKGC417L__4,crackle_score,0.5171750976,1
M39,train,cycle,186_2b3_Ar_mc_AKGC417L__0,crackle_score,0.3644025493,0
M39,train,cycle,186_2b3_Ar_mc_AKGC417L__1,crackle_score,0.3889382951,1
M39,train,cycle,186_2b3_Ar_mc_AKGC417L__2,crackle_score,0.6015219442,1
M39,train,cycle,186_2b3_Ar_mc_AKGC417L__3,crackle_score,0.394047473,1
M39,train,cycle,186_2b3_Ar_mc_AKGC417L__4,crackle_score,0.4123418277,1
M39,train,cycle,186_2b3_Lr_mc_AKGC417L__0,crackle_score,0.2995015428,1
M39,train,cycle,186_2b3_Lr_mc_AKGC417L__1,crackle_score,0.3418422505,1
M39,train,cycle,186_2b3_Lr_mc_AKGC417L__2,crackle_score,0.2235523503,1
M39,train,cycle,186_2b3_Lr_mc_AKGC417L__3,crackle_score,0.3498745146,1
M39,train,cycle,186_2b3_Lr_mc_AKGC417L__4,crackle_score,0.3260686968,1
M39,train,cycle,186_2b3_Pl_mc_AKGC417L__0,crackle_score,0.4833194786,1
M39,train,cycle,186_2b3_Pl_mc_AKGC417L__1,crackle_score,0.4272956416,1
M39,train,cycle,186_2b3_Pl_mc_AKGC417L__2,crackle_score,0.5101493381,1
M39,train,cycle,186_2b3_Pl_mc_AKGC417L__3,crackle_score,0.3783392311,1
M39,train,cycle,186_2b3_Pl_mc_AKGC417L__4,crackle_score,0.4672520522,1
M39,train,cycle,186_2b3_Pr_mc_AKGC417L__0,crackle_score,0.4056125244,1
M39,train,cycle,186_2b3_Pr_mc_AKGC417L__1,crackle_score,0.4110545629,1
M39,train,cycle,186_2b3_Pr_mc_AKGC417L__2,crackle_score,0.5002044106,1
M39,train,cycle,186_2b3_Pr_mc_AKGC417L__3,crackle_score,0.6477832512,1
M39,train,cycle,186_2b3_Pr_mc_AKGC417L__4,crackle_score,0.7119161328,1
M39,train,cycle,186_2b3_Tc_mc_AKGC417L__0,crackle_score,0.495693434,0
M39,train,cycle,186_2b3_Tc_mc_AKGC417L__1,crackle_score,0.588028169,0
M39,train,cycle,186_2b3_Tc_mc_AKGC417L__2,crackle_score,0.586228135,0
M39,train,cycle,186_2b3_Tc_mc_AKGC417L__3,crackle_score,0.6231527094,0
M39,train,cycle,186_2b3_Tc_mc_AKGC417L__4,crackle_score,0.7565747274,0
M39,train,cycle,186_2b4_Al_mc_AKGC417L__0,crackle_score,0.3786739175,1
M39,train,cycle,186_2b4_Al_mc_AKGC417L__1,crackle_score,0.4812064615,0
M39,train,cycle,186_2b4_Al_mc_AKGC417L__2,crackle_score,0.3745340492,1
M39,train,cycle,186_2b4_Al_mc_AKGC417L__3,crackle_score,0.2809040225,1
M39,train,cycle,186_2b4_Al_mc_AKGC417L__4,crackle_score,0.3770702691,1
M39,train,cycle,186_2b4_Ar_mc_AKGC417L__0,crackle_score,0.3773302594,1
M39,train,cycle,186_2b4_Ar_mc_AKGC417L__1,crackle_score,0.4033904435,1
M39,train,cycle,186_2b4_Ar_mc_AKGC417L__2,crackle_score,0.5103550707,1
M39,train,cycle,186_2b4_Ar_mc_AKGC417L__3,crackle_score,0.420197274,1
M39,train,cycle,186_2b4_Ar_mc_AKGC417L__4,crackle_score,0.3699376243,1
M39,train,cycle,186_2b4_Lr_mc_AKGC417L__0,crackle_score,0.4206262627,1
M39,train,cycle,186_2b4_Lr_mc_AKGC417L__1,crackle_score,0.3147903388,1
M39,train,cycle,186_2b4_Lr_mc_AKGC417L__2,crackle_score,0.2324129273,1
M39,train,cycle,186_2b4_Lr_mc_AKGC417L__3,crackle_score,0.4506212809,1
M39,train,cycle,186_2b4_Lr_mc_AKGC417L__4,crackle_score,0.2930051045,1
M39,train,cycle,186_2b4_Pl_mc_AKGC417L__0,crackle_score,0.3912167631,1
M39,train,cycle,186_2b4_Pl_mc_AKGC417L__1,crackle_score,0.3427190456,0
M39,train,cycle,186_2b4_Pl_mc_AKGC417L__2,crackle_score,0.4075358986,1
M39,train,cycle,186_2b4_Pl_mc_AKGC417L__3,crackle_score,0.5773133794,1
M39,train,cycle,186_2b4_Pl_mc_AKGC417L__4,crackle_score,0.3662999158,1
M39,train,cycle,186_2b4_Pr_mc_AKGC417L__0,crackle_score,0.4104792482,1
M39,train,cycle,186_2b4_Pr_mc_AKGC417L__1,crackle_score,0.3857399812,1
M39,train,cycle,186_2b4_Pr_mc_AKGC417L__2,crackle_score,0.4215466998,1
M39,train,cycle,186_2b4_Pr_mc_AKGC417L__3,crackle_score,0.456166535,1
M39,train,cycle,186_2b4_Pr_mc_AKGC417L__4,crackle_score,0.6517232491,1
M39,train,cycle,186_2b4_Tc_mc_AKGC417L__0,crackle_score,0.597967181,0
M39,train,cycle,186_2b4_Tc_mc_AKGC417L__1,crackle_score,0.5994035785,0
M39,train,cycle,186_2b4_Tc_mc_AKGC417L__2,crackle_score,0.5724112962,0
M39,train,cycle,186_2b4_Tc_mc_AKGC417L__3,crackle_score,0.7016129032,0
M39,train,cycle,186_2b4_Tc_mc_AKGC417L__4,crackle_score,0.5882903556,0
M39,train,cycle,186_3b3_Al_mc_AKGC417L__0,crackle_score,0.4619848486,0
M39,train,cycle,186_3b3_Al_mc_AKGC417L__1,crackle_score,0.4231405474,0
M39,train,cycle,186_3b3_Al_mc_AKGC417L__2,crackle_score,0.3800237918,1
M39,train,cycle,186_3b3_Al_mc_AKGC417L__3,crackle_score,0.3684469136,0
M39,train,cycle,186_3b3_Al_mc_AKGC417L__4,crackle_score,0.4334172924,0
M39,train,cycle,186_3b3_Al_mc_AKGC417L__5,crackle_score,0.2728666713,0
M39,train,cycle,186_3b3_Ar_mc_AKGC417L__0,crackle_score,0.4506600898,0
M39,train,cycle,186_3b3_Ar_mc_AKGC417L__1,crackle_score,0.4303053455,0
M39,train,cycle,186_3b3_Ar_mc_AKGC417L__2,crackle_score,0.2842081687,1
M39,train,cycle,186_3b3_Ar_mc_AKGC417L__3,crackle_score,0.3053110049,0
M39,train,cycle,186_3b3_Ar_mc_AKGC417L__4,crackle_score,0.4593376628,1
M39,train,cycle,186_3b3_Ar_mc_AKGC417L__5,crackle_score,0.1540307845,1
M39,train,cycle,186_3b3_Lr_mc_AKGC417L__0,crackle_score,0.3209388196,0
M39,train,cycle,186_3b3_Lr_mc_AKGC417L__1,crackle_score,0.4258745465,0
M39,train,cycle,186_3b3_Lr_mc_AKGC417L__2,crackle_score,0.2824639432,0
M39,train,cycle,186_3b3_Lr_mc_AKGC417L__3,crackle_score,0.3042474952,0
M39,train,cycle,186_3b3_Lr_mc_AKGC417L__4,crackle_score,0.4334103847,1
M39,train,cycle,186_3b3_Lr_mc_AKGC417L__5,crackle_score,0.1700330105,0
M39,train,cycle,186_3b3_Pl_mc_AKGC417L__0,crackle_score,0.3429056584,1
M39,train,cycle,186_3b3_Pl_mc_AKGC417L__1,crackle_score,0.4031791968,1
M39,train,cycle,186_3b3_Pl_mc_AKGC417L__2,crackle_score,0.4165550073,1
M39,train,cycle,186_3b3_Pl_mc_AKGC417L__3,crackle_score,0.3445286485,1
M39,train,cycle,186_3b3_Pl_mc_AKGC417L__4,crackle_score,0.3898502137,1
M39,train,cycle,186_3b3_Pl_mc_AKGC417L__5,crackle_score,0.3607027134,1
M39,train,cycle,186_3b3_Pr_mc_AKGC417L__0,crackle_score,0.4830865407,0
M39,train,cycle,186_3b3_Pr_mc_AKGC417L__1,crackle_score,0.354601604,0
M39,train,cycle,186_3b3_Pr_mc_AKGC417L__2,crackle_score,0.4104992341,0
M39,train,cycle,186_3b3_Pr_mc_AKGC417L__3,crackle_score,0.2548178831,0
M39,train,cycle,186_3b3_Pr_mc_AKGC417L__4,crackle_score,0.3735683791,0
M39,train,cycle,186_3b3_Pr_mc_AKGC417L__5,crackle_score,0.4390835319,0
M39,train,cycle,186_3b3_Tc_mc_AKGC417L__0,crackle_score,0.5335922874,0
M39,train,cycle,186_3b3_Tc_mc_AKGC417L__1,crackle_score,0.6510394414,0
M39,train,cycle,186_3b3_Tc_mc_AKGC417L__2,crackle_score,0.6551041593,0
M39,train,cycle,186_3b3_Tc_mc_AKGC417L__3,crackle_score,0.4571947651,0
M39,train,cycle,186_3b3_Tc_mc_AKGC417L__4,crackle_score,0.6321585903,0
M39,train,cycle,186_3b3_Tc_mc_AKGC417L__5,crackle_score,0.4827042316,0
M39,train,cycle,188_1b1_Al_sc_Meditron__0,crackle_score,0.8035405377,0
M39,train,cycle,188_1b1_Al_sc_Meditron__1,crackle_score,0.6719037754,0
M39,train,cycle,188_1b1_Al_sc_Meditron__2,crackle_score,0.995049505,0
M39,train,cycle,188_1b1_Al_sc_Meditron__3,crackle_score,0.6989396846,0
M39,train,cycle,188_1b1_Al_sc_Meditron__4,crackle_score,0.6797283457,0
M39,train,cycle,188_1b1_Al_sc_Meditron__5,crackle_score,0.8347534997,0
M39,train,cycle,188_1b1_Al_sc_Meditron__6,crackle_score,0.5690083516,0
M39,train,cycle,188_1b1_Al_sc_Meditron__7,crackle_score,0.5473923559,0
M39,train,cycle,188_1b1_Al_sc_Meditron__8,crackle_score,0.5999604871,0
M39,train,cycle,188_1b1_Al_sc_Meditron__9,crackle_score,0.850262697,0
M39,train,cycle,188_1b1_Al_sc_Meditron__10,crackle_score,0.8110419907,0
M39,train,cycle,188_1b1_Al_sc_Meditron__11,crackle_score,0.8386004515,0
M39,train,cycle,188_1b1_Al_sc_Meditron__12,crackle_score,0.8182461103,0
M39,train,cycle,188_1b1_Al_sc_Meditron__13,crackle_score,0.6946872112,0
M39,train,cycle,188_1b1_Al_sc_Meditron__14,crackle_score,0.6893939394,0
M39,train,cycle,188_1b1_Ar_sc_Meditron__0,crackle_score,0.3749836865,0
M39,train,cycle,188_1b1_Ar_sc_Meditron__1,crackle_score,0.3841121432,0
M39,train,cycle,188_1b1_Ar_sc_Meditron__2,crackle_score,0.5463893956,0
M39,train,cycle,188_1b1_Ar_sc_Meditron__3,crackle_score,0.6742759796,0
M39,train,cycle,188_1b1_Ar_sc_Meditron__4,crackle_score,0.5098527517,0
M39,train,cycle,188_1b1_Ar_sc_Meditron__5,crackle_score,0.5919707355,0
M39,train,cycle,188_1b1_Ar_sc_Meditron__6,crackle_score,0.7739300136,0
M39,train,cycle,188_1b1_Ar_sc_Meditron__7,crackle_score,0.6715387159,0
M39,train,cycle,188_1b1_Ar_sc_Meditron__8,crackle_score,0.7307692308,0
M39,train,cycle,188_1b1_Ar_sc_Meditron__9,crackle_score,0.7162056932,0
M39,train,cycle,188_1b1_Ar_sc_Meditron__10,crackle_score,0.8851803883,0
M39,train,cycle,188_1b1_Ar_sc_Meditron__11,crackle_score,0.8571428571,0
M39,train,cycle,188_1b1_Ar_sc_Meditron__12,crackle_score,0.4920194085,0
M39,train,cycle,188_1b1_Ar_sc_Meditron__13,crackle_score,0.7426624232,0
M39,train,cycle,188_1b1_Ar_sc_Meditron__14,crackle_score,0.7018183042,0
M39,train,cycle,188_1b1_Ar_sc_Meditron__15,crackle_score,0.4878945007,0
M39,train,cycle,188_1b1_Ar_sc_Meditron__16,crackle_score,0.4844085806,0
M39,train,cycle,188_1b1_Pl_sc_Meditron__0,crackle_score,0.3831929132,0
M39,train,cycle,188_1b1_Pl_sc_Meditron__1,crackle_score,0.5411525067,0
M39,train,cycle,188_1b1_Pl_sc_Meditron__2,crackle_score,0.5745225737,0
M39,train,cycle,188_1b1_Pl_sc_Meditron__3,crackle_score,0.2926002867,0
M39,train,cycle,188_1b1_Pl_sc_Meditron__4,crackle_score,0.382457145,0
M39,train,cycle,188_1b1_Pl_sc_Meditron__5,crackle_score,0.3868790811,0
M39,train,cycle,188_1b1_Pl_sc_Meditron__6,crackle_score,0.3207155615,0
M39,train,cycle,188_1b1_Pl_sc_Meditron__7,crackle_score,0.2875446147,0
M39,train,cycle,188_1b1_Pl_sc_Meditron__8,crackle_score,0.3997744838,0
M39,train,cycle,188_1b1_Pl_sc_Meditron__9,crackle_score,0.3604325849,0
M39,train,cycle,188_1b1_Pl_sc_Meditron__10,crackle_score,0.2868392869,0
M39,train,cycle,188_1b1_Pl_sc_Meditron__11,crackle_score,0.4513394477,0
M39,train,cycle,188_1b1_Pl_sc_Meditron__12,crackle_score,0.5134950329,0
M39,train,cycle,188_1b1_Pl_sc_Meditron__13,crackle_score,0.4993850211,0
M39,train,cycle,188_1b1_Tc_sc_Meditron__0,crackle_score,0.2783055414,0
M39,train,cycle,188_1b1_Tc_sc_Meditron__1,crackle_score,0.5435118826,0
M39,train,cycle,188_1b1_Tc_sc_Meditron__2,crackle_score,0.5777505597,0
M39,train,cycle,188_1b1_Tc_sc_Meditron__3,crackle_score,0.7429492026,0
M39,train,cycle,188_1b1_Tc_sc_Meditron__4,crackle_score,0.3919198488,0
M39,train,cycle,188_1b1_Tc_sc_Meditron__5,crackle_score,0.4947436595,0
M39,train,cycle,188_1b1_Tc_sc_Meditron__6,crackle_score,0.4500490961,0
M39,train,cycle,188_1b1_Tc_sc_Meditron__7,crackle_score,0.5058017165,0
M39,train,cycle,188_1b1_Tc_sc_Meditron__8,crackle_score,0.625,0
M39,train,cycle,188_1b1_Tc_sc_Meditron__9,crackle_score,0.5033858092,0
M39,train,cycle,188_1b1_Tc_sc_Meditron__10,crackle_score,0.4176573678,0
M39,train,cycle,188_1b1_Tc_sc_Meditron__11,crackle_score,0.4283953459,0
M39,train,cycle,188_1b1_Tc_sc_Meditron__12,crackle_score,0.5717288217,0
M39,train,cycle,188_1b1_Tc_sc_Meditron__13,crackle_score,0.619373705,0
M39,train,cycle,188_1b1_Tc_sc_Meditron__14,crackle_score,0.7123544809,0
M39,train,cycle,188_1b1_Tc_sc_Meditron__15,crackle_score,0.5341131262,0
M39,train,cycle,189_1b2_Lr_mc_LittC2SE__0,crackle_score,0.3530387162,1
M39,train,cycle,189_1b2_Lr_mc_LittC2SE__1,crackle_score,0.6139775864,1
M39,train,cycle,189_1b2_Lr_mc_LittC2SE__2,crackle_score,0.6566946899,0
M39,train,cycle,189_1b2_Lr_mc_LittC2SE__3,crackle_score,0.3983793543,0
M39,train,cycle,189_1b2_Lr_mc_LittC2SE__4,crackle_score,0.4365875557,0
M39,train,cycle,190_1b1_Tc_sc_Meditron__0,crackle_score,0.7482621648,0
M39,train,cycle,190_1b1_Tc_sc_Meditron__1,crackle_score,0.5752728641,0
M39,train,cycle,190_1b1_Tc_sc_Meditron__2,crackle_score,0.6253132832,0
M39,train,cycle,190_1b1_Tc_sc_Meditron__3,crackle_score,0.6636079101,0
M39,train,cycle,191_2b1_Pl_mc_LittC2SE__0,crackle_score,0.3774459148,0
M39,train,cycle,191_2b1_Pl_mc_LittC2SE__1,crackle_score,0.3447545556,0
M39,train,cycle,191_2b1_Pl_mc_LittC2SE__2,crackle_score,0.1329269751,0
M39,train,cycle,191_2b1_Pl_mc_LittC2SE__3,crackle_score,0.3367604139,0
M39,train,cycle,191_2b1_Pl_mc_LittC2SE__4,crackle_score,0.374688,0
M39,train,cycle,191_2b1_Pl_mc_LittC2SE__5,crackle_score,0.2265308031,0
M39,train,cycle,191_2b1_Pl_mc_LittC2SE__6,crackle_score,0.4555337335,0
M39,train,cycle,191_2b1_Pl_mc_LittC2SE__7,crackle_score,0.47428651,0
M39,train,cycle,191_2b1_Pr_mc_LittC2SE__0,crackle_score,0.3866092736,0
M39,train,cycle,191_2b1_Pr_mc_LittC2SE__1,crackle_score,0.236775994,0
M39,train,cycle,191_2b1_Pr_mc_LittC2SE__2,crackle_score,0.3516629452,0
M39,train,cycle,191_2b1_Pr_mc_LittC2SE__3,crackle_score,0.3861364726,0
M39,train,cycle,191_2b1_Pr_mc_LittC2SE__4,crackle_score,0.265416597,0
M39,train,cycle,191_2b1_Pr_mc_LittC2SE__5,crackle_score,0.3237956671,0
M39,train,cycle,191_2b1_Pr_mc_LittC2SE__6,crackle_score,0.367904259,0
M39,train,cycle,191_2b1_Pr_mc_LittC2SE__7,crackle_score,0.1030887696,0
M39,train,cycle,191_2b2_Tc_mc_LittC2SE__0,crackle_score,0.5536152118,0
M39,train,cycle,191_2b2_Tc_mc_LittC2SE__1,crackle_score,0.5378501136,0
M39,train,cycle,191_2b2_Tc_mc_LittC2SE__2,crackle_score,0.537037037,0
M39,train,cycle,191_2b2_Tc_mc_LittC2SE__3,crackle_score,0.5210825539,0
M39,train,cycle,191_2b2_Tc_mc_LittC2SE__4,crackle_score,0.6351757284,0
M39,train,cycle,191_2b2_Tc_mc_LittC2SE__5,crackle_score,0.5707213579,0
M39,train,cycle,191_2b2_Tc_mc_LittC2SE__6,crackle_score,0.5740740741,0
M39,train,cycle,191_2b2_Tc_mc_LittC2SE__7,crackle_score,0.3996145676,0
M39,train,cycle,192_2b1_Al_mc_LittC2SE__0,crackle_score,0.2324505005,0
M39,train,cycle,192_2b1_Al_mc_LittC2SE__1,crackle_score,0.3728683942,0
M39,train,cycle,192_2b1_Al_mc_LittC2SE__2,crackle_score,0.4333635475,0
M39,train,cycle,192_2b1_Al_mc_LittC2SE__3,crackle_score,0.5206958776,0
M39,train,cycle,192_2b1_Al_mc_LittC2SE__4,crackle_score,0.4367664007,0
M39,train,cycle,192_2b1_Al_mc_LittC2SE__5,crackle_score,0.3353325226,1
M39,train,cycle,192_2b1_Al_mc_LittC2SE__6,crackle_score,0.1693758896,0
M39,train,cycle,192_2b1_Al_mc_LittC2SE__7,crackle_score,0.2503901373,0
M39,train,cycle,192_2b1_Ar_mc_LittC2SE__0,crackle_score,0.6439539347,0
M39,train,cycle,192_2b1_Ar_mc_LittC2SE__1,crackle_score,0.2417332462,0
M39,train,cycle,192_2b1_Ar_mc_LittC2SE__2,crackle_score,0.3349075791,0
M39,train,cycle,192_2b1_Ar_mc_LittC2SE__3,crackle_score,0.3998931415,0
M39,train,cycle,192_2b1_Ar_mc_LittC2SE__4,crackle_score,0.3662985121,0
M39,train,cycle,192_2b1_Ar_mc_LittC2SE__5,crackle_score,0.6024590164,0
M39,train,cycle,192_2b1_Ar_mc_LittC2SE__6,crackle_score,0.3769723845,0
M39,train,cycle,192_2b1_Ar_mc_LittC2SE__7,crackle_score,0.1955299494,0
M39,train,cycle,192_2b2_Al_mc_LittC2SE__0,crackle_score,0.3577422894,0
M39,train,cycle,192_2b2_Al_mc_LittC2SE__1,crackle_score,0.4394885112,1
M39,train,cycle,192_2b2_Al_mc_LittC2SE__2,crackle_score,0.5502512563,0
M39,train,cycle,192_2b2_Al_mc_LittC2SE__3,crackle_score,0.5666336272,1
M39,train,cycle,192_2b2_Al_mc_LittC2SE__4,crackle_score,0.3474520797,0
M39,train,cycle,192_2b2_Al_mc_LittC2SE__5,crackle_score,0.4095761185,0
M39,train,cycle,192_2b2_Al_mc_LittC2SE__6,crackle_score,0.4465076786,0
M39,train,cycle,192_2b2_Al_mc_LittC2SE__7,crackle_score,0.1689467689,0
M39,train,cycle,192_2b2_Ar_mc_LittC2SE__0,crackle_score,0.626778866,0
M39,train,cycle,192_2b2_Ar_mc_LittC2SE__1,crackle_score,0.4696075802,0
M39,train,cycle,192_2b2_Ar_mc_LittC2SE__2,crackle_score,0.25277653,0
M39,train,cycle,192_2b2_Ar_mc_LittC2SE__3,crackle_score,0.2005238847,0
M39,train,cycle,192_2b2_Ar_mc_LittC2SE__4,crackle_score,0.6615798923,0
M39,train,cycle,192_2b2_Ar_mc_LittC2SE__5,crackle_score,0.4233074262,0
M39,train,cycle,192_2b2_Ar_mc_LittC2SE__6,crackle_score,0.2985500758,0
M39,train,cycle,192_2b2_Ar_mc_LittC2SE__7,crackle_score,0.1667971218,0
M39,train,cycle,192_2b3_Al_mc_LittC2SE__0,crackle_score,0.5665948126,1
M39,train,cycle,192_2b3_Al_mc_LittC2SE__1,crackle_score,0.3113229863,0
M39,train,cycle,192_2b3_Al_mc_LittC2SE__2,crackle_score,0.4608140793,0
M39,train,cycle,192_2b3_Al_mc_LittC2SE__3,crackle_score,0.4862016362,0
M39,train,cycle,192_2b3_Al_mc_LittC2SE__4,crackle_score,0.3560314381,0
M39,train,cycle,192_2b3_Al_mc_LittC2SE__5,crackle_score,0.3399545853,0
M39,train,cycle,192_2b3_Al_mc_LittC2SE__6,crackle_score,0.5202656448,0
M39,train,cycle,192_2b3_Ar_mc_LittC2SE__0,crackle_score,0.228432847,0
M39,train,cycle,192_2b3_Ar_mc_LittC2SE__1,crackle_score,0.5158378207,0
M39,train,cycle,192_2b3_Ar_mc_LittC2SE__2,crackle_score,0.3633803393,0
M39,train,cycle,192_2b3_Ar_mc_LittC2SE__3,crackle_score,0.3050020895,0
M39,train,cycle,192_2b3_Ar_mc_LittC2SE__4,crackle_score,0.2654136867,0
M39,train,cycle,192_2b3_Ar_mc_LittC2SE__5,crackle_score,0.3518018425,0
M39,train,cycle,192_2b3_Ar_mc_LittC2SE__6,crackle_score,0.3383499547,0
M39,train,cycle,193_1b2_Al_mc_AKGC417L__0,crackle_score,0.3003442837,0
M39,train,cycle,193_1b2_Al_mc_AKGC417L__1,crackle_score,0.3072708956,0
M39,train,cycle,193_1b2_Al_mc_AKGC417L__2,crackle_score,0.2209653161,0
M39,train,cycle,193_1b2_Al_mc_AKGC417L__3,crackle_score,0.3507940854,0
M39,train,cycle,193_1b2_Al_mc_AKGC417L__4,crackle_score,0.3298274016,0
M39,train,cycle,193_1b2_Al_mc_AKGC417L__5,crackle_score,0.1483565647,0
M39,train,cycle,193_1b2_Al_mc_AKGC417L__6,crackle_score,0.2186504096,0
M39,train,cycle,193_1b2_Al_mc_AKGC417L__7,crackle_score,0.2148566953,0
M39,train,cycle,193_1b2_Al_mc_AKGC417L__8,crackle_score,0.2464578521,0
M39,train,cycle,193_1b2_Al_mc_AKGC417L__9,crackle_score,0.3375564984,0
M39,train,cycle,193_1b2_Al_mc_AKGC417L__10,crackle_score,0.2071454611,0
M39,train,cycle,193_1b2_Al_mc_AKGC417L__11,crackle_score,0.2526848836,0
M39,train,cycle,193_1b2_Ar_mc_AKGC417L__0,crackle_score,0.4814340501,0
M39,train,cycle,193_1b2_Ar_mc_AKGC417L__1,crackle_score,0.4193252856,0
M39,train,cycle,193_1b2_Ar_mc_AKGC417L__2,crackle_score,0.3863844326,0
M39,train,cycle,193_1b2_Ar_mc_AKGC417L__3,crackle_score,0.2966759586,0
M39,train,cycle,193_1b2_Ar_mc_AKGC417L__4,crackle_score,0.4860471403,0
M39,train,cycle,193_1b2_Ar_mc_AKGC417L__5,crackle_score,0.2830673058,0
M39,train,cycle,193_1b2_Ar_mc_AKGC417L__6,crackle_score,0.5250165788,0
M39,train,cycle,193_1b2_Ar_mc_AKGC417L__7,crackle_score,0.4037595721,0
M39,train,cycle,193_1b2_Ar_mc_AKGC417L__8,crackle_score,0.304304635,0
M39,train,cycle,193_1b2_Ar_mc_AKGC417L__9,crackle_score,0.3128832142,0
M39,train,cycle,193_1b2_Ar_mc_AKGC417L__10,crackle_score,0.3953915252,0
M39,train,cycle,193_1b2_Ar_mc_AKGC417L__11,crackle_score,0.5,0
M39,train,cycle,193_1b2_Ll_mc_AKGC417L__0,crackle_score,0.09135296563,0
M39,train,cycle,193_1b2_Ll_mc_AKGC417L__1,crackle_score,0.1140073361,0
M39,train,cycle,193_1b2_Ll_mc_AKGC417L__2,crackle_score,0.1257096754,0
M39,train,cycle,193_1b2_Ll_mc_AKGC417L__3,crackle_score,0.1234891973,0
M39,train,cycle,193_1b2_Ll_mc_AKGC417L__4,crackle_score,0.1475440623,0
M39,train,cycle,193_1b2_Ll_mc_AKGC417L__5,crackle_score,0.0969870429,0
M39,train,cycle,193_1b2_Ll_mc_AKGC417L__6,crackle_score,0.1186234765,0
M39,train,cycle,193_1b2_Ll_mc_AKGC417L__7,crackle_score,0.1486706535,0
M39,train,cycle,193_1b2_Ll_mc_AKGC417L__8,crackle_score,0.09999781922,0
M39,train,cycle,193_1b2_Ll_mc_AKGC417L__9,crackle_score,0.1438435141,0
M39,train,cycle,193_1b2_Ll_mc_AKGC417L__10,crackle_score,0.09764565313,0
M39,train,cycle,193_1b2_Ll_mc_AKGC417L__11,crackle_score,0.1200853521,0
M39,train,cycle,193_1b2_Pl_mc_AKGC417L__0,crackle_score,0.3417591206,0
M39,train,cycle,193_1b2_Pl_mc_AKGC417L__1,crackle_score,0.4228720173,0
M39,train,cycle,193_1b2_Pl_mc_AKGC417L__2,crackle_score,0.1099194235,0
M39,train,cycle,193_1b2_Pl_mc_AKGC417L__3,crackle_score,0.3916456637,0
M39,train,cycle,193_1b2_Pl_mc_AKGC417L__4,crackle_score,0.3572526951,0
M39,train,cycle,193_1b2_Pl_mc_AKGC417L__5,crackle_score,0.1851996517,0
M39,train,cycle,193_1b2_Pl_mc_AKGC417L__6,crackle_score,0.4542253022,0
M39,train,cycle,193_1b2_Pl_mc_AKGC417L__7,crackle_score,0.321571419,0
M39,train,cycle,193_1b2_Pl_mc_AKGC417L__8,crackle_score,0.4248583555,0
M39,train,cycle,193_1b2_Pl_mc_AKGC417L__9,crackle_score,0.2445955271,0
M39,train,cycle,193_1b2_Pl_mc_AKGC417L__10,crackle_score,0.4119378204,0
M39,train,cycle,193_1b2_Pl_mc_AKGC417L__11,crackle_score,0.4074151504,0
M39,train,cycle,193_1b2_Pr_mc_AKGC417L__0,crackle_score,0.4312288652,0
M39,train,cycle,193_1b2_Pr_mc_AKGC417L__1,crackle_score,0.8052503053,0
M39,train,cycle,193_1b2_Pr_mc_AKGC417L__2,crackle_score,0.584436176,0
M39,train,cycle,193_1b2_Pr_mc_AKGC417L__3,crackle_score,0.7344665885,0
M39,train,cycle,193_1b2_Pr_mc_AKGC417L__4,crackle_score,0.6528069087,0
M39,train,cycle,193_1b2_Pr_mc_AKGC417L__5,crackle_score,0.4389870381,0
M39,train,cycle,193_1b2_Pr_mc_AKGC417L__6,crackle_score,0.6368480636,0
M39,train,cycle,193_1b2_Pr_mc_AKGC417L__7,crackle_score,0.6024390104,0
M39,train,cycle,193_1b2_Pr_mc_AKGC417L__8,crackle_score,0.4373763351,0
M39,train,cycle,193_1b2_Pr_mc_AKGC417L__9,crackle_score,0.5810764536,0
M39,train,cycle,193_1b2_Pr_mc_AKGC417L__10,crackle_score,0.5918107292,0
M39,train,cycle,193_1b2_Pr_mc_AKGC417L__11,crackle_score,0.6117942985,0
M39,train,cycle,193_1b2_Tc_mc_AKGC417L__0,crackle_score,0.4720733136,0
M39,train,cycle,193_1b2_Tc_mc_AKGC417L__1,crackle_score,0.3039227313,0
M39,train,cycle,193_1b2_Tc_mc_AKGC417L__2,crackle_score,0.6233045623,0
M39,train,cycle,193_1b2_Tc_mc_AKGC417L__3,crackle_score,0.22490641,0
M39,train,cycle,193_1b2_Tc_mc_AKGC417L__4,crackle_score,0.4176615465,0
M39,train,cycle,193_1b2_Tc_mc_AKGC417L__5,crackle_score,0.4627647466,0
M39,train,cycle,193_1b2_Tc_mc_AKGC417L__6,crackle_score,0.2221304992,0
M39,train,cycle,193_1b2_Tc_mc_AKGC417L__7,crackle_score,0.1387619914,0
M39,train,cycle,193_1b2_Tc_mc_AKGC417L__8,crackle_score,0.2327951968,0
M39,train,cycle,193_1b2_Tc_mc_AKGC417L__9,crackle_score,0.3813951251,0
M39,train,cycle,193_1b2_Tc_mc_AKGC417L__10,crackle_score,0.3863048367,0
M39,train,cycle,193_1b2_Tc_mc_AKGC417L__11,crackle_score,0.348665112,0
M39,train,cycle,193_1b4_Lr_mc_AKGC417L__0,crackle_score,0.2296274963,0
M39,train,cycle,193_1b4_Lr_mc_AKGC417L__1,crackle_score,0.401237175,0
M39,train,cycle,193_1b4_Lr_mc_AKGC417L__2,crackle_score,0.3615905434,0
M39,train,cycle,193_1b4_Lr_mc_AKGC417L__3,crackle_score,0.5879507476,0
M39,train,cycle,193_1b4_Lr_mc_AKGC417L__4,crackle_score,0.6281321185,0
M39,train,cycle,193_1b4_Lr_mc_AKGC417L__5,crackle_score,0.6369863014,0
M39,train,cycle,193_1b4_Lr_mc_AKGC417L__6,crackle_score,0.2666497894,0
M39,train,cycle,193_1b4_Lr_mc_AKGC417L__7,crackle_score,0.1944815883,0
M39,train,cycle,193_1b4_Lr_mc_AKGC417L__8,crackle_score,0.3501742549,0
M39,train,cycle,193_1b4_Lr_mc_AKGC417L__9,crackle_score,0.4096964663,0
M39,train,cycle,193_7b3_Al_mc_AKGC417L__0,crackle_score,0.5984251969,0
M39,train,cycle,193_7b3_Al_mc_AKGC417L__1,crackle_score,0.6324252743,0
M39,train,cycle,193_7b3_Al_mc_AKGC417L__2,crackle_score,0.6978891821,0
M39,train,cycle,193_7b3_Al_mc_AKGC417L__3,crackle_score,0.6009693053,0
M39,train,cycle,193_7b3_Al_mc_AKGC417L__4,crackle_score,0.6253656498,0
M39,train,cycle,193_7b3_Al_mc_AKGC417L__5,crackle_score,0.5230840259,0
M39,train,cycle,193_7b3_Al_mc_AKGC417L__6,crackle_score,0.6150747986,0
M39,train,cycle,193_7b3_Al_mc_AKGC417L__7,crackle_score,0.595456281,0
M39,train,cycle,193_7b3_Ar_mc_AKGC417L__0,crackle_score,0.6640419948,0
M39,train,cycle,193_7b3_Ar_mc_AKGC417L__1,crackle_score,0.727014756,1
M39,train,cycle,193_7b3_Ar_mc_AKGC417L__2,crackle_score,0.6539138083,1
M39,train,cycle,193_7b3_Ar_mc_AKGC417L__3,crackle_score,0.7221324717,1
M39,train,cycle,193_7b3_Ar_mc_AKGC417L__4,crackle_score,0.7089427497,1
M39,train,cycle,193_7b3_Ar_mc_AKGC417L__5,crackle_score,0.5692520776,0
M39,train,cycle,193_7b3_Ar_mc_AKGC417L__6,crackle_score,0.7876869965,1
M39,train,cycle,193_7b3_Ar_mc_AKGC417L__7,crackle_score,0.6336387934,1
M39,train,cycle,193_7b3_Ll_mc_AKGC417L__0,crackle_score,0.5083577345,0
M39,train,cycle,193_7b3_Ll_mc_AKGC417L__1,crackle_score,0.556753689,0
M39,train,cycle,193_7b3_Ll_mc_AKGC417L__2,crackle_score,0.6319261214,0
M39,train,cycle,193_7b3_Ll_mc_AKGC417L__3,crackle_score,0.6615508885,1
M39,train,cycle,193_7b3_Ll_mc_AKGC417L__4,crackle_score,0.7089427497,0
M39,train,cycle,193_7b3_Ll_mc_AKGC417L__5,crackle_score,0.6104576619,0
M39,train,cycle,193_7b3_Ll_mc_AKGC417L__6,crackle_score,0.6342539317,0
M39,train,cycle,193_7b3_Ll_mc_AKGC417L__7,crackle_score,0.6336387934,0
M39,train,cycle,193_7b3_Lr_mc_AKGC417L__0,crackle_score,0.6640419948,1
M39,train,cycle,193_7b3_Lr_mc_AKGC417L__1,crackle_score,0.6324252743,1
M39,train,cycle,193_7b3_Lr_mc_AKGC417L__2,crackle_score,0.6099384345,1
M39,train,cycle,193_7b3_Lr_mc_AKGC417L__3,crackle_score,0.6615508885,1
M39,train,cycle,193_7b3_Lr_mc_AKGC417L__4,crackle_score,0.5835770999,1
M39,train,cycle,193_7b3_Lr_mc_AKGC417L__5,crackle_score,0.661588181,1
M39,train,cycle,193_7b3_Lr_mc_AKGC417L__6,crackle_score,0.691791331,1
M39,train,cycle,193_7b3_Lr_mc_AKGC417L__7,crackle_score,0.6145475372,1
M39,train,cycle,193_7b3_Pl_mc_AKGC417L__0,crackle_score,0.4866027747,1
M39,train,cycle,193_7b3_Pl_mc_AKGC417L__1,crackle_score,0.6324252743,1
M39,train,cycle,193_7b3_Pl_mc_AKGC417L__2,crackle_score,0.7638522427,1
M39,train,cycle,193_7b3_Pl_mc_AKGC417L__3,crackle_score,0.6817447496,1
M39,train,cycle,193_7b3_Pl_mc_AKGC417L__4,crackle_score,0.7089427497,1
M39,train,cycle,193_7b3_Pl_mc_AKGC417L__5,crackle_score,0.6385041551,1
M39,train,cycle,193_7b3_Pl_mc_AKGC417L__6,crackle_score,0.6342539317,1
M39,train,cycle,193_7b3_Pl_mc_AKGC417L__7,crackle_score,0.690912562,1
M39,train,cycle,193_7b3_Pr_mc_AKGC417L__0,crackle_score,0.5186849083,0
M39,train,cycle,193_7b3_Pr_mc_AKGC417L__1,crackle_score,0.3797505939,0
M39,train,cycle,193_7b3_Pr_mc_AKGC417L__2,crackle_score,0.4691663896,0
M39,train,cycle,193_7b3_Pr_mc_AKGC417L__3,crackle_score,0.3648486921,0
M39,train,cycle,193_7b3_Pr_mc_AKGC417L__4,crackle_score,0.2718186086,0
M39,train,cycle,193_7b3_Pr_mc_AKGC417L__5,crackle_score,0.4953102936,0
M39,train,cycle,193_7b3_Pr_mc_AKGC417L__6,crackle_score,0.32486625,0
M39,train,cycle,193_7b3_Pr_mc_AKGC417L__7,crackle_score,0.4033902649,0
M39,train,cycle,193_7b3_Tc_mc_AKGC417L__0,crackle_score,0.5391888233,0
M39,train,cycle,193_7b3_Tc_mc_AKGC417L__1,crackle_score,0.6513431706,1
M39,train,cycle,193_7b3_Tc_mc_AKGC417L__2,crackle_score,0.5916091618,1
M39,train,cycle,193_7b3_Tc_mc_AKGC417L__3,crackle_score,0.6413570275,1
M39,train,cycle,193_7b3_Tc_mc_AKGC417L__4,crackle_score,0.6044713748,0
M39,train,cycle,193_7b3_Tc_mc_AKGC417L__5,crackle_score,0.4764449054,0
M39,train,cycle,193_7b3_Tc_mc_AKGC417L__6,crackle_score,0.5546374391,1
M39,train,cycle,193_7b3_Tc_mc_AKGC417L__7,crackle_score,0.5330551186,1
M39,train,cycle,196_1b1_Pr_sc_Meditron__0,crackle_score,0.4349834596,0
M39,train,cycle,196_1b1_Pr_sc_Meditron__1,crackle_score,0.657773953,0
M39,train,cycle,196_1b1_Pr_sc_Meditron__2,crackle_score,0.6412872841,0
M39,train,cycle,196_1b1_Pr_sc_Meditron__3,crackle_score,0.5784682988,0
M39,train,cycle,196_1b1_Pr_sc_Meditron__4,crackle_score,0.3468703184,0
M39,train,cycle,196_1b1_Pr_sc_Meditron__5,crackle_score,0.5872242432,0
M39,train,cycle,197_1b1_Al_sc_Meditron__0,crackle_score,0.5168832988,0
M39,train,cycle,197_1b1_Al_sc_Meditron__1,crackle_score,0.3380572186,0
M39,train,cycle,197_1b1_Al_sc_Meditron__2,crackle_score,0.3701536455,0
M39,train,cycle,197_1b1_Tc_sc_Meditron__0,crackle_score,0.4343935009,0
M39,train,cycle,197_1b1_Tc_sc_Meditron__1,crackle_score,0.6275698081,1
M39,train,cycle,197_1b1_Tc_sc_Meditron__2,crackle_score,0.5079128459,0
M39,train,cycle,197_1b1_Tc_sc_Meditron__3,crackle_score,0.5247968551,0
M39,train,cycle,197_1b1_Tc_sc_Meditron__4,crackle_score,0.505324814,0
M39,train,cycle,199_2b1_Ll_mc_LittC2SE__0,crackle_score,0.5796907648,0
M39,train,cycle,199_2b1_Ll_mc_LittC2SE__1,crackle_score,0.4900815202,1
M39,train,cycle,199_2b1_Ll_mc_LittC2SE__2,crackle_score,0.5718508049,1
M39,train,cycle,199_2b1_Ll_mc_LittC2SE__3,crackle_score,0.6501204552,1
M39,train,cycle,199_2b1_Ll_mc_LittC2SE__4,crackle_score,0.372895426,1
M39,train,cycle,199_2b1_Ll_mc_LittC2SE__5,crackle_score,0.4469545709,0
M39,train,cycle,199_2b1_Ll_mc_LittC2SE__6,crackle_score,0.6284854868,0
M39,train,cycle,199_2b1_Ll_mc_LittC2SE__7,crackle_score,0.480243581,0
M39,train,cycle,199_2b1_Ll_mc_LittC2SE__8,crackle_score,0.342423225,0
M39,train,cycle,199_2b3_Ll_mc_LittC2SE__0,crackle_score,0.3856015287,1
M39,train,cycle,199_2b3_Ll_mc_LittC2SE__1,crackle_score,0.3227156817,1
M39,train,cycle,199_2b3_Ll_mc_LittC2SE__2,crackle_score,0.4899952608,1
M39,train,cycle,199_2b3_Ll_mc_LittC2SE__3,crackle_score,0.3775547458,1
M39,train,cycle,199_2b3_Ll_mc_LittC2SE__4,crackle_score,0.5101720133,1
M39,train,cycle,199_2b3_Ll_mc_LittC2SE__5,crackle_score,0.3941962129,1
M39,train,cycle,199_2b3_Ll_mc_LittC2SE__6,crackle_score,0.5997205002,1
M39,train,cycle,199_2b3_Ll_mc_LittC2SE__7,crackle_score,0.5942504236,1
M39,train,cycle,199_2b3_Ll_mc_LittC2SE__8,crackle_score,0.3343791207,0
M39,train,cycle,200_2p2_Al_mc_AKGC417L__0,crackle_score,0.5218627022,0
M39,train,cycle,200_2p2_Al_mc_AKGC417L__1,crackle_score,0.6290988897,0
M39,train,cycle,200_2p2_Al_mc_AKGC417L__2,crackle_score,0.6187335092,0
M39,train,cycle,200_2p2_Al_mc_AKGC417L__3,crackle_score,0.5884732053,0
M39,train,cycle,200_2p2_Al_mc_AKGC417L__4,crackle_score,0.6431402775,0
M39,train,cycle,200_2p2_Ar_mc_AKGC417L__0,crackle_score,0.1530389156,0
M39,train,cycle,200_2p2_Ar_mc_AKGC417L__1,crackle_score,0.1161890008,0
M39,train,cycle,200_2p2_Ar_mc_AKGC417L__2,crackle_score,0.2110817942,0
M39,train,cycle,200_2p2_Ar_mc_AKGC417L__3,crackle_score,0.2022244692,0
M39,train,cycle,200_2p2_Ar_mc_AKGC417L__4,crackle_score,0.1761726492,0
M39,train,cycle,200_2p2_Lr_mc_AKGC417L__0,crackle_score,0.2501847317,0
M39,train,cycle,200_2p2_Lr_mc_AKGC417L__1,crackle_score,0.242881277,0
M39,train,cycle,200_2p2_Lr_mc_AKGC417L__2,crackle_score,0.28629797,0
M39,train,cycle,200_2p2_Lr_mc_AKGC417L__3,crackle_score,0.2795687135,0
M39,train,cycle,200_2p2_Lr_mc_AKGC417L__4,crackle_score,0.2979916188,0
M39,train,cycle,200_2p2_Pl_mc_AKGC417L__0,crackle_score,0.6749016178,0
M39,train,cycle,200_2p2_Pl_mc_AKGC417L__1,crackle_score,0.6290988897,0
M39,train,cycle,200_2p2_Pl_mc_AKGC417L__2,crackle_score,0.6846965699,0
M39,train,cycle,200_2p2_Pl_mc_AKGC417L__3,crackle_score,0.6895854398,0
M39,train,cycle,200_2p2_Pl_mc_AKGC417L__4,crackle_score,0.6761726492,0
M39,train,cycle,200_2p2_Pr_mc_AKGC417L__0,crackle_score,0.3555798683,0
M39,train,cycle,200_2p2_Pr_mc_AKGC417L__1,crackle_score,0.3797442932,0
M39,train,cycle,200_2p2_Pr_mc_AKGC417L__2,crackle_score,0.5003684797,0
M39,train,cycle,200_2p2_Pr_mc_AKGC417L__3,crackle_score,0.4529697714,1
M39,train,cycle,200_2p2_Pr_mc_AKGC417L__4,crackle_score,0.3535625306,0
M39,train,cycle,200_2p2_Tc_mc_AKGC417L__0,crackle_score,0.7636382185,1
M39,train,cycle,200_2p2_Tc_mc_AKGC417L__1,crackle_score,0.6936483346,1
M39,train,cycle,200_2p2_Tc_mc_AKGC417L__2,crackle_score,0.6846965699,1
M39,train,cycle,200_2p2_Tc_mc_AKGC417L__3,crackle_score,0.5884732053,1
M39,train,cycle,200_2p2_Tc_mc_AKGC417L__4,crackle_score,0.6321294869,0
M39,train,cycle,200_2p3_Al_mc_AKGC417L__0,crackle_score,0.5974658869,0
M39,train,cycle,200_2p3_Al_mc_AKGC417L__1,crackle_score,0.6395043493,0
M39,train,cycle,200_2p3_Al_mc_AKGC417L__2,crackle_score,0.6414309484,0
M39,train,cycle,200_2p3_Ar_mc_AKGC417L__0,crackle_score,0.4198918005,0
M39,train,cycle,200_2p3_Ar_mc_AKGC417L__1,crackle_score,0.3976038101,0
M39,train,cycle,200_2p3_Ar_mc_AKGC417L__2,crackle_score,0.4209302329,0
M39,train,cycle,200_2p3_Lr_mc_AKGC417L__0,crackle_score,0.2458873143,0
M39,train,cycle,200_2p3_Lr_mc_AKGC417L__1,crackle_score,0.2588369745,0
M39,train,cycle,200_2p3_Lr_mc_AKGC417L__2,crackle_score,0.297082682,0
M39,train,cycle,200_2p3_Pl_mc_AKGC417L__0,crackle_score,0.2945311129,1
M39,train,cycle,200_2p3_Pl_mc_AKGC417L__1,crackle_score,0.2436755105,0
M39,train,cycle,200_2p3_Pl_mc_AKGC417L__2,crackle_score,0.2741163047,0
M39,train,cycle,200_2p3_Pr_mc_AKGC417L__0,crackle_score,0.4767478892,0
M39,train,cycle,200_2p3_Pr_mc_AKGC417L__1,crackle_score,0.3861804031,0
M39,train,cycle,200_2p3_Pr_mc_AKGC417L__2,crackle_score,0.3439046173,0
M39,train,cycle,200_2p3_Tc_mc_AKGC417L__0,crackle_score,0.2509023444,1
M39,train,cycle,200_2p3_Tc_mc_AKGC417L__1,crackle_score,0.2202322483,0
M39,train,cycle,200_2p3_Tc_mc_AKGC417L__2,crackle_score,0.2921816445,1
M39,train,cycle,200_2p4_Al_mc_AKGC417L__0,crackle_score,0.5002726186,0
M39,train,cycle,200_2p4_Al_mc_AKGC417L__1,crackle_score,0.64418811,0
M39,train,cycle,200_2p4_Al_mc_AKGC417L__2,crackle_score,0.5527843758,0
M39,train,cycle,200_2p4_Al_mc_AKGC417L__3,crackle_score,0.6160631383,0
M39,train,cycle,200_2p4_Al_mc_AKGC417L__4,crackle_score,0.4588409953,0
M39,train,cycle,200_2p4_Ar_mc_AKGC417L__0,crackle_score,0.3090081082,0
M39,train,cycle,200_2p4_Ar_mc_AKGC417L__1,crackle_score,0.2608456693,0
M39,train,cycle,200_2p4_Ar_mc_AKGC417L__2,crackle_score,0.2525295091,0
M39,train,cycle,200_2p4_Ar_mc_AKGC417L__3,crackle_score,0.2456401254,0
M39,train,cycle,200_2p4_Ar_mc_AKGC417L__4,crackle_score,0.1591735309,0
M39,train,cycle,200_2p4_Lr_mc_AKGC417L__0,crackle_score,0.3969220287,0
M39,train,cycle,200_2p4_Lr_mc_AKGC417L__1,crackle_score,0.405978798,0
M39,train,cycle,200_2p4_Lr_mc_AKGC417L__2,crackle_score,0.4041654743,0
M39,train,cycle,200_2p4_Lr_mc_AKGC417L__3,crackle_score,0.3777185605,0
M39,train,cycle,200_2p4_Lr_mc_AKGC417L__4,crackle_score,0.3086125382,0
M39,train,cycle,200_2p4_Pl_mc_AKGC417L__0,crackle_score,0.3452923603,0
M39,train,cycle,200_2p4_Pl_mc_AKGC417L__1,crackle_score,0.3554910944,0
M39,train,cycle,200_2p4_Pl_mc_AKGC417L__2,crackle_score,0.3719596808,0
M39,train,cycle,200_2p4_Pl_mc_AKGC417L__3,crackle_score,0.2578032806,1
M39,train,cycle,200_2p4_Pl_mc_AKGC417L__4,crackle_score,0.444592319,0
M39,train,cycle,200_2p4_Pr_mc_AKGC417L__0,crackle_score,0.3414510453,1
M39,train,cycle,200_2p4_Pr_mc_AKGC417L__1,crackle_score,0.3875741891,0
M39,train,cycle,200_2p4_Pr_mc_AKGC417L__2,crackle_score,0.4780042729,0
M39,train,cycle,200_2p4_Pr_mc_AKGC417L__3,crackle_score,0.337502639,0
M39,train,cycle,200_2p4_Pr_mc_AKGC417L__4,crackle_score,0.274924449,0
M39,train,cycle,200_2p4_Tc_mc_AKGC417L__0,crackle_score,0.3149795775,0
M39,train,cycle,200_2p4_Tc_mc_AKGC417L__1,crackle_score,0.503372891,0
M39,train,cycle,200_2p4_Tc_mc_AKGC417L__2,crackle_score,0.5791765637,0
M39,train,cycle,200_2p4_Tc_mc_AKGC417L__3,crackle_score,0.5928505107,0
M39,train,cycle,200_2p4_Tc_mc_AKGC417L__4,crackle_score,0.601010101,0
M39,train,cycle,200_3p4_Al_mc_AKGC417L__0,crackle_score,0.5166637749,0
M39,train,cycle,200_3p4_Al_mc_AKGC417L__1,crackle_score,0.4859068766,0
M39,train,cycle,200_3p4_Al_mc_AKGC417L__2,crackle_score,0.5218115675,0
M39,train,cycle,200_3p4_Al_mc_AKGC417L__3,crackle_score,0.4969919005,0
M39,train,cycle,200_3p4_Ar_mc_AKGC417L__0,crackle_score,0.411036959,0
M39,train,cycle,200_3p4_Ar_mc_AKGC417L__1,crackle_score,0.4307765751,0
M39,train,cycle,200_3p4_Ar_mc_AKGC417L__2,crackle_score,0.6112826004,0
M39,train,cycle,200_3p4_Ar_mc_AKGC417L__3,crackle_score,0.4886006712,0
M39,train,cycle,200_3p4_Pl_mc_AKGC417L__0,crackle_score,0.2142266556,0
M39,train,cycle,200_3p4_Pl_mc_AKGC417L__1,crackle_score,0.1883768756,0
M39,train,cycle,200_3p4_Pl_mc_AKGC417L__2,crackle_score,0.3111988576,0
M39,train,cycle,200_3p4_Pl_mc_AKGC417L__3,crackle_score,0.3194366158,0
M39,train,cycle,200_3p4_Pr_mc_AKGC417L__0,crackle_score,0.2494239745,0
M39,train,cycle,200_3p4_Pr_mc_AKGC417L__1,crackle_score,0.273937954,0
M39,train,cycle,200_3p4_Pr_mc_AKGC417L__2,crackle_score,0.346939286,0
M39,train,cycle,200_3p4_Pr_mc_AKGC417L__3,crackle_score,0.3950321695,0
M39,train,cycle,200_3p4_Tc_mc_AKGC417L__0,crackle_score,0.5403616403,1
M39,train,cycle,200_3p4_Tc_mc_AKGC417L__1,crackle_score,0.5762361141,0
M39,train,cycle,200_3p4_Tc_mc_AKGC417L__2,crackle_score,0.6082251082,0
M39,train,cycle,200_3p4_Tc_mc_AKGC417L__3,crackle_score,0.5351535036,0
M39,train,cycle,201_1b1_Al_sc_Meditron__0,crackle_score,0.7299437915,0
M39,train,cycle,201_1b1_Al_sc_Meditron__1,crackle_score,0.6926163724,1
M39,train,cycle,201_1b1_Al_sc_Meditron__2,crackle_score,0.7130898021,0
M39,train,cycle,201_1b1_Al_sc_Meditron__3,crackle_score,0.7243493868,1
M39,train,cycle,201_1b1_Al_sc_Meditron__4,crackle_score,0.5237284532,1
M39,train,cycle,201_1b1_Al_sc_Meditron__5,crackle_score,0.7198145366,0
M39,train,cycle,201_1b1_Al_sc_Meditron__6,crackle_score,0.6779359431,0
M39,train,cycle,201_1b1_Ar_sc_Meditron__0,crackle_score,0.3163853961,0
M39,train,cycle,201_1b1_Ar_sc_Meditron__1,crackle_score,0.671875,0
M39,train,cycle,201_1b1_Ar_sc_Meditron__2,crackle_score,0.6900538486,0
M39,train,cycle,201_1b1_Ar_sc_Meditron__3,crackle_score,0.7729608221,0
M39,train,cycle,201_1b1_Ar_sc_Meditron__4,crackle_score,0.6794795094,0
M39,train,cycle,201_1b1_Ar_sc_Meditron__5,crackle_score,0.5882352941,0
M39,train,cycle,201_1b1_Ar_sc_Meditron__6,crackle_score,0.7110446711,0
M39,train,cycle,201_1b2_Al_sc_Meditron__0,crackle_score,0.82517215,0
M39,train,cycle,201_1b2_Al_sc_Meditron__1,crackle_score,0.8362885968,1
M39,train,cycle,201_1b2_Al_sc_Meditron__2,crackle_score,0.6978088862,1
M39,train,cycle,201_1b2_Al_sc_Meditron__3,crackle_score,0.8168376584,1
M39,train,cycle,201_1b2_Al_sc_Meditron__4,crackle_score,0.7272727273,1
M39,train,cycle,201_1b2_Al_sc_Meditron__5,crackle_score,0.7275960171,1
M39,train,cycle,201_1b2_Al_sc_Meditron__6,crackle_score,0.3206885004,0
M39,train,cycle,201_1b2_Ar_sc_Meditron__0,crackle_score,0.6848005584,0
M39,train,cycle,201_1b2_Ar_sc_Meditron__1,crackle_score,0.6911764706,0
M39,train,cycle,201_1b2_Ar_sc_Meditron__2,crackle_score,0.772518646,1
M39,train,cycle,201_1b2_Ar_sc_Meditron__3,crackle_score,0.6995701566,0
M39,train,cycle,201_1b2_Ar_sc_Meditron__4,crackle_score,0.6787310098,0
M39,train,cycle,201_1b2_Ar_sc_Meditron__5,crackle_score,0.6807426881,0
M39,train,cycle,201_1b2_Ar_sc_Meditron__6,crackle_score,0.6321003963,0
M39,train,cycle,201_1b3_Al_sc_Meditron__0,crackle_score,0.8263126669,0
M39,train,cycle,201_1b3_Al_sc_Meditron__1,crackle_score,0.6302083333,0
M39,train,cycle,201_1b3_Al_sc_Meditron__2,crackle_score,0.804414003,1
M39,train,cycle,201_1b3_Al_sc_Meditron__3,crackle_score,0.7294893861,1
M39,train,cycle,201_1b3_Al_sc_Meditron__4,crackle_score,0.7129358531,0
M39,train,cycle,201_1b3_Al_sc_Meditron__5,crackle_score,0.6634090526,0
M39,train,cycle,201_1b3_Ar_sc_Meditron__0,crackle_score,0.4368630581,0
M39,train,cycle,201_1b3_Ar_sc_Meditron__1,crackle_score,0.6477104874,0
M39,train,cycle,201_1b3_Ar_sc_Meditron__2,crackle_score,0.7727272727,0
M39,train,cycle,201_1b3_Ar_sc_Meditron__3,crackle_score,0.6489425082,0
M39,train,cycle,201_1b3_Ar_sc_Meditron__4,crackle_score,0.7230897936,0
M39,train,cycle,201_1b3_Ar_sc_Meditron__5,crackle_score,0.6742160279,0
M39,train,cycle,201_1b3_Ar_sc_Meditron__6,crackle_score,0.8403014098,0
M39,train,cycle,203_1p2_Al_mc_AKGC417L__0,crackle_score,0.1895678533,1
M39,train,cycle,203_1p2_Al_mc_AKGC417L__1,crackle_score,0.1893934634,1
M39,train,cycle,203_1p2_Al_mc_AKGC417L__2,crackle_score,0.2989639127,1
M39,train,cycle,203_1p2_Al_mc_AKGC417L__3,crackle_score,0.1354652647,1
M39,train,cycle,203_1p2_Al_mc_AKGC417L__4,crackle_score,0.2360084086,1
M39,train,cycle,203_1p2_Al_mc_AKGC417L__5,crackle_score,0.269165987,1
M39,train,cycle,203_1p2_Al_mc_AKGC417L__6,crackle_score,0.2252825074,1
M39,train,cycle,203_1p2_Al_mc_AKGC417L__7,crackle_score,0.2814205309,1
M39,train,cycle,203_1p2_Al_mc_AKGC417L__8,crackle_score,0.157633547,1
M39,train,cycle,203_1p2_Al_mc_AKGC417L__9,crackle_score,0.161567856,0
M39,train,cycle,203_1p2_Ar_mc_AKGC417L__0,crackle_score,0.2720887962,1
M39,train,cycle,203_1p2_Ar_mc_AKGC417L__1,crackle_score,0.2344341782,1
M39,train,cycle,203_1p2_Ar_mc_AKGC417L__2,crackle_score,0.2769196925,1
M39,train,cycle,203_1p2_Ar_mc_AKGC417L__3,crackle_score,0.3432590485,1
M39,train,cycle,203_1p2_Ar_mc_AKGC417L__4,crackle_score,0.3304419003,1
M39,train,cycle,203_1p2_Ar_mc_AKGC417L__5,crackle_score,0.3728482158,1
M39,train,cycle,203_1p2_Ar_mc_AKGC417L__6,crackle_score,0.28266524,1
M39,train,cycle,203_1p2_Ar_mc_AKGC417L__7,crackle_score,0.3193077959,1
M39,train,cycle,203_1p2_Ar_mc_AKGC417L__8,crackle_score,0.3850981218,1
M39,train,cycle,203_1p2_Ar_mc_AKGC417L__9,crackle_score,0.2156601865,1
M39,train,cycle,203_1p2_Lr_mc_AKGC417L__0,crackle_score,0.6942304009,1
M39,train,cycle,203_1p2_Lr_mc_AKGC417L__1,crackle_score,0.6965169137,1
M39,train,cycle,203_1p2_Lr_mc_AKGC417L__2,crackle_score,0.6401471481,1
M39,train,cycle,203_1p2_Lr_mc_AKGC417L__3,crackle_score,0.4861659949,1
M39,train,cycle,203_1p2_Lr_mc_AKGC417L__4,crackle_score,0.2675732031,1
M39,train,cycle,203_1p2_Lr_mc_AKGC417L__5,crackle_score,0.2443423226,1
M39,train,cycle,203_1p2_Lr_mc_AKGC417L__6,crackle_score,0.3007879382,1
M39,train,cycle,203_1p2_Lr_mc_AKGC417L__7,crackle_score,0.615235111,1
M39,train,cycle,203_1p2_Lr_mc_AKGC417L__8,crackle_score,0.575,0
M39,train,cycle,203_1p2_Lr_mc_AKGC417L__9,crackle_score,0.5636942675,1
M39,train,cycle,203_1p2_Pl_mc_AKGC417L__0,crackle_score,0.4826083664,1
M39,train,cycle,203_1p2_Pl_mc_AKGC417L__1,crackle_score,0.4867111854,1
M39,train,cycle,203_1p2_Pl_mc_AKGC417L__2,crackle_score,0.5358260688,1
M39,train,cycle,203_1p2_Pl_mc_AKGC417L__3,crackle_score,0.3312921359,0
M39,train,cycle,203_1p2_Pl_mc_AKGC417L__4,crackle_score,0.3221265712,1
M39,train,cycle,203_1p2_Pl_mc_AKGC417L__5,crackle_score,0.2964719389,1
M39,train,cycle,203_1p2_Pl_mc_AKGC417L__6,crackle_score,0.5943841435,1
M39,train,cycle,203_1p2_Pl_mc_AKGC417L__7,crackle_score,0.4852801818,1
M39,train,cycle,203_1p2_Pl_mc_AKGC417L__8,crackle_score,0.3192518956,1
M39,train,cycle,203_1p2_Pl_mc_AKGC417L__9,crackle_score,0.4950826489,0
M39,train,cycle,203_1p2_Pr_mc_AKGC417L__0,crackle_score,0.367543062,0
M39,train,cycle,203_1p2_Pr_mc_AKGC417L__1,crackle_score,0.2377814313,1
M39,train,cycle,203_1p2_Pr_mc_AKGC417L__2,crackle_score,0.4403734524,0
M39,train,cycle,203_1p2_Pr_mc_AKGC417L__3,crackle_score,0.2495674732,0
M39,train,cycle,203_1p2_Pr_mc_AKGC417L__4,crackle_score,0.2236457775,0
M39,train,cycle,203_1p2_Pr_mc_AKGC417L__5,crackle_score,0.4434314674,0
M39,train,cycle,203_1p2_Pr_mc_AKGC417L__6,crackle_score,0.2295476521,0
M39,train,cycle,203_1p2_Pr_mc_AKGC417L__7,crackle_score,0.2778893017,1
M39,train,cycle,203_1p2_Pr_mc_AKGC417L__8,crackle_score,0.461208619,0
M39,train,cycle,203_1p2_Pr_mc_AKGC417L__9,crackle_score,0.2010695107,0
M39,train,cycle,203_1p2_Tc_mc_AKGC417L__0,crackle_score,0.6122818443,0
M39,train,cycle,203_1p2_Tc_mc_AKGC417L__1,crackle_score,0.6265182186,0
M39,train,cycle,203_1p2_Tc_mc_AKGC417L__2,crackle_score,0.6224331371,0
M39,train,cycle,203_1p2_Tc_mc_AKGC417L__3,crackle_score,0.5894916283,0
M39,train,cycle,203_1p2_Tc_mc_AKGC417L__4,crackle_score,0.5642429677,0
M39,train,cycle,203_1p2_Tc_mc_AKGC417L__5,crackle_score,0.5214173081,0
M39,train,cycle,203_1p2_Tc_mc_AKGC417L__6,crackle_score,0.5940366043,0
M39,train,cycle,203_1p2_Tc_mc_AKGC417L__7,crackle_score,0.7105327243,0
M39,train,cycle,203_1p2_Tc_mc_AKGC417L__8,crackle_score,0.4649195131,0
M39,train,cycle,203_1p2_Tc_mc_AKGC417L__9,crackle_score,0.4802905881,0
M39,train,cycle,203_1p3_Al_mc_AKGC417L__0,crackle_score,0.4999038188,1
M39,train,cycle,203_1p3_Al_mc_AKGC417L__1,crackle_score,0.4471357632,1
M39,train,cycle,203_1p3_Al_mc_AKGC417L__2,crackle_score,0.559077846,1
M39,train,cycle,203_1p3_Al_mc_AKGC417L__3,crackle_score,0.5270398325,0
M39,train,cycle,203_1p3_Al_mc_AKGC417L__4,crackle_score,0.5495274853,1
M39,train,cycle,203_1p3_Al_mc_AKGC417L__5,crackle_score,0.6142261173,1
M39,train,cycle,203_1p3_Al_mc_AKGC417L__6,crackle_score,0.6209219133,1
M39,train,cycle,203_1p3_Al_mc_AKGC417L__7,crackle_score,0.6760569026,1
M39,train,cycle,203_1p3_Al_mc_AKGC417L__8,crackle_score,0.5404197896,1
M39,train,cycle,203_1p3_Al_mc_AKGC417L__9,crackle_score,0.6629394137,0
M39,train,cycle,203_1p3_Ar_mc_AKGC417L__0,crackle_score,0.2595573295,1
M39,train,cycle,203_1p3_Ar_mc_AKGC417L__1,crackle_score,0.2585902311,1
M39,train,cycle,203_1p3_Ar_mc_AKGC417L__2,crackle_score,0.1962570594,1
M39,train,cycle,203_1p3_Ar_mc_AKGC417L__3,crackle_score,0.3596369475,1
M39,train,cycle,203_1p3_Ar_mc_AKGC417L__4,crackle_score,0.3498061326,1
M39,train,cycle,203_1p3_Ar_mc_AKGC417L__5,crackle_score,0.3310438137,1
M39,train,cycle,203_1p3_Ar_mc_AKGC417L__6,crackle_score,0.3771650667,1
M39,train,cycle,203_1p3_Ar_mc_AKGC417L__7,crackle_score,0.2680440598,1
M39,train,cycle,203_1p3_Ar_mc_AKGC417L__8,crackle_score,0.3331967679,1
M39,train,cycle,203_1p3_Ar_mc_AKGC417L__9,crackle_score,0.303441712,1
M39,train,cycle,203_1p3_Pl_mc_AKGC417L__0,crackle_score,0.3534414698,0
M39,train,cycle,203_1p3_Pl_mc_AKGC417L__1,crackle_score,0.4522031379,1
M39,train,cycle,203_1p3_Pl_mc_AKGC417L__2,crackle_score,0.497658953,1
M39,train,cycle,203_1p3_Pl_mc_AKGC417L__3,crackle_score,0.6044078778,1
M39,train,cycle,203_1p3_Pl_mc_AKGC417L__4,crackle_score,0.5128720676,1
M39,train,cycle,203_1p3_Pl_mc_AKGC417L__5,crackle_score,0.3807409495,1
M39,train,cycle,203_1p3_Pl_mc_AKGC417L__6,crackle_score,0.5556669968,1
M39,train,cycle,203_1p3_Pl_mc_AKGC417L__7,crackle_score,0.4484980189,1
M39,train,cycle,203_1p3_Pl_mc_AKGC417L__8,crackle_score,0.4589814668,1
M39,train,cycle,203_1p3_Pl_mc_AKGC417L__9,crackle_score,0.3753315104,1
M39,train,cycle,203_1p3_Pr_mc_AKGC417L__0,crackle_score,0.3672989515,1
M39,train,cycle,203_1p3_Pr_mc_AKGC417L__1,crackle_score,0.4062393416,1
M39,train,cycle,203_1p3_Pr_mc_AKGC417L__2,crackle_score,0.2952714794,1
M39,train,cycle,203_1p3_Pr_mc_AKGC417L__3,crackle_score,0.4392883848,0
M39,train,cycle,203_1p3_Pr_mc_AKGC417L__4,crackle_score,0.3844202655,0
M39,train,cycle,203_1p3_Pr_mc_AKGC417L__5,crackle_score,0.324057089,1
M39,train,cycle,203_1p3_Pr_mc_AKGC417L__6,crackle_score,0.327785962,1
M39,train,cycle,203_1p3_Pr_mc_AKGC417L__7,crackle_score,0.2067279474,0
M39,train,cycle,203_1p3_Pr_mc_AKGC417L__8,crackle_score,0.6606932767,1
M39,train,cycle,203_1p3_Pr_mc_AKGC417L__9,crackle_score,0.330238012,1
M39,train,cycle,203_1p3_Tc_mc_AKGC417L__0,crackle_score,0.441568026,0
M39,train,cycle,203_1p3_Tc_mc_AKGC417L__1,crackle_score,0.3719532361,0
M39,train,cycle,203_1p3_Tc_mc_AKGC417L__2,crackle_score,0.4590336005,0
M39,train,cycle,203_1p3_Tc_mc_AKGC417L__3,crackle_score,0.5320632862,0
M39,train,cycle,203_1p3_Tc_mc_AKGC417L__4,crackle_score,0.3676071439,0
M39,train,cycle,203_1p3_Tc_mc_AKGC417L__5,crackle_score,0.4117072255,0
M39,train,cycle,203_1p3_Tc_mc_AKGC417L__6,crackle_score,0.4638965506,0
M39,train,cycle,203_1p3_Tc_mc_AKGC417L__7,crackle_score,0.4740280274,0
M39,train,cycle,203_1p3_Tc_mc_AKGC417L__8,crackle_score,0.4874723961,0
M39,train,cycle,203_1p3_Tc_mc_AKGC417L__9,crackle_score,0.3331921564,0
M39,train,cycle,203_1p4_Al_mc_AKGC417L__0,crackle_score,0.5793233237,0
M39,train,cycle,203_1p4_Al_mc_AKGC417L__1,crackle_score,0.5496462903,1
M39,train,cycle,203_1p4_Al_mc_AKGC417L__2,crackle_score,0.588546997,1
M39,train,cycle,203_1p4_Al_mc_AKGC417L__3,crackle_score,0.5624476961,1
M39,train,cycle,203_1p4_Al_mc_AKGC417L__4,crackle_score,0.5372086981,0
M39,train,cycle,203_1p4_Al_mc_AKGC417L__5,crackle_score,0.6714528465,0
M39,train,cycle,203_1p4_Al_mc_AKGC417L__6,crackle_score,0.488728102,0
M39,train,cycle,203_1p4_Al_mc_AKGC417L__7,crackle_score,0.6679966401,0
M39,train,cycle,203_1p4_Al_mc_AKGC417L__8,crackle_score,0.3650796761,0
M39,train,cycle,203_1p4_Ar_mc_AKGC417L__0,crackle_score,0.2242378591,0
M39,train,cycle,203_1p4_Ar_mc_AKGC417L__1,crackle_score,0.3638841722,1
M39,train,cycle,203_1p4_Ar_mc_AKGC417L__2,crackle_score,0.4008289671,1
M39,train,cycle,203_1p4_Ar_mc_AKGC417L__3,crackle_score,0.301159715,1
M39,train,cycle,203_1p4_Ar_mc_AKGC417L__4,crackle_score,0.4165229733,1
M39,train,cycle,203_1p4_Ar_mc_AKGC417L__5,crackle_score,0.3548951839,1
M39,train,cycle,203_1p4_Ar_mc_AKGC417L__6,crackle_score,0.3272229195,1
M39,train,cycle,203_1p4_Ar_mc_AKGC417L__7,crackle_score,0.3123001517,0
M39,train,cycle,203_1p4_Ar_mc_AKGC417L__8,crackle_score,0.384021594,1
M39,train,cycle,203_1p4_Pl_mc_AKGC417L__0,crackle_score,0.7626395272,1
M39,train,cycle,203_1p4_Pl_mc_AKGC417L__1,crackle_score,0.4702358207,1
M39,train,cycle,203_1p4_Pl_mc_AKGC417L__2,crackle_score,0.511970767,1
M39,train,cycle,203_1p4_Pl_mc_AKGC417L__3,crackle_score,0.4576857414,1
M39,train,cycle,203_1p4_Pl_mc_AKGC417L__4,crackle_score,0.7075052507,1
M39,train,cycle,203_1p4_Pl_mc_AKGC417L__5,crackle_score,0.3670756853,1
M39,train,cycle,203_1p4_Pl_mc_AKGC417L__6,crackle_score,0.6724237721,1
M39,train,cycle,203_1p4_Pl_mc_AKGC417L__7,crackle_score,0.7099958001,1
M39,train,cycle,203_1p4_Pl_mc_AKGC417L__8,crackle_score,0.2656283102,0
M39,train,cycle,203_1p4_Pr_mc_AKGC417L__0,crackle_score,0.2143774535,0
M39,train,cycle,203_1p4_Pr_mc_AKGC417L__1,crackle_score,0.4916942552,1
M39,train,cycle,203_1p4_Pr_mc_AKGC417L__2,crackle_score,0.3810911037,0
M39,train,cycle,203_1p4_Pr_mc_AKGC417L__3,crackle_score,0.2273535584,1
M39,train,cycle,203_1p4_Pr_mc_AKGC417L__4,crackle_score,0.3505780076,0
M39,train,cycle,203_1p4_Pr_mc_AKGC417L__5,crackle_score,0.5946537817,0
M39,train,cycle,203_1p4_Pr_mc_AKGC417L__6,crackle_score,0.4195716251,0
M39,train,cycle,203_1p4_Pr_mc_AKGC417L__7,crackle_score,0.3115159848,0
M39,train,cycle,203_1p4_Pr_mc_AKGC417L__8,crackle_score,0.5131223696,0
M39,train,cycle,203_1p4_Tc_mc_AKGC417L__0,crackle_score,0.4665568362,0
M39,train,cycle,203_1p4_Tc_mc_AKGC417L__1,crackle_score,0.3657674507,1
M39,train,cycle,203_1p4_Tc_mc_AKGC417L__2,crackle_score,0.4179737182,1
M39,train,cycle,203_1p4_Tc_mc_AKGC417L__3,crackle_score,0.4050714849,0
M39,train,cycle,203_1p4_Tc_mc_AKGC417L__4,crackle_score,0.3372115764,0
M39,train,cycle,203_1p4_Tc_mc_AKGC417L__5,crackle_score,0.2804036248,0
M39,train,cycle,203_1p4_Tc_mc_AKGC417L__6,crackle_score,0.5147387907,1
M39,train,cycle,203_1p4_Tc_mc_AKGC417L__7,crackle_score,0.4122200515,1
M39,train,cycle,203_1p4_Tc_mc_AKGC417L__8,crackle_score,0.1700052004,0
M39,train,cycle,203_2p3_Al_mc_AKGC417L__0,crackle_score,0.5663977334,0
M39,train,cycle,203_2p3_Al_mc_AKGC417L__1,crackle_score,0.6178779906,0
M39,train,cycle,203_2p3_Al_mc_AKGC417L__2,crackle_score,0.4966087272,0
M39,train,cycle,203_2p3_Al_mc_AKGC417L__3,crackle_score,0.4749640867,0
M39,train,cycle,203_2p3_Al_mc_AKGC417L__4,crackle_score,0.4712886972,0
M39,train,cycle,203_2p3_Al_mc_AKGC417L__5,crackle_score,0.3496954495,0
M39,train,cycle,203_2p3_Ar_mc_AKGC417L__0,crackle_score,0.3995072415,0
M39,train,cycle,203_2p3_Ar_mc_AKGC417L__1,crackle_score,0.5768605397,1
M39,train,cycle,203_2p3_Ar_mc_AKGC417L__2,crackle_score,0.4617472667,1
M39,train,cycle,203_2p3_Ar_mc_AKGC417L__3,crackle_score,0.5296962884,1
M39,train,cycle,203_2p3_Ar_mc_AKGC417L__4,crackle_score,0.5470447821,1
M39,train,cycle,203_2p3_Ar_mc_AKGC417L__5,crackle_score,0.5359415227,1
M39,train,cycle,203_2p3_Pl_mc_AKGC417L__0,crackle_score,0.2117378643,0
M39,train,cycle,203_2p3_Pl_mc_AKGC417L__1,crackle_score,0.6025855716,0
M39,train,cycle,203_2p3_Pl_mc_AKGC417L__2,crackle_score,0.6118918129,1
M39,train,cycle,203_2p3_Pl_mc_AKGC417L__3,crackle_score,0.5225506721,0
M39,train,cycle,203_2p3_Pl_mc_AKGC417L__4,crackle_score,0.6097222363,0
M39,train,cycle,203_2p3_Pl_mc_AKGC417L__5,crackle_score,0.2055969058,0
M39,train,cycle,203_2p3_Pr_mc_AKGC417L__0,crackle_score,0.3374497796,0
M39,train,cycle,203_2p3_Pr_mc_AKGC417L__1,crackle_score,0.48683878,0
M39,train,cycle,203_2p3_Pr_mc_AKGC417L__2,crackle_score,0.4679329799,0
M39,train,cycle,203_2p3_Pr_mc_AKGC417L__3,crackle_score,0.471295685,1
M39,train,cycle,203_2p3_Pr_mc_AKGC417L__4,crackle_score,0.416038974,0
M39,train,cycle,203_2p3_Pr_mc_AKGC417L__5,crackle_score,0.3294769549,1
M39,train,cycle,203_2p3_Tc_mc_AKGC417L__0,crackle_score,0.3831384437,0
M39,train,cycle,203_2p3_Tc_mc_AKGC417L__1,crackle_score,0.3479263335,0
M39,train,cycle,203_2p3_Tc_mc_AKGC417L__2,crackle_score,0.3434604437,0
M39,train,cycle,203_2p3_Tc_mc_AKGC417L__3,crackle_score,0.4862261063,0
M39,train,cycle,203_2p3_Tc_mc_AKGC417L__4,crackle_score,0.51706203,0
M39,train,cycle,203_2p3_Tc_mc_AKGC417L__5,crackle_score,0.2666545409,0
M39,train,cycle,204_2b5_Al_mc_AKGC417L__0,crackle_score,0.6312335958,0
M39,train,cycle,204_2b5_Al_mc_AKGC417L__1,crackle_score,0.5560067208,0
M39,train,cycle,204_2b5_Al_mc_AKGC417L__2,crackle_score,0.666163142,0
M39,train,cycle,204_2b5_Al_mc_AKGC417L__3,crackle_score,0.6462377027,0
M39,train,cycle,204_2b5_Al_mc_AKGC417L__4,crackle_score,0.6083032491,0
M39,train,cycle,204_2b5_Al_mc_AKGC417L__5,crackle_score,0.638264777,0
M39,train,cycle,204_2b5_Al_mc_AKGC417L__6,crackle_score,0.6333333333,0
M39,train,cycle,204_2b5_Ar_mc_AKGC417L__0,crackle_score,0.3487288632,0
M39,train,cycle,204_2b5_Ar_mc_AKGC417L__1,crackle_score,0.5581395349,0
M39,train,cycle,204_2b5_Ar_mc_AKGC417L__2,crackle_score,0.6285714286,0
M39,train,cycle,204_2b5_Ar_mc_AKGC417L__3,crackle_score,0.5770613922,0
M39,train,cycle,204_2b5_Ar_mc_AKGC417L__4,crackle_score,0.6659856997,0
M39,train,cycle,204_2b5_Ar_mc_AKGC417L__5,crackle_score,0.6185235354,0
M39,train,cycle,204_2b5_Ar_mc_AKGC417L__6,crackle_score,0.6366120219,0
M39,train,cycle,204_2b5_Ll_mc_AKGC417L__0,crackle_score,0.3141903313,0
M39,train,cycle,204_2b5_Ll_mc_AKGC417L__1,crackle_score,0.5,0
M39,train,cycle,204_2b5_Ll_mc_AKGC417L__2,crackle_score,0.5704824721,0
M39,train,cycle,204_2b5_Ll_mc_AKGC417L__3,crackle_score,0.6443569554,0
M39,train,cycle,204_2b5_Ll_mc_AKGC417L__4,crackle_score,0.6174015132,0
M39,train,cycle,204_2b5_Ll_mc_AKGC417L__5,crackle_score,0.5642178269,0
M39,train,cycle,204_2b5_Ll_mc_AKGC417L__6,crackle_score,0.4615601131,0
M39,train,cycle,204_7p5_Al_mc_AKGC417L__0,crackle_score,0.4948904727,0
M39,train,cycle,204_7p5_Al_mc_AKGC417L__1,crackle_score,0.635501355,0
M39,train,cycle,204_7p5_Al_mc_AKGC417L__2,crackle_score,0.6723597618,0
M39,train,cycle,204_7p5_Al_mc_AKGC417L__3,crackle_score,0.6180836707,0
M39,train,cycle,204_7p5_Al_mc_AKGC417L__4,crackle_score,0.5980392157,0
M39,train,cycle,204_7p5_Al_mc_AKGC417L__5,crackle_score,0.6596933887,0
M39,train,cycle,204_7p5_Al_mc_AKGC417L__6,crackle_score,0.6400560224,0
M39,train,cycle,204_7p5_Ar_mc_AKGC417L__0,crackle_score,0.3617335166,0
M39,train,cycle,204_7p5_Ar_mc_AKGC417L__1,crackle_score,0.4878051715,0
M39,train,cycle,204_7p5_Ar_mc_AKGC417L__2,crackle_score,0.4064208436,0
M39,train,cycle,204_7p5_Ar_mc_AKGC417L__3,crackle_score,0.4225575739,0
M39,train,cycle,204_7p5_Ar_mc_AKGC417L__4,crackle_score,0.6074197065,0
M39,train,cycle,204_7p5_Ar_mc_AKGC417L__5,crackle_score,0.6886430348,0
M39,train,cycle,204_7p5_Ar_mc_AKGC417L__6,crackle_score,0.3880419075,0
M39,train,cycle,204_7p5_Ll_mc_AKGC417L__0,crackle_score,0.6054111033,0
M39,train,cycle,204_7p5_Ll_mc_AKGC417L__1,crackle_score,0.4791708484,0
M39,train,cycle,204_7p5_Ll_mc_AKGC417L__2,crackle_score,0.321657474,0
M39,train,cycle,204_7p5_Ll_mc_AKGC417L__3,crackle_score,0.2785730986,0
M39,train,cycle,204_7p5_Ll_mc_AKGC417L__4,crackle_score,0.2906362737,0
M39,train,cycle,204_7p5_Ll_mc_AKGC417L__5,crackle_score,0.4388924754,0
M39,train,cycle,204_7p5_Ll_mc_AKGC417L__6,crackle_score,0.2534965791,0
M39,train,cycle,204_7p5_Lr_mc_AKGC417L__0,crackle_score,0.3176270774,0
M39,train,cycle,204_7p5_Lr_mc_AKGC417L__1,crackle_score,0.6628134158,0
M39,train,cycle,204_7p5_Lr_mc_AKGC417L__2,crackle_score,0.5098270599,0
M39,train,cycle,204_7p5_Lr_mc_AKGC417L__3,crackle_score,0.6539799942,0
M39,train,cycle,204_7p5_Lr_mc_AKGC417L__4,crackle_score,0.7288329519,0
M39,train,cycle,204_7p5_Lr_mc_AKGC417L__5,crackle_score,0.4220793116,0
M39,train,cycle,204_7p5_Lr_mc_AKGC417L__6,crackle_score,0.375273697,0
M39,train,cycle,204_7p5_Pr_mc_AKGC417L__0,crackle_score,0.1849055614,0
M39,train,cycle,204_7p5_Pr_mc_AKGC417L__1,crackle_score,0.51479042,0
M39,train,cycle,204_7p5_Pr_mc_AKGC417L__2,crackle_score,0.4170327351,0
M39,train,cycle,204_7p5_Pr_mc_AKGC417L__3,crackle_score,0.2893430071,0
M39,train,cycle,204_7p5_Pr_mc_AKGC417L__4,crackle_score,0.3891018346,0
M39,train,cycle,204_7p5_Pr_mc_AKGC417L__5,crackle_score,0.2306986182,0
M39,train,cycle,204_7p5_Pr_mc_AKGC417L__6,crackle_score,0.2411322687,0
M39,train,cycle,204_7p5_Tc_mc_AKGC417L__0,crackle_score,0.5334756174,0
M39,train,cycle,204_7p5_Tc_mc_AKGC417L__1,crackle_score,0.5913075237,0
M39,train,cycle,204_7p5_Tc_mc_AKGC417L__2,crackle_score,0.3982226266,0
M39,train,cycle,204_7p5_Tc_mc_AKGC417L__3,crackle_score,0.3687385127,0
M39,train,cycle,204_7p5_Tc_mc_AKGC417L__4,crackle_score,0.507810675,0
M39,train,cycle,204_7p5_Tc_mc_AKGC417L__5,crackle_score,0.4297711724,0
M39,train,cycle,204_7p5_Tc_mc_AKGC417L__6,crackle_score,0.3576473886,0
M39,train,cycle,206_1b1_Ar_sc_Meditron__0,crackle_score,0.3175345434,0
M39,train,cycle,206_1b1_Ar_sc_Meditron__1,crackle_score,0.3625874608,0
M39,train,cycle,206_1b1_Ar_sc_Meditron__2,crackle_score,0.4991715281,0
M39,train,cycle,206_1b1_Ar_sc_Meditron__3,crackle_score,0.6570915619,0
M39,train,cycle,206_1b1_Ar_sc_Meditron__4,crackle_score,0.4552207679,0
M39,train,cycle,206_1b1_Ar_sc_Meditron__5,crackle_score,0.4570693056,0
M39,train,cycle,206_1b1_Ar_sc_Meditron__6,crackle_score,0.5251361561,1
M39,train,cycle,206_1b1_Ar_sc_Meditron__7,crackle_score,0.490167599,0
M39,train,cycle,206_1b1_Ar_sc_Meditron__8,crackle_score,0.6505301476,0
M39,train,cycle,206_1b1_Ar_sc_Meditron__9,crackle_score,0.5500405553,0
M39,train,cycle,206_1b1_Ar_sc_Meditron__10,crackle_score,0.4232621301,0
M39,train,cycle,206_1b1_Lr_sc_Meditron__0,crackle_score,0.3466771534,0
M39,train,cycle,206_1b1_Lr_sc_Meditron__1,crackle_score,0.3488083051,0
M39,train,cycle,206_1b1_Lr_sc_Meditron__2,crackle_score,0.2886656186,0
M39,train,cycle,206_1b1_Lr_sc_Meditron__3,crackle_score,0.5192307692,0
M39,train,cycle,206_1b1_Lr_sc_Meditron__4,crackle_score,0.3574827751,0
M39,train,cycle,206_1b1_Lr_sc_Meditron__5,crackle_score,0.2134191558,0
M39,train,cycle,206_1b1_Lr_sc_Meditron__6,crackle_score,0.2175363628,0
M39,train,cycle,206_1b1_Lr_sc_Meditron__7,crackle_score,0.2253561465,0
M39,train,cycle,206_1b1_Pl_sc_Meditron__0,crackle_score,0.5358937545,0
M39,train,cycle,206_1b1_Pl_sc_Meditron__1,crackle_score,0.3816515612,0
M39,train,cycle,206_1b1_Pl_sc_Meditron__2,crackle_score,0.3096088589,0
M39,train,cycle,206_1b1_Pl_sc_Meditron__3,crackle_score,0.3035578279,0
M39,train,cycle,206_1b1_Pl_sc_Meditron__4,crackle_score,0.3810149754,0
M39,train,cycle,206_1b1_Pl_sc_Meditron__5,crackle_score,0.4186922193,0
M39,train,cycle,206_1b1_Pl_sc_Meditron__6,crackle_score,0.3228289648,0
M39,train,cycle,206_1b1_Pl_sc_Meditron__7,crackle_score,0.4356382774,0
M39,train,cycle,208_1b1_Ll_sc_Meditron__0,crackle_score,0.3749145192,0
M39,train,cycle,208_1b1_Ll_sc_Meditron__1,crackle_score,0.2899903676,0
M39,train,cycle,208_1b1_Ll_sc_Meditron__2,crackle_score,0.4772043314,0
M39,train,cycle,208_1b1_Ll_sc_Meditron__3,crackle_score,0.2837198403,0
M39,train,cycle,208_1b1_Ll_sc_Meditron__4,crackle_score,0.2765560675,0
M39,train,cycle,208_1b1_Ll_sc_Meditron__5,crackle_score,0.1552416473,0
M39,train,cycle,208_1b1_Ll_sc_Meditron__6,crackle_score,0.8369198798,0
M39,train,cycle,208_1b1_Ll_sc_Meditron__7,crackle_score,0.2590952961,0
M39,train,cycle,208_1b1_Ll_sc_Meditron__8,crackle_score,0.6159475244,0
M39,train,cycle,208_1b1_Ll_sc_Meditron__9,crackle_score,0.3169567329,0
M39,train,cycle,208_1b1_Ll_sc_Meditron__10,crackle_score,0.3664065755,0
M39,train,cycle,208_1b1_Ll_sc_Meditron__11,crackle_score,0.2817172854,0
M39,train,cycle,208_1b1_Ll_sc_Meditron__12,crackle_score,0.1355744545,0
M39,train,cycle,209_1b1_Tc_sc_Meditron__0,crackle_score,0.5058755739,0
M39,train,cycle,209_1b1_Tc_sc_Meditron__1,crackle_score,0.6407657658,0
M39,train,cycle,209_1b1_Tc_sc_Meditron__2,crackle_score,0.6164054012,0
M39,train,cycle,209_1b1_Tc_sc_Meditron__3,crackle_score,0.6330849082,0
M39,train,cycle,210_1b1_Al_sc_Meditron__0,crackle_score,0.6899341218,0
M39,train,cycle,210_1b1_Al_sc_Meditron__1,crackle_score,0.5972336011,0
M39,train,cycle,210_1b1_Al_sc_Meditron__2,crackle_score,0.769058296,0
M39,train,cycle,210_1b1_Al_sc_Meditron__3,crackle_score,0.4869173136,0
M39,train,cycle,210_1b1_Al_sc_Meditron__4,crackle_score,0.8088538092,0
M39,train,cycle,210_1b1_Al_sc_Meditron__5,crackle_score,0.6803751804,0
M39,train,cycle,210_1b1_Al_sc_Meditron__6,crackle_score,0.6419110691,0
M39,train,cycle,210_1b1_Al_sc_Meditron__7,crackle_score,0.5833876496,0
M39,train,cycle,210_1b1_Al_sc_Meditron__8,crackle_score,0.8372681282,1
M39,train,cycle,210_1b1_Al_sc_Meditron__9,crackle_score,0.8375527426,0
M39,train,cycle,210_1b1_Al_sc_Meditron__10,crackle_score,0.744100895,0
M39,train,cycle,210_1b1_Al_sc_Meditron__11,crackle_score,0.7574665294,0
M39,train,cycle,210_1b1_Al_sc_Meditron__12,crackle_score,0.576598295,0
M39,train,cycle,210_1b1_Al_sc_Meditron__13,crackle_score,0.4323375958,0
M39,train,cycle,210_1b1_Al_sc_Meditron__14,crackle_score,0.5499585324,0
M39,train,cycle,210_1b1_Al_sc_Meditron__15,crackle_score,0.7692307692,0
M39,train,cycle,210_1b1_Al_sc_Meditron__16,crackle_score,0.6818181818,0
M39,train,cycle,210_1b1_Al_sc_Meditron__17,crackle_score,0.3967725662,0
M39,train,cycle,210_1b1_Ar_sc_Meditron__0,crackle_score,0.3904998688,0
M39,train,cycle,210_1b1_Ar_sc_Meditron__1,crackle_score,0.5641021376,0
M39,train,cycle,210_1b1_Ar_sc_Meditron__2,crackle_score,0.2915412578,0
M39,train,cycle,210_1b1_Ar_sc_Meditron__3,crackle_score,0.5666222518,0
M39,train,cycle,210_1b1_Ar_sc_Meditron__4,crackle_score,0.3205555154,0
M39,train,cycle,210_1b1_Ar_sc_Meditron__5,crackle_score,0.6516199178,1
M39,train,cycle,210_1b1_Ar_sc_Meditron__6,crackle_score,0.1141407847,0
M39,train,cycle,210_1b1_Ar_sc_Meditron__7,crackle_score,0.6561103778,0
M39,train,cycle,210_1b1_Ar_sc_Meditron__8,crackle_score,0.4173983963,0
M39,train,cycle,210_1b1_Ar_sc_Meditron__9,crackle_score,0.3362771292,0
M39,train,cycle,210_1b1_Ar_sc_Meditron__10,crackle_score,0.4593243026,0
M39,train,cycle,210_1b1_Ar_sc_Meditron__11,crackle_score,0.4881888701,0
M39,train,cycle,210_1b1_Ar_sc_Meditron__12,crackle_score,0.2438570092,0
M39,train,cycle,212_2b2_Tc_mc_LittC2SE__0,crackle_score,0.3310267285,0
M39,train,cycle,212_2b2_Tc_mc_LittC2SE__1,crackle_score,0.2575900576,1
M39,train,cycle,212_2b2_Tc_mc_LittC2SE__2,crackle_score,0.3528563954,0
M39,train,cycle,212_2b2_Tc_mc_LittC2SE__3,crackle_score,0.3043949358,1
M39,train,cycle,212_2b2_Tc_mc_LittC2SE__4,crackle_score,0.4356910459,0
M39,train,cycle,212_2b2_Tc_mc_LittC2SE__5,crackle_score,0.3626255475,0
M39,train,cycle,212_2b2_Tc_mc_LittC2SE__6,crackle_score,0.1668530595,0
M39,train,cycle,213_1p2_Al_mc_AKGC417L__0,crackle_score,0.2400997142,0
M39,train,cycle,213_1p2_Al_mc_AKGC417L__1,crackle_score,0.2007914513,0
M39,train,cycle,213_1p2_Al_mc_AKGC417L__2,crackle_score,0.2289134701,0
M39,train,cycle,213_1p2_Al_mc_AKGC417L__3,crackle_score,0.1653565489,0
M39,train,cycle,213_1p2_Al_mc_AKGC417L__4,crackle_score,0.2852769714,0
M39,train,cycle,213_1p2_Al_mc_AKGC417L__5,crackle_score,0.2149231963,0
M39,train,cycle,213_1p2_Ar_mc_AKGC417L__0,crackle_score,0.5855675984,0
M39,train,cycle,213_1p2_Ar_mc_AKGC417L__1,crackle_score,0.6770433756,0
M39,train,cycle,213_1p2_Ar_mc_AKGC417L__2,crackle_score,0.5449236298,0
M39,train,cycle,213_1p2_Ar_mc_AKGC417L__3,crackle_score,0.3466351332,0
M39,train,cycle,213_1p2_Ar_mc_AKGC417L__4,crackle_score,0.6060213698,0
M39,train,cycle,213_1p2_Ar_mc_AKGC417L__5,crackle_score,0.7079866889,0
M39,train,cycle,213_1p2_Lr_mc_AKGC417L__0,crackle_score,0.1404182652,0
M39,train,cycle,213_1p2_Lr_mc_AKGC417L__1,crackle_score,0.2192265765,0
M39,train,cycle,213_1p2_Lr_mc_AKGC417L__2,crackle_score,0.1613160785,0
M39,train,cycle,213_1p2_Lr_mc_AKGC417L__3,crackle_score,0.4417584411,0
M39,train,cycle,213_1p2_Lr_mc_AKGC417L__4,crackle_score,0.2398440182,0
M39,train,cycle,213_1p2_Lr_mc_AKGC417L__5,crackle_score,0.3400144834,0
M39,train,cycle,213_1p2_Pl_mc_AKGC417L__0,crackle_score,0.5142612664,0
M39,train,cycle,213_1p2_Pl_mc_AKGC417L__1,crackle_score,0.5442608439,0
M39,train,cycle,213_1p2_Pl_mc_AKGC417L__2,crackle_score,0.6197963462,1
M39,train,cycle,213_1p2_Pl_mc_AKGC417L__3,crackle_score,0.577591558,0
M39,train,cycle,213_1p2_Pl_mc_AKGC417L__4,crackle_score,0.7175368139,1
M39,train,cycle,213_1p2_Pl_mc_AKGC417L__5,crackle_score,0.7079866889,1
M39,train,cycle,213_1p2_Pr_mc_AKGC417L__0,crackle_score,0.3665874392,0
M39,train,cycle,213_1p2_Pr_mc_AKGC417L__1,crackle_score,0.2437894383,1
M39,train,cycle,213_1p2_Pr_mc_AKGC417L__2,crackle_score,0.2338060757,1
M39,train,cycle,213_1p2_Pr_mc_AKGC417L__3,crackle_score,0.2017691464,1
M39,train,cycle,213_1p2_Pr_mc_AKGC417L__4,crackle_score,0.2437282446,1
M39,train,cycle,213_1p2_Pr_mc_AKGC417L__5,crackle_score,0.1986582077,0
M39,train,cycle,213_1p2_Tc_mc_AKGC417L__0,crackle_score,0.4096084976,0
M39,train,cycle,213_1p2_Tc_mc_AKGC417L__1,crackle_score,0.4726619467,0
M39,train,cycle,213_1p2_Tc_mc_AKGC417L__2,crackle_score,0.5935075491,0
M39,train,cycle,213_1p2_Tc_mc_AKGC417L__3,crackle_score,0.556726203,0
M39,train,cycle,213_1p2_Tc_mc_AKGC417L__4,crackle_score,0.4020591548,0
M39,train,cycle,213_1p2_Tc_mc_AKGC417L__5,crackle_score,0.4984866094,0
M39,train,cycle,213_1p3_Al_mc_AKGC417L__0,crackle_score,0.1758688172,0
M39,train,cycle,213_1p3_Al_mc_AKGC417L__1,crackle_score,0.4220378961,0
M39,train,cycle,213_1p3_Al_mc_AKGC417L__2,crackle_score,0.2164149663,0
M39,train,cycle,213_1p3_Al_mc_AKGC417L__3,crackle_score,0.2657922073,0
M39,train,cycle,213_1p3_Al_mc_AKGC417L__4,crackle_score,0.2420506468,0
M39,train,cycle,213_1p3_Al_mc_AKGC417L__5,crackle_score,0.1881938066,0
M39,train,cycle,213_1p3_Al_mc_AKGC417L__6,crackle_score,0.1862403477,0
M39,train,cycle,213_1p3_Ar_mc_AKGC417L__0,crackle_score,0.1574945383,0
M39,train,cycle,213_1p3_Ar_mc_AKGC417L__1,crackle_score,0.2288305268,0
M39,train,cycle,213_1p3_Ar_mc_AKGC417L__2,crackle_score,0.2177897297,0
M39,train,cycle,213_1p3_Ar_mc_AKGC417L__3,crackle_score,0.255943918,0
M39,train,cycle,213_1p3_Ar_mc_AKGC417L__4,crackle_score,0.2350975491,0
M39,train,cycle,213_1p3_Ar_mc_AKGC417L__5,crackle_score,0.2412248996,0
M39,train,cycle,213_1p3_Ar_mc_AKGC417L__6,crackle_score,0.07569433967,0
M39,train,cycle,213_1p3_Pl_mc_AKGC417L__0,crackle_score,0.6075495556,0
M39,train,cycle,213_1p3_Pl_mc_AKGC417L__1,crackle_score,0.5396667989,0
M39,train,cycle,213_1p3_Pl_mc_AKGC417L__2,crackle_score,0.5302702438,0
M39,train,cycle,213_1p3_Pl_mc_AKGC417L__3,crackle_score,0.4141903316,0
M39,train,cycle,213_1p3_Pl_mc_AKGC417L__4,crackle_score,0.5579598145,0
M39,train,cycle,213_1p3_Pl_mc_AKGC417L__5,crackle_score,0.6426024955,0
M39,train,cycle,213_1p3_Pl_mc_AKGC417L__6,crackle_score,0.2703231857,0
M39,train,cycle,213_1p3_Pr_mc_AKGC417L__0,crackle_score,0.1693267316,0
M39,train,cycle,213_1p3_Pr_mc_AKGC417L__1,crackle_score,0.1525797336,0
M39,train,cycle,213_1p3_Pr_mc_AKGC417L__2,crackle_score,0.2114354053,0
M39,train,cycle,213_1p3_Pr_mc_AKGC417L__3,crackle_score,0.1406032209,0
M39,train,cycle,213_1p3_Pr_mc_AKGC417L__4,crackle_score,0.1931993818,0
M39,train,cycle,213_1p3_Pr_mc_AKGC417L__5,crackle_score,0.1248502278,0
M39,train,cycle,213_1p3_Pr_mc_AKGC417L__6,crackle_score,0.06104850372,0
M39,train,cycle,213_1p5_Al_mc_AKGC417L__0,crackle_score,0.2583907281,0
M39,train,cycle,213_1p5_Al_mc_AKGC417L__1,crackle_score,0.1933922646,0
M39,train,cycle,213_1p5_Al_mc_AKGC417L__2,crackle_score,0.2716778944,0
M39,train,cycle,213_1p5_Al_mc_AKGC417L__3,crackle_score,0.2532493065,0
M39,train,cycle,213_1p5_Al_mc_AKGC417L__4,crackle_score,0.2569653569,0
M39,train,cycle,213_1p5_Al_mc_AKGC417L__5,crackle_score,0.2116304074,0
M39,train,cycle,213_1p5_Ar_mc_AKGC417L__0,crackle_score,0.2502246188,0
M39,train,cycle,213_1p5_Ar_mc_AKGC417L__1,crackle_score,0.188827794,0
M39,train,cycle,213_1p5_Ar_mc_AKGC417L__2,crackle_score,0.1664206039,0
M39,train,cycle,213_1p5_Ar_mc_AKGC417L__3,crackle_score,0.2268394973,0
M39,train,cycle,213_1p5_Ar_mc_AKGC417L__4,crackle_score,0.1777669648,0
M39,train,cycle,213_1p5_Ar_mc_AKGC417L__5,crackle_score,0.1668022465,0
M39,train,cycle,213_1p5_Pl_mc_AKGC417L__0,crackle_score,0.5522061285,0
M39,train,cycle,213_1p5_Pl_mc_AKGC417L__1,crackle_score,0.6749016178,1
M39,train,cycle,213_1p5_Pl_mc_AKGC417L__2,crackle_score,0.3702372608,0
M39,train,cycle,213_1p5_Pl_mc_AKGC417L__3,crackle_score,0.5900495272,0
M39,train,cycle,213_1p5_Pl_mc_AKGC417L__4,crackle_score,0.3908197131,0
M39,train,cycle,213_1p5_Pl_mc_AKGC417L__5,crackle_score,0.206568081,0
M39,train,cycle,213_1p5_Pr_mc_AKGC417L__0,crackle_score,0.1879862489,0
M39,train,cycle,213_1p5_Pr_mc_AKGC417L__1,crackle_score,0.2805569532,1
M39,train,cycle,213_1p5_Pr_mc_AKGC417L__2,crackle_score,0.3278699113,0
M39,train,cycle,213_1p5_Pr_mc_AKGC417L__3,crackle_score,0.1705881139,0
M39,train,cycle,213_1p5_Pr_mc_AKGC417L__4,crackle_score,0.2417652396,0
M39,train,cycle,213_1p5_Pr_mc_AKGC417L__5,crackle_score,0.204358456,1
M39,train,cycle,213_1p5_Tc_mc_AKGC417L__0,crackle_score,0.2680913365,0
M39,train,cycle,213_1p5_Tc_mc_AKGC417L__1,crackle_score,0.1265064975,0
M39,train,cycle,213_1p5_Tc_mc_AKGC417L__2,crackle_score,0.201985679,0
M39,train,cycle,213_1p5_Tc_mc_AKGC417L__3,crackle_score,0.1451704426,0
M39,train,cycle,213_1p5_Tc_mc_AKGC417L__4,crackle_score,0.2438091444,0
M39,train,cycle,213_1p5_Tc_mc_AKGC417L__5,crackle_score,0.253129098,0
M39,train,cycle,213_2p2_Al_mc_AKGC417L__0,crackle_score,0.6082641646,0
M39,train,cycle,213_2p2_Al_mc_AKGC417L__1,crackle_score,0.5407357789,0
M39,train,cycle,213_2p2_Al_mc_AKGC417L__2,crackle_score,0.3836351112,0
M39,train,cycle,213_2p2_Al_mc_AKGC417L__3,crackle_score,0.5093504844,0
M39,train,cycle,213_2p2_Al_mc_AKGC417L__4,crackle_score,0.551538633,0
M39,train,cycle,213_2p2_Al_mc_AKGC417L__5,crackle_score,0.6455560203,0
M39,train,cycle,213_2p2_Al_mc_AKGC417L__6,crackle_score,0.6920122888,0
M39,train,cycle,213_2p2_Ar_mc_AKGC417L__0,crackle_score,0.3398269472,1
M39,train,cycle,213_2p2_Ar_mc_AKGC417L__1,crackle_score,0.22667119,0
M39,train,cycle,213_2p2_Ar_mc_AKGC417L__2,crackle_score,0.3902913606,0
M39,train,cycle,213_2p2_Ar_mc_AKGC417L__3,crackle_score,0.3524614761,0
M39,train,cycle,213_2p2_Ar_mc_AKGC417L__4,crackle_score,0.3409680029,0
M39,train,cycle,213_2p2_Ar_mc_AKGC417L__5,crackle_score,0.3323051033,0
M39,train,cycle,213_2p2_Ar_mc_AKGC417L__6,crackle_score,0.3362679697,0
M39,train,cycle,213_2p2_Pl_mc_AKGC417L__0,crackle_score,0.2835703841,1
M39,train,cycle,213_2p2_Pl_mc_AKGC417L__1,crackle_score,0.3039386312,1
M39,train,cycle,213_2p2_Pl_mc_AKGC417L__2,crackle_score,0.326368576,1
M39,train,cycle,213_2p2_Pl_mc_AKGC417L__3,crackle_score,0.2502095558,0
M39,train,cycle,213_2p2_Pl_mc_AKGC417L__4,crackle_score,0.4721925456,1
M39,train,cycle,213_2p2_Pl_mc_AKGC417L__5,crackle_score,0.2228200612,0
M39,train,cycle,213_2p2_Pl_mc_AKGC417L__6,crackle_score,0.2200990347,1
M39,train,cycle,213_2p2_Pr_mc_AKGC417L__0,crackle_score,0.1948001463,0
M39,train,cycle,213_2p2_Pr_mc_AKGC417L__1,crackle_score,0.2093374529,0
M39,train,cycle,213_2p2_Pr_mc_AKGC417L__2,crackle_score,0.2031830665,0
M39,train,cycle,213_2p2_Pr_mc_AKGC417L__3,crackle_score,0.1462183741,0
M39,train,cycle,213_2p2_Pr_mc_AKGC417L__4,crackle_score,0.2255147561,0
M39,train,cycle,213_2p2_Pr_mc_AKGC417L__5,crackle_score,0.1272356597,1
M39,train,cycle,213_2p2_Pr_mc_AKGC417L__6,crackle_score,0.0846160098,1
M39,train,cycle,213_2p2_Tc_mc_AKGC417L__0,crackle_score,0.1682650448,0
M39,train,cycle,213_2p2_Tc_mc_AKGC417L__1,crackle_score,0.2015350304,0
M39,train,cycle,213_2p2_Tc_mc_AKGC417L__2,crackle_score,0.06131714453,0
M39,train,cycle,213_2p2_Tc_mc_AKGC417L__3,crackle_score,0.1042089598,0
M39,train,cycle,213_2p2_Tc_mc_AKGC417L__4,crackle_score,0.1280459726,0
M39,train,cycle,213_2p2_Tc_mc_AKGC417L__5,crackle_score,0.1361338001,0
M39,train,cycle,213_2p2_Tc_mc_AKGC417L__6,crackle_score,0.09322635254,0
M39,train,cycle,215_1b2_Ar_sc_Meditron__0,crackle_score,0.2539178906,0
M39,train,cycle,215_1b2_Ar_sc_Meditron__1,crackle_score,0.5729166667,0
M39,train,cycle,215_1b2_Ar_sc_Meditron__2,crackle_score,0.613918807,0
M39,train,cycle,215_1b2_Ar_sc_Meditron__3,crackle_score,0.5566379701,0
M39,train,cycle,215_1b2_Ar_sc_Meditron__4,crackle_score,0.4070267972,0
M39,train,cycle,215_1b3_Tc_sc_Meditron__0,crackle_score,0.2023459974,0
M39,train,cycle,215_1b3_Tc_sc_Meditron__1,crackle_score,0.3723543296,0
M39,train,cycle,215_1b3_Tc_sc_Meditron__2,crackle_score,0.6337792642,0
M39,train,cycle,215_1b3_Tc_sc_Meditron__3,crackle_score,0.6202790474,0
M39,train,cycle,215_1b3_Tc_sc_Meditron__4,crackle_score,0.5372683308,0
M39,train,cycle,215_1b3_Tc_sc_Meditron__5,crackle_score,0.5624764993,0
M39,train,cycle,217_1b1_Tc_sc_Meditron__0,crackle_score,0.4151824484,0
M39,train,cycle,217_1b1_Tc_sc_Meditron__1,crackle_score,0.496348287,0
M39,train,cycle,217_1b1_Tc_sc_Meditron__2,crackle_score,0.3944975195,0
M39,train,cycle,217_1b1_Tc_sc_Meditron__3,crackle_score,0.5389606563,0
M39,train,cycle,217_1b1_Tc_sc_Meditron__4,crackle_score,0.4252109863,0
M39,train,cycle,217_1b1_Tc_sc_Meditron__5,crackle_score,0.3684849789,0
M39,train,cycle,217_1b1_Tc_sc_Meditron__6,crackle_score,0.4059257507,0
M39,train,cycle,217_1b1_Tc_sc_Meditron__7,crackle_score,0.4896059802,0
M39,train,cycle,217_1b1_Tc_sc_Meditron__8,crackle_score,0.3709290291,0
M39,train,cycle,217_1b1_Tc_sc_Meditron__9,crackle_score,0.4382478367,0
M39,train,cycle,217_1b1_Tc_sc_Meditron__10,crackle_score,0.2866976286,0
M39,train,cycle,218_1b1_Al_sc_Meditron__0,crackle_score,0.3113310688,0
M39,train,cycle,218_1b1_Al_sc_Meditron__1,crackle_score,0.2957725984,0
M39,train,cycle,218_1b1_Al_sc_Meditron__2,crackle_score,0.5420605199,0
M39,train,cycle,218_1b1_Al_sc_Meditron__3,crackle_score,0.4417375806,0
M39,train,cycle,218_1b1_Al_sc_Meditron__4,crackle_score,0.479702365,0
M39,train,cycle,218_1b1_Al_sc_Meditron__5,crackle_score,0.3700963897,1
M39,train,cycle,218_1b1_Al_sc_Meditron__6,crackle_score,0.4652936324,1
M39,train,cycle,218_1b1_Al_sc_Meditron__7,crackle_score,0.6186646157,1
M39,train,cycle,218_1b1_Al_sc_Meditron__8,crackle_score,0.4118232133,1
M39,train,cycle,218_1b1_Al_sc_Meditron__9,crackle_score,0.1576505951,1
M39,train,cycle,218_1b1_Al_sc_Meditron__10,crackle_score,0.3504193821,1
M39,train,cycle,218_1b1_Al_sc_Meditron__11,crackle_score,0.4848131433,1
M39,train,cycle,218_1b1_Al_sc_Meditron__12,crackle_score,0.2997569564,1
M39,train,cycle,218_1b1_Al_sc_Meditron__13,crackle_score,0.2673488321,0
M39,train,cycle,218_1b1_Al_sc_Meditron__14,crackle_score,0.1651063111,1
M39,train,cycle,218_1b1_Ar_sc_Meditron__0,crackle_score,0.3348357366,1
M39,train,cycle,218_1b1_Ar_sc_Meditron__1,crackle_score,0.2104269435,1
M39,train,cycle,218_1b1_Ar_sc_Meditron__2,crackle_score,0.1508676404,1
M39,train,cycle,218_1b1_Ar_sc_Meditron__3,crackle_score,0.2507662772,0
M39,train,cycle,218_1b1_Ar_sc_Meditron__4,crackle_score,0.3506618975,0
M39,train,cycle,218_1b1_Ar_sc_Meditron__5,crackle_score,0.5024836326,1
M39,train,cycle,218_1b1_Ar_sc_Meditron__6,crackle_score,0.3295132314,1
M39,train,cycle,218_1b1_Ar_sc_Meditron__7,crackle_score,0.444733957,1
M39,train,cycle,218_1b1_Ar_sc_Meditron__8,crackle_score,0.4049576672,1
M39,train,cycle,218_1b1_Ar_sc_Meditron__9,crackle_score,0.2799076365,1
M39,train,cycle,218_1b1_Ar_sc_Meditron__10,crackle_score,0.1996274536,1
M39,train,cycle,218_1b1_Ar_sc_Meditron__11,crackle_score,0.2761998151,1
M39,train,cycle,218_1b1_Ar_sc_Meditron__12,crackle_score,0.3112999564,1
M39,train,cycle,218_1b1_Ar_sc_Meditron__13,crackle_score,0.3265423943,1
M39,train,cycle,218_1b1_Ar_sc_Meditron__14,crackle_score,0.3473025837,1
M39,train,cycle,218_1b1_Ar_sc_Meditron__15,crackle_score,0.07624441114,0
M39,train,cycle,218_1b1_Lr_sc_Meditron__0,crackle_score,0.4049642127,1
M39,train,cycle,218_1b1_Lr_sc_Meditron__1,crackle_score,0.2503848421,1
M39,train,cycle,218_1b1_Lr_sc_Meditron__2,crackle_score,0.5863484877,1
M39,train,cycle,218_1b1_Lr_sc_Meditron__3,crackle_score,0.5521135532,1
M39,train,cycle,218_1b1_Lr_sc_Meditron__4,crackle_score,0.5885193012,1
M39,train,cycle,218_1b1_Lr_sc_Meditron__5,crackle_score,0.3420496045,1
M39,train,cycle,218_1b1_Lr_sc_Meditron__6,crackle_score,0.4303039766,1
M39,train,cycle,218_1b1_Lr_sc_Meditron__7,crackle_score,0.3327492897,1
M39,train,cycle,218_1b1_Lr_sc_Meditron__8,crackle_score,0.2877356903,1
M39,train,cycle,218_1b1_Lr_sc_Meditron__9,crackle_score,0.2881912078,0
M39,train,cycle,218_1b1_Lr_sc_Meditron__10,crackle_score,0.1430860806,1
M39,train,cycle,218_1b1_Lr_sc_Meditron__11,crackle_score,0.4402335494,1
M39,train,cycle,218_1b1_Lr_sc_Meditron__12,crackle_score,0.3133059941,1
M39,train,cycle,218_1b1_Lr_sc_Meditron__13,crackle_score,0.3944997516,1
M39,train,cycle,218_1b1_Lr_sc_Meditron__14,crackle_score,0.3962671899,1
M39,train,cycle,218_1b1_Lr_sc_Meditron__15,crackle_score,0.3796365676,0
M39,train,cycle,218_1b1_Lr_sc_Meditron__16,crackle_score,0.1583815464,0
M39,train,cycle,218_1b1_Lr_sc_Meditron__17,crackle_score,0.3309216946,1
M39,train,cycle,218_1b1_Lr_sc_Meditron__18,crackle_score,0.07390245122,0
M39,train,cycle,218_1b1_Pl_sc_Meditron__0,crackle_score,0.2281151196,0
M39,train,cycle,218_1b1_Pl_sc_Meditron__1,crackle_score,0.4486630758,1
M39,train,cycle,218_1b1_Pl_sc_Meditron__2,crackle_score,0.4780694558,1
M39,train,cycle,218_1b1_Pl_sc_Meditron__3,crackle_score,0.4018992029,1
M39,train,cycle,218_1b1_Pl_sc_Meditron__4,crackle_score,0.3600902122,1
M39,train,cycle,218_1b1_Pl_sc_Meditron__5,crackle_score,0.4080988079,1
M39,train,cycle,218_1b1_Pl_sc_Meditron__6,crackle_score,0.3936520344,1
M39,train,cycle,218_1b1_Pl_sc_Meditron__7,crackle_score,0.3769051824,1
M39,train,cycle,218_1b1_Pl_sc_Meditron__8,crackle_score,0.2202254441,1
M39,train,cycle,218_1b1_Pl_sc_Meditron__9,crackle_score,0.3038433181,1
M39,train,cycle,218_1b1_Pl_sc_Meditron__10,crackle_score,0.2875876088,1
M39,train,cycle,218_1b1_Pl_sc_Meditron__11,crackle_score,0.2413004483,1
M39,train,cycle,218_1b1_Pl_sc_Meditron__12,crackle_score,0.1274621257,1
M39,train,cycle,218_1b1_Pl_sc_Meditron__13,crackle_score,0.3464669574,1
M39,train,cycle,218_1b1_Pl_sc_Meditron__14,crackle_score,0.3251230389,0
M39,train,cycle,218_1b1_Pl_sc_Meditron__15,crackle_score,0.3030729378,0
M39,train,cycle,218_1b1_Pl_sc_Meditron__16,crackle_score,0.209202229,0
M39,train,cycle,218_1b1_Pl_sc_Meditron__17,crackle_score,0.1416174902,0
M39,train,cycle,218_1b1_Pr_sc_Meditron__0,crackle_score,0.2050032977,1
M39,train,cycle,218_1b1_Pr_sc_Meditron__1,crackle_score,0.4160835051,1
M39,train,cycle,218_1b1_Pr_sc_Meditron__2,crackle_score,0.17479263,0
M39,train,cycle,218_1b1_Pr_sc_Meditron__3,crackle_score,0.5179821772,1
M39,train,cycle,218_1b1_Pr_sc_Meditron__4,crackle_score,0.3820940198,1
M39,train,cycle,218_1b1_Pr_sc_Meditron__5,crackle_score,0.3328787425,1
M39,train,cycle,218_1b1_Pr_sc_Meditron__6,crackle_score,0.2814706557,1
M39,train,cycle,218_1b1_Pr_sc_Meditron__7,crackle_score,0.2193786092,1
M39,train,cycle,218_1b1_Pr_sc_Meditron__8,crackle_score,0.2245346693,1
M39,train,cycle,218_1b1_Pr_sc_Meditron__9,crackle_score,0.3105296884,1
M39,train,cycle,218_1b1_Pr_sc_Meditron__10,crackle_score,0.2038389808,1
M39,train,cycle,218_1b1_Pr_sc_Meditron__11,crackle_score,0.40673209,1
M39,train,cycle,218_1b1_Pr_sc_Meditron__12,crackle_score,0.5110289998,1
M39,train,cycle,218_1b1_Pr_sc_Meditron__13,crackle_score,0.4032029243,1
M39,train,cycle,218_1b1_Pr_sc_Meditron__14,crackle_score,0.5077530496,1
M39,train,cycle,218_1b1_Pr_sc_Meditron__15,crackle_score,0.5172072696,0
M39,train,cycle,218_1b1_Pr_sc_Meditron__16,crackle_score,0.1630841922,0
M39,train,cycle,218_1b1_Pr_sc_Meditron__17,crackle_score,0.2512072799,0
M39,train,cycle,218_1p1_Ar_sc_Litt3200__0,crackle_score,0.3523863797,0
M39,train,cycle,218_1p1_Ar_sc_Litt3200__1,crackle_score,0.4607164258,0
M39,train,cycle,218_1p1_Ar_sc_Litt3200__2,crackle_score,0.413856029,0
M39,train,cycle,218_1p1_Ar_sc_Litt3200__3,crackle_score,0.6748931209,0
M39,train,cycle,218_1p1_Ar_sc_Litt3200__4,crackle_score,0.6095976202,0
M39,train,cycle,218_1p1_Ar_sc_Litt3200__5,crackle_score,0.5335908633,0
M39,train,cycle,218_1p1_Pl_sc_Litt3200__0,crackle_score,0.6849390279,0
M39,train,cycle,218_1p1_Pl_sc_Litt3200__1,crackle_score,0.5338235203,1
M39,train,cycle,218_1p1_Pl_sc_Litt3200__2,crackle_score,0.5065638948,1
M39,train,cycle,218_1p1_Pl_sc_Litt3200__3,crackle_score,0.4425812963,0
M39,train,cycle,218_1p1_Pl_sc_Litt3200__4,crackle_score,0.633075248,1
M39,train,cycle,218_1p1_Pl_sc_Litt3200__5,crackle_score,0.7637233835,1
M39,train,cycle,218_1p1_Pl_sc_Litt3200__6,crackle_score,0.7070597515,1
M39,train,cycle,218_1p1_Pl_sc_Litt3200__7,crackle_score,0.7141128282,1
M39,train,cycle,218_1p1_Pr_sc_Litt3200__0,crackle_score,0.4827003017,1
M39,train,cycle,218_1p1_Pr_sc_Litt3200__1,crackle_score,0.5552686575,1
M39,train,cycle,218_1p1_Pr_sc_Litt3200__2,crackle_score,0.5,0
M39,train,cycle,218_1p1_Pr_sc_Litt3200__3,crackle_score,0.6821714841,1
M39,train,cycle,218_1p1_Pr_sc_Litt3200__4,crackle_score,0.7572220024,1
M39,train,cycle,218_1p1_Pr_sc_Litt3200__5,crackle_score,0.7846106932,1
M39,train,cycle,218_1p1_Pr_sc_Litt3200__6,crackle_score,0.6668520578,1
M39,train,cycle,219_2b1_Ar_mc_LittC2SE__0,crackle_score,0.1812103282,0
M39,train,cycle,219_2b1_Ar_mc_LittC2SE__1,crackle_score,0.4135391161,0
M39,train,cycle,219_2b1_Ar_mc_LittC2SE__2,crackle_score,0.2134751268,0
M39,train,cycle,219_2b1_Ar_mc_LittC2SE__3,crackle_score,0.2403871948,0
M39,train,cycle,219_2b1_Ar_mc_LittC2SE__4,crackle_score,0.2015972317,0
M39,train,cycle,219_2b1_Tc_mc_LittC2SE__0,crackle_score,0.4822666829,0
M39,train,cycle,219_2b1_Tc_mc_LittC2SE__1,crackle_score,0.379496628,0
M39,train,cycle,219_2b1_Tc_mc_LittC2SE__2,crackle_score,0.4786643689,0
M39,train,cycle,219_2b1_Tc_mc_LittC2SE__3,crackle_score,0.3430209529,0
M39,train,cycle,219_2b1_Tc_mc_LittC2SE__4,crackle_score,0.1420341109,0
M39,train,cycle,219_2b2_Ar_mc_LittC2SE__0,crackle_score,0.1783787406,0
M39,train,cycle,219_2b2_Ar_mc_LittC2SE__1,crackle_score,0.3293912798,0
M39,train,cycle,219_2b2_Ar_mc_LittC2SE__2,crackle_score,0.2789418028,1
M39,train,cycle,219_2b2_Ar_mc_LittC2SE__3,crackle_score,0.3240825797,0
M39,train,cycle,219_2b2_Ar_mc_LittC2SE__4,crackle_score,0.3204746338,0
M39,train,cycle,219_2b2_Tc_mc_LittC2SE__0,crackle_score,0.1916423265,0
M39,train,cycle,219_2b2_Tc_mc_LittC2SE__1,crackle_score,0.4856541314,0
M39,train,cycle,219_2b2_Tc_mc_LittC2SE__2,crackle_score,0.4706887639,0
M39,train,cycle,219_2b2_Tc_mc_LittC2SE__3,crackle_score,0.2756817035,0
M39,train,cycle,219_2b2_Tc_mc_LittC2SE__4,crackle_score,0.3981091249,0
M39,train,cycle,219_2b2_Tc_mc_LittC2SE__5,crackle_score,0.09750365437,0
M39,train,cycle,219_2b3_Tc_mc_LittC2SE__0,crackle_score,0.3413801485,0
M39,train,cycle,219_2b3_Tc_mc_LittC2SE__1,crackle_score,0.52684155,0
M39,train,cycle,219_2b3_Tc_mc_LittC2SE__2,crackle_score,0.63,0
M39,train,cycle,219_2b3_Tc_mc_LittC2SE__3,crackle_score,0.3983184556,0
M39,train,cycle,219_2b3_Tc_mc_LittC2SE__4,crackle_score,0.3083707988,0
M39,train,cycle,220_1b1_Tc_mc_LittC2SE__0,crackle_score,0.3533914928,0
M39,train,cycle,220_1b1_Tc_mc_LittC2SE__1,crackle_score,0.4107160652,0
M39,train,cycle,220_1b1_Tc_mc_LittC2SE__2,crackle_score,0.3175385683,0
M39,train,cycle,220_1b1_Tc_mc_LittC2SE__3,crackle_score,0.5545618908,0
M39,train,cycle,220_1b1_Tc_mc_LittC2SE__4,crackle_score,0.4012159947,0
M39,train,cycle,220_1b1_Tc_mc_LittC2SE__5,crackle_score,0.402888505,1
M39,train,cycle,220_1b1_Tc_mc_LittC2SE__6,crackle_score,0.4601737361,1
M39,train,cycle,220_1b2_Al_mc_LittC2SE__0,crackle_score,0.7485479781,0
M39,train,cycle,220_1b2_Al_mc_LittC2SE__1,crackle_score,0.5732278852,0
M39,train,cycle,220_1b2_Al_mc_LittC2SE__2,crackle_score,0.4620369726,0
M39,train,cycle,220_1b2_Al_mc_LittC2SE__3,crackle_score,0.5372871376,0
M39,train,cycle,220_1b2_Al_mc_LittC2SE__4,crackle_score,0.4278623031,0
M39,train,cycle,220_1b2_Al_mc_LittC2SE__5,crackle_score,0.6157072606,0
M39,train,cycle,220_1b2_Al_mc_LittC2SE__6,crackle_score,0.4370290725,0
M39,train,cycle,221_2b1_Al_mc_LittC2SE__0,crackle_score,0.3383072367,0
M39,train,cycle,221_2b1_Al_mc_LittC2SE__1,crackle_score,0.5183396336,1
M39,train,cycle,221_2b1_Al_mc_LittC2SE__2,crackle_score,0.3954237837,1
M39,train,cycle,221_2b1_Al_mc_LittC2SE__3,crackle_score,0.553739461,1
M39,train,cycle,221_2b1_Al_mc_LittC2SE__4,crackle_score,0.5279972875,1
M39,train,cycle,221_2b1_Ar_mc_LittC2SE__0,crackle_score,0.2551723144,0
M39,train,cycle,221_2b1_Ar_mc_LittC2SE__1,crackle_score,0.4752797744,1
M39,train,cycle,221_2b1_Ar_mc_LittC2SE__2,crackle_score,0.2368448335,0
M39,train,cycle,221_2b1_Ar_mc_LittC2SE__3,crackle_score,0.5808702041,1
M39,train,cycle,221_2b1_Ar_mc_LittC2SE__4,crackle_score,0.2597223042,1
M39,train,cycle,221_2b1_Lr_mc_LittC2SE__0,crackle_score,0.6525398032,1
M39,train,cycle,221_2b1_Lr_mc_LittC2SE__1,crackle_score,0.4853829191,1
M39,train,cycle,221_2b1_Lr_mc_LittC2SE__2,crackle_score,0.459900049,0
M39,train,cycle,221_2b1_Lr_mc_LittC2SE__3,crackle_score,0.7021276596,1
M39,train,cycle,221_2b1_Lr_mc_LittC2SE__4,crackle_score,0.4566450187,1
M39,train,cycle,221_2b1_Pl_mc_LittC2SE__0,crackle_score,0.311671217,0
M39,train,cycle,221_2b1_Pl_mc_LittC2SE__1,crackle_score,0.5294512042,0
M39,train,cycle,221_2b1_Pl_mc_LittC2SE__2,crackle_score,0.5080168415,0
M39,train,cycle,221_2b1_Pl_mc_LittC2SE__3,crackle_score,0.4735906218,0
M39,train,cycle,221_2b1_Pl_mc_LittC2SE__4,crackle_score,0.3306329244,0
M39,train,cycle,221_2b2_Al_mc_LittC2SE__0,crackle_score,0.07433929807,0
M39,train,cycle,221_2b2_Al_mc_LittC2SE__1,crackle_score,0.4493796671,0
M39,train,cycle,221_2b2_Al_mc_LittC2SE__2,crackle_score,0.4113499908,0
M39,train,cycle,221_2b2_Al_mc_LittC2SE__3,crackle_score,0.4431183005,0
M39,train,cycle,221_2b2_Al_mc_LittC2SE__4,crackle_score,0.3187268416,0
M39,train,cycle,221_2b2_Al_mc_LittC2SE__5,crackle_score,0.2947454381,0
M39,train,cycle,221_2b2_Ar_mc_LittC2SE__0,crackle_score,0.1330927404,0
M39,train,cycle,221_2b2_Ar_mc_LittC2SE__1,crackle_score,0.4193026792,1
M39,train,cycle,221_2b2_Ar_mc_LittC2SE__2,crackle_score,0.3961638372,1
M39,train,cycle,221_2b2_Ar_mc_LittC2SE__3,crackle_score,0.4892650293,1
M39,train,cycle,221_2b2_Ar_mc_LittC2SE__4,crackle_score,0.4149918368,1
M39,train,cycle,221_2b2_Ar_mc_LittC2SE__5,crackle_score,0.2525474323,0
M39,train,cycle,221_2b2_Lr_mc_LittC2SE__0,crackle_score,0.2879700503,0
M39,train,cycle,221_2b2_Lr_mc_LittC2SE__1,crackle_score,0.5117340662,1
M39,train,cycle,221_2b2_Lr_mc_LittC2SE__2,crackle_score,0.6173354189,1
M39,train,cycle,221_2b2_Lr_mc_LittC2SE__3,crackle_score,0.5754984556,1
M39,train,cycle,221_2b2_Lr_mc_LittC2SE__4,crackle_score,0.4380413959,1
M39,train,cycle,221_2b2_Pl_mc_LittC2SE__0,crackle_score,0.3501110613,0
M39,train,cycle,221_2b2_Pl_mc_LittC2SE__1,crackle_score,0.6234663442,0
M39,train,cycle,221_2b2_Pl_mc_LittC2SE__2,crackle_score,0.5211275354,0
M39,train,cycle,221_2b2_Pl_mc_LittC2SE__3,crackle_score,0.3529791317,0
M39,train,cycle,221_2b2_Pl_mc_LittC2SE__4,crackle_score,0.5631755582,0
M39,train,cycle,221_2b2_Pl_mc_LittC2SE__5,crackle_score,0.5408585515,0
M39,train,cycle,221_2b3_Al_mc_LittC2SE__0,crackle_score,0.4018726569,0
M39,train,cycle,221_2b3_Al_mc_LittC2SE__1,crackle_score,0.6572178037,0
M39,train,cycle,221_2b3_Al_mc_LittC2SE__2,crackle_score,0.4334542359,0
M39,train,cycle,221_2b3_Al_mc_LittC2SE__3,crackle_score,0.5428659649,0
M39,train,cycle,221_2b3_Al_mc_LittC2SE__4,crackle_score,0.3399582853,0
M39,train,cycle,221_2b3_Ar_mc_LittC2SE__0,crackle_score,0.2686466705,0
M39,train,cycle,221_2b3_Ar_mc_LittC2SE__1,crackle_score,0.3843904761,1
M39,train,cycle,221_2b3_Ar_mc_LittC2SE__2,crackle_score,0.4160955745,1
M39,train,cycle,221_2b3_Ar_mc_LittC2SE__3,crackle_score,0.3010715847,1
M39,train,cycle,221_2b3_Ar_mc_LittC2SE__4,crackle_score,0.3985039018,1
M39,train,cycle,221_2b3_Lr_mc_LittC2SE__0,crackle_score,0.6039239327,0
M39,train,cycle,221_2b3_Lr_mc_LittC2SE__1,crackle_score,0.4690894808,1
M39,train,cycle,221_2b3_Lr_mc_LittC2SE__2,crackle_score,0.6512853625,1
M39,train,cycle,221_2b3_Lr_mc_LittC2SE__3,crackle_score,0.4577106437,1
M39,train,cycle,221_2b3_Lr_mc_LittC2SE__4,crackle_score,0.4401408978,1
M39,train,cycle,221_2b3_Pr_mc_LittC2SE__0,crackle_score,0.2744669372,0
M39,train,cycle,221_2b3_Pr_mc_LittC2SE__1,crackle_score,0.4640958891,0
M39,train,cycle,221_2b3_Pr_mc_LittC2SE__2,crackle_score,0.4754749086,1
M39,train,cycle,221_2b3_Pr_mc_LittC2SE__3,crackle_score,0.2336953559,1
M39,train,cycle,221_2b3_Pr_mc_LittC2SE__4,crackle_score,0.3356801239,1
M39,train,cycle,222_1b1_Ar_sc_Meditron__0,crackle_score,0.352849181,0
M39,train,cycle,222_1b1_Ar_sc_Meditron__1,crackle_score,0.5789157489,0
M39,train,cycle,222_1b1_Ar_sc_Meditron__2,crackle_score,0.3067106201,0
M39,train,cycle,222_1b1_Ar_sc_Meditron__3,crackle_score,0.5829462508,0
M39,train,cycle,222_1b1_Ar_sc_Meditron__4,crackle_score,0.3421119932,0
M39,train,cycle,222_1b1_Ar_sc_Meditron__5,crackle_score,0.313529729,0
M39,train,cycle,222_1b1_Ar_sc_Meditron__6,crackle_score,0.2766436997,0
M39,train,cycle,222_1b1_Ar_sc_Meditron__7,crackle_score,0.2172761393,0
M39,train,cycle,222_1b1_Ar_sc_Meditron__8,crackle_score,0.4050413915,0
M39,train,cycle,222_1b1_Ar_sc_Meditron__9,crackle_score,0.2750243451,0
M39,train,cycle,222_1b1_Lr_sc_Meditron__0,crackle_score,0.656334217,1
M39,train,cycle,222_1b1_Lr_sc_Meditron__1,crackle_score,0.3174872903,0
M39,train,cycle,222_1b1_Lr_sc_Meditron__2,crackle_score,0.2349709519,1
M39,train,cycle,222_1b1_Lr_sc_Meditron__3,crackle_score,0.302489049,0
M39,train,cycle,222_1b1_Lr_sc_Meditron__4,crackle_score,0.2838910781,0
M39,train,cycle,222_1b1_Lr_sc_Meditron__5,crackle_score,0.3838317886,1
M39,train,cycle,222_1b1_Lr_sc_Meditron__6,crackle_score,0.158473316,0
M39,train,cycle,222_1b1_Lr_sc_Meditron__7,crackle_score,0.3687783986,1
M39,train,cycle,222_1b1_Lr_sc_Meditron__8,crackle_score,0.1615490007,0
M39,train,cycle,222_1b1_Lr_sc_Meditron__9,crackle_score,0.3622125901,1
M39,train,cycle,222_1b1_Lr_sc_Meditron__10,crackle_score,0.3374803765,1
M39,train,cycle,222_1b1_Lr_sc_Meditron__11,crackle_score,0.3107580106,1
M39,train,cycle,222_1b1_Lr_sc_Meditron__12,crackle_score,0.4154556595,1
M39,train,cycle,222_1b1_Lr_sc_Meditron__13,crackle_score,0.3095238556,1
M39,train,cycle,222_1b1_Lr_sc_Meditron__14,crackle_score,0.3763345083,1
M39,train,cycle,222_1b1_Lr_sc_Meditron__15,crackle_score,0.372147284,1
M39,train,cycle,222_1b1_Lr_sc_Meditron__16,crackle_score,0.3281366135,1
M39,train,cycle,222_1b1_Lr_sc_Meditron__17,crackle_score,0.3605251588,0
M39,train,cycle,222_1b1_Lr_sc_Meditron__18,crackle_score,0.4764683221,1
M39,train,cycle,222_1b1_Lr_sc_Meditron__19,crackle_score,0.3323304988,0
M39,train,cycle,222_1b1_Pr_sc_Meditron__0,crackle_score,0.1938850572,0
M39,train,cycle,222_1b1_Pr_sc_Meditron__1,crackle_score,0.65219141,0
M39,train,cycle,222_1b1_Pr_sc_Meditron__2,crackle_score,0.3648601843,0
M39,train,cycle,222_1b1_Pr_sc_Meditron__3,crackle_score,0.4782501282,0
M39,train,cycle,222_1b1_Pr_sc_Meditron__4,crackle_score,0.2436095941,0
M39,train,cycle,222_1b1_Pr_sc_Meditron__5,crackle_score,0.1371066577,0
M39,train,cycle,222_1b1_Pr_sc_Meditron__6,crackle_score,0.2225400783,0
M39,train,cycle,222_1b1_Pr_sc_Meditron__7,crackle_score,0.338410464,0
M39,train,cycle,222_1b1_Pr_sc_Meditron__8,crackle_score,0.2261302617,0
M39,train,cycle,222_1b1_Pr_sc_Meditron__9,crackle_score,0.3365731893,0
M39,train,cycle,222_1b1_Pr_sc_Meditron__10,crackle_score,0.4456114275,0
M39,train,cycle,222_1b1_Pr_sc_Meditron__11,crackle_score,0.5394695018,0
M39,train,cycle,222_1b1_Pr_sc_Meditron__12,crackle_score,0.3553127419,0
M39,train,cycle,222_1b1_Pr_sc_Meditron__13,crackle_score,0.4446730629,0
M39,train,cycle,222_1b1_Pr_sc_Meditron__14,crackle_score,0.2177000925,0
M39,train,cycle,226_1b1_Al_sc_Meditron__0,crackle_score,0.5075418142,0
M39,train,cycle,226_1b1_Al_sc_Meditron__1,crackle_score,0.7387267905,0
M39,train,cycle,226_1b1_Al_sc_Meditron__2,crackle_score,0.6580552626,1
M39,train,cycle,226_1b1_Al_sc_Meditron__3,crackle_score,0.743578388,1
M39,train,cycle,226_1b1_Al_sc_Meditron__4,crackle_score,0.7086230876,0
M39,train,cycle,226_1b1_Al_sc_Meditron__5,crackle_score,0.5912951066,0
M39,train,cycle,226_1b1_Al_sc_Meditron__6,crackle_score,0.5519765019,0
M39,train,cycle,226_1b1_Al_sc_Meditron__7,crackle_score,0.5843525938,0
M39,train,cycle,226_1b1_Al_sc_Meditron__8,crackle_score,0.6666666667,0
M39,train,cycle,226_1b1_Al_sc_Meditron__9,crackle_score,0.5052507777,0
M39,train,cycle,226_1b1_Ll_sc_Meditron__0,crackle_score,0.4697887073,0
M39,train,cycle,226_1b1_Ll_sc_Meditron__1,crackle_score,0.4466746774,1
M39,train,cycle,226_1b1_Ll_sc_Meditron__2,crackle_score,0.2620992113,1
M39,train,cycle,226_1b1_Ll_sc_Meditron__3,crackle_score,0.52929381,1
M39,train,cycle,226_1b1_Ll_sc_Meditron__4,crackle_score,0.4151371977,0
M39,train,cycle,226_1b1_Ll_sc_Meditron__5,crackle_score,0.459172551,1
M39,train,cycle,226_1b1_Ll_sc_Meditron__6,crackle_score,0.5773699522,1
M39,train,cycle,226_1b1_Ll_sc_Meditron__7,crackle_score,0.6787761484,1
M39,train,cycle,226_1b1_Ll_sc_Meditron__8,crackle_score,0.5406446429,0
M39,train,cycle,226_1b1_Ll_sc_Meditron__9,crackle_score,0.5457149251,0
M39,test,cycle,101_1b1_Al_sc_Meditron__0,wheeze_score,0.8287292818,0
M39,test,cycle,101_1b1_Al_sc_Meditron__1,wheeze_score,0.4489577766,0
M39,test,cycle,101_1b1_Al_sc_Meditron__2,wheeze_score,0.8316008316,0
M39,test,cycle,101_1b1_Al_sc_Meditron__3,wheeze_score,0.6210526316,0
M39,test,cycle,101_1b1_Al_sc_Meditron__4,wheeze_score,0.6770833333,0
M39,test,cycle,101_1b1_Al_sc_Meditron__5,wheeze_score,0.6769055745,0
M39,test,cycle,101_1b1_Al_sc_Meditron__6,wheeze_score,0.7322287547,0
M39,test,cycle,101_1b1_Al_sc_Meditron__7,wheeze_score,0.7953340403,0
M39,test,cycle,101_1b1_Al_sc_Meditron__8,wheeze_score,0.9080118694,0
M39,test,cycle,101_1b1_Al_sc_Meditron__9,wheeze_score,0.5790533736,0
M39,test,cycle,101_1b1_Al_sc_Meditron__10,wheeze_score,0.4777777778,0
M39,test,cycle,101_1b1_Al_sc_Meditron__11,wheeze_score,0.7069320522,0
M39,test,cycle,101_1b1_Pr_sc_Meditron__0,wheeze_score,0.6433224756,0
M39,test,cycle,101_1b1_Pr_sc_Meditron__1,wheeze_score,0.797034291,0
M39,test,cycle,101_1b1_Pr_sc_Meditron__2,wheeze_score,0.7001879699,0
M39,test,cycle,101_1b1_Pr_sc_Meditron__3,wheeze_score,0.7317073171,0
M39,test,cycle,101_1b1_Pr_sc_Meditron__4,wheeze_score,0.7170868347,0
M39,test,cycle,101_1b1_Pr_sc_Meditron__5,wheeze_score,0.6607929515,0
M39,test,cycle,101_1b1_Pr_sc_Meditron__6,wheeze_score,0.86,0
M39,test,cycle,101_1b1_Pr_sc_Meditron__7,wheeze_score,0.8407310705,0
M39,test,cycle,101_1b1_Pr_sc_Meditron__8,wheeze_score,0.7100591716,0
M39,test,cycle,101_1b1_Pr_sc_Meditron__9,wheeze_score,0.5020283976,0
M39,test,cycle,101_1b1_Pr_sc_Meditron__10,wheeze_score,0.7397622193,0
M39,test,cycle,102_1b1_Ar_sc_Meditron__0,wheeze_score,0.4619565217,0
M39,test,cycle,102_1b1_Ar_sc_Meditron__1,wheeze_score,0.3596660244,0
M39,test,cycle,102_1b1_Ar_sc_Meditron__2,wheeze_score,0.6057596822,0
M39,test,cycle,102_1b1_Ar_sc_Meditron__3,wheeze_score,0.7524454477,0
M39,test,cycle,102_1b1_Ar_sc_Meditron__4,wheeze_score,0.3357142857,0
M39,test,cycle,102_1b1_Ar_sc_Meditron__5,wheeze_score,0.5092297899,0
M39,test,cycle,102_1b1_Ar_sc_Meditron__6,wheeze_score,0.2939118265,0
M39,test,cycle,102_1b1_Ar_sc_Meditron__7,wheeze_score,0.435,0
M39,test,cycle,102_1b1_Ar_sc_Meditron__8,wheeze_score,0.5896805897,0
M39,test,cycle,102_1b1_Ar_sc_Meditron__9,wheeze_score,0.7287449393,0
M39,test,cycle,102_1b1_Ar_sc_Meditron__10,wheeze_score,0.5333333333,0
M39,test,cycle,102_1b1_Ar_sc_Meditron__11,wheeze_score,0.5705882353,0
M39,test,cycle,102_1b1_Ar_sc_Meditron__12,wheeze_score,0,0
M39,test,cycle,104_1b1_Al_sc_Litt3200__0,wheeze_score,0.5274198382,0
M39,test,cycle,104_1b1_Al_sc_Litt3200__1,wheeze_score,0.6605626769,0
M39,test,cycle,104_1b1_Al_sc_Litt3200__2,wheeze_score,0.5737813787,0
M39,test,cycle,104_1b1_Al_sc_Litt3200__3,wheeze_score,0.620589093,0
M39,test,cycle,104_1b1_Al_sc_Litt3200__4,wheeze_score,0.8013164485,0
M39,test,cycle,104_1b1_Al_sc_Litt3200__5,wheeze_score,0.898702903,0
M39,test,cycle,104_1b1_Ar_sc_Litt3200__0,wheeze_score,0.5874928285,1
M39,test,cycle,104_1b1_Ar_sc_Litt3200__1,wheeze_score,0.5376205123,1
M39,test,cycle,104_1b1_Ar_sc_Litt3200__2,wheeze_score,0.1211697542,1
M39,test,cycle,104_1b1_Ar_sc_Litt3200__3,wheeze_score,0.4315480601,1
M39,test,cycle,104_1b1_Ar_sc_Litt3200__4,wheeze_score,0.3113648158,1
M39,test,cycle,104_1b1_Ar_sc_Litt3200__5,wheeze_score,0.450741028,1
M39,test,cycle,104_1b1_Ar_sc_Litt3200__6,wheeze_score,0.2594339623,1
M39,test,cycle,104_1b1_Ar_sc_Litt3200__7,wheeze_score,0.5771144279,1
M39,test,cycle,104_1b1_Ar_sc_Litt3200__8,wheeze_score,0.4503249768,1
M39,test,cycle,104_1b1_Ar_sc_Litt3200__9,wheeze_score,0.3541583764,1
M39,test,cycle,104_1b1_Ar_sc_Litt3200__10,wheeze_score,0.7896419437,0
M39,test,cycle,104_1b1_Ar_sc_Litt3200__11,wheeze_score,0.5677419355,0
M39,test,cycle,104_1b1_Ar_sc_Litt3200__12,wheeze_score,0.5370694688,0
M39,test,cycle,104_1b1_Ar_sc_Litt3200__13,wheeze_score,0.6630434783,0
M39,test,cycle,104_1b1_Ll_sc_Litt3200__0,wheeze_score,0.4032529068,0
M39,test,cycle,104_1b1_Ll_sc_Litt3200__1,wheeze_score,0.629712925,0
M39,test,cycle,104_1b1_Ll_sc_Litt3200__2,wheeze_score,0.699751861,0
M39,test,cycle,104_1b1_Ll_sc_Litt3200__3,wheeze_score,0.4712118981,0
M39,test,cycle,104_1b1_Ll_sc_Litt3200__4,wheeze_score,0.4976671851,0
M39,test,cycle,104_1b1_Ll_sc_Litt3200__5,wheeze_score,0.6279569892,0
M39,test,cycle,104_1b1_Ll_sc_Litt3200__6,wheeze_score,0.7154019795,0
M39,test,cycle,104_1b1_Lr_sc_Litt3200__0,wheeze_score,0.7459577423,0
M39,test,cycle,104_1b1_Lr_sc_Litt3200__1,wheeze_score,0.6139726244,0
M39,test,cycle,104_1b1_Lr_sc_Litt3200__2,wheeze_score,0.4590257066,0
M39,test,cycle,104_1b1_Lr_sc_Litt3200__3,wheeze_score,0.5344934742,0
M39,test,cycle,104_1b1_Lr_sc_Litt3200__4,wheeze_score,0.8282459309,0
M39,test,cycle,104_1b1_Pl_sc_Litt3200__0,wheeze_score,0.3938115331,0
M39,test,cycle,104_1b1_Pl_sc_Litt3200__1,wheeze_score,0.4591989719,0
M39,test,cycle,104_1b1_Pl_sc_Litt3200__2,wheeze_score,0.4725605468,0
M39,test,cycle,104_1b1_Pl_sc_Litt3200__3,wheeze_score,0.4994543563,0
M39,test,cycle,104_1b1_Pl_sc_Litt3200__4,wheeze_score,0.715334546,0
M39,test,cycle,104_1b1_Pl_sc_Litt3200__5,wheeze_score,0.7090464548,0
M39,test,cycle,104_1b1_Pl_sc_Litt3200__6,wheeze_score,0.6781914894,0
M39,test,cycle,104_1b1_Pl_sc_Litt3200__7,wheeze_score,0.7119095143,0
M39,test,cycle,104_1b1_Pl_sc_Litt3200__8,wheeze_score,0.798679868,0
M39,test,cycle,104_1b1_Pl_sc_Litt3200__9,wheeze_score,0.8658536585,0
M39,test,cycle,104_1b1_Pl_sc_Litt3200__10,wheeze_score,0.8807644371,0
M39,test,cycle,104_1b1_Pl_sc_Litt3200__11,wheeze_score,0.6844106464,0
M39,test,cycle,104_1b1_Pl_sc_Litt3200__12,wheeze_score,0.7264957265,0
M39,test,cycle,104_1b1_Pr_sc_Litt3200__0,wheeze_score,0.5881525822,0
M39,test,cycle,104_1b1_Pr_sc_Litt3200__1,wheeze_score,0.3425181198,0
M39,test,cycle,104_1b1_Pr_sc_Litt3200__2,wheeze_score,0.4404679972,0
M39,test,cycle,104_1b1_Pr_sc_Litt3200__3,wheeze_score,0.2941176471,0
M39,test,cycle,104_1b1_Pr_sc_Litt3200__4,wheeze_score,0.4065783463,0
M39,test,cycle,104_1b1_Pr_sc_Litt3200__5,wheeze_score,0.7253131372,0
M39,test,cycle,104_1b1_Pr_sc_Litt3200__6,wheeze_score,0.8710217755,0
M39,test,cycle,104_1b1_Pr_sc_Litt3200__7,wheeze_score,0.9549071618,0
M39,test,cycle,104_1b1_Pr_sc_Litt3200__8,wheeze_score,0.6805708013,0
M39,test,cycle,104_1b1_Pr_sc_Litt3200__9,wheeze_score,0.7044107966,0
M39,test,cycle,109_1b1_Al_sc_Litt3200__0,wheeze_score,0.5668276973,0
M39,test,cycle,109_1b1_Al_sc_Litt3200__1,wheeze_score,0.6176949777,0
M39,test,cycle,109_1b1_Al_sc_Litt3200__2,wheeze_score,0.7529121345,0
M39,test,cycle,109_1b1_Al_sc_Litt3200__3,wheeze_score,0.5907757228,0
M39,test,cycle,109_1b1_Al_sc_Litt3200__4,wheeze_score,0.5782055915,0
M39,test,cycle,109_1b1_Al_sc_Litt3200__5,wheeze_score,0.6573275862,0
M39,test,cycle,109_1b1_Al_sc_Litt3200__6,wheeze_score,0.5450500556,0
M39,test,cycle,109_1b1_Al_sc_Litt3200__7,wheeze_score,0.791500664,0
M39,test,cycle,109_1b1_Al_sc_Litt3200__8,wheeze_score,0.7165932452,0
M39,test,cycle,109_1b1_Ar_sc_Litt3200__0,wheeze_score,0.5257290383,0
M39,test,cycle,109_1b1_Ar_sc_Litt3200__1,wheeze_score,0.7373043855,0
M39,test,cycle,109_1b1_Ar_sc_Litt3200__2,wheeze_score,0.5623392152,0
M39,test,cycle,109_1b1_Ar_sc_Litt3200__3,wheeze_score,0.6757878777,0
M39,test,cycle,109_1b1_Ar_sc_Litt3200__4,wheeze_score,0.7157404713,0
M39,test,cycle,109_1b1_Ar_sc_Litt3200__5,wheeze_score,0.6434782609,0
M39,test,cycle,109_1b1_Ar_sc_Litt3200__6,wheeze_score,0.6637884512,0
M39,test,cycle,109_1b1_Ar_sc_Litt3200__7,wheeze_score,0.4971751412,0
M39,test,cycle,109_1b1_Ar_sc_Litt3200__8,wheeze_score,0.7612066535,0
M39,test,cycle,109_1b1_Ar_sc_Litt3200__9,wheeze_score,0.3581744656,0
M39,test,cycle,109_1b1_Ll_sc_Litt3200__0,wheeze_score,0.5022421525,0
M39,test,cycle,109_1b1_Ll_sc_Litt3200__1,wheeze_score,0.6460373044,0
M39,test,cycle,109_1b1_Ll_sc_Litt3200__2,wheeze_score,0.5517842233,0
M39,test,cycle,109_1b1_Ll_sc_Litt3200__3,wheeze_score,0.5989654234,0
M39,test,cycle,109_1b1_Ll_sc_Litt3200__4,wheeze_score,0.4523749686,0
M39,test,cycle,109_1b1_Ll_sc_Litt3200__5,wheeze_score,0.770836679,0
M39,test,cycle,109_1b1_Ll_sc_Litt3200__6,wheeze_score,0.7233273056,0
M39,test,cycle,109_1b1_Ll_sc_Litt3200__7,wheeze_score,0.7401315789,0
M39,test,cycle,109_1b1_Lr_sc_Litt3200__0,wheeze_score,0.7520651542,0
M39,test,cycle,109_1b1_Lr_sc_Litt3200__1,wheeze_score,0.6830101232,0
M39,test,cycle,109_1b1_Lr_sc_Litt3200__2,wheeze_score,0.7685317409,0
M39,test,cycle,109_1b1_Lr_sc_Litt3200__3,wheeze_score,0.7068965517,0
M39,test,cycle,109_1b1_Lr_sc_Litt3200__4,wheeze_score,0.8514213696,0
M39,test,cycle,109_1b1_Lr_sc_Litt3200__5,wheeze_score,0.8227445997,0
M39,test,cycle,109_1b1_Lr_sc_Litt3200__6,wheeze_score,0.6472968003,0
M39,test,cycle,109_1b1_Lr_sc_Litt3200__7,wheeze_score,0.4329004329,0
M39,test,cycle,109_1b1_Pl_sc_Litt3200__0,wheeze_score,0.6749594375,0
M39,test,cycle,109_1b1_Pl_sc_Litt3200__1,wheeze_score,0.8508302456,0
M39,test,cycle,109_1b1_Pl_sc_Litt3200__2,wheeze_score,0.7791915325,0
M39,test,cycle,109_1b1_Pl_sc_Litt3200__3,wheeze_score,0.7521943531,0
M39,test,cycle,109_1b1_Pl_sc_Litt3200__4,wheeze_score,0.7453002828,0
M39,test,cycle,109_1b1_Pl_sc_Litt3200__5,wheeze_score,0.8566810345,0
M39,test,cycle,109_1b1_Pl_sc_Litt3200__6,wheeze_score,0.8834897846,0
M39,test,cycle,109_1b1_Pl_sc_Litt3200__7,wheeze_score,0.8814400993,0
M39,test,cycle,109_1b1_Pl_sc_Litt3200__8,wheeze_score,0.6715731371,0
M39,test,cycle,109_1b1_Pr_sc_Litt3200__0,wheeze_score,0.6220215701,0
M39,test,cycle,109_1b1_Pr_sc_Litt3200__1,wheeze_score,0.5444444444,0
M39,test,cycle,109_1b1_Pr_sc_Litt3200__2,wheeze_score,0.6084647412,0
M39,test,cycle,109_1b1_Pr_sc_Litt3200__3,wheeze_score,0.7756338702,0
M39,test,cycle,109_1b1_Pr_sc_Litt3200__4,wheeze_score,0.8107571041,0
M39,test,cycle,109_1b1_Pr_sc_Litt3200__5,wheeze_score,0.8945386064,0
M39,test,cycle,109_1b1_Pr_sc_Litt3200__6,wheeze_score,0.7890148213,0
M39,test,cycle,109_1b1_Pr_sc_Litt3200__7,wheeze_score,0.5540756526,0
M39,test,cycle,109_1b1_Pr_sc_Litt3200__8,wheeze_score,0.6285206048,0
M39,test,cycle,109_1b1_Pr_sc_Litt3200__9,wheeze_score,0.8100558659,0
M39,test,cycle,109_1b1_Pr_sc_Litt3200__10,wheeze_score,0.7967589467,0
M39,test,cycle,109_1b1_Pr_sc_Litt3200__11,wheeze_score,0.8204811845,0
M39,test,cycle,109_1b1_Pr_sc_Litt3200__12,wheeze_score,0.7898351648,0
M39,test,cycle,109_1b1_Pr_sc_Litt3200__13,wheeze_score,0.783847981,0
M39,test,cycle,109_1b1_Pr_sc_Litt3200__14,wheeze_score,0.7725321888,0
M39,test,cycle,109_1b1_Pr_sc_Litt3200__15,wheeze_score,0.8130081301,0
M39,test,cycle,109_1b1_Pr_sc_Litt3200__16,wheeze_score,0.6320907618,0
M39,test,cycle,113_1b1_Al_sc_Litt3200__0,wheeze_score,0.3249180782,0
M39,test,cycle,113_1b1_Al_sc_Litt3200__1,wheeze_score,0.5734567472,0
M39,test,cycle,113_1b1_Al_sc_Litt3200__2,wheeze_score,0.5855382156,0
M39,test,cycle,113_1b1_Al_sc_Litt3200__3,wheeze_score,0.4644766998,0
M39,test,cycle,113_1b1_Al_sc_Litt3200__4,wheeze_score,0.6686470973,0
M39,test,cycle,113_1b1_Al_sc_Litt3200__5,wheeze_score,0.4632594867,0
M39,test,cycle,113_1b1_Al_sc_Litt3200__6,wheeze_score,0.893416501,0
M39,test,cycle,113_1b1_Ar_sc_Litt3200__0,wheeze_score,0.5271962285,0
M39,test,cycle,113_1b1_Ar_sc_Litt3200__1,wheeze_score,0.4052023866,0
M39,test,cycle,113_1b1_Ar_sc_Litt3200__2,wheeze_score,0.5793006005,0
M39,test,cycle,113_1b1_Ar_sc_Litt3200__3,wheeze_score,0.3699915507,0
M39,test,cycle,113_1b1_Ar_sc_Litt3200__4,wheeze_score,0.4909116266,0
M39,test,cycle,113_1b1_Ar_sc_Litt3200__5,wheeze_score,0.496964563,0
M39,test,cycle,113_1b1_Ar_sc_Litt3200__6,wheeze_score,0.5400616008,0
M39,test,cycle,113_1b1_Ar_sc_Litt3200__7,wheeze_score,0.4603351955,0
M39,test,cycle,113_1b1_Ll_sc_Litt3200__0,wheeze_score,0.7027926762,0
M39,test,cycle,113_1b1_Ll_sc_Litt3200__1,wheeze_score,0.5818181818,0
M39,test,cycle,113_1b1_Ll_sc_Litt3200__2,wheeze_score,0.6920033128,0
M39,test,cycle,113_1b1_Ll_sc_Litt3200__3,wheeze_score,0.6455666898,0
M39,test,cycle,113_1b1_Ll_sc_Litt3200__4,wheeze_score,0.7385811467,0
M39,test,cycle,113_1b1_Ll_sc_Litt3200__5,wheeze_score,0.5724907063,0
M39,test,cycle,113_1b1_Ll_sc_Litt3200__6,wheeze_score,0.853725851,0
M39,test,cycle,113_1b1_Ll_sc_Litt3200__7,wheeze_score,0.6720430108,0
M39,test,cycle,113_1b1_Ll_sc_Litt3200__8,wheeze_score,0.5457598657,0
M39,test,cycle,113_1b1_Ll_sc_Litt3200__9,wheeze_score,0.7928240741,0
M39,test,cycle,113_1b1_Ll_sc_Litt3200__10,wheeze_score,0.8861033067,0
M39,test,cycle,113_1b1_Lr_sc_Litt3200__0,wheeze_score,0.6107074698,0
M39,test,cycle,113_1b1_Lr_sc_Litt3200__1,wheeze_score,0.6806004336,0
M39,test,cycle,113_1b1_Lr_sc_Litt3200__2,wheeze_score,0.7225830482,0
M39,test,cycle,113_1b1_Lr_sc_Litt3200__3,wheeze_score,0.9400391683,0
M39,test,cycle,113_1b1_Lr_sc_Litt3200__4,wheeze_score,0.7936813716,0
M39,test,cycle,113_1b1_Lr_sc_Litt3200__5,wheeze_score,0.7214428858,0
M39,test,cycle,113_1b1_Lr_sc_Litt3200__6,wheeze_score,0.9835663478,0
M39,test,cycle,113_1b1_Pl_sc_Litt3200__0,wheeze_score,0.8455239028,0
M39,test,cycle,113_1b1_Pl_sc_Litt3200__1,wheeze_score,0.6120185136,0
M39,test,cycle,113_1b1_Pl_sc_Litt3200__2,wheeze_score,0.8150011143,0
M39,test,cycle,113_1b1_Pl_sc_Litt3200__3,wheeze_score,0.9069407063,0
M39,test,cycle,113_1b1_Pl_sc_Litt3200__4,wheeze_score,0.9358679758,0
M39,test,cycle,113_1b1_Pl_sc_Litt3200__5,wheeze_score,0.6784083496,0
M39,test,cycle,113_1b1_Pl_sc_Litt3200__6,wheeze_score,0.7948442535,0
M39,test,cycle,113_1b1_Pl_sc_Litt3200__7,wheeze_score,0.9444444444,0
M39,test,cycle,113_1b1_Pr_sc_Litt3200__0,wheeze_score,0.9162362452,0
M39,test,cycle,113_1b1_Pr_sc_Litt3200__1,wheeze_score,0.7037368139,0
M39,test,cycle,113_1b1_Pr_sc_Litt3200__2,wheeze_score,0.8280906189,0
M39,test,cycle,113_1b1_Pr_sc_Litt3200__3,wheeze_score,0.9157732648,0
M39,test,cycle,113_1b1_Pr_sc_Litt3200__4,wheeze_score,0.8264311256,0
M39,test,cycle,113_1b1_Pr_sc_Litt3200__5,wheeze_score,0.7603305785,0
M39,test,cycle,113_1b1_Pr_sc_Litt3200__6,wheeze_score,0.5949656751,0
M39,test,cycle,113_1b1_Pr_sc_Litt3200__7,wheeze_score,0.9066666667,0
M39,test,cycle,113_1b1_Pr_sc_Litt3200__8,wheeze_score,0.8656353207,0
M39,test,cycle,118_1b1_Al_sc_Litt3200__0,wheeze_score,0.4286096973,0
M39,test,cycle,118_1b1_Al_sc_Litt3200__1,wheeze_score,0.545638621,1
M39,test,cycle,118_1b1_Al_sc_Litt3200__2,wheeze_score,0.2682049007,1
M39,test,cycle,118_1b1_Al_sc_Litt3200__3,wheeze_score,0.3261502621,1
M39,test,cycle,118_1b1_Al_sc_Litt3200__4,wheeze_score,0.7548017522,1
M39,test,cycle,118_1b1_Al_sc_Litt3200__5,wheeze_score,0.6622655349,1
M39,test,cycle,118_1b1_Al_sc_Litt3200__6,wheeze_score,0.6119989521,1
M39,test,cycle,118_1b1_Al_sc_Litt3200__7,wheeze_score,0.1869991095,1
M39,test,cycle,118_1b1_Al_sc_Litt3200__8,wheeze_score,0.6933775804,0
M39,test,cycle,118_1b1_Ar_sc_Litt3200__0,wheeze_score,0.6916793702,1
M39,test,cycle,118_1b1_Ar_sc_Litt3200__1,wheeze_score,0.2724530505,1
M39,test,cycle,118_1b1_Ar_sc_Litt3200__2,wheeze_score,0.4847372045,1
M39,test,cycle,118_1b1_Ar_sc_Litt3200__3,wheeze_score,0.4100041,1
M39,test,cycle,118_1b1_Ar_sc_Litt3200__4,wheeze_score,0.4788855028,1
M39,test,cycle,118_1b1_Ar_sc_Litt3200__5,wheeze_score,0.3792081874,1
M39,test,cycle,118_1b1_Ar_sc_Litt3200__6,wheeze_score,0.7495107004,1
M39,test,cycle,118_1b1_Ar_sc_Litt3200__7,wheeze_score,0.4149797571,1
M39,test,cycle,118_1b1_Ar_sc_Litt3200__8,wheeze_score,0.7648217804,0
M39,test,cycle,118_1b1_Ll_sc_Litt3200__0,wheeze_score,0.4215590813,0
M39,test,cycle,118_1b1_Ll_sc_Litt3200__1,wheeze_score,0.6021758306,1
M39,test,cycle,118_1b1_Ll_sc_Litt3200__2,wheeze_score,0.6889859292,0
M39,test,cycle,118_1b1_Ll_sc_Litt3200__3,wheeze_score,0.6079886886,1
M39,test,cycle,118_1b1_Ll_sc_Litt3200__4,wheeze_score,0.8209977702,0
M39,test,cycle,118_1b1_Lr_sc_Litt3200__0,wheeze_score,0.6278546156,1
M39,test,cycle,118_1b1_Lr_sc_Litt3200__1,wheeze_score,0.7461406518,1
M39,test,cycle,118_1b1_Lr_sc_Litt3200__2,wheeze_score,0.8008669178,1
M39,test,cycle,118_1b1_Lr_sc_Litt3200__3,wheeze_score,0.8427589266,1
M39,test,cycle,118_1b1_Lr_sc_Litt3200__4,wheeze_score,0.8432776452,1
M39,test,cycle,118_1b1_Lr_sc_Litt3200__5,wheeze_score,0.9448275862,0
M39,test,cycle,118_1b1_Lr_sc_Litt3200__6,wheeze_score,0.9646200222,0
M39,test,cycle,118_1b1_Pl_sc_Litt3200__0,wheeze_score,0.6044626343,0
M39,test,cycle,118_1b1_Pl_sc_Litt3200__1,wheeze_score,0.645129949,0
M39,test,cycle,118_1b1_Pl_sc_Litt3200__2,wheeze_score,0.7461648599,0
M39,test,cycle,118_1b1_Pl_sc_Litt3200__3,wheeze_score,0.5353663702,0
M39,test,cycle,118_1b1_Pl_sc_Litt3200__4,wheeze_score,0.8412022055,0
M39,test,cycle,118_1b1_Pr_sc_Litt3200__0,wheeze_score,0.6313523855,0
M39,test,cycle,118_1b1_Pr_sc_Litt3200__1,wheeze_score,0.5066789498,1
M39,test,cycle,118_1b1_Pr_sc_Litt3200__2,wheeze_score,0.6562025316,1
M39,test,cycle,118_1b1_Pr_sc_Litt3200__3,wheeze_score,0.7948335817,1
M39,test,cycle,118_1b1_Pr_sc_Litt3200__4,wheeze_score,0.7780565037,0
M39,test,cycle,119_1b1_Ar_sc_Meditron__0,wheeze_score,0.4693715195,0
M39,test,cycle,119_1b1_Ar_sc_Meditron__1,wheeze_score,0.5409705648,0
M39,test,cycle,119_1b1_Ar_sc_Meditron__2,wheeze_score,0.4584527221,0
M39,test,cycle,119_1b1_Ar_sc_Meditron__3,wheeze_score,0.3897086644,0
M39,test,cycle,119_1b1_Ar_sc_Meditron__4,wheeze_score,0.3356528858,0
M39,test,cycle,119_1b1_Ar_sc_Meditron__5,wheeze_score,0.398744113,0
M39,test,cycle,119_1b1_Ar_sc_Meditron__6,wheeze_score,0.4430641822,0
M39,test,cycle,119_1b1_Ar_sc_Meditron__7,wheeze_score,0.4200254561,0
M39,test,cycle,119_1b1_Ar_sc_Meditron__8,wheeze_score,0.2980625931,0
M39,test,cycle,123_1b1_Al_sc_Meditron__0,wheeze_score,0.7829181495,0
M39,test,cycle,123_1b1_Al_sc_Meditron__1,wheeze_score,0.6847742923,0
M39,test,cycle,123_1b1_Al_sc_Meditron__2,wheeze_score,0.6082631982,0
M39,test,cycle,123_1b1_Al_sc_Meditron__3,wheeze_score,0.7737169518,0
M39,test,cycle,123_1b1_Al_sc_Meditron__4,wheeze_score,0.6085714286,0
M39,test,cycle,123_1b1_Al_sc_Meditron__5,wheeze_score,0.692,0
M39,test,cycle,123_1b1_Al_sc_Meditron__6,wheeze_score,0.5316360914,0
M39,test,cycle,123_1b1_Al_sc_Meditron__7,wheeze_score,0.6994328922,0
M39,test,cycle,124_1b1_Al_sc_Litt3200__0,wheeze_score,0.5645320847,1
M39,test,cycle,124_1b1_Al_sc_Litt3200__1,wheeze_score,0.5056260474,1
M39,test,cycle,124_1b1_Al_sc_Litt3200__2,wheeze_score,0.6042350402,1
M39,test,cycle,124_1b1_Al_sc_Litt3200__3,wheeze_score,0.4253056885,1
M39,test,cycle,124_1b1_Al_sc_Litt3200__4,wheeze_score,0.4248381236,1
M39,test,cycle,124_1b1_Al_sc_Litt3200__5,wheeze_score,0.7851301115,1
M39,test,cycle,124_1b1_Al_sc_Litt3200__6,wheeze_score,0.5776484535,1
M39,test,cycle,124_1b1_Al_sc_Litt3200__7,wheeze_score,0.8815044574,0
M39,test,cycle,124_1b1_Ar_sc_Litt3200__0,wheeze_score,0.6657634991,1
M39,test,cycle,124_1b1_Ar_sc_Litt3200__1,wheeze_score,0.783318223,1
M39,test,cycle,124_1b1_Ar_sc_Litt3200__2,wheeze_score,0.8434678219,1
M39,test,cycle,124_1b1_Ar_sc_Litt3200__3,wheeze_score,0.5548607163,1
M39,test,cycle,124_1b1_Ar_sc_Litt3200__4,wheeze_score,0.6811206811,1
M39,test,cycle,124_1b1_Ar_sc_Litt3200__5,wheeze_score,0.7887390865,1
M39,test,cycle,124_1b1_Ar_sc_Litt3200__6,wheeze_score,0.8858812673,0
M39,test,cycle,124_1b1_Ll_sc_Litt3200__0,wheeze_score,0.7692718628,0
M39,test,cycle,124_1b1_Ll_sc_Litt3200__1,wheeze_score,0.8044411857,0
M39,test,cycle,124_1b1_Ll_sc_Litt3200__2,wheeze_score,0.6944986344,0
M39,test,cycle,124_1b1_Ll_sc_Litt3200__3,wheeze_score,0.7352859753,0
M39,test,cycle,124_1b1_Ll_sc_Litt3200__4,wheeze_score,0.6632852126,0
M39,test,cycle,124_1b1_Ll_sc_Litt3200__5,wheeze_score,0.7368575768,0
M39,test,cycle,124_1b1_Ll_sc_Litt3200__6,wheeze_score,0.7144755728,0
M39,test,cycle,124_1b1_Ll_sc_Litt3200__7,wheeze_score,0.913405805,0
M39,test,cycle,124_1b1_Ll_sc_Litt3200__8,wheeze_score,0.758873929,0
M39,test,cycle,124_1b1_Ll_sc_Litt3200__9,wheeze_score,0.8991696323,0
M39,test,cycle,124_1b1_Lr_sc_Litt3200__0,wheeze_score,0.6450207017,0
M39,test,cycle,124_1b1_Lr_sc_Litt3200__1,wheeze_score,0.680281592,0
M39,test,cycle,124_1b1_Lr_sc_Litt3200__2,wheeze_score,0.6695834126,0
M39,test,cycle,124_1b1_Lr_sc_Litt3200__3,wheeze_score,0.7261130872,0
M39,test,cycle,124_1b1_Lr_sc_Litt3200__4,wheeze_score,0.8333333333,0
M39,test,cycle,124_1b1_Lr_sc_Litt3200__5,wheeze_score,0.7404836284,0
M39,test,cycle,124_1b1_Lr_sc_Litt3200__6,wheeze_score,0.741872596,0
M39,test,cycle,124_1b1_Lr_sc_Litt3200__7,wheeze_score,0.9244280102,0
M39,test,cycle,124_1b1_Lr_sc_Litt3200__8,wheeze_score,0.5399748849,0
M39,test,cycle,124_1b1_Lr_sc_Litt3200__9,wheeze_score,0.9758064516,0
M39,test,cycle,124_1b1_Pl_sc_Litt3200__0,wheeze_score,0.2443458658,0
M39,test,cycle,124_1b1_Pl_sc_Litt3200__1,wheeze_score,0.3445548036,1
M39,test,cycle,124_1b1_Pl_sc_Litt3200__2,wheeze_score,0.6397512079,0
M39,test,cycle,124_1b1_Pl_sc_Litt3200__3,wheeze_score,0.7160532828,0
M39,test,cycle,124_1b1_Pl_sc_Litt3200__4,wheeze_score,0.6023412924,1
M39,test,cycle,124_1b1_Pl_sc_Litt3200__5,wheeze_score,0.2827948081,0
M39,test,cycle,124_1b1_Pl_sc_Litt3200__6,wheeze_score,0.9446661786,0
M39,test,cycle,124_1b1_Pr_sc_Litt3200__0,wheeze_score,0.421934383,0
M39,test,cycle,124_1b1_Pr_sc_Litt3200__1,wheeze_score,0.6950185665,0
M39,test,cycle,124_1b1_Pr_sc_Litt3200__2,wheeze_score,0.6234986388,0
M39,test,cycle,124_1b1_Pr_sc_Litt3200__3,wheeze_score,0.7109335996,0
M39,test,cycle,124_1b1_Pr_sc_Litt3200__4,wheeze_score,0.4910882559,0
M39,test,cycle,124_1b1_Pr_sc_Litt3200__5,wheeze_score,0.8583357608,0
M39,test,cycle,126_1b1_Al_sc_Meditron__0,wheeze_score,0.4,0
M39,test,cycle,126_1b1_Al_sc_Meditron__1,wheeze_score,0.3908984831,0
M39,test,cycle,126_1b1_Al_sc_Meditron__2,wheeze_score,0.5903834449,0
M39,test,cycle,126_1b1_Al_sc_Meditron__3,wheeze_score,0.3937773456,0
M39,test,cycle,126_1b1_Al_sc_Meditron__4,wheeze_score,0.6554121152,0
M39,test,cycle,126_1b1_Al_sc_Meditron__5,wheeze_score,0.6656877141,0
M39,test,cycle,126_1b1_Al_sc_Meditron__6,wheeze_score,0.7162089391,0
M39,test,cycle,126_1b1_Al_sc_Meditron__7,wheeze_score,0.6946604458,0
M39,test,cycle,126_1b1_Al_sc_Meditron__8,wheeze_score,0.3458456348,0
M39,test,cycle,126_1b1_Al_sc_Meditron__9,wheeze_score,0.5913113435,0
M39,test,cycle,126_1b1_Al_sc_Meditron__10,wheeze_score,0.3921568627,0
M39,test,cycle,133_2p2_Al_mc_AKGC417L__0,wheeze_score,0.6578402979,0
M39,test,cycle,133_2p2_Al_mc_AKGC417L__1,wheeze_score,0.8644480519,0
M39,test,cycle,133_2p2_Al_mc_AKGC417L__2,wheeze_score,0.7387083157,0
M39,test,cycle,133_2p2_Al_mc_AKGC417L__3,wheeze_score,0.575040783,0
M39,test,cycle,133_2p2_Al_mc_AKGC417L__4,wheeze_score,0.7778237484,0
M39,test,cycle,133_2p2_Al_mc_AKGC417L__5,wheeze_score,0.7086614173,0
M39,test,cycle,133_2p2_Al_mc_AKGC417L__6,wheeze_score,0.6830717013,0
M39,test,cycle,133_2p2_Al_mc_AKGC417L__7,wheeze_score,0.6757990868,0
M39,test,cycle,133_2p2_Al_mc_AKGC417L__8,wheeze_score,0.6098964327,0
M39,test,cycle,133_2p2_Ar_mc_AKGC417L__0,wheeze_score,0.4178733968,0
M39,test,cycle,133_2p2_Ar_mc_AKGC417L__1,wheeze_score,0.726461039,0
M39,test,cycle,133_2p2_Ar_mc_AKGC417L__2,wheeze_score,0.6585056986,0
M39,test,cycle,133_2p2_Ar_mc_AKGC417L__3,wheeze_score,0.6076672104,0
M39,test,cycle,133_2p2_Ar_mc_AKGC417L__4,wheeze_score,0.4757964419,0
M39,test,cycle,133_2p2_Ar_mc_AKGC417L__5,wheeze_score,0.5949256343,0
M39,test,cycle,133_2p2_Ar_mc_AKGC417L__6,wheeze_score,0.6448875689,0
M39,test,cycle,133_2p2_Ar_mc_AKGC417L__7,wheeze_score,0.6894977169,0
M39,test,cycle,133_2p2_Ar_mc_AKGC417L__8,wheeze_score,0.7594936709,0
M39,test,cycle,133_2p2_Pl_mc_AKGC417L__0,wheeze_score,0.5999172528,0
M39,test,cycle,133_2p2_Pl_mc_AKGC417L__1,wheeze_score,0.6452922078,0
M39,test,cycle,133_2p2_Pl_mc_AKGC417L__2,wheeze_score,0.6585056986,0
M39,test,cycle,133_2p2_Pl_mc_AKGC417L__3,wheeze_score,0.5220228385,0
M39,test,cycle,133_2p2_Pl_mc_AKGC417L__4,wheeze_score,0.7654116674,0
M39,test,cycle,133_2p2_Pl_mc_AKGC417L__5,wheeze_score,0.542432196,0
M39,test,cycle,133_2p2_Pl_mc_AKGC417L__6,wheeze_score,0.5473058973,0
M39,test,cycle,133_2p2_Pl_mc_AKGC417L__7,wheeze_score,0.6392694064,0
M39,test,cycle,133_2p2_Pl_mc_AKGC417L__8,wheeze_score,0.6098964327,0
M39,test,cycle,133_2p2_Tc_mc_AKGC417L__0,wheeze_score,0.2689284237,0
M39,test,cycle,133_2p2_Tc_mc_AKGC417L__1,wheeze_score,0.2881493506,0
M39,test,cycle,133_2p2_Tc_mc_AKGC417L__2,wheeze_score,0.3123680878,0
M39,test,cycle,133_2p2_Tc_mc_AKGC417L__3,wheeze_score,0.3344208809,0
M39,test,cycle,133_2p2_Tc_mc_AKGC417L__4,wheeze_score,0.4220107571,0
M39,test,cycle,133_2p2_Tc_mc_AKGC417L__5,wheeze_score,0.363079615,0
M39,test,cycle,133_2p2_Tc_mc_AKGC417L__6,wheeze_score,0.237590157,0
M39,test,cycle,133_2p2_Tc_mc_AKGC417L__7,wheeze_score,0.1141552511,0
M39,test,cycle,133_2p2_Tc_mc_AKGC417L__8,wheeze_score,0.5753739931,0
M39,test,cycle,133_2p3_Al_mc_AKGC417L__0,wheeze_score,0.8142052837,0
M39,test,cycle,133_2p3_Al_mc_AKGC417L__1,wheeze_score,0.640625,0
M39,test,cycle,133_2p3_Al_mc_AKGC417L__2,wheeze_score,0.4707792208,0
M39,test,cycle,133_2p3_Al_mc_AKGC417L__3,wheeze_score,0.669000389,0
M39,test,cycle,133_2p3_Al_mc_AKGC417L__4,wheeze_score,0.7781201849,0
M39,test,cycle,133_2p3_Al_mc_AKGC417L__5,wheeze_score,0.5724907063,0
M39,test,cycle,133_2p3_Al_mc_AKGC417L__6,wheeze_score,0.6022247794,0
M39,test,cycle,133_2p3_Al_mc_AKGC417L__7,wheeze_score,0.6859542697,0
M39,test,cycle,133_2p3_Ar_mc_AKGC417L__0,wheeze_score,0.5413598961,0
M39,test,cycle,133_2p3_Ar_mc_AKGC417L__1,wheeze_score,0.6875,0
M39,test,cycle,133_2p3_Ar_mc_AKGC417L__2,wheeze_score,0.4788961039,0
M39,test,cycle,133_2p3_Ar_mc_AKGC417L__3,wheeze_score,0.5523142746,0
M39,test,cycle,133_2p3_Ar_mc_AKGC417L__4,wheeze_score,0.7550077042,0
M39,test,cycle,133_2p3_Ar_mc_AKGC417L__5,wheeze_score,0.7918215613,0
M39,test,cycle,133_2p3_Ar_mc_AKGC417L__6,wheeze_score,0.4257767549,0
M39,test,cycle,133_2p3_Ar_mc_AKGC417L__7,wheeze_score,0.7559496034,0
M39,test,cycle,133_2p3_Pl_mc_AKGC417L__0,wheeze_score,0.7925508878,0
M39,test,cycle,133_2p3_Pl_mc_AKGC417L__1,wheeze_score,0.61328125,0
M39,test,cycle,133_2p3_Pl_mc_AKGC417L__2,wheeze_score,0.8157467532,0
M39,test,cycle,133_2p3_Pl_mc_AKGC417L__3,wheeze_score,0.8168028005,0
M39,test,cycle,133_2p3_Pl_mc_AKGC417L__4,wheeze_score,0.5084745763,0
M39,test,cycle,133_2p3_Pl_mc_AKGC417L__5,wheeze_score,0.687732342,0
M39,test,cycle,133_2p3_Pl_mc_AKGC417L__6,wheeze_score,0.809359417,0
M39,test,cycle,133_2p3_Pl_mc_AKGC417L__7,wheeze_score,0.5552963136,0
M39,test,cycle,133_2p3_Pr_mc_AKGC417L__0,wheeze_score,0.4850584669,0
M39,test,cycle,133_2p3_Pr_mc_AKGC417L__1,wheeze_score,0.5234375,0
M39,test,cycle,133_2p3_Pr_mc_AKGC417L__2,wheeze_score,0.5357142857,0
M39,test,cycle,133_2p3_Pr_mc_AKGC417L__3,wheeze_score,0.5717619603,0
M39,test,cycle,133_2p3_Pr_mc_AKGC417L__4,wheeze_score,0.4160246533,0
M39,test,cycle,133_2p3_Pr_mc_AKGC417L__5,wheeze_score,0.5873605948,0
M39,test,cycle,133_2p3_Pr_mc_AKGC417L__6,wheeze_score,0.7633294975,0
M39,test,cycle,133_2p3_Pr_mc_AKGC417L__7,wheeze_score,0.6346243584,0
M39,test,cycle,133_2p3_Tc_mc_AKGC417L__0,wheeze_score,0.437418796,0
M39,test,cycle,133_2p3_Tc_mc_AKGC417L__1,wheeze_score,0.38671875,0
M39,test,cycle,133_2p3_Tc_mc_AKGC417L__2,wheeze_score,0.4545454545,0
M39,test,cycle,133_2p3_Tc_mc_AKGC417L__3,wheeze_score,0.2917152859,0
M39,test,cycle,133_2p3_Tc_mc_AKGC417L__4,wheeze_score,0.3929121726,0
M39,test,cycle,133_2p3_Tc_mc_AKGC417L__5,wheeze_score,0.5018587361,0
M39,test,cycle,133_2p3_Tc_mc_AKGC417L__6,wheeze_score,0.525508247,0
M39,test,cycle,133_2p3_Tc_mc_AKGC417L__7,wheeze_score,0.2519832011,0
M39,test,cycle,133_2p4_Al_mc_AKGC417L__0,wheeze_score,0.7475884244,0
M39,test,cycle,133_2p4_Al_mc_AKGC417L__1,wheeze_score,0.8231321233,0
M39,test,cycle,133_2p4_Al_mc_AKGC417L__2,wheeze_score,0.823817292,0
M39,test,cycle,133_2p4_Al_mc_AKGC417L__3,wheeze_score,0.6652806653,0
M39,test,cycle,133_2p4_Al_mc_AKGC417L__4,wheeze_score,0.7559848803,0
M39,test,cycle,133_2p4_Al_mc_AKGC417L__5,wheeze_score,0.6987399771,1
M39,test,cycle,133_2p4_Al_mc_AKGC417L__6,wheeze_score,0.8678343949,1
M39,test,cycle,133_2p4_Al_mc_AKGC417L__7,wheeze_score,0.7640067912,0
M39,test,cycle,133_2p4_Ar_mc_AKGC417L__0,wheeze_score,0.6189710611,0
M39,test,cycle,133_2p4_Ar_mc_AKGC417L__1,wheeze_score,0.4010130857,0
M39,test,cycle,133_2p4_Ar_mc_AKGC417L__2,wheeze_score,0.7381729201,0
M39,test,cycle,133_2p4_Ar_mc_AKGC417L__3,wheeze_score,0.5280665281,0
M39,test,cycle,133_2p4_Ar_mc_AKGC417L__4,wheeze_score,0.6257874843,0
M39,test,cycle,133_2p4_Ar_mc_AKGC417L__5,wheeze_score,0.4810996564,0
M39,test,cycle,133_2p4_Ar_mc_AKGC417L__6,wheeze_score,0.6289808917,0
M39,test,cycle,133_2p4_Ar_mc_AKGC417L__7,wheeze_score,0.3735144312,0
M39,test,cycle,133_2p4_Pl_mc_AKGC417L__0,wheeze_score,0.5426045016,0
M39,test,cycle,133_2p4_Pl_mc_AKGC417L__1,wheeze_score,0.3799071338,0
M39,test,cycle,133_2p4_Pl_mc_AKGC417L__2,wheeze_score,0.6810766721,0
M39,test,cycle,133_2p4_Pl_mc_AKGC417L__3,wheeze_score,0.3534303534,0
M39,test,cycle,133_2p4_Pl_mc_AKGC417L__4,wheeze_score,0.6047879042,0
M39,test,cycle,133_2p4_Pl_mc_AKGC417L__5,wheeze_score,0.618556701,0
M39,test,cycle,133_2p4_Pl_mc_AKGC417L__6,wheeze_score,0.7842356688,0
M39,test,cycle,133_2p4_Pl_mc_AKGC417L__7,wheeze_score,0.2716468591,0
M39,test,cycle,133_2p4_Pr_mc_AKGC417L__0,wheeze_score,0.5225080386,0
M39,test,cycle,133_2p4_Pr_mc_AKGC417L__1,wheeze_score,0.4347826087,0
M39,test,cycle,133_2p4_Pr_mc_AKGC417L__2,wheeze_score,0.4159869494,0
M39,test,cycle,133_2p4_Pr_mc_AKGC417L__3,wheeze_score,0.5654885655,0
M39,test,cycle,133_2p4_Pr_mc_AKGC417L__4,wheeze_score,0.8777824444,0
M39,test,cycle,133_2p4_Pr_mc_AKGC417L__5,wheeze_score,0.4963726613,0
M39,test,cycle,133_2p4_Pr_mc_AKGC417L__6,wheeze_score,0.5891719745,0
M39,test,cycle,133_2p4_Pr_mc_AKGC417L__7,wheeze_score,0.3225806452,0
M39,test,cycle,133_2p4_Tc_mc_AKGC417L__0,wheeze_score,0.3778135048,0
M39,test,cycle,133_2p4_Tc_mc_AKGC417L__1,wheeze_score,0.2743773744,0
M39,test,cycle,133_2p4_Tc_mc_AKGC417L__2,wheeze_score,0.2324632953,0
M39,test,cycle,133_2p4_Tc_mc_AKGC417L__3,wheeze_score,0.2536382536,0
M39,test,cycle,133_2p4_Tc_mc_AKGC417L__4,wheeze_score,0.3065938681,0
M39,test,cycle,133_2p4_Tc_mc_AKGC417L__5,wheeze_score,0.301641848,1
M39,test,cycle,133_2p4_Tc_mc_AKGC417L__6,wheeze_score,0.2428343949,1
M39,test,cycle,133_2p4_Tc_mc_AKGC417L__7,wheeze_score,0.1273344652,0
M39,test,cycle,133_3p2_Al_mc_AKGC417L__0,wheeze_score,0.5349182764,0
M39,test,cycle,133_3p2_Al_mc_AKGC417L__1,wheeze_score,0.7792207792,1
M39,test,cycle,133_3p2_Al_mc_AKGC417L__2,wheeze_score,0.7204923968,0
M39,test,cycle,133_3p2_Al_mc_AKGC417L__3,wheeze_score,0.8484592655,1
M39,test,cycle,133_3p2_Al_mc_AKGC417L__4,wheeze_score,0.8567828643,1
M39,test,cycle,133_3p2_Al_mc_AKGC417L__5,wheeze_score,0.7351225204,1
M39,test,cycle,133_3p2_Al_mc_AKGC417L__6,wheeze_score,0.8151502676,1
M39,test,cycle,133_3p2_Al_mc_AKGC417L__7,wheeze_score,0.7094728498,1
M39,test,cycle,133_3p2_Ar_mc_AKGC417L__0,wheeze_score,0.5200594354,0
M39,test,cycle,133_3p2_Ar_mc_AKGC417L__1,wheeze_score,0.7954545455,1
M39,test,cycle,133_3p2_Ar_mc_AKGC417L__2,wheeze_score,0.6734250543,1
M39,test,cycle,133_3p2_Ar_mc_AKGC417L__3,wheeze_score,0.8146897425,1
M39,test,cycle,133_3p2_Ar_mc_AKGC417L__4,wheeze_score,0.8147837043,1
M39,test,cycle,133_3p2_Ar_mc_AKGC417L__5,wheeze_score,0.8362504862,1
M39,test,cycle,133_3p2_Ar_mc_AKGC417L__6,wheeze_score,0.7945656649,1
M39,test,cycle,133_3p2_Ar_mc_AKGC417L__7,wheeze_score,0.7332540626,0
M39,test,cycle,133_3p2_Pl_mc_AKGC417L__0,wheeze_score,0.2971768202,1
M39,test,cycle,133_3p2_Pl_mc_AKGC417L__1,wheeze_score,0.661525974,1
M39,test,cycle,133_3p2_Pl_mc_AKGC417L__2,wheeze_score,0.3946415641,0
M39,test,cycle,133_3p2_Pl_mc_AKGC417L__3,wheeze_score,0.4812157028,1
M39,test,cycle,133_3p2_Pl_mc_AKGC417L__4,wheeze_score,0.6131877362,0
M39,test,cycle,133_3p2_Pl_mc_AKGC417L__5,wheeze_score,0.295604823,1
M39,test,cycle,133_3p2_Pl_mc_AKGC417L__6,wheeze_score,0.3622890078,1
M39,test,cycle,133_3p2_Pl_mc_AKGC417L__7,wheeze_score,0.4637336504,0
M39,test,cycle,133_3p2_Pr_mc_AKGC417L__0,wheeze_score,0.4086181278,1
M39,test,cycle,133_3p2_Pr_mc_AKGC417L__1,wheeze_score,0.3165584416,1
M39,test,cycle,133_3p2_Pr_mc_AKGC417L__2,wheeze_score,0.2932657495,1
M39,test,cycle,133_3p2_Pr_mc_AKGC417L__3,wheeze_score,0.4010130857,1
M39,test,cycle,133_3p2_Pr_mc_AKGC417L__4,wheeze_score,0.3989920202,1
M39,test,cycle,133_3p2_Pr_mc_AKGC417L__5,wheeze_score,0.536756126,1
M39,test,cycle,133_3p2_Pr_mc_AKGC417L__6,wheeze_score,0.4034582133,1
M39,test,cycle,133_3p2_Pr_mc_AKGC417L__7,wheeze_score,0.5786761792,1
M39,test,cycle,133_3p4_Tc_mc_AKGC417L__0,wheeze_score,0.2757432141,1
M39,test,cycle,133_3p4_Tc_mc_AKGC417L__1,wheeze_score,0.2850539291,0
M39,test,cycle,133_3p4_Tc_mc_AKGC417L__2,wheeze_score,0.2009646302,1
M39,test,cycle,133_3p4_Tc_mc_AKGC417L__3,wheeze_score,0.2671312427,1
M39,test,cycle,133_3p4_Tc_mc_AKGC417L__4,wheeze_score,0.3593815295,1
M39,test,cycle,133_3p4_Tc_mc_AKGC417L__5,wheeze_score,0.3716608595,1
M39,test,cycle,133_3p4_Tc_mc_AKGC417L__6,wheeze_score,0.2697495183,1
M39,test,cycle,133_3p4_Tc_mc_AKGC417L__7,wheeze_score,0.36,0
M39,test,cycle,136_1b1_Ar_sc_Meditron__0,wheeze_score,0.4339710686,0
M39,test,cycle,136_1b1_Ar_sc_Meditron__1,wheeze_score,0.4062229905,0
M39,test,cycle,136_1b1_Ar_sc_Meditron__2,wheeze_score,0.4573885848,0
M39,test,cycle,136_1b1_Ar_sc_Meditron__3,wheeze_score,0.5949656751,0
M39,test,cycle,136_1b1_Ar_sc_Meditron__4,wheeze_score,0.3381869422,0
M39,test,cycle,136_1b1_Ar_sc_Meditron__5,wheeze_score,0.347826087,0
M39,test,cycle,136_1b1_Ar_sc_Meditron__6,wheeze_score,0.4417670683,0
M39,test,cycle,136_1b1_Ar_sc_Meditron__7,wheeze_score,0.4175634955,0
M39,test,cycle,136_1b1_Ar_sc_Meditron__8,wheeze_score,0.3810454323,0
M39,test,cycle,139_1b1_Al_sc_Litt3200__0,wheeze_score,0.6198118428,0
M39,test,cycle,139_1b1_Al_sc_Litt3200__1,wheeze_score,0.3905338003,0
M39,test,cycle,139_1b1_Al_sc_Litt3200__2,wheeze_score,0.5921296106,0
M39,test,cycle,139_1b1_Al_sc_Litt3200__3,wheeze_score,0.6235448932,0
M39,test,cycle,139_1b1_Al_sc_Litt3200__4,wheeze_score,0.5150360017,0
M39,test,cycle,139_1b1_Al_sc_Litt3200__5,wheeze_score,0.3796677907,0
M39,test,cycle,139_1b1_Al_sc_Litt3200__6,wheeze_score,0.7426054122,0
M39,test,cycle,139_1b1_Al_sc_Litt3200__7,wheeze_score,0.7301808067,0
M39,test,cycle,139_1b1_Al_sc_Litt3200__8,wheeze_score,0.6404302127,0
M39,test,cycle,139_1b1_Al_sc_Litt3200__9,wheeze_score,0.5830258303,0
M39,test,cycle,139_1b1_Ar_sc_Litt3200__0,wheeze_score,0.514042906,0
M39,test,cycle,139_1b1_Ar_sc_Litt3200__1,wheeze_score,0.4243478261,0
M39,test,cycle,139_1b1_Ar_sc_Litt3200__2,wheeze_score,0.5338523565,0
M39,test,cycle,139_1b1_Ar_sc_Litt3200__3,wheeze_score,0.4400057895,0
M39,test,cycle,139_1b1_Ar_sc_Litt3200__4,wheeze_score,0.4960826804,0
M39,test,cycle,139_1b1_Ar_sc_Litt3200__5,wheeze_score,0.2591710338,0
M39,test,cycle,139_1b1_Ar_sc_Litt3200__6,wheeze_score,0.3425655977,0
M39,test,cycle,139_1b1_Ar_sc_Litt3200__7,wheeze_score,0.6944444444,0
M39,test,cycle,139_1b1_Ar_sc_Litt3200__8,wheeze_score,0.5189094107,0
M39,test,cycle,139_1b1_Ll_sc_Litt3200__0,wheeze_score,0.4248458985,1
M39,test,cycle,139_1b1_Ll_sc_Litt3200__1,wheeze_score,0.3774394167,0
M39,test,cycle,139_1b1_Ll_sc_Litt3200__2,wheeze_score,0.4819740426,0
M39,test,cycle,139_1b1_Ll_sc_Litt3200__3,wheeze_score,0.4065578335,0
M39,test,cycle,139_1b1_Ll_sc_Litt3200__4,wheeze_score,0.4035175046,0
M39,test,cycle,139_1b1_Ll_sc_Litt3200__5,wheeze_score,0.4643527205,0
M39,test,cycle,139_1b1_Ll_sc_Litt3200__6,wheeze_score,0.5680496316,0
M39,test,cycle,139_1b1_Ll_sc_Litt3200__7,wheeze_score,0.7719145225,0
M39,test,cycle,139_1b1_Lr_sc_Litt3200__0,wheeze_score,0.5316973415,0
M39,test,cycle,139_1b1_Lr_sc_Litt3200__1,wheeze_score,0.5456000557,0
M39,test,cycle,139_1b1_Lr_sc_Litt3200__2,wheeze_score,0.5761399966,0
M39,test,cycle,139_1b1_Lr_sc_Litt3200__3,wheeze_score,0.6451612903,0
M39,test,cycle,139_1b1_Lr_sc_Litt3200__4,wheeze_score,0.8368434266,0
M39,test,cycle,139_1b1_Lr_sc_Litt3200__5,wheeze_score,0.7727620505,0
M39,test,cycle,139_1b1_Pl_sc_Litt3200__0,wheeze_score,0.4818609803,1
M39,test,cycle,139_1b1_Pl_sc_Litt3200__1,wheeze_score,0.6540070808,1
M39,test,cycle,139_1b1_Pl_sc_Litt3200__2,wheeze_score,0.5973607982,1
M39,test,cycle,139_1b1_Pl_sc_Litt3200__3,wheeze_score,0.8304726334,0
M39,test,cycle,139_1b1_Pl_sc_Litt3200__4,wheeze_score,0.5551070883,0
M39,test,cycle,139_1b1_Pl_sc_Litt3200__5,wheeze_score,0.965679677,0
M39,test,cycle,139_1b1_Pr_sc_Litt3200__0,wheeze_score,0.6534392385,0
M39,test,cycle,139_1b1_Pr_sc_Litt3200__1,wheeze_score,0.7483451583,0
M39,test,cycle,139_1b1_Pr_sc_Litt3200__2,wheeze_score,0.8031631425,1
M39,test,cycle,139_1b1_Pr_sc_Litt3200__3,wheeze_score,0.7771623349,1
M39,test,cycle,139_1b1_Pr_sc_Litt3200__4,wheeze_score,0.7216434848,1
M39,test,cycle,139_1b1_Pr_sc_Litt3200__5,wheeze_score,0.8400141894,1
M39,test,cycle,139_1b1_Pr_sc_Litt3200__6,wheeze_score,0.7729087593,0
M39,test,cycle,143_1b1_Al_sc_Meditron__0,wheeze_score,0.5013192612,0
M39,test,cycle,143_1b1_Al_sc_Meditron__1,wheeze_score,0.3889369058,0
M39,test,cycle,143_1b1_Al_sc_Meditron__2,wheeze_score,0.4384615385,0
M39,test,cycle,143_1b1_Al_sc_Meditron__3,wheeze_score,0.2773925104,0
M39,test,cycle,143_1b1_Al_sc_Meditron__4,wheeze_score,0.2574416734,0
M39,test,cycle,143_1b1_Al_sc_Meditron__5,wheeze_score,0.1399176955,0
M39,test,cycle,143_1b1_Al_sc_Meditron__6,wheeze_score,0.7066246057,0
M39,test,cycle,143_1b1_Al_sc_Meditron__7,wheeze_score,0.3605514316,0
M39,test,cycle,143_1b1_Al_sc_Meditron__8,wheeze_score,0.306345733,0
M39,test,cycle,143_1b1_Al_sc_Meditron__9,wheeze_score,0.2129817444,0
M39,test,cycle,143_1b1_Al_sc_Meditron__10,wheeze_score,0.2272727273,0
M39,test,cycle,143_1b1_Al_sc_Meditron__11,wheeze_score,0.3,0
M39,test,cycle,143_1b1_Al_sc_Meditron__12,wheeze_score,0.6841686555,0
M39,test,cycle,143_1b1_Al_sc_Meditron__13,wheeze_score,0.1062887511,0
M39,test,cycle,143_1b1_Al_sc_Meditron__14,wheeze_score,0.407523511,0
M39,test,cycle,143_1b1_Al_sc_Meditron__15,wheeze_score,0.2,0
M39,test,cycle,143_1b1_Al_sc_Meditron__16,wheeze_score,0.4490106545,0
M39,test,cycle,143_1b1_Al_sc_Meditron__17,wheeze_score,0,0
M39,test,cycle,144_1b1_Al_sc_Meditron__0,wheeze_score,0.5814401232,0
M39,test,cycle,144_1b1_Al_sc_Meditron__1,wheeze_score,0.6551410373,0
M39,test,cycle,144_1b1_Al_sc_Meditron__2,wheeze_score,0.7057654076,0
M39,test,cycle,144_1b1_Al_sc_Meditron__3,wheeze_score,0.7581573896,0
M39,test,cycle,144_1b1_Al_sc_Meditron__4,wheeze_score,0.6569343066,0
M39,test,cycle,144_1b1_Al_sc_Meditron__5,wheeze_score,0.4433887569,0
M39,test,cycle,144_1b1_Al_sc_Meditron__6,wheeze_score,0.6669888835,0
M39,test,cycle,144_1b1_Al_sc_Meditron__7,wheeze_score,0.6815286624,0
M39,test,cycle,144_1b1_Al_sc_Meditron__8,wheeze_score,0.634696756,0
M39,test,cycle,144_1b1_Al_sc_Meditron__9,wheeze_score,0.4222821204,0
M39,test,cycle,144_1b1_Tc_sc_Meditron__0,wheeze_score,0.6369426752,0
M39,test,cycle,144_1b1_Tc_sc_Meditron__1,wheeze_score,0.335,0
M39,test,cycle,144_1b1_Tc_sc_Meditron__2,wheeze_score,0.3757076686,0
M39,test,cycle,144_1b1_Tc_sc_Meditron__3,wheeze_score,0.492860433,0
M39,test,cycle,144_1b1_Tc_sc_Meditron__4,wheeze_score,0.7296296296,0
M39,test,cycle,144_1b1_Tc_sc_Meditron__5,wheeze_score,0.6787521079,0
M39,test,cycle,144_1b1_Tc_sc_Meditron__6,wheeze_score,0.7526315789,0
M39,test,cycle,144_1b1_Tc_sc_Meditron__7,wheeze_score,0.7450393111,0
M39,test,cycle,144_1b1_Tc_sc_Meditron__8,wheeze_score,0.4650047939,0
M39,test,cycle,144_1b1_Tc_sc_Meditron__9,wheeze_score,0.5866666667,0
M39,test,cycle,145_2b2_Al_mc_AKGC417L__0,wheeze_score,0.7753941587,0
M39,test,cycle,145_2b2_Al_mc_AKGC417L__1,wheeze_score,0.8372213582,0
M39,test,cycle,145_2b2_Al_mc_AKGC417L__2,wheeze_score,0.8885298869,0
M39,test,cycle,145_2b2_Al_mc_AKGC417L__3,wheeze_score,0.8970702619,0
M39,test,cycle,145_2b2_Al_mc_AKGC417L__4,wheeze_score,0.9638554217,0
M39,test,cycle,145_2b2_Ar_mc_AKGC417L__0,wheeze_score,0.9201344017,0
M39,test,cycle,145_2b2_Ar_mc_AKGC417L__1,wheeze_score,0.7827890098,0
M39,test,cycle,145_2b2_Ar_mc_AKGC417L__2,wheeze_score,0.9262250942,0
M39,test,cycle,145_2b2_Ar_mc_AKGC417L__3,wheeze_score,0.7389162562,0
M39,test,cycle,145_2b2_Ar_mc_AKGC417L__4,wheeze_score,0.9801367633,0
M39,test,cycle,145_2b2_Lr_mc_AKGC417L__0,wheeze_score,0.6048074438,0
M39,test,cycle,145_2b2_Lr_mc_AKGC417L__1,wheeze_score,0.5158113012,0
M39,test,cycle,145_2b2_Lr_mc_AKGC417L__2,wheeze_score,0.5950457728,0
M39,test,cycle,145_2b2_Lr_mc_AKGC417L__3,wheeze_score,0.5548353643,0
M39,test,cycle,145_2b2_Lr_mc_AKGC417L__4,wheeze_score,0.6252035168,0
M39,test,cycle,145_2b2_Pr_mc_AKGC417L__0,wheeze_score,0.6125613854,0
M39,test,cycle,145_2b2_Pr_mc_AKGC417L__1,wheeze_score,0.6143079316,0
M39,test,cycle,145_2b2_Pr_mc_AKGC417L__2,wheeze_score,0.5035002693,0
M39,test,cycle,145_2b2_Pr_mc_AKGC417L__3,wheeze_score,0.5522426757,0
M39,test,cycle,145_2b2_Pr_mc_AKGC417L__4,wheeze_score,0.5307717356,0
M39,test,cycle,145_3b2_Ar_mc_AKGC417L__0,wheeze_score,0.7211538462,0
M39,test,cycle,145_3b2_Ar_mc_AKGC417L__1,wheeze_score,0.7115384615,0
M39,test,cycle,145_3b2_Ar_mc_AKGC417L__2,wheeze_score,0.7558139535,0
M39,test,cycle,145_3b2_Ar_mc_AKGC417L__3,wheeze_score,0.7485875706,0
M39,test,cycle,145_3b2_Ar_mc_AKGC417L__4,wheeze_score,0.7588617074,0
M39,test,cycle,145_3b2_Ar_mc_AKGC417L__5,wheeze_score,0.7547169811,0
M39,test,cycle,145_3b2_Lr_mc_AKGC417L__0,wheeze_score,0.4807692308,0
M39,test,cycle,145_3b2_Lr_mc_AKGC417L__1,wheeze_score,0.9423076923,0
M39,test,cycle,145_3b2_Lr_mc_AKGC417L__2,wheeze_score,0.8594539939,0
M39,test,cycle,145_3b2_Lr_mc_AKGC417L__3,wheeze_score,0.8898305085,0
M39,test,cycle,145_3b2_Lr_mc_AKGC417L__4,wheeze_score,0.8861707439,0
M39,test,cycle,145_3b2_Lr_mc_AKGC417L__5,wheeze_score,0.9515996719,0
M39,test,cycle,145_3b4_Pl_mc_AKGC417L__0,wheeze_score,0.799665645,0
M39,test,cycle,145_3b4_Pl_mc_AKGC417L__1,wheeze_score,0.7479674797,0
M39,test,cycle,145_3b4_Pl_mc_AKGC417L__2,wheeze_score,0.9011396766,0
M39,test,cycle,145_3b4_Pl_mc_AKGC417L__3,wheeze_score,0.6789953078,0
M39,test,cycle,145_3b4_Pl_mc_AKGC417L__4,wheeze_score,0.8693098385,0
M39,test,cycle,146_2b2_Pl_mc_AKGC417L__0,wheeze_score,0.3113685735,0
M39,test,cycle,146_2b2_Pl_mc_AKGC417L__1,wheeze_score,0.5374001452,0
M39,test,cycle,146_2b2_Pl_mc_AKGC417L__2,wheeze_score,0.568383659,1
M39,test,cycle,146_2b2_Pl_mc_AKGC417L__3,wheeze_score,0.5299145299,1
M39,test,cycle,146_2b2_Pl_mc_AKGC417L__4,wheeze_score,0.6237707221,1
M39,test,cycle,146_2b4_Al_mc_AKGC417L__0,wheeze_score,0.7644683715,0
M39,test,cycle,146_2b4_Al_mc_AKGC417L__1,wheeze_score,0.7351010764,0
M39,test,cycle,146_2b4_Al_mc_AKGC417L__2,wheeze_score,0.8104125737,0
M39,test,cycle,146_2b4_Al_mc_AKGC417L__3,wheeze_score,0.7954843791,0
M39,test,cycle,146_2b4_Al_mc_AKGC417L__4,wheeze_score,0.6820072082,0
M39,test,cycle,146_2b4_Al_mc_AKGC417L__5,wheeze_score,0.6559263521,0
M39,test,cycle,146_2b4_Ar_mc_AKGC417L__0,wheeze_score,0.4760601915,0
M39,test,cycle,146_2b4_Ar_mc_AKGC417L__1,wheeze_score,0.6843800322,0
M39,test,cycle,146_2b4_Ar_mc_AKGC417L__2,wheeze_score,0.5144771476,0
M39,test,cycle,146_2b4_Ar_mc_AKGC417L__3,wheeze_score,0.5352411235,0
M39,test,cycle,146_2b4_Ar_mc_AKGC417L__4,wheeze_score,0.3887982599,0
M39,test,cycle,146_2b4_Ar_mc_AKGC417L__5,wheeze_score,0.4313280363,0
M39,test,cycle,146_2b4_Ll_mc_AKGC417L__0,wheeze_score,0.4807413843,0
M39,test,cycle,146_2b4_Ll_mc_AKGC417L__1,wheeze_score,0.51,0
M39,test,cycle,146_2b4_Ll_mc_AKGC417L__2,wheeze_score,0.6929212363,0
M39,test,cycle,146_2b4_Ll_mc_AKGC417L__3,wheeze_score,0.4014869888,0
M39,test,cycle,146_2b4_Ll_mc_AKGC417L__4,wheeze_score,0.5239811478,0
M39,test,cycle,146_2b4_Ll_mc_AKGC417L__5,wheeze_score,0.28,0
M39,test,cycle,146_2b4_Lr_mc_AKGC417L__0,wheeze_score,0.3169872663,0
M39,test,cycle,146_2b4_Lr_mc_AKGC417L__1,wheeze_score,0.4253056885,0
M39,test,cycle,146_2b4_Lr_mc_AKGC417L__2,wheeze_score,0.3436754177,0
M39,test,cycle,146_2b4_Lr_mc_AKGC417L__3,wheeze_score,0.3275224511,0
M39,test,cycle,146_2b4_Lr_mc_AKGC417L__4,wheeze_score,0.5460655279,0
M39,test,cycle,146_2b4_Lr_mc_AKGC417L__5,wheeze_score,0.6270996641,0
M39,test,cycle,146_2b4_Pr_mc_AKGC417L__0,wheeze_score,0.8342792281,0
M39,test,cycle,146_2b4_Pr_mc_AKGC417L__1,wheeze_score,0.7725,0
M39,test,cycle,146_2b4_Pr_mc_AKGC417L__2,wheeze_score,0.7259663033,0
M39,test,cycle,146_2b4_Pr_mc_AKGC417L__3,wheeze_score,0.5574456948,0
M39,test,cycle,146_2b4_Pr_mc_AKGC417L__4,wheeze_score,0.7426411018,0
M39,test,cycle,146_2b4_Pr_mc_AKGC417L__5,wheeze_score,0.7911001236,0
M39,test,cycle,146_8p3_Al_mc_AKGC417L__0,wheeze_score,0.927384077,0
M39,test,cycle,146_8p3_Al_mc_AKGC417L__1,wheeze_score,0.865880619,0
M39,test,cycle,146_8p3_Al_mc_AKGC417L__2,wheeze_score,0.7863444572,0
M39,test,cycle,146_8p3_Al_mc_AKGC417L__3,wheeze_score,0.88,0
M39,test,cycle,146_8p3_Al_mc_AKGC417L__4,wheeze_score,0.7540983607,0
M39,test,cycle,146_8p3_Al_mc_AKGC417L__5,wheeze_score,0.7817337461,0
M39,test,cycle,146_8p3_Al_mc_AKGC417L__6,wheeze_score,0.7475884244,0
M39,test,cycle,146_8p3_Al_mc_AKGC417L__7,wheeze_score,0.824044586,0
M39,test,cycle,146_8p3_Al_mc_AKGC417L__8,wheeze_score,0.6142241379,0
M39,test,cycle,146_8p3_Ar_mc_AKGC417L__0,wheeze_score,0.7736389685,0
M39,test,cycle,146_8p3_Ar_mc_AKGC417L__1,wheeze_score,0.7316162747,0
M39,test,cycle,146_8p3_Ar_mc_AKGC417L__2,wheeze_score,0.9330855019,0
M39,test,cycle,146_8p3_Ar_mc_AKGC417L__3,wheeze_score,0.689511074,0
M39,test,cycle,146_8p3_Ar_mc_AKGC417L__4,wheeze_score,0.712,0
M39,test,cycle,146_8p3_Ar_mc_AKGC417L__5,wheeze_score,0.7970451011,0
M39,test,cycle,146_8p3_Ar_mc_AKGC417L__6,wheeze_score,0.7794173288,0
M39,test,cycle,146_8p3_Ar_mc_AKGC417L__7,wheeze_score,0.7221006565,0
M39,test,cycle,146_8p3_Ar_mc_AKGC417L__8,wheeze_score,0.6504065041,0
M39,test,cycle,146_8p3_Lr_mc_AKGC417L__0,wheeze_score,0.1482213439,0
M39,test,cycle,146_8p3_Lr_mc_AKGC417L__1,wheeze_score,0.1792382375,1
M39,test,cycle,146_8p3_Lr_mc_AKGC417L__2,wheeze_score,0.3168754606,1
M39,test,cycle,146_8p3_Lr_mc_AKGC417L__3,wheeze_score,0.1328125,1
M39,test,cycle,146_8p3_Lr_mc_AKGC417L__4,wheeze_score,0.04296875,1
M39,test,cycle,146_8p3_Lr_mc_AKGC417L__5,wheeze_score,0.169628433,1
M39,test,cycle,146_8p3_Lr_mc_AKGC417L__6,wheeze_score,0.2579034942,1
M39,test,cycle,146_8p3_Lr_mc_AKGC417L__7,wheeze_score,0.3486529319,1
M39,test,cycle,146_8p3_Lr_mc_AKGC417L__8,wheeze_score,0.4870466321,1
M39,test,cycle,146_8p3_Pl_mc_AKGC417L__0,wheeze_score,0.6196943973,0
M39,test,cycle,146_8p3_Pl_mc_AKGC417L__1,wheeze_score,0.5759940543,0
M39,test,cycle,146_8p3_Pl_mc_AKGC417L__2,wheeze_score,0.316914853,0
M39,test,cycle,146_8p3_Pl_mc_AKGC417L__3,wheeze_score,0.2733118971,0
M39,test,cycle,146_8p3_Pl_mc_AKGC417L__4,wheeze_score,0.3483606557,0
M39,test,cycle,146_8p3_Pl_mc_AKGC417L__5,wheeze_score,0.4141104294,0
M39,test,cycle,146_8p3_Pl_mc_AKGC417L__6,wheeze_score,0.498392283,0
M39,test,cycle,146_8p3_Pl_mc_AKGC417L__7,wheeze_score,0.4501607717,0
M39,test,cycle,146_8p3_Pl_mc_AKGC417L__8,wheeze_score,0.1637554585,0
M39,test,cycle,146_8p3_Pr_mc_AKGC417L__0,wheeze_score,0.5367965368,0
M39,test,cycle,146_8p3_Pr_mc_AKGC417L__1,wheeze_score,0.4313578395,0
M39,test,cycle,146_8p3_Pr_mc_AKGC417L__2,wheeze_score,0.4833141542,0
M39,test,cycle,146_8p3_Pr_mc_AKGC417L__3,wheeze_score,0.3359278984,0
M39,test,cycle,146_8p3_Pr_mc_AKGC417L__4,wheeze_score,0.3714647531,0
M39,test,cycle,146_8p3_Pr_mc_AKGC417L__5,wheeze_score,0.3926187672,0
M39,test,cycle,146_8p3_Pr_mc_AKGC417L__6,wheeze_score,0.3207331042,0
M39,test,cycle,146_8p3_Pr_mc_AKGC417L__7,wheeze_score,0.3908668731,0
M39,test,cycle,146_8p3_Pr_mc_AKGC417L__8,wheeze_score,0.3404255319,0
M39,test,cycle,147_1b2_Tc_mc_AKGC417L__0,wheeze_score,0.2280974598,0
M39,test,cycle,147_1b2_Tc_mc_AKGC417L__1,wheeze_score,0.06365740741,0
M39,test,cycle,147_1b2_Tc_mc_AKGC417L__2,wheeze_score,0.4143019296,0
M39,test,cycle,147_1b2_Tc_mc_AKGC417L__3,wheeze_score,0.2035749752,0
M39,test,cycle,147_1b2_Tc_mc_AKGC417L__4,wheeze_score,0.1604584527,0
M39,test,cycle,147_1b2_Tc_mc_AKGC417L__5,wheeze_score,0.06981740064,0
M39,test,cycle,147_1b2_Tc_mc_AKGC417L__6,wheeze_score,0.08182349503,0
M39,test,cycle,147_1b2_Tc_mc_AKGC417L__7,wheeze_score,0.07203667322,1
M39,test,cycle,147_1b2_Tc_mc_AKGC417L__8,wheeze_score,0,1
M39,test,cycle,147_1b2_Tc_mc_AKGC417L__9,wheeze_score,0.06406149904,1
M39,test,cycle,147_1b2_Tc_mc_AKGC417L__10,wheeze_score,0,1
M39,test,cycle,147_1b2_Tc_mc_AKGC417L__11,wheeze_score,0.162601626,0
M39,test,cycle,147_1b3_Tc_mc_AKGC417L__0,wheeze_score,0.3005181347,0
M39,test,cycle,147_1b3_Tc_mc_AKGC417L__1,wheeze_score,0.1968288682,0
M39,test,cycle,147_1b3_Tc_mc_AKGC417L__2,wheeze_score,0.2276422764,0
M39,test,cycle,147_1b3_Tc_mc_AKGC417L__3,wheeze_score,0.2418879056,0
M39,test,cycle,147_1b3_Tc_mc_AKGC417L__4,wheeze_score,0.156838143,0
M39,test,cycle,147_1b3_Tc_mc_AKGC417L__5,wheeze_score,0.3444505194,0
M39,test,cycle,147_1b3_Tc_mc_AKGC417L__6,wheeze_score,0.3848238482,0
M39,test,cycle,147_1b3_Tc_mc_AKGC417L__7,wheeze_score,0.2331606218,0
M39,test,cycle,147_1b3_Tc_mc_AKGC417L__8,wheeze_score,0.3699897225,0
M39,test,cycle,147_1b3_Tc_mc_AKGC417L__9,wheeze_score,0.2176165803,0
M39,test,cycle,147_1b3_Tc_mc_AKGC417L__10,wheeze_score,0.1943005181,0
M39,test,cycle,147_1b4_Tc_mc_AKGC417L__0,wheeze_score,0.1840490798,1
M39,test,cycle,147_1b4_Tc_mc_AKGC417L__1,wheeze_score,0.2005899705,1
M39,test,cycle,147_1b4_Tc_mc_AKGC417L__2,wheeze_score,0.1090116279,0
M39,test,cycle,147_1b4_Tc_mc_AKGC417L__3,wheeze_score,0.09411764706,1
M39,test,cycle,147_1b4_Tc_mc_AKGC417L__4,wheeze_score,0.1192250373,1
M39,test,cycle,147_1b4_Tc_mc_AKGC417L__5,wheeze_score,0.0773993808,1
M39,test,cycle,147_1b4_Tc_mc_AKGC417L__6,wheeze_score,0.1021276596,1
M39,test,cycle,147_1b4_Tc_mc_AKGC417L__7,wheeze_score,0.1047542305,1
M39,test,cycle,147_1b4_Tc_mc_AKGC417L__8,wheeze_score,0.1324503311,1
M39,test,cycle,147_1b4_Tc_mc_AKGC417L__9,wheeze_score,0.1545253863,0
M39,test,cycle,147_1b4_Tc_mc_AKGC417L__10,wheeze_score,0.1604278075,1
M39,test,cycle,147_1b4_Tc_mc_AKGC417L__11,wheeze_score,0.09235936188,0
M39,test,cycle,147_1b4_Tc_mc_AKGC417L__12,wheeze_score,0.1111993646,0
M39,test,cycle,147_1b4_Tc_mc_AKGC417L__13,wheeze_score,0.09669621273,1
M39,test,cycle,147_1b4_Tc_mc_AKGC417L__14,wheeze_score,0,0
M39,test,cycle,147_2b2_Al_mc_AKGC417L__0,wheeze_score,0.7231852654,1
M39,test,cycle,147_2b2_Al_mc_AKGC417L__1,wheeze_score,0.8719027583,1
M39,test,cycle,147_2b2_Al_mc_AKGC417L__2,wheeze_score,0.7358916479,1
M39,test,cycle,147_2b2_Al_mc_AKGC417L__3,wheeze_score,0.7368850786,0
M39,test,cycle,147_2b2_Al_mc_AKGC417L__4,wheeze_score,0.7268623025,0
M39,test,cycle,147_2b2_Ar_mc_AKGC417L__0,wheeze_score,0.8044420368,1
M39,test,cycle,147_2b2_Ar_mc_AKGC417L__1,wheeze_score,0.7807386629,1
M39,test,cycle,147_2b2_Ar_mc_AKGC417L__2,wheeze_score,0.841986456,1
M39,test,cycle,147_2b2_Ar_mc_AKGC417L__3,wheeze_score,0.7001428863,0
M39,test,cycle,147_2b2_Ar_mc_AKGC417L__4,wheeze_score,0.6952595937,0
M39,test,cycle,147_2b2_Pl_mc_AKGC417L__0,wheeze_score,0.7069339112,0
M39,test,cycle,147_2b2_Pl_mc_AKGC417L__1,wheeze_score,0.7480130902,1
M39,test,cycle,147_2b2_Pl_mc_AKGC417L__2,wheeze_score,0.6704288939,1
M39,test,cycle,147_2b2_Pl_mc_AKGC417L__3,wheeze_score,0.6674831598,1
M39,test,cycle,147_2b2_Pl_mc_AKGC417L__4,wheeze_score,0.7584650113,0
M39,test,cycle,147_2b3_Al_mc_AKGC417L__0,wheeze_score,0.7832278481,0
M39,test,cycle,147_2b3_Al_mc_AKGC417L__1,wheeze_score,0.8353688324,1
M39,test,cycle,147_2b3_Al_mc_AKGC417L__2,wheeze_score,0.7007203667,0
M39,test,cycle,147_2b3_Al_mc_AKGC417L__3,wheeze_score,0.6273721813,1
M39,test,cycle,147_2b3_Al_mc_AKGC417L__4,wheeze_score,0.8382449247,0
M39,test,cycle,147_2b3_Ar_mc_AKGC417L__0,wheeze_score,0.6540084388,0
M39,test,cycle,147_2b3_Ar_mc_AKGC417L__1,wheeze_score,0.7230092819,1
M39,test,cycle,147_2b3_Ar_mc_AKGC417L__2,wheeze_score,0.8207814888,0
M39,test,cycle,147_2b3_Ar_mc_AKGC417L__3,wheeze_score,0.6474659522,0
M39,test,cycle,147_2b3_Ar_mc_AKGC417L__4,wheeze_score,0.6614276359,0
M39,test,cycle,147_2b3_Ll_mc_AKGC417L__0,wheeze_score,0.9150843882,0
M39,test,cycle,147_2b3_Ll_mc_AKGC417L__1,wheeze_score,0.8402540303,0
M39,test,cycle,147_2b3_Ll_mc_AKGC417L__2,wheeze_score,0.7378301681,0
M39,test,cycle,147_2b3_Ll_mc_AKGC417L__3,wheeze_score,0.8551015852,0
M39,test,cycle,147_2b3_Ll_mc_AKGC417L__4,wheeze_score,0.7400130976,0
M39,test,cycle,147_2b3_Lr_mc_AKGC417L__0,wheeze_score,0.891350211,0
M39,test,cycle,147_2b3_Lr_mc_AKGC417L__1,wheeze_score,0.8671226185,0
M39,test,cycle,147_2b3_Lr_mc_AKGC417L__2,wheeze_score,0.7007203667,0
M39,test,cycle,147_2b3_Lr_mc_AKGC417L__3,wheeze_score,0.8774279973,0
M39,test,cycle,147_2b3_Lr_mc_AKGC417L__4,wheeze_score,0.9692206942,0
M39,test,cycle,147_2b3_Pl_mc_AKGC417L__0,wheeze_score,0.5247890295,1
M39,test,cycle,147_2b3_Pl_mc_AKGC417L__1,wheeze_score,0.4005862237,1
M39,test,cycle,147_2b3_Pl_mc_AKGC417L__2,wheeze_score,0.5915738922,1
M39,test,cycle,147_2b3_Pl_mc_AKGC417L__3,wheeze_score,0.6608617995,1
M39,test,cycle,147_2b3_Pl_mc_AKGC417L__4,wheeze_score,0.4715127701,0
M39,test,cycle,147_2b4_Al_mc_AKGC417L__0,wheeze_score,0.619585193,0
M39,test,cycle,147_2b4_Al_mc_AKGC417L__1,wheeze_score,0.811393011,0
M39,test,cycle,147_2b4_Al_mc_AKGC417L__2,wheeze_score,0.6991744066,0
M39,test,cycle,147_2b4_Al_mc_AKGC417L__3,wheeze_score,0.8709863488,0
M39,test,cycle,147_2b4_Al_mc_AKGC417L__4,wheeze_score,0.9117475161,0
M39,test,cycle,147_2b4_Ar_mc_AKGC417L__0,wheeze_score,0.7009713836,0
M39,test,cycle,147_2b4_Ar_mc_AKGC417L__1,wheeze_score,0.6677836285,0
M39,test,cycle,147_2b4_Ar_mc_AKGC417L__2,wheeze_score,0.6682146543,0
M39,test,cycle,147_2b4_Ar_mc_AKGC417L__3,wheeze_score,0.7094789464,0
M39,test,cycle,147_2b4_Ar_mc_AKGC417L__4,wheeze_score,0.8533021625,0
M39,test,cycle,147_2b4_Ll_mc_AKGC417L__0,wheeze_score,0.7219742715,0
M39,test,cycle,147_2b4_Ll_mc_AKGC417L__1,wheeze_score,0.6917185256,0
M39,test,cycle,147_2b4_Ll_mc_AKGC417L__2,wheeze_score,0.7275541796,0
M39,test,cycle,147_2b4_Ll_mc_AKGC417L__3,wheeze_score,0.8383003269,0
M39,test,cycle,147_2b4_Ll_mc_AKGC417L__4,wheeze_score,0.3448275862,0
M39,test,cycle,147_2b4_Lr_mc_AKGC417L__0,wheeze_score,0.8926227356,0
M39,test,cycle,147_2b4_Lr_mc_AKGC417L__1,wheeze_score,0.8353279081,0
M39,test,cycle,147_2b4_Lr_mc_AKGC417L__2,wheeze_score,0.8875128999,0
M39,test,cycle,147_2b4_Lr_mc_AKGC417L__3,wheeze_score,0.9209767352,0
M39,test,cycle,147_2b4_Lr_mc_AKGC417L__4,wheeze_score,0.8533021625,0
M39,test,cycle,147_2b4_Pl_mc_AKGC417L__0,wheeze_score,0.6983460226,1
M39,test,cycle,147_2b4_Pl_mc_AKGC417L__1,wheeze_score,0.6749640977,0
M39,test,cycle,147_2b4_Pl_mc_AKGC417L__2,wheeze_score,0.6707946336,0
M39,test,cycle,147_2b4_Pl_mc_AKGC417L__3,wheeze_score,0.7133243607,0
M39,test,cycle,147_2b4_Pl_mc_AKGC417L__4,wheeze_score,0.7130333139,0
M39,test,cycle,149_1b1_Al_sc_Meditron__0,wheeze_score,0.3,0
M39,test,cycle,149_1b1_Al_sc_Meditron__1,wheeze_score,0.5631399317,0
M39,test,cycle,149_1b1_Al_sc_Meditron__2,wheeze_score,0.5812417437,1
M39,test,cycle,149_1b1_Al_sc_Meditron__3,wheeze_score,0.4969574037,1
M39,test,cycle,149_1b1_Al_sc_Meditron__4,wheeze_score,0.6527909177,1
M39,test,cycle,149_1b1_Al_sc_Meditron__5,wheeze_score,0.6757843926,1
M39,test,cycle,149_1b1_Al_sc_Meditron__6,wheeze_score,0.875,0
M39,test,cycle,149_1b1_Al_sc_Meditron__7,wheeze_score,0.5615384615,0
M39,test,cycle,149_1b1_Al_sc_Meditron__8,wheeze_score,0.5392156863,1
M39,test,cycle,149_1b1_Al_sc_Meditron__9,wheeze_score,0.6428571429,1
M39,test,cycle,149_1b1_Al_sc_Meditron__10,wheeze_score,0.5011053795,1
M39,test,cycle,149_1b1_Al_sc_Meditron__11,wheeze_score,0.595463138,1
M39,test,cycle,149_1b1_Al_sc_Meditron__12,wheeze_score,0.6797116375,1
M39,test,cycle,149_1b1_Al_sc_Meditron__13,wheeze_score,0.5985267035,1
M39,test,cycle,149_1b1_Al_sc_Meditron__14,wheeze_score,0.255354201,1
M39,test,cycle,149_1b1_Al_sc_Meditron__15,wheeze_score,0.64,1
M39,test,cycle,149_1b1_Al_sc_Meditron__16,wheeze_score,0.2522375915,1
M39,test,cycle,149_1b1_Al_sc_Meditron__17,wheeze_score,0.5841121495,1
M39,test,cycle,149_1b1_Lr_sc_Meditron__0,wheeze_score,0.298013245,0
M39,test,cycle,149_1b1_Lr_sc_Meditron__1,wheeze_score,0.2963430013,0
M39,test,cycle,149_1b1_Lr_sc_Meditron__2,wheeze_score,0.2375296912,0
M39,test,cycle,149_1b1_Lr_sc_Meditron__3,wheeze_score,0.44,0
M39,test,cycle,149_1b1_Lr_sc_Meditron__4,wheeze_score,0.3817603393,0
M39,test,cycle,149_1b1_Lr_sc_Meditron__5,wheeze_score,0.2799377916,0
M39,test,cycle,149_1b1_Lr_sc_Meditron__6,wheeze_score,0.3421461897,0
M39,test,cycle,149_1b1_Lr_sc_Meditron__7,wheeze_score,0.2755453502,0
M39,test,cycle,149_1b1_Lr_sc_Meditron__8,wheeze_score,0.36598493,0
M39,test,cycle,149_1b1_Lr_sc_Meditron__9,wheeze_score,0.775,0
M39,test,cycle,149_1b1_Lr_sc_Meditron__10,wheeze_score,0.3024911032,0
M39,test,cycle,149_1b1_Lr_sc_Meditron__11,wheeze_score,0.127388535,0
M39,test,cycle,149_1b1_Lr_sc_Meditron__12,wheeze_score,0.1068999028,0
M39,test,cycle,149_1b1_Lr_sc_Meditron__13,wheeze_score,0.3590664273,0
M39,test,cycle,149_1b1_Lr_sc_Meditron__14,wheeze_score,0.2109300096,0
M39,test,cycle,149_1b1_Lr_sc_Meditron__15,wheeze_score,0.4200210011,0
M39,test,cycle,149_1b1_Pl_sc_Meditron__0,wheeze_score,0,1
M39,test,cycle,149_1b1_Pl_sc_Meditron__1,wheeze_score,0.2821316614,0
M39,test,cycle,149_1b1_Pl_sc_Meditron__2,wheeze_score,0.6350914962,0
M39,test,cycle,149_1b1_Pl_sc_Meditron__3,wheeze_score,0.3641456583,0
M39,test,cycle,149_1b1_Pl_sc_Meditron__4,wheeze_score,0.4576043069,1
M39,test,cycle,149_1b1_Pl_sc_Meditron__5,wheeze_score,0.4634397528,1
M39,test,cycle,149_1b1_Pl_sc_Meditron__6,wheeze_score,0.4197530864,1
M39,test,cycle,149_1b1_Pl_sc_Meditron__7,wheeze_score,0.4200700117,1
M39,test,cycle,149_1b1_Pl_sc_Meditron__8,wheeze_score,0.4304979253,0
M39,test,cycle,149_1b1_Pl_sc_Meditron__9,wheeze_score,0.6637806638,0
M39,test,cycle,149_1b1_Pl_sc_Meditron__10,wheeze_score,0.8071428571,1
M39,test,cycle,149_1b1_Pl_sc_Meditron__11,wheeze_score,0.3035413153,0
M39,test,cycle,149_1b1_Pl_sc_Meditron__12,wheeze_score,0.3112840467,0
M39,test,cycle,149_1b1_Pl_sc_Meditron__13,wheeze_score,0.4652686763,0
M39,test,cycle,149_1b1_Pl_sc_Meditron__14,wheeze_score,0.607966457,0
M39,test,cycle,149_1b1_Pl_sc_Meditron__15,wheeze_score,0.6597938144,0
M39,test,cycle,149_1b1_Pl_sc_Meditron__16,wheeze_score,0,0
M39,test,cycle,150_1b2_Al_sc_Meditron__0,wheeze_score,0.7900677201,0
M39,test,cycle,150_1b2_Al_sc_Meditron__1,wheeze_score,0.7888888889,0
M39,test,cycle,150_1b2_Al_sc_Meditron__2,wheeze_score,0.7528786537,0
M39,test,cycle,150_1b2_Al_sc_Meditron__3,wheeze_score,0.7989228007,0
M39,test,cycle,150_1b2_Al_sc_Meditron__4,wheeze_score,0.8594229589,0
M39,test,cycle,150_1b2_Al_sc_Meditron__5,wheeze_score,0.7005076142,0
M39,test,cycle,150_1b2_Al_sc_Meditron__6,wheeze_score,0.6884480747,0
M39,test,cycle,150_1b2_Al_sc_Meditron__7,wheeze_score,0.5909797823,0
M39,test,cycle,150_1b2_Al_sc_Meditron__8,wheeze_score,0.4047217538,0
M39,test,cycle,150_1b2_Al_sc_Meditron__9,wheeze_score,0.7600341588,0
M39,test,cycle,150_1b2_Al_sc_Meditron__10,wheeze_score,0.67,0
M39,test,cycle,150_1b2_Al_sc_Meditron__11,wheeze_score,0.8306010929,0
M39,test,cycle,150_1b2_Al_sc_Meditron__12,wheeze_score,0.579868709,0
M39,test,cycle,150_1b2_Al_sc_Meditron__13,wheeze_score,0.6909430439,0
M39,test,cycle,150_1b2_Al_sc_Meditron__14,wheeze_score,0.5733432614,1
M39,test,cycle,150_1b2_Al_sc_Meditron__15,wheeze_score,0.9249287298,0
M39,test,cycle,150_1b2_Al_sc_Meditron__16,wheeze_score,0.6293706294,0
M39,test,cycle,151_2p2_Al_mc_AKGC417L__0,wheeze_score,0.6378258458,1
M39,test,cycle,151_2p2_Al_mc_AKGC417L__1,wheeze_score,0.5957980558,1
M39,test,cycle,151_2p2_Al_mc_AKGC417L__2,wheeze_score,0.8410321759,1
M39,test,cycle,151_2p2_Al_mc_AKGC417L__3,wheeze_score,0.5059610352,0
M39,test,cycle,151_2p2_Al_mc_AKGC417L__4,wheeze_score,0.7069846678,0
M39,test,cycle,151_2p2_Al_mc_AKGC417L__5,wheeze_score,0.6597222222,1
M39,test,cycle,151_2p2_Ar_mc_AKGC417L__0,wheeze_score,0.8985024958,0
M39,test,cycle,151_2p2_Ar_mc_AKGC417L__1,wheeze_score,0.7431796802,0
M39,test,cycle,151_2p2_Ar_mc_AKGC417L__2,wheeze_score,0.7709461612,0
M39,test,cycle,151_2p2_Ar_mc_AKGC417L__3,wheeze_score,0.6542599593,0
M39,test,cycle,151_2p2_Ar_mc_AKGC417L__4,wheeze_score,0.7240204429,0
M39,test,cycle,151_2p2_Ar_mc_AKGC417L__5,wheeze_score,0.6134259259,0
M39,test,cycle,151_2p2_Ll_mc_AKGC417L__0,wheeze_score,0.7820299501,1
M39,test,cycle,151_2p2_Ll_mc_AKGC417L__1,wheeze_score,0.8466603951,1
M39,test,cycle,151_2p2_Ll_mc_AKGC417L__2,wheeze_score,0.6180312201,1
M39,test,cycle,151_2p2_Ll_mc_AKGC417L__3,wheeze_score,0.6135504507,0
M39,test,cycle,151_2p2_Ll_mc_AKGC417L__4,wheeze_score,0.7126632595,0
M39,test,cycle,151_2p2_Ll_mc_AKGC417L__5,wheeze_score,0.775462963,1
M39,test,cycle,151_2p2_Lr_mc_AKGC417L__0,wheeze_score,0.9428729895,1
M39,test,cycle,151_2p2_Lr_mc_AKGC417L__1,wheeze_score,0.8466603951,0
M39,test,cycle,151_2p2_Lr_mc_AKGC417L__2,wheeze_score,0.8187320803,0
M39,test,cycle,151_2p2_Lr_mc_AKGC417L__3,wheeze_score,0.6775225356,0
M39,test,cycle,151_2p2_Lr_mc_AKGC417L__4,wheeze_score,0.7155025554,0
M39,test,cycle,151_2p2_Lr_mc_AKGC417L__5,wheeze_score,0.8015046296,0
M39,test,cycle,151_2p2_Pl_mc_AKGC417L__0,wheeze_score,0.7321131448,1
M39,test,cycle,151_2p2_Pl_mc_AKGC417L__1,wheeze_score,0.5268109125,1
M39,test,cycle,151_2p2_Pl_mc_AKGC417L__2,wheeze_score,0.6403313157,1
M39,test,cycle,151_2p2_Pl_mc_AKGC417L__3,wheeze_score,0.706600756,0
M39,test,cycle,151_2p2_Pl_mc_AKGC417L__4,wheeze_score,0.6274843839,0
M39,test,cycle,151_2p2_Pl_mc_AKGC417L__5,wheeze_score,0.8130787037,1
M39,test,cycle,151_2p2_Pr_mc_AKGC417L__0,wheeze_score,0.7265668331,1
M39,test,cycle,151_2p2_Pr_mc_AKGC417L__1,wheeze_score,0.4452806522,0
M39,test,cycle,151_2p2_Pr_mc_AKGC417L__2,wheeze_score,0.6498884995,0
M39,test,cycle,151_2p2_Pr_mc_AKGC417L__3,wheeze_score,0.6629834254,0
M39,test,cycle,151_2p2_Pr_mc_AKGC417L__4,wheeze_score,0.4372515616,0
M39,test,cycle,151_2p2_Pr_mc_AKGC417L__5,wheeze_score,0.5555555556,0
M39,test,cycle,151_2p2_Tc_mc_AKGC417L__0,wheeze_score,0.4159733777,0
M39,test,cycle,151_2p2_Tc_mc_AKGC417L__1,wheeze_score,0.2822201317,1
M39,test,cycle,151_2p2_Tc_mc_AKGC417L__2,wheeze_score,0.3058298821,0
M39,test,cycle,151_2p2_Tc_mc_AKGC417L__3,wheeze_score,0.139575458,0
M39,test,cycle,151_2p2_Tc_mc_AKGC417L__4,wheeze_score,0.352072686,0
M39,test,cycle,151_2p2_Tc_mc_AKGC417L__5,wheeze_score,0.3559027778,1
M39,test,cycle,151_2p3_Al_mc_AKGC417L__0,wheeze_score,0.475631239,1
M39,test,cycle,151_2p3_Al_mc_AKGC417L__1,wheeze_score,0.7337391862,1
M39,test,cycle,151_2p3_Al_mc_AKGC417L__2,wheeze_score,0.6074498567,1
M39,test,cycle,151_2p3_Al_mc_AKGC417L__3,wheeze_score,0.4581497797,1
M39,test,cycle,151_2p3_Al_mc_AKGC417L__4,wheeze_score,0.7964319847,0
M39,test,cycle,151_2p3_Al_mc_AKGC417L__5,wheeze_score,0.6884841,0
M39,test,cycle,151_2p3_Ar_mc_AKGC417L__0,wheeze_score,0.8338226659,1
M39,test,cycle,151_2p3_Ar_mc_AKGC417L__1,wheeze_score,0.8042294136,0
M39,test,cycle,151_2p3_Ar_mc_AKGC417L__2,wheeze_score,0.5845272206,1
M39,test,cycle,151_2p3_Ar_mc_AKGC417L__3,wheeze_score,0.7665198238,0
M39,test,cycle,151_2p3_Ar_mc_AKGC417L__4,wheeze_score,0.678560051,0
M39,test,cycle,151_2p3_Ar_mc_AKGC417L__5,wheeze_score,0.6699598642,0
M39,test,cycle,151_2p3_Ll_mc_AKGC417L__0,wheeze_score,0.7163828538,1
M39,test,cycle,151_2p3_Ll_mc_AKGC417L__1,wheeze_score,0.6536366549,1
M39,test,cycle,151_2p3_Ll_mc_AKGC417L__2,wheeze_score,0.553008596,1
M39,test,cycle,151_2p3_Ll_mc_AKGC417L__3,wheeze_score,0.5491923642,1
M39,test,cycle,151_2p3_Ll_mc_AKGC417L__4,wheeze_score,0.3918445365,1
M39,test,cycle,151_2p3_Ll_mc_AKGC417L__5,wheeze_score,0.5773386848,1
M39,test,cycle,151_2p3_Lr_mc_AKGC417L__0,wheeze_score,0.8396946565,0
M39,test,cycle,151_2p3_Lr_mc_AKGC417L__1,wheeze_score,0.7016981737,0
M39,test,cycle,151_2p3_Lr_mc_AKGC417L__2,wheeze_score,0.6532951289,0
M39,test,cycle,151_2p3_Lr_mc_AKGC417L__3,wheeze_score,0.543318649,0
M39,test,cycle,151_2p3_Lr_mc_AKGC417L__4,wheeze_score,0.5893596687,0
M39,test,cycle,151_2p3_Lr_mc_AKGC417L__5,wheeze_score,0.5433775857,0
M39,test,cycle,151_2p3_Pl_mc_AKGC417L__0,wheeze_score,0.9160305344,1
M39,test,cycle,151_2p3_Pl_mc_AKGC417L__1,wheeze_score,0.6696571612,1
M39,test,cycle,151_2p3_Pl_mc_AKGC417L__2,wheeze_score,0.558739255,1
M39,test,cycle,151_2p3_Pl_mc_AKGC417L__3,wheeze_score,0.6402349486,1
M39,test,cycle,151_2p3_Pl_mc_AKGC417L__4,wheeze_score,0.83466072,0
M39,test,cycle,151_2p3_Pl_mc_AKGC417L__5,wheeze_score,0.5958629207,1
M39,test,cycle,151_2p3_Pr_mc_AKGC417L__0,wheeze_score,0.5226071638,0
M39,test,cycle,151_2p3_Pr_mc_AKGC417L__1,wheeze_score,0.5446972124,0
M39,test,cycle,151_2p3_Pr_mc_AKGC417L__2,wheeze_score,0.5272206304,0
M39,test,cycle,151_2p3_Pr_mc_AKGC417L__3,wheeze_score,0.3788546256,0
M39,test,cycle,151_2p3_Pr_mc_AKGC417L__4,wheeze_score,0.41733036,0
M39,test,cycle,151_2p3_Pr_mc_AKGC417L__5,wheeze_score,0.5032417413,0
M39,test,cycle,151_2p3_Tc_mc_AKGC417L__0,wheeze_score,0.4991192014,0
M39,test,cycle,151_2p3_Tc_mc_AKGC417L__1,wheeze_score,0.320410125,0
M39,test,cycle,151_2p3_Tc_mc_AKGC417L__2,wheeze_score,0.2578796562,0
M39,test,cycle,151_2p3_Tc_mc_AKGC417L__3,wheeze_score,0.2966226138,1
M39,test,cycle,151_2p3_Tc_mc_AKGC417L__4,wheeze_score,0.1752150366,0
M39,test,cycle,151_2p3_Tc_mc_AKGC417L__5,wheeze_score,0.3797468354,1
M39,test,cycle,151_2p4_Al_mc_AKGC417L__0,wheeze_score,0.7152924595,0
M39,test,cycle,151_2p4_Al_mc_AKGC417L__1,wheeze_score,0.6937865701,0
M39,test,cycle,151_2p4_Al_mc_AKGC417L__2,wheeze_score,0.7210626186,0
M39,test,cycle,151_2p4_Al_mc_AKGC417L__3,wheeze_score,0.6305787504,0
M39,test,cycle,151_2p4_Al_mc_AKGC417L__4,wheeze_score,0.6306816782,1
M39,test,cycle,151_2p4_Al_mc_AKGC417L__5,wheeze_score,0.6845418966,0
M39,test,cycle,151_2p4_Ar_mc_AKGC417L__0,wheeze_score,0.6941508104,0
M39,test,cycle,151_2p4_Ar_mc_AKGC417L__1,wheeze_score,0.6547784898,1
M39,test,cycle,151_2p4_Ar_mc_AKGC417L__2,wheeze_score,0.7779886148,1
M39,test,cycle,151_2p4_Ar_mc_AKGC417L__3,wheeze_score,0.6564929456,0
M39,test,cycle,151_2p4_Ar_mc_AKGC417L__4,wheeze_score,0.9105466729,0
M39,test,cycle,151_2p4_Ar_mc_AKGC417L__5,wheeze_score,0.8712351411,0
M39,test,cycle,151_2p4_Ll_mc_AKGC417L__0,wheeze_score,0.7540521494,1
M39,test,cycle,151_2p4_Ll_mc_AKGC417L__1,wheeze_score,0.7690164391,1
M39,test,cycle,151_2p4_Ll_mc_AKGC417L__2,wheeze_score,0.8267823258,1
M39,test,cycle,151_2p4_Ll_mc_AKGC417L__3,wheeze_score,0.5413187446,1
M39,test,cycle,151_2p4_Ll_mc_AKGC417L__4,wheeze_score,0.6070311153,1
M39,test,cycle,151_2p4_Ll_mc_AKGC417L__5,wheeze_score,0.5211853076,0
M39,test,cycle,151_2p4_Lr_mc_AKGC417L__0,wheeze_score,0.8033826638,0
M39,test,cycle,151_2p4_Lr_mc_AKGC417L__1,wheeze_score,0.7383672332,1
M39,test,cycle,151_2p4_Lr_mc_AKGC417L__2,wheeze_score,0.8294930876,0
M39,test,cycle,151_2p4_Lr_mc_AKGC417L__3,wheeze_score,0.5211632594,0
M39,test,cycle,151_2p4_Lr_mc_AKGC417L__4,wheeze_score,0.5794387919,0
M39,test,cycle,151_2p4_Lr_mc_AKGC417L__5,wheeze_score,0.7351046503,0
M39,test,cycle,151_2p4_Pl_mc_AKGC417L__0,wheeze_score,0.6906272023,1
M39,test,cycle,151_2p4_Pl_mc_AKGC417L__1,wheeze_score,0.7467261076,1
M39,test,cycle,151_2p4_Pl_mc_AKGC417L__2,wheeze_score,0.7779886148,1
M39,test,cycle,151_2p4_Pl_mc_AKGC417L__3,wheeze_score,0.7975813418,1
M39,test,cycle,151_2p4_Pl_mc_AKGC417L__4,wheeze_score,0.879012589,1
M39,test,cycle,151_2p4_Pl_mc_AKGC417L__5,wheeze_score,0.6845418966,0
M39,test,cycle,151_2p4_Pr_mc_AKGC417L__0,wheeze_score,0.6060606061,0
M39,test,cycle,151_2p4_Pr_mc_AKGC417L__1,wheeze_score,0.8526051825,1
M39,test,cycle,151_2p4_Pr_mc_AKGC417L__2,wheeze_score,0.5611276769,0
M39,test,cycle,151_2p4_Pr_mc_AKGC417L__3,wheeze_score,0.5326806795,0
M39,test,cycle,151_2p4_Pr_mc_AKGC417L__4,wheeze_score,0.6661575226,0
M39,test,cycle,151_2p4_Pr_mc_AKGC417L__5,wheeze_score,0.4278386854,0
M39,test,cycle,151_2p4_Tc_mc_AKGC417L__0,wheeze_score,0.4545454545,0
M39,test,cycle,151_2p4_Tc_mc_AKGC417L__1,wheeze_score,0.5210365004,1
M39,test,cycle,151_2p4_Tc_mc_AKGC417L__2,wheeze_score,0.2710761724,1
M39,test,cycle,151_2p4_Tc_mc_AKGC417L__3,wheeze_score,0.1382090412,0
M39,test,cycle,151_2p4_Tc_mc_AKGC417L__4,wheeze_score,0.4414771747,1
M39,test,cycle,151_2p4_Tc_mc_AKGC417L__5,wheeze_score,0.2333665557,0
M39,test,cycle,151_3p2_Al_mc_AKGC417L__0,wheeze_score,0.8625180897,0
M39,test,cycle,151_3p2_Al_mc_AKGC417L__1,wheeze_score,0.827881228,1
M39,test,cycle,151_3p2_Al_mc_AKGC417L__2,wheeze_score,0.8837485172,0
M39,test,cycle,151_3p2_Al_mc_AKGC417L__3,wheeze_score,0.756227758,0
M39,test,cycle,151_3p2_Al_mc_AKGC417L__4,wheeze_score,0.8106807794,0
M39,test,cycle,151_3p2_Al_mc_AKGC417L__5,wheeze_score,0.8476736775,0
M39,test,cycle,151_3p2_Ar_mc_AKGC417L__0,wheeze_score,0.8335745297,0
M39,test,cycle,151_3p2_Ar_mc_AKGC417L__1,wheeze_score,0.6165072974,1
M39,test,cycle,151_3p2_Ar_mc_AKGC417L__2,wheeze_score,0.462633452,0
M39,test,cycle,151_3p2_Ar_mc_AKGC417L__3,wheeze_score,0.6316725979,0
M39,test,cycle,151_3p2_Ar_mc_AKGC417L__4,wheeze_score,0.7024296368,0
M39,test,cycle,151_3p2_Ar_mc_AKGC417L__5,wheeze_score,0.3569152326,0
M39,test,cycle,151_3p2_Lr_mc_AKGC417L__0,wheeze_score,0.9232995658,1
M39,test,cycle,151_3p2_Lr_mc_AKGC417L__1,wheeze_score,0.5460493206,1
M39,test,cycle,151_3p2_Lr_mc_AKGC417L__2,wheeze_score,0.7117437722,0
M39,test,cycle,151_3p2_Lr_mc_AKGC417L__3,wheeze_score,0.6494661922,0
M39,test,cycle,151_3p2_Lr_mc_AKGC417L__4,wheeze_score,0.690401732,1
M39,test,cycle,151_3p2_Lr_mc_AKGC417L__5,wheeze_score,0.6500956023,0
M39,test,cycle,151_3p2_Pl_mc_AKGC417L__0,wheeze_score,0.6309696093,0
M39,test,cycle,151_3p2_Pl_mc_AKGC417L__1,wheeze_score,0.4730749874,1
M39,test,cycle,151_3p2_Pl_mc_AKGC417L__2,wheeze_score,0.6850533808,0
M39,test,cycle,151_3p2_Pl_mc_AKGC417L__3,wheeze_score,0.5160142349,0
M39,test,cycle,151_3p2_Pl_mc_AKGC417L__4,wheeze_score,0.5677171037,0
M39,test,cycle,151_3p2_Pl_mc_AKGC417L__5,wheeze_score,0.7202039516,0
M39,test,cycle,151_3p2_Pr_mc_AKGC417L__0,wheeze_score,0.7120115774,1
M39,test,cycle,151_3p2_Pr_mc_AKGC417L__1,wheeze_score,0.3648716658,1
M39,test,cycle,151_3p2_Pr_mc_AKGC417L__2,wheeze_score,0.5397390273,0
M39,test,cycle,151_3p2_Pr_mc_AKGC417L__3,wheeze_score,0.6168446026,0
M39,test,cycle,151_3p2_Pr_mc_AKGC417L__4,wheeze_score,0.5147943228,0
M39,test,cycle,151_3p2_Pr_mc_AKGC417L__5,wheeze_score,0.09560229446,0
M39,test,cycle,151_3p2_Tc_mc_AKGC417L__0,wheeze_score,0.4486251809,0
M39,test,cycle,151_3p2_Tc_mc_AKGC417L__1,wheeze_score,0.3472571716,1
M39,test,cycle,151_3p2_Tc_mc_AKGC417L__2,wheeze_score,0.2283511269,0
M39,test,cycle,151_3p2_Tc_mc_AKGC417L__3,wheeze_score,0.3677342823,0
M39,test,cycle,151_3p2_Tc_mc_AKGC417L__4,wheeze_score,0.5436612942,0
M39,test,cycle,151_3p2_Tc_mc_AKGC417L__5,wheeze_score,0.06373486297,0
M39,test,cycle,151_3p3_Ll_mc_AKGC417L__0,wheeze_score,0.53736356,0
M39,test,cycle,151_3p3_Ll_mc_AKGC417L__1,wheeze_score,0.770745429,1
M39,test,cycle,151_3p3_Ll_mc_AKGC417L__2,wheeze_score,0.6655574043,1
M39,test,cycle,151_3p3_Ll_mc_AKGC417L__3,wheeze_score,0.5145657501,0
M39,test,cycle,151_3p3_Ll_mc_AKGC417L__4,wheeze_score,0.4064171123,0
M39,test,cycle,151_3p3_Ll_mc_AKGC417L__5,wheeze_score,0.5003088326,0
M39,test,cycle,160_1b2_Al_mc_AKGC417L__0,wheeze_score,0.9190465965,1
M39,test,cycle,160_1b2_Al_mc_AKGC417L__1,wheeze_score,0.9020803443,1
M39,test,cycle,160_1b2_Ar_mc_AKGC417L__0,wheeze_score,0.8632166631,1
M39,test,cycle,160_1b2_Ar_mc_AKGC417L__1,wheeze_score,0.8536585366,1
M39,test,cycle,160_1b2_Lr_mc_AKGC417L__0,wheeze_score,0.8911316298,0
M39,test,cycle,160_1b2_Lr_mc_AKGC417L__1,wheeze_score,0.850071736,1
M39,test,cycle,160_1b2_Pl_mc_AKGC417L__0,wheeze_score,0.6914322525,1
M39,test,cycle,160_1b2_Pl_mc_AKGC417L__1,wheeze_score,0.7227403156,1
M39,test,cycle,160_1b2_Pr_mc_AKGC417L__0,wheeze_score,0.5711831651,1
M39,test,cycle,160_1b2_Pr_mc_AKGC417L__1,wheeze_score,0.4573170732,1
M39,test,cycle,160_1b2_Tc_mc_AKGC417L__0,wheeze_score,0.6484861499,0
M39,test,cycle,160_1b2_Tc_mc_AKGC417L__1,wheeze_score,0.7568149211,1
M39,test,cycle,160_1b3_Al_mc_AKGC417L__0,wheeze_score,0.625,1
M39,test,cycle,160_1b3_Al_mc_AKGC417L__1,wheeze_score,0.7886199151,1
M39,test,cycle,160_1b3_Al_mc_AKGC417L__2,wheeze_score,0.7739778863,1
M39,test,cycle,160_1b3_Al_mc_AKGC417L__3,wheeze_score,0.9440473256,1
M39,test,cycle,160_1b3_Al_mc_AKGC417L__4,wheeze_score,0.935828877,0
M39,test,cycle,160_1b3_Ar_mc_AKGC417L__0,wheeze_score,0.8973029046,1
M39,test,cycle,160_1b3_Ar_mc_AKGC417L__1,wheeze_score,0.838532568,1
M39,test,cycle,160_1b3_Ar_mc_AKGC417L__2,wheeze_score,0.8768320905,1
M39,test,cycle,160_1b3_Ar_mc_AKGC417L__3,wheeze_score,0.8158737984,1
M39,test,cycle,160_1b3_Ar_mc_AKGC417L__4,wheeze_score,0.7272727273,0
M39,test,cycle,160_1b3_Lr_mc_AKGC417L__0,wheeze_score,0.7935684647,1
M39,test,cycle,160_1b3_Lr_mc_AKGC417L__1,wheeze_score,0.9533316696,1
M39,test,cycle,160_1b3_Lr_mc_AKGC417L__2,wheeze_score,0.7739778863,1
M39,test,cycle,160_1b3_Lr_mc_AKGC417L__3,wheeze_score,0.8553118068,1
M39,test,cycle,160_1b3_Lr_mc_AKGC417L__4,wheeze_score,0.8663101604,0
M39,test,cycle,160_1b3_Pl_mc_AKGC417L__0,wheeze_score,0.7831950207,1
M39,test,cycle,160_1b3_Pl_mc_AKGC417L__1,wheeze_score,0.6214125281,1
M39,test,cycle,160_1b3_Pl_mc_AKGC417L__2,wheeze_score,0.7765492415,1
M39,test,cycle,160_1b3_Pl_mc_AKGC417L__3,wheeze_score,0.6581217649,1
M39,test,cycle,160_1b3_Pl_mc_AKGC417L__4,wheeze_score,0.5989304813,0
M39,test,cycle,160_1b3_Pr_mc_AKGC417L__0,wheeze_score,0.4797717842,1
M39,test,cycle,160_1b3_Pr_mc_AKGC417L__1,wheeze_score,0.4117793861,1
M39,test,cycle,160_1b3_Pr_mc_AKGC417L__2,wheeze_score,0.4217022371,1
M39,test,cycle,160_1b3_Pr_mc_AKGC417L__3,wheeze_score,0.5003697313,1
M39,test,cycle,160_1b3_Pr_mc_AKGC417L__4,wheeze_score,0.2673796791,0
M39,test,cycle,160_1b3_Tc_mc_AKGC417L__0,wheeze_score,0.614626556,0
M39,test,cycle,160_1b3_Tc_mc_AKGC417L__1,wheeze_score,0.663838283,1
M39,test,cycle,160_1b3_Tc_mc_AKGC417L__2,wheeze_score,0.863975315,1
M39,test,cycle,160_1b3_Tc_mc_AKGC417L__3,wheeze_score,0.4831156027,1
M39,test,cycle,160_1b3_Tc_mc_AKGC417L__4,wheeze_score,0.7005347594,0
M39,test,cycle,160_1b4_Al_mc_AKGC417L__0,wheeze_score,0.8690917012,1
M39,test,cycle,160_1b4_Al_mc_AKGC417L__1,wheeze_score,0.8790970263,1
M39,test,cycle,160_1b4_Al_mc_AKGC417L__2,wheeze_score,0.9125206319,1
M39,test,cycle,160_1b4_Al_mc_AKGC417L__3,wheeze_score,0.8761261261,1
M39,test,cycle,160_1b4_Ar_mc_AKGC417L__0,wheeze_score,0.8647353518,1
M39,test,cycle,160_1b4_Ar_mc_AKGC417L__1,wheeze_score,0.9311916649,1
M39,test,cycle,160_1b4_Ar_mc_AKGC417L__2,wheeze_score,0.9195944353,1
M39,test,cycle,160_1b4_Ar_mc_AKGC417L__3,wheeze_score,0.8941441441,1
M39,test,cycle,160_1b4_Lr_mc_AKGC417L__0,wheeze_score,0.8407754302,1
M39,test,cycle,160_1b4_Lr_mc_AKGC417L__1,wheeze_score,0.8487084871,1
M39,test,cycle,160_1b4_Lr_mc_AKGC417L__2,wheeze_score,0.9195944353,1
M39,test,cycle,160_1b4_Lr_mc_AKGC417L__3,wheeze_score,0.7927927928,1
M39,test,cycle,160_1b4_Pl_mc_AKGC417L__0,wheeze_score,0.7057285994,1
M39,test,cycle,160_1b4_Pl_mc_AKGC417L__1,wheeze_score,0.6945951812,1
M39,test,cycle,160_1b4_Pl_mc_AKGC417L__2,wheeze_score,0.6861589248,1
M39,test,cycle,160_1b4_Pl_mc_AKGC417L__3,wheeze_score,0.7252252252,1
M39,test,cycle,160_1b4_Pr_mc_AKGC417L__0,wheeze_score,0.5358309736,1
M39,test,cycle,160_1b4_Pr_mc_AKGC417L__1,wheeze_score,0.4493162579,1
M39,test,cycle,160_1b4_Pr_mc_AKGC417L__2,wheeze_score,0.4645130865,0
M39,test,cycle,160_1b4_Pr_mc_AKGC417L__3,wheeze_score,0.3918918919,0
M39,test,cycle,160_1b4_Tc_mc_AKGC417L__0,wheeze_score,0.7362230451,1
M39,test,cycle,160_1b4_Tc_mc_AKGC417L__1,wheeze_score,0.5231169959,1
M39,test,cycle,160_1b4_Tc_mc_AKGC417L__2,wheeze_score,0.5258193822,1
M39,test,cycle,160_1b4_Tc_mc_AKGC417L__3,wheeze_score,0.6936936937,1
M39,test,cycle,160_2b3_Lr_mc_AKGC417L__0,wheeze_score,0.5139103555,0
M39,test,cycle,160_2b3_Lr_mc_AKGC417L__1,wheeze_score,0.6024096386,0
M39,test,cycle,160_2b3_Lr_mc_AKGC417L__2,wheeze_score,0.5661066472,0
M39,test,cycle,160_2b3_Lr_mc_AKGC417L__3,wheeze_score,0.4881656805,0
M39,test,cycle,160_2b3_Lr_mc_AKGC417L__4,wheeze_score,0.4632634996,0
M39,test,cycle,160_2b3_Lr_mc_AKGC417L__5,wheeze_score,0.412482066,0
M39,test,cycle,160_2b3_Lr_mc_AKGC417L__6,wheeze_score,0.780141844,0
M39,test,cycle,160_2b4_Ar_mc_AKGC417L__0,wheeze_score,0.8300252616,0
M39,test,cycle,160_2b4_Ar_mc_AKGC417L__1,wheeze_score,0.812666921,0
M39,test,cycle,160_2b4_Ar_mc_AKGC417L__2,wheeze_score,0.7216890595,0
M39,test,cycle,160_2b4_Ar_mc_AKGC417L__3,wheeze_score,0.715087982,0
M39,test,cycle,160_2b4_Ar_mc_AKGC417L__4,wheeze_score,0.7180059524,0
M39,test,cycle,160_2b4_Ar_mc_AKGC417L__5,wheeze_score,0.6371613888,0
M39,test,cycle,160_2b4_Ar_mc_AKGC417L__6,wheeze_score,0.6859903382,0
M39,test,cycle,160_2b4_Pl_mc_AKGC417L__0,wheeze_score,0.6279321545,0
M39,test,cycle,160_2b4_Pl_mc_AKGC417L__1,wheeze_score,0.5646699733,0
M39,test,cycle,160_2b4_Pl_mc_AKGC417L__2,wheeze_score,0.6257197697,0
M39,test,cycle,160_2b4_Pl_mc_AKGC417L__3,wheeze_score,0.4155746911,0
M39,test,cycle,160_2b4_Pl_mc_AKGC417L__4,wheeze_score,0.4910714286,0
M39,test,cycle,160_2b4_Pl_mc_AKGC417L__5,wheeze_score,0.6943914536,0
M39,test,cycle,160_2b4_Pl_mc_AKGC417L__6,wheeze_score,0.4057971014,0
M39,test,cycle,160_2b4_Pr_mc_AKGC417L__0,wheeze_score,0.5088415734,0
M39,test,cycle,160_2b4_Pr_mc_AKGC417L__1,wheeze_score,0.7363601679,0
M39,test,cycle,160_2b4_Pr_mc_AKGC417L__2,wheeze_score,0.8176583493,0
M39,test,cycle,160_2b4_Pr_mc_AKGC417L__3,wheeze_score,0.6402096593,0
M39,test,cycle,160_2b4_Pr_mc_AKGC417L__4,wheeze_score,0.6026785714,0
M39,test,cycle,160_2b4_Pr_mc_AKGC417L__5,wheeze_score,0.5150705837,0
M39,test,cycle,160_2b4_Pr_mc_AKGC417L__6,wheeze_score,0.231884058,0
M39,test,cycle,160_2b4_Tc_mc_AKGC417L__0,wheeze_score,0.2923132443,0
M39,test,cycle,160_2b4_Tc_mc_AKGC417L__1,wheeze_score,0.1678748569,0
M39,test,cycle,160_2b4_Tc_mc_AKGC417L__2,wheeze_score,0.4069097889,0
M39,test,cycle,160_2b4_Tc_mc_AKGC417L__3,wheeze_score,0.1684762261,0
M39,test,cycle,160_2b4_Tc_mc_AKGC417L__4,wheeze_score,0.3720238095,0
M39,test,cycle,160_2b4_Tc_mc_AKGC417L__5,wheeze_score,0.3777184281,0
M39,test,cycle,160_2b4_Tc_mc_AKGC417L__6,wheeze_score,0.1062801932,0
M39,test,cycle,165_1b1_Ar_sc_Meditron__0,wheeze_score,0.9215686275,0
M39,test,cycle,165_1b1_Ar_sc_Meditron__1,wheeze_score,0.6807437756,0
M39,test,cycle,165_1b1_Ar_sc_Meditron__2,wheeze_score,0.7773304429,0
M39,test,cycle,165_1b1_Ar_sc_Meditron__3,wheeze_score,0.5758582503,0
M39,test,cycle,165_1b1_Ar_sc_Meditron__4,wheeze_score,0.7149267125,0
M39,test,cycle,165_1b1_Ar_sc_Meditron__5,wheeze_score,0.6294301106,0
M39,test,cycle,165_1b1_Ar_sc_Meditron__6,wheeze_score,0.5294117647,0
M39,test,cycle,165_1b1_Pl_sc_Meditron__0,wheeze_score,0.7417012448,0
M39,test,cycle,165_1b1_Pl_sc_Meditron__1,wheeze_score,0.7,0
M39,test,cycle,165_1b1_Pl_sc_Meditron__2,wheeze_score,0.488155061,0
M39,test,cycle,165_1b1_Pl_sc_Meditron__3,wheeze_score,0.5599011939,0
M39,test,cycle,165_1b1_Pl_sc_Meditron__4,wheeze_score,0.4760238012,0
M39,test,cycle,165_1b1_Pl_sc_Meditron__5,wheeze_score,0.5067444404,0
M39,test,cycle,165_1b1_Pl_sc_Meditron__6,wheeze_score,0.4944063515,0
M39,test,cycle,165_1b1_Pl_sc_Meditron__7,wheeze_score,0,0
M39,test,cycle,165_1b1_Pr_sc_Meditron__0,wheeze_score,0.8623024831,0
M39,test,cycle,165_1b1_Pr_sc_Meditron__1,wheeze_score,0.5846153846,0
M39,test,cycle,165_1b1_Pr_sc_Meditron__2,wheeze_score,0.7717948718,0
M39,test,cycle,165_1b1_Pr_sc_Meditron__3,wheeze_score,0.8033664881,0
M39,test,cycle,165_1b1_Pr_sc_Meditron__4,wheeze_score,0.685483871,0
M39,test,cycle,165_1b1_Pr_sc_Meditron__5,wheeze_score,0.690892777,1
M39,test,cycle,165_1b1_Pr_sc_Meditron__6,wheeze_score,0.5568445476,0
M39,test,cycle,165_1b1_Pr_sc_Meditron__7,wheeze_score,0.4568527919,0
M39,test,cycle,169_1b1_Lr_sc_Meditron__0,wheeze_score,0.5951978356,0
M39,test,cycle,169_1b1_Lr_sc_Meditron__1,wheeze_score,0.5080753701,0
M39,test,cycle,169_1b1_Lr_sc_Meditron__2,wheeze_score,0.5614783227,0
M39,test,cycle,169_1b1_Lr_sc_Meditron__3,wheeze_score,0.5786555787,0
M39,test,cycle,169_1b1_Lr_sc_Meditron__4,wheeze_score,0.5474452555,0
M39,test,cycle,169_1b1_Lr_sc_Meditron__5,wheeze_score,0.6042199488,0
M39,test,cycle,169_1b1_Lr_sc_Meditron__6,wheeze_score,0.2774274905,0
M39,test,cycle,169_1b2_Ll_sc_Meditron__0,wheeze_score,0.5413208228,0
M39,test,cycle,169_1b2_Ll_sc_Meditron__1,wheeze_score,0.5285714286,0
M39,test,cycle,169_1b2_Ll_sc_Meditron__2,wheeze_score,0.5614290922,0
M39,test,cycle,169_1b2_Ll_sc_Meditron__3,wheeze_score,0.7705903146,0
M39,test,cycle,169_1b2_Ll_sc_Meditron__4,wheeze_score,0.7468581688,0
M39,test,cycle,169_1b2_Ll_sc_Meditron__5,wheeze_score,0.584351271,0
M39,test,cycle,169_1b2_Ll_sc_Meditron__6,wheeze_score,0.5990943922,0
M39,test,cycle,170_1b2_Al_mc_AKGC417L__0,wheeze_score,0.7660781841,0
M39,test,cycle,170_1b2_Al_mc_AKGC417L__1,wheeze_score,0.6825499034,0
M39,test,cycle,170_1b2_Al_mc_AKGC417L__2,wheeze_score,0.7341855129,0
M39,test,cycle,170_1b2_Al_mc_AKGC417L__3,wheeze_score,0.5117739403,0
M39,test,cycle,170_1b2_Al_mc_AKGC417L__4,wheeze_score,0.7830342577,0
M39,test,cycle,170_1b2_Ar_mc_AKGC417L__0,wheeze_score,0.9110970996,0
M39,test,cycle,170_1b2_Ar_mc_AKGC417L__1,wheeze_score,0.6632324533,0
M39,test,cycle,170_1b2_Ar_mc_AKGC417L__2,wheeze_score,0.8062930187,0
M39,test,cycle,170_1b2_Ar_mc_AKGC417L__3,wheeze_score,0.6216640502,0
M39,test,cycle,170_1b2_Ar_mc_AKGC417L__4,wheeze_score,0.6818923328,0
M39,test,cycle,170_1b2_Lr_mc_AKGC417L__0,wheeze_score,0.65889029,0
M39,test,cycle,170_1b2_Lr_mc_AKGC417L__1,wheeze_score,0.608499678,0
M39,test,cycle,170_1b2_Lr_mc_AKGC417L__2,wheeze_score,0.6555227794,0
M39,test,cycle,170_1b2_Lr_mc_AKGC417L__3,wheeze_score,0.8351648352,0
M39,test,cycle,170_1b2_Lr_mc_AKGC417L__4,wheeze_score,0.7373572594,0
M39,test,cycle,170_1b2_Pl_mc_AKGC417L__0,wheeze_score,0.5611601513,0
M39,test,cycle,170_1b2_Pl_mc_AKGC417L__1,wheeze_score,0.6245975531,0
M39,test,cycle,170_1b2_Pl_mc_AKGC417L__2,wheeze_score,0.5801376598,0
M39,test,cycle,170_1b2_Pl_mc_AKGC417L__3,wheeze_score,0.5745682889,0
M39,test,cycle,170_1b2_Pl_mc_AKGC417L__4,wheeze_score,0.4632952692,0
M39,test,cycle,170_1b2_Pr_mc_AKGC417L__0,wheeze_score,0.3783102144,0
M39,test,cycle,170_1b2_Pr_mc_AKGC417L__1,wheeze_score,0.3799098519,0
M39,test,cycle,170_1b2_Pr_mc_AKGC417L__2,wheeze_score,0.2458210423,0
M39,test,cycle,170_1b2_Pr_mc_AKGC417L__3,wheeze_score,0.3673469388,0
M39,test,cycle,170_1b2_Pr_mc_AKGC417L__4,wheeze_score,0.3621533442,0
M39,test,cycle,170_1b2_Tc_mc_AKGC417L__0,wheeze_score,0.2931904161,0
M39,test,cycle,170_1b2_Tc_mc_AKGC417L__1,wheeze_score,0.4410817772,0
M39,test,cycle,170_1b2_Tc_mc_AKGC417L__2,wheeze_score,0.1245493281,0
M39,test,cycle,170_1b2_Tc_mc_AKGC417L__3,wheeze_score,0.3453689168,0
M39,test,cycle,170_1b2_Tc_mc_AKGC417L__4,wheeze_score,0.2381729201,0
M39,test,cycle,170_1b3_Al_mc_AKGC417L__0,wheeze_score,0.7798617966,0
M39,test,cycle,170_1b3_Al_mc_AKGC417L__1,wheeze_score,0.7722843739,0
M39,test,cycle,170_1b3_Al_mc_AKGC417L__2,wheeze_score,0.5921052632,0
M39,test,cycle,170_1b3_Al_mc_AKGC417L__3,wheeze_score,0.6289517471,0
M39,test,cycle,170_1b3_Al_mc_AKGC417L__4,wheeze_score,0.6904161412,0
M39,test,cycle,170_1b3_Al_mc_AKGC417L__5,wheeze_score,0.5478451424,0
M39,test,cycle,170_1b3_Ar_mc_AKGC417L__0,wheeze_score,0.7732806844,0
M39,test,cycle,170_1b3_Ar_mc_AKGC417L__1,wheeze_score,0.750631541,0
M39,test,cycle,170_1b3_Ar_mc_AKGC417L__2,wheeze_score,0.8725761773,0
M39,test,cycle,170_1b3_Ar_mc_AKGC417L__3,wheeze_score,0.5623960067,0
M39,test,cycle,170_1b3_Ar_mc_AKGC417L__4,wheeze_score,0.7219419924,0
M39,test,cycle,170_1b3_Ar_mc_AKGC417L__5,wheeze_score,0.6829802776,0
M39,test,cycle,170_1b3_Ll_mc_AKGC417L__0,wheeze_score,0.5166173083,0
M39,test,cycle,170_1b3_Ll_mc_AKGC417L__1,wheeze_score,0.5665824612,0
M39,test,cycle,170_1b3_Ll_mc_AKGC417L__2,wheeze_score,0.7548476454,0
M39,test,cycle,170_1b3_Ll_mc_AKGC417L__3,wheeze_score,0.46921797,0
M39,test,cycle,170_1b3_Ll_mc_AKGC417L__4,wheeze_score,0.7282471627,0
M39,test,cycle,170_1b3_Ll_mc_AKGC417L__5,wheeze_score,0.4236669102,0
M39,test,cycle,170_1b3_Lr_mc_AKGC417L__0,wheeze_score,0.5824284304,0
M39,test,cycle,170_1b3_Lr_mc_AKGC417L__1,wheeze_score,0.7217610971,0
M39,test,cycle,170_1b3_Lr_mc_AKGC417L__2,wheeze_score,0.7444598338,0
M39,test,cycle,170_1b3_Lr_mc_AKGC417L__3,wheeze_score,0.6023294509,0
M39,test,cycle,170_1b3_Lr_mc_AKGC417L__4,wheeze_score,0.5548549811,0
M39,test,cycle,170_1b3_Lr_mc_AKGC417L__5,wheeze_score,0.796201607,0
M39,test,cycle,170_1b3_Pl_mc_AKGC417L__0,wheeze_score,0.378413952,0
M39,test,cycle,170_1b3_Pl_mc_AKGC417L__1,wheeze_score,0.3897509924,0
M39,test,cycle,170_1b3_Pl_mc_AKGC417L__2,wheeze_score,0.1904432133,0
M39,test,cycle,170_1b3_Pl_mc_AKGC417L__3,wheeze_score,0.3826955075,0
M39,test,cycle,170_1b3_Pl_mc_AKGC417L__4,wheeze_score,0.4350567465,0
M39,test,cycle,170_1b3_Pl_mc_AKGC417L__5,wheeze_score,0.4674945215,0
M39,test,cycle,170_1b3_Pr_mc_AKGC417L__0,wheeze_score,0.411319513,0
M39,test,cycle,170_1b3_Pr_mc_AKGC417L__1,wheeze_score,0.2020931072,0
M39,test,cycle,170_1b3_Pr_mc_AKGC417L__2,wheeze_score,0.2873961219,0
M39,test,cycle,170_1b3_Pr_mc_AKGC417L__3,wheeze_score,0.306156406,0
M39,test,cycle,170_1b3_Pr_mc_AKGC417L__4,wheeze_score,0.3310214376,0
M39,test,cycle,170_1b3_Pr_mc_AKGC417L__5,wheeze_score,0.4711468225,0
M39,test,cycle,170_1b3_Tc_mc_AKGC417L__0,wheeze_score,0.1513655808,0
M39,test,cycle,170_1b3_Tc_mc_AKGC417L__1,wheeze_score,0.3500541321,0
M39,test,cycle,170_1b3_Tc_mc_AKGC417L__2,wheeze_score,0.07617728532,0
M39,test,cycle,170_1b3_Tc_mc_AKGC417L__3,wheeze_score,0.2928452579,0
M39,test,cycle,170_1b3_Tc_mc_AKGC417L__4,wheeze_score,0.39407314,0
M39,test,cycle,170_1b3_Tc_mc_AKGC417L__5,wheeze_score,0.4200146092,0
M39,test,cycle,170_1b4_Al_mc_AKGC417L__0,wheeze_score,0.6561014263,0
M39,test,cycle,170_1b4_Al_mc_AKGC417L__1,wheeze_score,0.5757071547,0
M39,test,cycle,170_1b4_Al_mc_AKGC417L__2,wheeze_score,0.6758488149,0
M39,test,cycle,170_1b4_Al_mc_AKGC417L__3,wheeze_score,0.5592909535,0
M39,test,cycle,170_1b4_Al_mc_AKGC417L__4,wheeze_score,0.6388613042,0
M39,test,cycle,170_1b4_Al_mc_AKGC417L__5,wheeze_score,0.5832813475,0
M39,test,cycle,170_1b4_Ar_mc_AKGC417L__0,wheeze_score,0.763866878,0
M39,test,cycle,170_1b4_Ar_mc_AKGC417L__1,wheeze_score,0.6555740433,1
M39,test,cycle,170_1b4_Ar_mc_AKGC417L__2,wheeze_score,0.6310057655,1
M39,test,cycle,170_1b4_Ar_mc_AKGC417L__3,wheeze_score,0.7640586797,1
M39,test,cycle,170_1b4_Ar_mc_AKGC417L__4,wheeze_score,0.6752730884,1
M39,test,cycle,170_1b4_Ar_mc_AKGC417L__5,wheeze_score,0.5458515284,1
M39,test,cycle,170_1b4_Lr_mc_AKGC417L__0,wheeze_score,0.6656101426,0
M39,test,cycle,170_1b4_Lr_mc_AKGC417L__1,wheeze_score,0.7254575707,0
M39,test,cycle,170_1b4_Lr_mc_AKGC417L__2,wheeze_score,0.7527226137,0
M39,test,cycle,170_1b4_Lr_mc_AKGC417L__3,wheeze_score,0.6968215159,0
M39,test,cycle,170_1b4_Lr_mc_AKGC417L__4,wheeze_score,0.7712677921,0
M39,test,cycle,170_1b4_Lr_mc_AKGC417L__5,wheeze_score,0.6799750468,0
M39,test,cycle,170_1b4_Pl_mc_AKGC417L__0,wheeze_score,0.351822504,0
M39,test,cycle,170_1b4_Pl_mc_AKGC417L__1,wheeze_score,0.3527454243,0
M39,test,cycle,170_1b4_Pl_mc_AKGC417L__2,wheeze_score,0.4900704676,0
M39,test,cycle,170_1b4_Pl_mc_AKGC417L__3,wheeze_score,0.5256723716,0
M39,test,cycle,170_1b4_Pl_mc_AKGC417L__4,wheeze_score,0.3078450844,0
M39,test,cycle,170_1b4_Pl_mc_AKGC417L__5,wheeze_score,0.3587024329,0
M39,test,cycle,170_1b4_Pr_mc_AKGC417L__0,wheeze_score,0.4437400951,0
M39,test,cycle,170_1b4_Pr_mc_AKGC417L__1,wheeze_score,0.455906822,0
M39,test,cycle,170_1b4_Pr_mc_AKGC417L__2,wheeze_score,0.5253042921,0
M39,test,cycle,170_1b4_Pr_mc_AKGC417L__3,wheeze_score,0.5378973105,0
M39,test,cycle,170_1b4_Pr_mc_AKGC417L__4,wheeze_score,0.6289308176,0
M39,test,cycle,170_1b4_Pr_mc_AKGC417L__5,wheeze_score,0.533374922,0
M39,test,cycle,170_1b4_Tc_mc_AKGC417L__0,wheeze_score,0.4722662441,0
M39,test,cycle,170_1b4_Tc_mc_AKGC417L__1,wheeze_score,0.5590682196,0
M39,test,cycle,170_1b4_Tc_mc_AKGC417L__2,wheeze_score,0.4228058937,0
M39,test,cycle,170_1b4_Tc_mc_AKGC417L__3,wheeze_score,0.4309290954,0
M39,test,cycle,170_1b4_Tc_mc_AKGC417L__4,wheeze_score,0.3111552466,0
M39,test,cycle,170_1b4_Tc_mc_AKGC417L__5,wheeze_score,0.3680598877,0
M39,test,cycle,170_2b2_Al_mc_AKGC417L__0,wheeze_score,0.7055837563,0
M39,test,cycle,170_2b2_Al_mc_AKGC417L__1,wheeze_score,0.8634843417,0
M39,test,cycle,170_2b2_Al_mc_AKGC417L__2,wheeze_score,0.8689927584,0
M39,test,cycle,170_2b2_Al_mc_AKGC417L__3,wheeze_score,0.8808456118,0
M39,test,cycle,170_2b2_Al_mc_AKGC417L__4,wheeze_score,0.8435246159,0
M39,test,cycle,170_2b2_Al_mc_AKGC417L__5,wheeze_score,0.8817269687,0
M39,test,cycle,170_2b2_Al_mc_AKGC417L__6,wheeze_score,0.7592407592,0
M39,test,cycle,170_2b2_Ar_mc_AKGC417L__0,wheeze_score,0.6446700508,0
M39,test,cycle,170_2b2_Ar_mc_AKGC417L__1,wheeze_score,0.6658558832,0
M39,test,cycle,170_2b2_Ar_mc_AKGC417L__2,wheeze_score,0.5497037525,0
M39,test,cycle,170_2b2_Ar_mc_AKGC417L__3,wheeze_score,0.7110826393,0
M39,test,cycle,170_2b2_Ar_mc_AKGC417L__4,wheeze_score,0.8529319536,0
M39,test,cycle,170_2b2_Ar_mc_AKGC417L__5,wheeze_score,0.7357859532,0
M39,test,cycle,170_2b2_Ar_mc_AKGC417L__6,wheeze_score,0.7192807193,0
M39,test,cycle,170_2b2_Lr_mc_AKGC417L__0,wheeze_score,0.7258883249,0
M39,test,cycle,170_2b2_Lr_mc_AKGC417L__1,wheeze_score,0.5259957434,0
M39,test,cycle,170_2b2_Lr_mc_AKGC417L__2,wheeze_score,0.4608294931,0
M39,test,cycle,170_2b2_Lr_mc_AKGC417L__3,wheeze_score,0.5925688661,0
M39,test,cycle,170_2b2_Lr_mc_AKGC417L__4,wheeze_score,0.4170586391,0
M39,test,cycle,170_2b2_Lr_mc_AKGC417L__5,wheeze_score,0.5381574947,0
M39,test,cycle,170_2b2_Lr_mc_AKGC417L__6,wheeze_score,0.5994005994,0
M39,test,cycle,170_2b2_Pl_mc_AKGC417L__0,wheeze_score,0.2385786802,0
M39,test,cycle,170_2b2_Pl_mc_AKGC417L__1,wheeze_score,0.4773487382,0
M39,test,cycle,170_2b2_Pl_mc_AKGC417L__2,wheeze_score,0.4476629361,0
M39,test,cycle,170_2b2_Pl_mc_AKGC417L__3,wheeze_score,0.467648943,0
M39,test,cycle,170_2b2_Pl_mc_AKGC417L__4,wheeze_score,0.4609595484,0
M39,test,cycle,170_2b2_Pl_mc_AKGC417L__5,wheeze_score,0.5047126786,0
M39,test,cycle,170_2b2_Pl_mc_AKGC417L__6,wheeze_score,0.2397602398,0
M39,test,cycle,170_2b2_Pr_mc_AKGC417L__0,wheeze_score,0.4010152284,0
M39,test,cycle,170_2b2_Pr_mc_AKGC417L__1,wheeze_score,0.5472788081,0
M39,test,cycle,170_2b2_Pr_mc_AKGC417L__2,wheeze_score,0.3884134299,0
M39,test,cycle,170_2b2_Pr_mc_AKGC417L__3,wheeze_score,0.4516335682,0
M39,test,cycle,170_2b2_Pr_mc_AKGC417L__4,wheeze_score,0.4829100031,0
M39,test,cycle,170_2b2_Pr_mc_AKGC417L__5,wheeze_score,0.4439039222,0
M39,test,cycle,170_2b2_Pr_mc_AKGC417L__6,wheeze_score,0.1098901099,0
M39,test,cycle,170_2b2_Tc_mc_AKGC417L__0,wheeze_score,0.4060913706,0
M39,test,cycle,170_2b2_Tc_mc_AKGC417L__1,wheeze_score,0.4256612952,0
M39,test,cycle,170_2b2_Tc_mc_AKGC417L__2,wheeze_score,0.2040816327,0
M39,test,cycle,170_2b2_Tc_mc_AKGC417L__3,wheeze_score,0.4964766176,0
M39,test,cycle,170_2b2_Tc_mc_AKGC417L__4,wheeze_score,0.5111320163,0
M39,test,cycle,170_2b2_Tc_mc_AKGC417L__5,wheeze_score,0.395256917,1
M39,test,cycle,170_2b2_Tc_mc_AKGC417L__6,wheeze_score,0.0999000999,0
M39,test,cycle,171_1b1_Al_sc_Meditron__0,wheeze_score,0.8185053381,0
M39,test,cycle,171_1b1_Al_sc_Meditron__1,wheeze_score,0.9030654515,0
M39,test,cycle,171_1b1_Al_sc_Meditron__2,wheeze_score,0.5290373906,0
M39,test,cycle,171_1b1_Al_sc_Meditron__3,wheeze_score,0.748,0
M39,test,cycle,171_1b1_Al_sc_Meditron__4,wheeze_score,0.664,0
M39,test,cycle,171_1b1_Al_sc_Meditron__5,wheeze_score,0.508541915,0
M39,test,cycle,171_1b1_Al_sc_Meditron__6,wheeze_score,0.684188569,0
M39,test,cycle,171_1b1_Al_sc_Meditron__7,wheeze_score,0.5542071197,0
M39,test,cycle,171_1b1_Al_sc_Meditron__8,wheeze_score,0.7444444444,0
M39,test,cycle,173_1b1_Al_sc_Meditron__0,wheeze_score,0.8808290155,0
M39,test,cycle,173_1b1_Al_sc_Meditron__1,wheeze_score,0.7871720117,0
M39,test,cycle,173_1b1_Al_sc_Meditron__2,wheeze_score,0.6714285714,0
M39,test,cycle,173_1b1_Al_sc_Meditron__3,wheeze_score,0.5669028762,0
M39,test,cycle,173_1b1_Al_sc_Meditron__4,wheeze_score,0.7799145299,0
M39,test,cycle,173_1b1_Al_sc_Meditron__5,wheeze_score,0.6446370531,0
M39,test,cycle,173_1b1_Al_sc_Meditron__6,wheeze_score,0.7445520581,0
M39,test,cycle,173_1b1_Al_sc_Meditron__7,wheeze_score,0.5254942768,0
M39,test,cycle,173_1b1_Al_sc_Meditron__8,wheeze_score,0.6484235574,0
M39,test,cycle,173_1b1_Al_sc_Meditron__9,wheeze_score,0.7387508395,0
M39,test,cycle,173_1b1_Al_sc_Meditron__10,wheeze_score,0.6355645707,0
M39,test,cycle,173_1b1_Al_sc_Meditron__11,wheeze_score,0.5037159372,0
M39,test,cycle,173_1b1_Al_sc_Meditron__12,wheeze_score,0.5701254276,0
M39,test,cycle,174_1p2_Ar_mc_AKGC417L__0,wheeze_score,0.4528853178,1
M39,test,cycle,174_1p2_Ar_mc_AKGC417L__1,wheeze_score,0.5444126074,0
M39,test,cycle,174_1p2_Ar_mc_AKGC417L__2,wheeze_score,0.4796473943,0
M39,test,cycle,174_1p2_Ar_mc_AKGC417L__3,wheeze_score,0.4879740981,0
M39,test,cycle,174_1p2_Ar_mc_AKGC417L__4,wheeze_score,0.419130882,0
M39,test,cycle,174_1p2_Ll_mc_AKGC417L__0,wheeze_score,0.1826150475,1
M39,test,cycle,174_1p2_Ll_mc_AKGC417L__1,wheeze_score,0.2656941912,0
M39,test,cycle,174_1p2_Ll_mc_AKGC417L__2,wheeze_score,0.3655690952,0
M39,test,cycle,174_1p2_Ll_mc_AKGC417L__3,wheeze_score,0.4162812211,0
M39,test,cycle,174_1p2_Ll_mc_AKGC417L__4,wheeze_score,0.2777063512,0
M39,test,cycle,174_1p2_Lr_mc_AKGC417L__0,wheeze_score,0.5259313367,1
M39,test,cycle,174_1p2_Lr_mc_AKGC417L__1,wheeze_score,0.5287835374,0
M39,test,cycle,174_1p2_Lr_mc_AKGC417L__2,wheeze_score,0.5392792326,0
M39,test,cycle,174_1p2_Lr_mc_AKGC417L__3,wheeze_score,0.6012950971,0
M39,test,cycle,174_1p2_Lr_mc_AKGC417L__4,wheeze_score,0.5836976086,0
M39,test,cycle,174_1p2_Pl_mc_AKGC417L__0,wheeze_score,0.4747991234,1
M39,test,cycle,174_1p2_Pl_mc_AKGC417L__1,wheeze_score,0.450638187,0
M39,test,cycle,174_1p2_Pl_mc_AKGC417L__2,wheeze_score,0.4692766399,0
M39,test,cycle,174_1p2_Pl_mc_AKGC417L__3,wheeze_score,0.4602220167,0
M39,test,cycle,174_1p2_Pl_mc_AKGC417L__4,wheeze_score,0.5656981229,0
M39,test,cycle,174_1p2_Pr_mc_AKGC417L__0,wheeze_score,0.3177501826,1
M39,test,cycle,174_1p2_Pr_mc_AKGC417L__1,wheeze_score,0.5027350873,0
M39,test,cycle,174_1p2_Pr_mc_AKGC417L__2,wheeze_score,0.3292714545,0
M39,test,cycle,174_1p2_Pr_mc_AKGC417L__3,wheeze_score,0.492599445,0
M39,test,cycle,174_1p2_Pr_mc_AKGC417L__4,wheeze_score,0.5168423759,0
M39,test,cycle,174_1p2_Tc_mc_AKGC417L__0,wheeze_score,0.4930606282,0
M39,test,cycle,174_1p2_Tc_mc_AKGC417L__1,wheeze_score,0.229226361,0
M39,test,cycle,174_1p2_Tc_mc_AKGC417L__2,wheeze_score,0.142597874,0
M39,test,cycle,174_1p2_Tc_mc_AKGC417L__3,wheeze_score,0.2312673451,0
M39,test,cycle,174_1p2_Tc_mc_AKGC417L__4,wheeze_score,0.2185651839,0
M39,test,cycle,174_1p3_Ar_mc_AKGC417L__0,wheeze_score,0.6041456016,0
M39,test,cycle,174_1p3_Ar_mc_AKGC417L__1,wheeze_score,0.5095351609,0
M39,test,cycle,174_1p3_Ar_mc_AKGC417L__2,wheeze_score,0.4433887569,0
M39,test,cycle,174_1p3_Ar_mc_AKGC417L__3,wheeze_score,0.5963424331,0
M39,test,cycle,174_1p3_Ar_mc_AKGC417L__4,wheeze_score,0.5040650407,0
M39,test,cycle,174_1p3_Ll_mc_AKGC417L__0,wheeze_score,0.2578361982,0
M39,test,cycle,174_1p3_Ll_mc_AKGC417L__1,wheeze_score,0.2413587604,0
M39,test,cycle,174_1p3_Ll_mc_AKGC417L__2,wheeze_score,0.4750593824,0
M39,test,cycle,174_1p3_Ll_mc_AKGC417L__3,wheeze_score,0.3896103896,0
M39,test,cycle,174_1p3_Ll_mc_AKGC417L__4,wheeze_score,0.3658536585,0
M39,test,cycle,174_1p3_Lr_mc_AKGC417L__0,wheeze_score,0.7962588473,0
M39,test,cycle,174_1p3_Lr_mc_AKGC417L__1,wheeze_score,0.8283671037,0
M39,test,cycle,174_1p3_Lr_mc_AKGC417L__2,wheeze_score,0.7178675112,0
M39,test,cycle,174_1p3_Lr_mc_AKGC417L__3,wheeze_score,0.5671879141,0
M39,test,cycle,174_1p3_Lr_mc_AKGC417L__4,wheeze_score,0.5067750678,0
M39,test,cycle,174_1p3_Pl_mc_AKGC417L__0,wheeze_score,0.7002022245,0
M39,test,cycle,174_1p3_Pl_mc_AKGC417L__1,wheeze_score,0.6972586412,0
M39,test,cycle,174_1p3_Pl_mc_AKGC417L__2,wheeze_score,0.3219846925,0
M39,test,cycle,174_1p3_Pl_mc_AKGC417L__3,wheeze_score,0.3498542274,0
M39,test,cycle,174_1p3_Pl_mc_AKGC417L__4,wheeze_score,0.6531165312,0
M39,test,cycle,174_1p3_Pr_mc_AKGC417L__0,wheeze_score,0.4550050556,1
M39,test,cycle,174_1p3_Pr_mc_AKGC417L__1,wheeze_score,0.4052443385,0
M39,test,cycle,174_1p3_Pr_mc_AKGC417L__2,wheeze_score,0.5093692267,1
M39,test,cycle,174_1p3_Pr_mc_AKGC417L__3,wheeze_score,0.4320169626,0
M39,test,cycle,174_1p3_Pr_mc_AKGC417L__4,wheeze_score,0.6070460705,0
M39,test,cycle,174_1p3_Tc_mc_AKGC417L__0,wheeze_score,0.3336703741,0
M39,test,cycle,174_1p3_Tc_mc_AKGC417L__1,wheeze_score,0.3337306317,0
M39,test,cycle,174_1p3_Tc_mc_AKGC417L__2,wheeze_score,0.2718395355,0
M39,test,cycle,174_1p3_Tc_mc_AKGC417L__3,wheeze_score,0.3180492976,0
M39,test,cycle,174_1p3_Tc_mc_AKGC417L__4,wheeze_score,0.2899728997,0
M39,test,cycle,174_1p4_Ar_mc_AKGC417L__0,wheeze_score,0.3891509434,0
M39,test,cycle,174_1p4_Ar_mc_AKGC417L__1,wheeze_score,0.448019802,0
M39,test,cycle,174_1p4_Ar_mc_AKGC417L__2,wheeze_score,0.6598984772,0
M39,test,cycle,174_1p4_Ar_mc_AKGC417L__3,wheeze_score,0.4869734599,0
M39,test,cycle,174_1p4_Ar_mc_AKGC417L__4,wheeze_score,0.5642361111,0
M39,test,cycle,174_1p4_Ll_mc_AKGC417L__0,wheeze_score,0.2783018868,0
M39,test,cycle,174_1p4_Ll_mc_AKGC417L__1,wheeze_score,0.1113861386,0
M39,test,cycle,174_1p4_Ll_mc_AKGC417L__2,wheeze_score,0.347715736,0
M39,test,cycle,174_1p4_Ll_mc_AKGC417L__3,wheeze_score,0.3871439007,0
M39,test,cycle,174_1p4_Ll_mc_AKGC417L__4,wheeze_score,0.3645833333,0
M39,test,cycle,174_1p4_Lr_mc_AKGC417L__0,wheeze_score,0.4481132075,0
M39,test,cycle,174_1p4_Lr_mc_AKGC417L__1,wheeze_score,0.504950495,0
M39,test,cycle,174_1p4_Lr_mc_AKGC417L__2,wheeze_score,0.6395939086,0
M39,test,cycle,174_1p4_Lr_mc_AKGC417L__3,wheeze_score,0.6208911614,0
M39,test,cycle,174_1p4_Lr_mc_AKGC417L__4,wheeze_score,0.5989583333,0
M39,test,cycle,174_1p4_Pl_mc_AKGC417L__0,wheeze_score,0.5754716981,0
M39,test,cycle,174_1p4_Pl_mc_AKGC417L__1,wheeze_score,0.7475247525,0
M39,test,cycle,174_1p4_Pl_mc_AKGC417L__2,wheeze_score,0.5583756345,0
M39,test,cycle,174_1p4_Pl_mc_AKGC417L__3,wheeze_score,0.5989773557,0
M39,test,cycle,174_1p4_Pl_mc_AKGC417L__4,wheeze_score,0.5121527778,0
M39,test,cycle,174_1p4_Pr_mc_AKGC417L__0,wheeze_score,0.5377358491,0
M39,test,cycle,174_1p4_Pr_mc_AKGC417L__1,wheeze_score,0.5099009901,0
M39,test,cycle,174_1p4_Pr_mc_AKGC417L__2,wheeze_score,0.538071066,0
M39,test,cycle,174_1p4_Pr_mc_AKGC417L__3,wheeze_score,0.4504504505,0
M39,test,cycle,174_1p4_Pr_mc_AKGC417L__4,wheeze_score,0,0
M39,test,cycle,174_1p4_Tc_mc_AKGC417L__0,wheeze_score,0.445754717,0
M39,test,cycle,174_1p4_Tc_mc_AKGC417L__1,wheeze_score,0.353960396,0
M39,test,cycle,174_1p4_Tc_mc_AKGC417L__2,wheeze_score,0.345177665,0
M39,test,cycle,174_1p4_Tc_mc_AKGC417L__3,wheeze_score,0.4747991234,0
M39,test,cycle,174_1p4_Tc_mc_AKGC417L__4,wheeze_score,0.2690972222,0
M39,test,cycle,174_2p3_Al_mc_AKGC417L__0,wheeze_score,0.7486499755,0
M39,test,cycle,174_2p3_Al_mc_AKGC417L__1,wheeze_score,0.6283905967,0
M39,test,cycle,174_2p3_Al_mc_AKGC417L__2,wheeze_score,0.6529850746,0
M39,test,cycle,174_2p3_Al_mc_AKGC417L__3,wheeze_score,0.583567955,0
M39,test,cycle,174_2p3_Ar_mc_AKGC417L__0,wheeze_score,0.5768286696,0
M39,test,cycle,174_2p3_Ar_mc_AKGC417L__1,wheeze_score,0.6351717902,0
M39,test,cycle,174_2p3_Ar_mc_AKGC417L__2,wheeze_score,0.5451907131,0
M39,test,cycle,174_2p3_Ar_mc_AKGC417L__3,wheeze_score,0.6040440235,0
M39,test,cycle,174_2p3_Pl_mc_AKGC417L__0,wheeze_score,0.5473735886,0
M39,test,cycle,174_2p3_Pl_mc_AKGC417L__1,wheeze_score,0.3887884268,0
M39,test,cycle,174_2p3_Pl_mc_AKGC417L__2,wheeze_score,0.4208126036,0
M39,test,cycle,174_2p3_Pl_mc_AKGC417L__3,wheeze_score,0.4095213719,0
M39,test,cycle,174_2p3_Pr_mc_AKGC417L__0,wheeze_score,0.5449189985,0
M39,test,cycle,174_2p3_Pr_mc_AKGC417L__1,wheeze_score,0.5063291139,0
M39,test,cycle,174_2p3_Pr_mc_AKGC417L__2,wheeze_score,0.5037313433,0
M39,test,cycle,174_2p3_Pr_mc_AKGC417L__3,wheeze_score,0.5119017149,0
M39,test,cycle,174_2p3_Tc_mc_AKGC417L__0,wheeze_score,0.1669121257,0
M39,test,cycle,174_2p3_Tc_mc_AKGC417L__1,wheeze_score,0.3661844485,0
M39,test,cycle,174_2p3_Tc_mc_AKGC417L__2,wheeze_score,0.3192371476,0
M39,test,cycle,174_2p3_Tc_mc_AKGC417L__3,wheeze_score,0.3301766061,0
M39,test,cycle,175_1b1_Al_sc_Litt3200__0,wheeze_score,0.6455838814,1
M39,test,cycle,175_1b1_Al_sc_Litt3200__1,wheeze_score,0.4261845185,1
M39,test,cycle,175_1b1_Al_sc_Litt3200__2,wheeze_score,0.4786587317,1
M39,test,cycle,175_1b1_Al_sc_Litt3200__3,wheeze_score,0.7878861004,1
M39,test,cycle,175_1b1_Ar_sc_Litt3200__0,wheeze_score,0.7918143516,0
M39,test,cycle,175_1b1_Ar_sc_Litt3200__1,wheeze_score,0.8051575931,1
M39,test,cycle,175_1b1_Ar_sc_Litt3200__2,wheeze_score,0.9091372073,1
M39,test,cycle,175_1b1_Ll_sc_Litt3200__0,wheeze_score,0.6090038063,1
M39,test,cycle,175_1b1_Ll_sc_Litt3200__1,wheeze_score,0.6135616605,0
M39,test,cycle,175_1b1_Ll_sc_Litt3200__2,wheeze_score,0.620798279,1
M39,test,cycle,175_1b1_Ll_sc_Litt3200__3,wheeze_score,0.8694387057,1
M39,test,cycle,175_1b1_Lr_sc_Litt3200__0,wheeze_score,0.5130326851,0
M39,test,cycle,175_1b1_Lr_sc_Litt3200__1,wheeze_score,0.5985518906,1
M39,test,cycle,175_1b1_Lr_sc_Litt3200__2,wheeze_score,0.5785805291,1
M39,test,cycle,175_1b1_Lr_sc_Litt3200__3,wheeze_score,0.8722296594,1
M39,test,cycle,175_1b1_Pl_sc_Litt3200__0,wheeze_score,0.7082033555,1
M39,test,cycle,175_1b1_Pl_sc_Litt3200__1,wheeze_score,0.696345515,1
M39,test,cycle,175_1b1_Pl_sc_Litt3200__2,wheeze_score,0.7567190227,1
M39,test,cycle,175_1b1_Pl_sc_Litt3200__3,wheeze_score,0.75078659,1
M39,test,cycle,175_1b1_Pr_sc_Litt3200__0,wheeze_score,0.7113912652,0
M39,test,cycle,175_1b1_Pr_sc_Litt3200__1,wheeze_score,0.6947010568,1
M39,test,cycle,175_1b1_Pr_sc_Litt3200__2,wheeze_score,0.656237393,1
M39,test,cycle,175_1b1_Pr_sc_Litt3200__3,wheeze_score,0.8777598277,1
M39,test,cycle,176_1b3_Al_mc_AKGC417L__0,wheeze_score,0.7012487992,0
M39,test,cycle,176_1b3_Al_mc_AKGC417L__1,wheeze_score,0.8068043742,0
M39,test,cycle,176_1b3_Al_mc_AKGC417L__2,wheeze_score,0.6099251456,0
M39,test,cycle,176_1b3_Al_mc_AKGC417L__3,wheeze_score,0.8373004761,0
M39,test,cycle,176_1b3_Al_mc_AKGC417L__4,wheeze_score,0.7936918304,0
M39,test,cycle,176_1b3_Al_mc_AKGC417L__5,wheeze_score,0.5649083427,0
M39,test,cycle,176_1b3_Ar_mc_AKGC417L__0,wheeze_score,0.590778098,0
M39,test,cycle,176_1b3_Ar_mc_AKGC417L__1,wheeze_score,0.8359659781,0
M39,test,cycle,176_1b3_Ar_mc_AKGC417L__2,wheeze_score,0.6182423066,0
M39,test,cycle,176_1b3_Ar_mc_AKGC417L__3,wheeze_score,0.7224866984,0
M39,test,cycle,176_1b3_Ar_mc_AKGC417L__4,wheeze_score,0.6178903826,0
M39,test,cycle,176_1b3_Ar_mc_AKGC417L__5,wheeze_score,0.8230452675,0
M39,test,cycle,176_1b3_Ll_mc_AKGC417L__0,wheeze_score,0.4274735831,0
M39,test,cycle,176_1b3_Ll_mc_AKGC417L__1,wheeze_score,0.4422843256,0
M39,test,cycle,176_1b3_Ll_mc_AKGC417L__2,wheeze_score,0.4823953424,0
M39,test,cycle,176_1b3_Ll_mc_AKGC417L__3,wheeze_score,0.347241669,0
M39,test,cycle,176_1b3_Ll_mc_AKGC417L__4,wheeze_score,0.3438469493,0
M39,test,cycle,176_1b3_Ll_mc_AKGC417L__5,wheeze_score,0.3965581743,0
M39,test,cycle,176_1b3_Lr_mc_AKGC417L__0,wheeze_score,0.7492795389,0
M39,test,cycle,176_1b3_Lr_mc_AKGC417L__1,wheeze_score,0.5078979344,0
M39,test,cycle,176_1b3_Lr_mc_AKGC417L__2,wheeze_score,0.5184363737,0
M39,test,cycle,176_1b3_Lr_mc_AKGC417L__3,wheeze_score,0.5936712405,0
M39,test,cycle,176_1b3_Lr_mc_AKGC417L__4,wheeze_score,0.4886246122,0
M39,test,cycle,176_1b3_Lr_mc_AKGC417L__5,wheeze_score,0.6771417883,0
M39,test,cycle,176_1b3_Pl_mc_AKGC417L__0,wheeze_score,0.5427473583,0
M39,test,cycle,176_1b3_Pl_mc_AKGC417L__1,wheeze_score,0.4860267315,0
M39,test,cycle,176_1b3_Pl_mc_AKGC417L__2,wheeze_score,0.4823953424,0
M39,test,cycle,176_1b3_Pl_mc_AKGC417L__3,wheeze_score,0.5964715766,0
M39,test,cycle,176_1b3_Pl_mc_AKGC417L__4,wheeze_score,0.5170630817,0
M39,test,cycle,176_1b3_Pl_mc_AKGC417L__5,wheeze_score,0.3890759446,0
M39,test,cycle,176_1b3_Pr_mc_AKGC417L__0,wheeze_score,0.4707012488,0
M39,test,cycle,176_1b3_Pr_mc_AKGC417L__1,wheeze_score,0.5880923451,0
M39,test,cycle,176_1b3_Pr_mc_AKGC417L__2,wheeze_score,0.6404214028,0
M39,test,cycle,176_1b3_Pr_mc_AKGC417L__3,wheeze_score,0.4564547746,0
M39,test,cycle,176_1b3_Pr_mc_AKGC417L__4,wheeze_score,0.4395036194,0
M39,test,cycle,176_1b3_Pr_mc_AKGC417L__5,wheeze_score,0.3217358773,0
M39,test,cycle,176_1b3_Tc_mc_AKGC417L__0,wheeze_score,0.7492795389,0
M39,test,cycle,176_1b3_Tc_mc_AKGC417L__1,wheeze_score,0.794653706,0
M39,test,cycle,176_1b3_Tc_mc_AKGC417L__2,wheeze_score,0.6154699196,0
M39,test,cycle,176_1b3_Tc_mc_AKGC417L__3,wheeze_score,0.6608793055,0
M39,test,cycle,176_1b3_Tc_mc_AKGC417L__4,wheeze_score,0.6980351603,0
M39,test,cycle,176_1b3_Tc_mc_AKGC417L__5,wheeze_score,0.5948372615,0
M39,test,cycle,176_1b4_Al_mc_AKGC417L__0,wheeze_score,0.7583454282,0
M39,test,cycle,176_1b4_Al_mc_AKGC417L__1,wheeze_score,0.8237844534,0
M39,test,cycle,176_1b4_Al_mc_AKGC417L__2,wheeze_score,0.5974102413,0
M39,test,cycle,176_1b4_Al_mc_AKGC417L__3,wheeze_score,0.5653812699,0
M39,test,cycle,176_1b4_Al_mc_AKGC417L__4,wheeze_score,0.7262211973,0
M39,test,cycle,176_1b4_Al_mc_AKGC417L__5,wheeze_score,0.734527165,0
M39,test,cycle,176_1b4_Ar_mc_AKGC417L__0,wheeze_score,0.6531204644,0
M39,test,cycle,176_1b4_Ar_mc_AKGC417L__1,wheeze_score,0.6875193558,0
M39,test,cycle,176_1b4_Ar_mc_AKGC417L__2,wheeze_score,0.6327251324,0
M39,test,cycle,176_1b4_Ar_mc_AKGC417L__3,wheeze_score,0.8147289069,0
M39,test,cycle,176_1b4_Ar_mc_AKGC417L__4,wheeze_score,0.7642892439,0
M39,test,cycle,176_1b4_Ar_mc_AKGC417L__5,wheeze_score,0.6886192172,0
M39,test,cycle,176_1b4_Ll_mc_AKGC417L__0,wheeze_score,0.3047895501,0
M39,test,cycle,176_1b4_Ll_mc_AKGC417L__1,wheeze_score,0.4087952927,0
M39,test,cycle,176_1b4_Ll_mc_AKGC417L__2,wheeze_score,0.3472630959,0
M39,test,cycle,176_1b4_Ll_mc_AKGC417L__3,wheeze_score,0.2290518991,0
M39,test,cycle,176_1b4_Ll_mc_AKGC417L__4,wheeze_score,0.5563791431,0
M39,test,cycle,176_1b4_Ll_mc_AKGC417L__5,wheeze_score,0.3672635825,0
M39,test,cycle,176_1b4_Lr_mc_AKGC417L__0,wheeze_score,0.584179971,0
M39,test,cycle,176_1b4_Lr_mc_AKGC417L__1,wheeze_score,0.5946113348,0
M39,test,cycle,176_1b4_Lr_mc_AKGC417L__2,wheeze_score,0.4326074161,0
M39,test,cycle,176_1b4_Lr_mc_AKGC417L__3,wheeze_score,0.7132502175,0
M39,test,cycle,176_1b4_Lr_mc_AKGC417L__4,wheeze_score,0.6003038123,0
M39,test,cycle,176_1b4_Lr_mc_AKGC417L__5,wheeze_score,0.4941855559,0
M39,test,cycle,176_1b4_Pl_mc_AKGC417L__0,wheeze_score,0.5333817126,0
M39,test,cycle,176_1b4_Pl_mc_AKGC417L__1,wheeze_score,0.5202849179,0
M39,test,cycle,176_1b4_Pl_mc_AKGC417L__2,wheeze_score,0.4031783402,0
M39,test,cycle,176_1b4_Pl_mc_AKGC417L__3,wheeze_score,0.5334879675,0
M39,test,cycle,176_1b4_Pl_mc_AKGC417L__4,wheeze_score,0.4246051355,0
M39,test,cycle,176_1b4_Pl_mc_AKGC417L__5,wheeze_score,0.4050701278,0
M39,test,cycle,176_1b4_Pr_mc_AKGC417L__0,wheeze_score,0.5116110305,0
M39,test,cycle,176_1b4_Pr_mc_AKGC417L__1,wheeze_score,0.436667699,0
M39,test,cycle,176_1b4_Pr_mc_AKGC417L__2,wheeze_score,0.5179517363,0
M39,test,cycle,176_1b4_Pr_mc_AKGC417L__3,wheeze_score,0.5131922296,0
M39,test,cycle,176_1b4_Pr_mc_AKGC417L__4,wheeze_score,0.5739490108,0
M39,test,cycle,176_1b4_Pr_mc_AKGC417L__5,wheeze_score,0.3564617124,0
M39,test,cycle,176_1b4_Tc_mc_AKGC417L__0,wheeze_score,0.5406386067,0
M39,test,cycle,176_1b4_Tc_mc_AKGC417L__1,wheeze_score,0.8144936513,0
M39,test,cycle,176_1b4_Tc_mc_AKGC417L__2,wheeze_score,0.8122424956,0
M39,test,cycle,176_1b4_Tc_mc_AKGC417L__3,wheeze_score,0.7277471731,0
M39,test,cycle,176_1b4_Tc_mc_AKGC417L__4,wheeze_score,0.8462819598,0
M39,test,cycle,176_1b4_Tc_mc_AKGC417L__5,wheeze_score,0.5643977114,0
M39,test,cycle,176_2b3_Al_mc_AKGC417L__0,wheeze_score,0.4432624113,0
M39,test,cycle,176_2b3_Al_mc_AKGC417L__1,wheeze_score,0.9121212121,0
M39,test,cycle,176_2b3_Al_mc_AKGC417L__2,wheeze_score,0.6941580756,0
M39,test,cycle,176_2b3_Al_mc_AKGC417L__3,wheeze_score,0.7191994997,0
M39,test,cycle,176_2b3_Al_mc_AKGC417L__4,wheeze_score,0.6268364349,0
M39,test,cycle,176_2b3_Al_mc_AKGC417L__5,wheeze_score,0.7167119565,0
M39,test,cycle,176_2b3_Al_mc_AKGC417L__6,wheeze_score,0.7747747748,0
M39,test,cycle,176_2b3_Ar_mc_AKGC417L__0,wheeze_score,0.3723404255,0
M39,test,cycle,176_2b3_Ar_mc_AKGC417L__1,wheeze_score,0.4818181818,0
M39,test,cycle,176_2b3_Ar_mc_AKGC417L__2,wheeze_score,0.8144329897,0
M39,test,cycle,176_2b3_Ar_mc_AKGC417L__3,wheeze_score,0.9099437148,0
M39,test,cycle,176_2b3_Ar_mc_AKGC417L__4,wheeze_score,0.6594841659,0
M39,test,cycle,176_2b3_Ar_mc_AKGC417L__5,wheeze_score,0.754076087,0
M39,test,cycle,176_2b3_Ar_mc_AKGC417L__6,wheeze_score,0.7315315315,0
M39,test,cycle,176_2b3_Ll_mc_AKGC417L__0,wheeze_score,0.2600472813,0
M39,test,cycle,176_2b3_Ll_mc_AKGC417L__1,wheeze_score,0.4303030303,0
M39,test,cycle,176_2b3_Ll_mc_AKGC417L__2,wheeze_score,0.08934707904,0
M39,test,cycle,176_2b3_Ll_mc_AKGC417L__3,wheeze_score,0.2095059412,0
M39,test,cycle,176_2b3_Ll_mc_AKGC417L__4,wheeze_score,0.3460659484,0
M39,test,cycle,176_2b3_Ll_mc_AKGC417L__5,wheeze_score,0.4449728261,0
M39,test,cycle,176_2b3_Ll_mc_AKGC417L__6,wheeze_score,0.627027027,0
M39,test,cycle,176_2b3_Lr_mc_AKGC417L__0,wheeze_score,0.3959810875,0
M39,test,cycle,176_2b3_Lr_mc_AKGC417L__1,wheeze_score,0.3696969697,0
M39,test,cycle,176_2b3_Lr_mc_AKGC417L__2,wheeze_score,0.4089347079,0
M39,test,cycle,176_2b3_Lr_mc_AKGC417L__3,wheeze_score,0.4158849281,0
M39,test,cycle,176_2b3_Lr_mc_AKGC417L__4,wheeze_score,0.5125693764,0
M39,test,cycle,176_2b3_Lr_mc_AKGC417L__5,wheeze_score,0.5638586957,0
M39,test,cycle,176_2b3_Lr_mc_AKGC417L__6,wheeze_score,0.6774774775,0
M39,test,cycle,176_2b3_Pl_mc_AKGC417L__0,wheeze_score,0.2777777778,0
M39,test,cycle,176_2b3_Pl_mc_AKGC417L__1,wheeze_score,0.3181818182,0
M39,test,cycle,176_2b3_Pl_mc_AKGC417L__2,wheeze_score,0.4742268041,0
M39,test,cycle,176_2b3_Pl_mc_AKGC417L__3,wheeze_score,0.315822389,0
M39,test,cycle,176_2b3_Pl_mc_AKGC417L__4,wheeze_score,0.4603330069,0
M39,test,cycle,176_2b3_Pl_mc_AKGC417L__5,wheeze_score,0.417798913,0
M39,test,cycle,176_2b3_Pl_mc_AKGC417L__6,wheeze_score,0.5117117117,0
M39,test,cycle,176_2b3_Pr_mc_AKGC417L__0,wheeze_score,0.378250591,0
M39,test,cycle,176_2b3_Pr_mc_AKGC417L__1,wheeze_score,0.603030303,0
M39,test,cycle,176_2b3_Pr_mc_AKGC417L__2,wheeze_score,0.5017182131,0
M39,test,cycle,176_2b3_Pr_mc_AKGC417L__3,wheeze_score,0.5472170106,0
M39,test,cycle,176_2b3_Pr_mc_AKGC417L__4,wheeze_score,0.6366307542,0
M39,test,cycle,176_2b3_Pr_mc_AKGC417L__5,wheeze_score,0.6725543478,0
M39,test,cycle,176_2b3_Pr_mc_AKGC417L__6,wheeze_score,0.5153153153,0
M39,test,cycle,176_2b3_Tc_mc_AKGC417L__0,wheeze_score,0.5969267139,0
M39,test,cycle,176_2b3_Tc_mc_AKGC417L__1,wheeze_score,0.4606060606,0
M39,test,cycle,176_2b3_Tc_mc_AKGC417L__2,wheeze_score,0.7079037801,0
M39,test,cycle,176_2b3_Tc_mc_AKGC417L__3,wheeze_score,0.4627892433,0
M39,test,cycle,176_2b3_Tc_mc_AKGC417L__4,wheeze_score,0.7704864512,0
M39,test,cycle,176_2b3_Tc_mc_AKGC417L__5,wheeze_score,0.5570652174,0
M39,test,cycle,176_2b3_Tc_mc_AKGC417L__6,wheeze_score,0.7855855856,0
M39,test,cycle,177_1b2_Al_mc_AKGC417L__0,wheeze_score,0.7752300733,0
M39,test,cycle,177_1b2_Al_mc_AKGC417L__1,wheeze_score,0.7062379775,0
M39,test,cycle,177_1b2_Al_mc_AKGC417L__2,wheeze_score,0.7109375,0
M39,test,cycle,177_1b2_Al_mc_AKGC417L__3,wheeze_score,0.647075445,0
M39,test,cycle,177_1b2_Ar_mc_AKGC417L__0,wheeze_score,0.8376228358,0
M39,test,cycle,177_1b2_Ar_mc_AKGC417L__1,wheeze_score,0.8189062929,0
M39,test,cycle,177_1b2_Ar_mc_AKGC417L__2,wheeze_score,0.8854166667,0
M39,test,cycle,177_1b2_Ar_mc_AKGC417L__3,wheeze_score,0.8476970896,0
M39,test,cycle,177_1b2_Lr_mc_AKGC417L__0,wheeze_score,0.6582436437,0
M39,test,cycle,177_1b2_Lr_mc_AKGC417L__1,wheeze_score,0.5908216543,0
M39,test,cycle,177_1b2_Lr_mc_AKGC417L__2,wheeze_score,0.6822916667,0
M39,test,cycle,177_1b2_Lr_mc_AKGC417L__3,wheeze_score,0.7911839503,0
M39,test,cycle,177_1b2_Pl_mc_AKGC417L__0,wheeze_score,0.6956793012,0
M39,test,cycle,177_1b2_Pl_mc_AKGC417L__1,wheeze_score,0.5441055235,0
M39,test,cycle,177_1b2_Pl_mc_AKGC417L__2,wheeze_score,0.6197916667,0
M39,test,cycle,177_1b2_Pl_mc_AKGC417L__3,wheeze_score,0.5594800791,0
M39,test,cycle,177_1b2_Pr_mc_AKGC417L__0,wheeze_score,0.7471533302,0
M39,test,cycle,177_1b2_Pr_mc_AKGC417L__1,wheeze_score,0.6897499313,1
M39,test,cycle,177_1b2_Pr_mc_AKGC417L__2,wheeze_score,0.7265625,1
M39,test,cycle,177_1b2_Pr_mc_AKGC417L__3,wheeze_score,0.8448714326,1
M39,test,cycle,177_1b2_Tc_mc_AKGC417L__0,wheeze_score,0.4788644517,0
M39,test,cycle,177_1b2_Tc_mc_AKGC417L__1,wheeze_score,0.4012091234,0
M39,test,cycle,177_1b2_Tc_mc_AKGC417L__2,wheeze_score,0.5338541667,0
M39,test,cycle,177_1b2_Tc_mc_AKGC417L__3,wheeze_score,0.3390788358,0
M39,test,cycle,177_1b4_Al_mc_AKGC417L__0,wheeze_score,0.8552412646,0
M39,test,cycle,177_1b4_Al_mc_AKGC417L__1,wheeze_score,0.6299734748,0
M39,test,cycle,177_1b4_Al_mc_AKGC417L__2,wheeze_score,0.795562599,0
M39,test,cycle,177_1b4_Al_mc_AKGC417L__3,wheeze_score,0.5790960452,0
M39,test,cycle,177_1b4_Al_mc_AKGC417L__4,wheeze_score,0.7240798653,0
M39,test,cycle,177_1b4_Ar_mc_AKGC417L__0,wheeze_score,0.7787021631,0
M39,test,cycle,177_1b4_Ar_mc_AKGC417L__1,wheeze_score,0.7802829355,0
M39,test,cycle,177_1b4_Ar_mc_AKGC417L__2,wheeze_score,0.8969889065,0
M39,test,cycle,177_1b4_Ar_mc_AKGC417L__3,wheeze_score,0.918079096,0
M39,test,cycle,177_1b4_Ar_mc_AKGC417L__4,wheeze_score,0.9117151792,0
M39,test,cycle,177_1b4_Lr_mc_AKGC417L__0,wheeze_score,0.921797005,0
M39,test,cycle,177_1b4_Lr_mc_AKGC417L__1,wheeze_score,0.7891246684,0
M39,test,cycle,177_1b4_Lr_mc_AKGC417L__2,wheeze_score,0.9381933439,0
M39,test,cycle,177_1b4_Lr_mc_AKGC417L__3,wheeze_score,0.884180791,0
M39,test,cycle,177_1b4_Lr_mc_AKGC417L__4,wheeze_score,0.9069040173,0
M39,test,cycle,177_1b4_Pl_mc_AKGC417L__0,wheeze_score,0.6356073211,0
M39,test,cycle,177_1b4_Pl_mc_AKGC417L__1,wheeze_score,0.6520778073,0
M39,test,cycle,177_1b4_Pl_mc_AKGC417L__2,wheeze_score,0.7258320127,0
M39,test,cycle,177_1b4_Pl_mc_AKGC417L__3,wheeze_score,0.7711864407,0
M39,test,cycle,177_1b4_Pl_mc_AKGC417L__4,wheeze_score,0.6062063988,0
M39,test,cycle,177_1b4_Pr_mc_AKGC417L__0,wheeze_score,0.7587354409,1
M39,test,cycle,177_1b4_Pr_mc_AKGC417L__1,wheeze_score,0.6763925729,1
M39,test,cycle,177_1b4_Pr_mc_AKGC417L__2,wheeze_score,0.6370839937,1
M39,test,cycle,177_1b4_Pr_mc_AKGC417L__3,wheeze_score,0.918079096,1
M39,test,cycle,177_1b4_Pr_mc_AKGC417L__4,wheeze_score,0.7312966081,1
M39,test,cycle,177_1b4_Tc_mc_AKGC417L__0,wheeze_score,0.4126455907,0
M39,test,cycle,177_1b4_Tc_mc_AKGC417L__1,wheeze_score,0.5702917772,0
M39,test,cycle,177_1b4_Tc_mc_AKGC417L__2,wheeze_score,0.2884310618,0
M39,test,cycle,177_1b4_Tc_mc_AKGC417L__3,wheeze_score,0.4406779661,0
M39,test,cycle,177_1b4_Tc_mc_AKGC417L__4,wheeze_score,0.3728650469,0
M39,test,cycle,177_2b4_Al_mc_AKGC417L__0,wheeze_score,0.5919003115,0
M39,test,cycle,177_2b4_Al_mc_AKGC417L__1,wheeze_score,0.7848410758,0
M39,test,cycle,177_2b4_Al_mc_AKGC417L__2,wheeze_score,0.6015424165,0
M39,test,cycle,177_2b4_Al_mc_AKGC417L__3,wheeze_score,0.5429969704,0
M39,test,cycle,177_2b4_Al_mc_AKGC417L__4,wheeze_score,0.6676783005,0
M39,test,cycle,177_2b4_Lr_mc_AKGC417L__0,wheeze_score,0.196501318,0
M39,test,cycle,177_2b4_Lr_mc_AKGC417L__1,wheeze_score,0.1540342298,0
M39,test,cycle,177_2b4_Lr_mc_AKGC417L__2,wheeze_score,0.1516709512,0
M39,test,cycle,177_2b4_Lr_mc_AKGC417L__3,wheeze_score,0.1141924959,0
M39,test,cycle,177_2b4_Lr_mc_AKGC417L__4,wheeze_score,0.3869499241,0
M39,test,cycle,177_2b4_Pl_mc_AKGC417L__0,wheeze_score,0.4792715073,0
M39,test,cycle,177_2b4_Pl_mc_AKGC417L__1,wheeze_score,0.4596577017,0
M39,test,cycle,177_2b4_Pl_mc_AKGC417L__2,wheeze_score,0.3727506427,0
M39,test,cycle,177_2b4_Pl_mc_AKGC417L__3,wheeze_score,0.3798648334,0
M39,test,cycle,177_2b4_Pl_mc_AKGC417L__4,wheeze_score,0.7283763278,0
M39,test,cycle,177_2b4_Pr_mc_AKGC417L__0,wheeze_score,0.3858135634,0
M39,test,cycle,177_2b4_Pr_mc_AKGC417L__1,wheeze_score,0.4400977995,0
M39,test,cycle,177_2b4_Pr_mc_AKGC417L__2,wheeze_score,0.3316195373,0
M39,test,cycle,177_2b4_Pr_mc_AKGC417L__3,wheeze_score,0.2516895828,0
M39,test,cycle,177_2b4_Pr_mc_AKGC417L__4,wheeze_score,0.5007587253,0
M39,test,cycle,177_2b4_Tc_mc_AKGC417L__0,wheeze_score,0.4577042895,0
M39,test,cycle,177_2b4_Tc_mc_AKGC417L__1,wheeze_score,0.4645476773,0
M39,test,cycle,177_2b4_Tc_mc_AKGC417L__2,wheeze_score,0.5089974293,0
M39,test,cycle,177_2b4_Tc_mc_AKGC417L__3,wheeze_score,0.4847354929,0
M39,test,cycle,177_2b4_Tc_mc_AKGC417L__4,wheeze_score,0.8118361153,0
M39,test,cycle,178_1b2_Al_mc_AKGC417L__0,wheeze_score,0.5250403877,0
M39,test,cycle,178_1b2_Al_mc_AKGC417L__1,wheeze_score,0.7904022583,1
M39,test,cycle,178_1b2_Al_mc_AKGC417L__2,wheeze_score,0.6187929717,1
M39,test,cycle,178_1b2_Al_mc_AKGC417L__3,wheeze_score,0.62,1
M39,test,cycle,178_1b2_Al_mc_AKGC417L__4,wheeze_score,0.4801010739,1
M39,test,cycle,178_1b2_Al_mc_AKGC417L__5,wheeze_score,0.5186020293,0
M39,test,cycle,178_1b2_Al_mc_AKGC417L__6,wheeze_score,0.6761565836,0
M39,test,cycle,178_1b2_Al_mc_AKGC417L__7,wheeze_score,0.495915986,1
M39,test,cycle,178_1b2_Al_mc_AKGC417L__8,wheeze_score,0.6,1
M39,test,cycle,178_1b2_Al_mc_AKGC417L__9,wheeze_score,0.8292945611,0
M39,test,cycle,178_1b2_Al_mc_AKGC417L__10,wheeze_score,0.850945495,0
M39,test,cycle,178_1b2_Al_mc_AKGC417L__11,wheeze_score,0.7261509255,0
M39,test,cycle,178_1b2_Ar_mc_AKGC417L__0,wheeze_score,0.4684975767,1
M39,test,cycle,178_1b2_Ar_mc_AKGC417L__1,wheeze_score,0.7268877911,1
M39,test,cycle,178_1b2_Ar_mc_AKGC417L__2,wheeze_score,0.5882352941,1
M39,test,cycle,178_1b2_Ar_mc_AKGC417L__3,wheeze_score,0.5866666667,0
M39,test,cycle,178_1b2_Ar_mc_AKGC417L__4,wheeze_score,0.770688566,1
M39,test,cycle,178_1b2_Ar_mc_AKGC417L__5,wheeze_score,0.3664036077,1
M39,test,cycle,178_1b2_Ar_mc_AKGC417L__6,wheeze_score,0.7900355872,0
M39,test,cycle,178_1b2_Ar_mc_AKGC417L__7,wheeze_score,0.6767794632,1
M39,test,cycle,178_1b2_Ar_mc_AKGC417L__8,wheeze_score,0.3885714286,0
M39,test,cycle,178_1b2_Ar_mc_AKGC417L__9,wheeze_score,0.5385029618,0
M39,test,cycle,178_1b2_Ar_mc_AKGC417L__10,wheeze_score,0.617352614,0
M39,test,cycle,178_1b2_Ar_mc_AKGC417L__11,wheeze_score,0.6454674893,0
M39,test,cycle,178_1b2_Lr_mc_AKGC417L__0,wheeze_score,0.6219709208,1
M39,test,cycle,178_1b2_Lr_mc_AKGC417L__1,wheeze_score,0.5928016937,1
M39,test,cycle,178_1b2_Lr_mc_AKGC417L__2,wheeze_score,0.3743315508,1
M39,test,cycle,178_1b2_Lr_mc_AKGC417L__3,wheeze_score,0.8333333333,1
M39,test,cycle,178_1b2_Lr_mc_AKGC417L__4,wheeze_score,0.739102969,1
M39,test,cycle,178_1b2_Lr_mc_AKGC417L__5,wheeze_score,0.4622322435,0
M39,test,cycle,178_1b2_Lr_mc_AKGC417L__6,wheeze_score,0.7829181495,0
M39,test,cycle,178_1b2_Lr_mc_AKGC417L__7,wheeze_score,0.6301050175,1
M39,test,cycle,178_1b2_Lr_mc_AKGC417L__8,wheeze_score,0.5771428571,0
M39,test,cycle,178_1b2_Lr_mc_AKGC417L__9,wheeze_score,0.6569736134,0
M39,test,cycle,178_1b2_Lr_mc_AKGC417L__10,wheeze_score,0.8453837597,0
M39,test,cycle,178_1b2_Lr_mc_AKGC417L__11,wheeze_score,0.4366397722,0
M39,test,cycle,178_1b2_Pl_mc_AKGC417L__0,wheeze_score,0.6138933764,0
M39,test,cycle,178_1b2_Pl_mc_AKGC417L__1,wheeze_score,0.3881439661,0
M39,test,cycle,178_1b2_Pl_mc_AKGC417L__2,wheeze_score,0.5805958747,0
M39,test,cycle,178_1b2_Pl_mc_AKGC417L__3,wheeze_score,0.7533333333,0
M39,test,cycle,178_1b2_Pl_mc_AKGC417L__4,wheeze_score,0.7770056854,0
M39,test,cycle,178_1b2_Pl_mc_AKGC417L__5,wheeze_score,0.1409244645,0
M39,test,cycle,178_1b2_Pl_mc_AKGC417L__6,wheeze_score,0.8042704626,0
M39,test,cycle,178_1b2_Pl_mc_AKGC417L__7,wheeze_score,0.7059509918,0
M39,test,cycle,178_1b2_Pl_mc_AKGC417L__8,wheeze_score,0.76,0
M39,test,cycle,178_1b2_Pl_mc_AKGC417L__9,wheeze_score,0.8185245019,0
M39,test,cycle,178_1b2_Pl_mc_AKGC417L__10,wheeze_score,0.5561735261,0
M39,test,cycle,178_1b2_Pl_mc_AKGC417L__11,wheeze_score,0.7498813479,0
M39,test,cycle,178_1b2_Pr_mc_AKGC417L__0,wheeze_score,0.3150242326,0
M39,test,cycle,178_1b2_Pr_mc_AKGC417L__1,wheeze_score,0.07762879323,1
M39,test,cycle,178_1b2_Pr_mc_AKGC417L__2,wheeze_score,0.6187929717,1
M39,test,cycle,178_1b2_Pr_mc_AKGC417L__3,wheeze_score,0.2133333333,1
M39,test,cycle,178_1b2_Pr_mc_AKGC417L__4,wheeze_score,0.3979785218,1
M39,test,cycle,178_1b2_Pr_mc_AKGC417L__5,wheeze_score,0.2649379932,1
M39,test,cycle,178_1b2_Pr_mc_AKGC417L__6,wheeze_score,0.3416370107,0
M39,test,cycle,178_1b2_Pr_mc_AKGC417L__7,wheeze_score,0.4492415403,1
M39,test,cycle,178_1b2_Pr_mc_AKGC417L__8,wheeze_score,0.2057142857,0
M39,test,cycle,178_1b2_Pr_mc_AKGC417L__9,wheeze_score,0.4200323102,0
M39,test,cycle,178_1b2_Pr_mc_AKGC417L__10,wheeze_score,0.6117908788,0
M39,test,cycle,178_1b2_Pr_mc_AKGC417L__11,wheeze_score,0.3939250119,0
M39,test,cycle,178_1b2_Tc_mc_AKGC417L__0,wheeze_score,0.5088852989,0
M39,test,cycle,178_1b2_Tc_mc_AKGC417L__1,wheeze_score,0.4728299224,1
M39,test,cycle,178_1b2_Tc_mc_AKGC417L__2,wheeze_score,0.2673796791,1
M39,test,cycle,178_1b2_Tc_mc_AKGC417L__3,wheeze_score,0.2866666667,1
M39,test,cycle,178_1b2_Tc_mc_AKGC417L__4,wheeze_score,0.7517372078,0
M39,test,cycle,178_1b2_Tc_mc_AKGC417L__5,wheeze_score,0.2874859076,0
M39,test,cycle,178_1b2_Tc_mc_AKGC417L__6,wheeze_score,0.2775800712,0
M39,test,cycle,178_1b2_Tc_mc_AKGC417L__7,wheeze_score,0.5425904317,1
M39,test,cycle,178_1b2_Tc_mc_AKGC417L__8,wheeze_score,0.36,1
M39,test,cycle,178_1b2_Tc_mc_AKGC417L__9,wheeze_score,0.6515885837,0
M39,test,cycle,178_1b2_Tc_mc_AKGC417L__10,wheeze_score,0.361512792,0
M39,test,cycle,178_1b2_Tc_mc_AKGC417L__11,wheeze_score,0.6549596583,0
M39,test,cycle,178_1b3_Al_mc_AKGC417L__0,wheeze_score,0.6453252033,1
M39,test,cycle,178_1b3_Al_mc_AKGC417L__1,wheeze_score,0.7393292683,1
M39,test,cycle,178_1b3_Al_mc_AKGC417L__2,wheeze_score,0.8254585881,1
M39,test,cycle,178_1b3_Al_mc_AKGC417L__3,wheeze_score,0.5165354331,0
M39,test,cycle,178_1b3_Al_mc_AKGC417L__4,wheeze_score,0.6717501816,0
M39,test,cycle,178_1b3_Ar_mc_AKGC417L__0,wheeze_score,0.5767276423,0
M39,test,cycle,178_1b3_Ar_mc_AKGC417L__1,wheeze_score,0.5868902439,0
M39,test,cycle,178_1b3_Ar_mc_AKGC417L__2,wheeze_score,0.5419677599,1
M39,test,cycle,178_1b3_Ar_mc_AKGC417L__3,wheeze_score,0.7559055118,0
M39,test,cycle,178_1b3_Ar_mc_AKGC417L__4,wheeze_score,0.7661583152,0
M39,test,cycle,178_1b3_Lr_mc_AKGC417L__0,wheeze_score,0.7291666667,0
M39,test,cycle,178_1b3_Lr_mc_AKGC417L__1,wheeze_score,0.7520325203,0
M39,test,cycle,178_1b3_Lr_mc_AKGC417L__2,wheeze_score,0.7087270706,0
M39,test,cycle,178_1b3_Lr_mc_AKGC417L__3,wheeze_score,0.6960629921,0
M39,test,cycle,178_1b3_Lr_mc_AKGC417L__4,wheeze_score,0.5846042121,0
M39,test,cycle,178_1b3_Pl_mc_AKGC417L__0,wheeze_score,0.5055894309,0
M39,test,cycle,178_1b3_Pl_mc_AKGC417L__1,wheeze_score,0.6351626016,0
M39,test,cycle,178_1b3_Pl_mc_AKGC417L__2,wheeze_score,0.2751528627,0
M39,test,cycle,178_1b3_Pl_mc_AKGC417L__3,wheeze_score,0.6803149606,0
M39,test,cycle,178_1b3_Pl_mc_AKGC417L__4,wheeze_score,0.6572258533,0
M39,test,cycle,178_1b3_Pr_mc_AKGC417L__0,wheeze_score,0.4141260163,0
M39,test,cycle,178_1b3_Pr_mc_AKGC417L__1,wheeze_score,0.5030487805,0
M39,test,cycle,178_1b3_Pr_mc_AKGC417L__2,wheeze_score,0.5642023346,0
M39,test,cycle,178_1b3_Pr_mc_AKGC417L__3,wheeze_score,0.4220472441,0
M39,test,cycle,178_1b3_Pr_mc_AKGC417L__4,wheeze_score,0.522875817,0
M39,test,cycle,178_1b3_Tc_mc_AKGC417L__0,wheeze_score,0.4268292683,0
M39,test,cycle,178_1b3_Tc_mc_AKGC417L__1,wheeze_score,0.6046747967,0
M39,test,cycle,178_1b3_Tc_mc_AKGC417L__2,wheeze_score,0.3640911618,0
M39,test,cycle,178_1b3_Tc_mc_AKGC417L__3,wheeze_score,0.6236220472,0
M39,test,cycle,178_1b3_Tc_mc_AKGC417L__4,wheeze_score,0.3631082062,0
M39,test,cycle,178_1b6_Al_mc_AKGC417L__0,wheeze_score,0.8015478165,0
M39,test,cycle,178_1b6_Al_mc_AKGC417L__1,wheeze_score,0.7529322739,0
M39,test,cycle,178_1b6_Al_mc_AKGC417L__2,wheeze_score,0.7979840403,0
M39,test,cycle,178_1b6_Al_mc_AKGC417L__3,wheeze_score,0.492,0
M39,test,cycle,178_1b6_Al_mc_AKGC417L__4,wheeze_score,0.696969697,0
M39,test,cycle,178_1b6_Al_mc_AKGC417L__5,wheeze_score,0.7916850951,0
M39,test,cycle,178_1b6_Al_mc_AKGC417L__6,wheeze_score,0.7331042383,0
M39,test,cycle,178_1b6_Al_mc_AKGC417L__7,wheeze_score,0.5214968153,0
M39,test,cycle,178_1b6_Ar_mc_AKGC417L__0,wheeze_score,0.7131011609,0
M39,test,cycle,178_1b6_Ar_mc_AKGC417L__1,wheeze_score,0.5334846765,0
M39,test,cycle,178_1b6_Ar_mc_AKGC417L__2,wheeze_score,0.6929861403,0
M39,test,cycle,178_1b6_Ar_mc_AKGC417L__3,wheeze_score,0.592,0
M39,test,cycle,178_1b6_Ar_mc_AKGC417L__4,wheeze_score,0.6753246753,0
M39,test,cycle,178_1b6_Ar_mc_AKGC417L__5,wheeze_score,0.4068996019,0
M39,test,cycle,178_1b6_Ar_mc_AKGC417L__6,wheeze_score,0.7178312333,0
M39,test,cycle,178_1b6_Ar_mc_AKGC417L__7,wheeze_score,0.5851910828,0
M39,test,cycle,178_1b6_Ll_mc_AKGC417L__0,wheeze_score,0.5749032615,1
M39,test,cycle,178_1b6_Ll_mc_AKGC417L__1,wheeze_score,0.2156640182,1
M39,test,cycle,178_1b6_Ll_mc_AKGC417L__2,wheeze_score,0.4073918522,1
M39,test,cycle,178_1b6_Ll_mc_AKGC417L__3,wheeze_score,0.32,1
M39,test,cycle,178_1b6_Ll_mc_AKGC417L__4,wheeze_score,0.1904761905,1
M39,test,cycle,178_1b6_Ll_mc_AKGC417L__5,wheeze_score,0.9332153914,1
M39,test,cycle,178_1b6_Ll_mc_AKGC417L__6,wheeze_score,0.3130966018,1
M39,test,cycle,178_1b6_Ll_mc_AKGC417L__7,wheeze_score,0.497611465,1
M39,test,cycle,178_1b6_Lr_mc_AKGC417L__0,wheeze_score,0.7683803206,0
M39,test,cycle,178_1b6_Lr_mc_AKGC417L__1,wheeze_score,0.7604994325,0
M39,test,cycle,178_1b6_Lr_mc_AKGC417L__2,wheeze_score,0.7265854683,0
M39,test,cycle,178_1b6_Lr_mc_AKGC417L__3,wheeze_score,0.764,0
M39,test,cycle,178_1b6_Lr_mc_AKGC417L__4,wheeze_score,0.7489177489,0
M39,test,cycle,178_1b6_Lr_mc_AKGC417L__5,wheeze_score,0.6678460858,0
M39,test,cycle,178_1b6_Lr_mc_AKGC417L__6,wheeze_score,0.8323787705,0
M39,test,cycle,178_1b6_Lr_mc_AKGC417L__7,wheeze_score,0.8399681529,0
M39,test,cycle,178_1b6_Pl_mc_AKGC417L__0,wheeze_score,0.6578220011,0
M39,test,cycle,178_1b6_Pl_mc_AKGC417L__1,wheeze_score,0.6621263715,0
M39,test,cycle,178_1b6_Pl_mc_AKGC417L__2,wheeze_score,0.5669886602,0
M39,test,cycle,178_1b6_Pl_mc_AKGC417L__3,wheeze_score,0.568,0
M39,test,cycle,178_1b6_Pl_mc_AKGC417L__4,wheeze_score,0.5411255411,0
M39,test,cycle,178_1b6_Pl_mc_AKGC417L__5,wheeze_score,0.8845643521,0
M39,test,cycle,178_1b6_Pl_mc_AKGC417L__6,wheeze_score,0.5498281787,0
M39,test,cycle,178_1b6_Pl_mc_AKGC417L__7,wheeze_score,0.5931528662,0
M39,test,cycle,178_1b6_Pr_mc_AKGC417L__0,wheeze_score,0.5362078496,0
M39,test,cycle,178_1b6_Pr_mc_AKGC417L__1,wheeze_score,0.2648505486,1
M39,test,cycle,178_1b6_Pr_mc_AKGC417L__2,wheeze_score,0.4031919362,0
M39,test,cycle,178_1b6_Pr_mc_AKGC417L__3,wheeze_score,0.204,0
M39,test,cycle,178_1b6_Pr_mc_AKGC417L__4,wheeze_score,0.367965368,0
M39,test,cycle,178_1b6_Pr_mc_AKGC417L__5,wheeze_score,0.5661211853,0
M39,test,cycle,178_1b6_Pr_mc_AKGC417L__6,wheeze_score,0.2558228331,0
M39,test,cycle,178_1b6_Pr_mc_AKGC417L__7,wheeze_score,0.4737261146,1
M39,test,cycle,178_1b6_Tc_mc_AKGC417L__0,wheeze_score,0.5030403538,0
M39,test,cycle,178_1b6_Tc_mc_AKGC417L__1,wheeze_score,0.2913356035,0
M39,test,cycle,178_1b6_Tc_mc_AKGC417L__2,wheeze_score,0.5417891642,0
M39,test,cycle,178_1b6_Tc_mc_AKGC417L__3,wheeze_score,0.568,0
M39,test,cycle,178_1b6_Tc_mc_AKGC417L__4,wheeze_score,0.3896103896,0
M39,test,cycle,178_1b6_Tc_mc_AKGC417L__5,wheeze_score,0.3007518797,0
M39,test,cycle,178_1b6_Tc_mc_AKGC417L__6,wheeze_score,0.4887361588,0
M39,test,cycle,178_1b6_Tc_mc_AKGC417L__7,wheeze_score,0.4777070064,0
M39,test,cycle,178_2b2_Al_mc_AKGC417L__0,wheeze_score,0.3225806452,0
M39,test,cycle,178_2b2_Al_mc_AKGC417L__1,wheeze_score,0.7535641548,0
M39,test,cycle,178_2b2_Al_mc_AKGC417L__2,wheeze_score,0.4888888889,0
M39,test,cycle,178_2b2_Al_mc_AKGC417L__3,wheeze_score,0.8189880021,0
M39,test,cycle,178_2b2_Al_mc_AKGC417L__4,wheeze_score,0.6194274988,0
M39,test,cycle,178_2b2_Al_mc_AKGC417L__5,wheeze_score,0.3805104408,0
M39,test,cycle,178_2b2_Al_mc_AKGC417L__6,wheeze_score,0.4423592493,0
M39,test,cycle,178_2b2_Al_mc_AKGC417L__7,wheeze_score,0.4608737398,0
M39,test,cycle,178_2b2_Al_mc_AKGC417L__8,wheeze_score,0.8580413297,0
M39,test,cycle,178_2b2_Al_mc_AKGC417L__9,wheeze_score,0.9214092141,0
M39,test,cycle,178_2b2_Ar_mc_AKGC417L__0,wheeze_score,0.4625684723,0
M39,test,cycle,178_2b2_Ar_mc_AKGC417L__1,wheeze_score,0.5193482688,0
M39,test,cycle,178_2b2_Ar_mc_AKGC417L__2,wheeze_score,0.4088888889,0
M39,test,cycle,178_2b2_Ar_mc_AKGC417L__3,wheeze_score,0.4694835681,0
M39,test,cycle,178_2b2_Ar_mc_AKGC417L__4,wheeze_score,0.4411074613,0
M39,test,cycle,178_2b2_Ar_mc_AKGC417L__5,wheeze_score,0.6960556845,0
M39,test,cycle,178_2b2_Ar_mc_AKGC417L__6,wheeze_score,0.4200178731,0
M39,test,cycle,178_2b2_Ar_mc_AKGC417L__7,wheeze_score,0.4416706673,0
M39,test,cycle,178_2b2_Ar_mc_AKGC417L__8,wheeze_score,0.7187780773,0
M39,test,cycle,178_2b2_Ar_mc_AKGC417L__9,wheeze_score,0.3658536585,0
M39,test,cycle,178_2b2_Lr_mc_AKGC417L__0,wheeze_score,0.2434570907,0
M39,test,cycle,178_2b2_Lr_mc_AKGC417L__1,wheeze_score,0.4022403259,0
M39,test,cycle,178_2b2_Lr_mc_AKGC417L__2,wheeze_score,0.5911111111,0
M39,test,cycle,178_2b2_Lr_mc_AKGC417L__3,wheeze_score,0.5320813772,0
M39,test,cycle,178_2b2_Lr_mc_AKGC417L__4,wheeze_score,0.3050211168,0
M39,test,cycle,178_2b2_Lr_mc_AKGC417L__5,wheeze_score,0.524361949,0
M39,test,cycle,178_2b2_Lr_mc_AKGC417L__6,wheeze_score,0.6434316354,0
M39,test,cycle,178_2b2_Lr_mc_AKGC417L__7,wheeze_score,0.2976476236,0
M39,test,cycle,178_2b2_Lr_mc_AKGC417L__8,wheeze_score,0.4267744834,0
M39,test,cycle,178_2b2_Lr_mc_AKGC417L__9,wheeze_score,0.5420054201,0
M39,test,cycle,178_2b2_Pr_mc_AKGC417L__0,wheeze_score,0.432136336,0
M39,test,cycle,178_2b2_Pr_mc_AKGC417L__1,wheeze_score,0.4124236253,0
M39,test,cycle,178_2b2_Pr_mc_AKGC417L__2,wheeze_score,0.3377777778,0
M39,test,cycle,178_2b2_Pr_mc_AKGC417L__3,wheeze_score,0.11476265,0
M39,test,cycle,178_2b2_Pr_mc_AKGC417L__4,wheeze_score,0.3941811356,0
M39,test,cycle,178_2b2_Pr_mc_AKGC417L__5,wheeze_score,0.3897911833,0
M39,test,cycle,178_2b2_Pr_mc_AKGC417L__6,wheeze_score,0.2412868633,0
M39,test,cycle,178_2b2_Pr_mc_AKGC417L__7,wheeze_score,0.2496399424,0
M39,test,cycle,178_2b2_Pr_mc_AKGC417L__8,wheeze_score,0.3683737646,0
M39,test,cycle,178_2b2_Pr_mc_AKGC417L__9,wheeze_score,0.5284552846,0
M39,test,cycle,178_2b2_Tc_mc_AKGC417L__0,wheeze_score,0.1643335362,0
M39,test,cycle,178_2b2_Tc_mc_AKGC417L__1,wheeze_score,0.2342158859,0
M39,test,cycle,178_2b2_Tc_mc_AKGC417L__2,wheeze_score,0.4533333333,0
M39,test,cycle,178_2b2_Tc_mc_AKGC417L__3,wheeze_score,0.2556077204,0
M39,test,cycle,178_2b2_Tc_mc_AKGC417L__4,wheeze_score,0.4692632567,0
M39,test,cycle,178_2b2_Tc_mc_AKGC417L__5,wheeze_score,0.3573085847,0
M39,test,cycle,178_2b2_Tc_mc_AKGC417L__6,wheeze_score,0.5004468275,0
M39,test,cycle,178_2b2_Tc_mc_AKGC417L__7,wheeze_score,0.3744599136,0
M39,test,cycle,178_2b2_Tc_mc_AKGC417L__8,wheeze_score,0.4043126685,0
M39,test,cycle,178_2b2_Tc_mc_AKGC417L__9,wheeze_score,0.1761517615,0
M39,test,cycle,182_1b1_Tc_sc_Meditron__0,wheeze_score,0.6823529412,0
M39,test,cycle,182_1b1_Tc_sc_Meditron__1,wheeze_score,0.6748809857,0
M39,test,cycle,182_1b1_Tc_sc_Meditron__2,wheeze_score,0.6636363636,0
M39,test,cycle,182_1b1_Tc_sc_Meditron__3,wheeze_score,0.4389086595,0
M39,test,cycle,182_1b1_Tc_sc_Meditron__4,wheeze_score,0.5574912892,0
M39,test,cycle,182_1b1_Tc_sc_Meditron__5,wheeze_score,0.7029411765,0
M39,test,cycle,182_1b1_Tc_sc_Meditron__6,wheeze_score,0.6191950464,0
M39,test,cycle,185_1b1_Al_sc_Litt3200__0,wheeze_score,0.7413127413,0
M39,test,cycle,185_1b1_Al_sc_Litt3200__1,wheeze_score,0.7552625983,0
M39,test,cycle,185_1b1_Al_sc_Litt3200__2,wheeze_score,0.8116957986,0
M39,test,cycle,185_1b1_Al_sc_Litt3200__3,wheeze_score,0.6480731397,0
M39,test,cycle,185_1b1_Al_sc_Litt3200__4,wheeze_score,0.6712198285,0
M39,test,cycle,185_1b1_Al_sc_Litt3200__5,wheeze_score,0.7220321712,0
M39,test,cycle,185_1b1_Al_sc_Litt3200__6,wheeze_score,0.8654937571,0
M39,test,cycle,185_1b1_Ar_sc_Litt3200__0,wheeze_score,0.8338316959,0
M39,test,cycle,185_1b1_Ar_sc_Litt3200__1,wheeze_score,0.6112229622,0
M39,test,cycle,185_1b1_Ar_sc_Litt3200__2,wheeze_score,0.5650998517,0
M39,test,cycle,185_1b1_Ar_sc_Litt3200__3,wheeze_score,0.6817213464,0
M39,test,cycle,185_1b1_Ar_sc_Litt3200__4,wheeze_score,0.7256235828,0
M39,test,cycle,185_1b1_Ar_sc_Litt3200__5,wheeze_score,0.7128007128,0
M39,test,cycle,185_1b1_Ar_sc_Litt3200__6,wheeze_score,0.6692913386,0
M39,test,cycle,185_1b1_Ar_sc_Litt3200__7,wheeze_score,0.7322485207,0
M39,test,cycle,185_1b1_Ar_sc_Litt3200__8,wheeze_score,0.7780784844,0
M39,test,cycle,185_1b1_Ar_sc_Litt3200__9,wheeze_score,0.8275394268,0
M39,test,cycle,185_1b1_Ar_sc_Litt3200__10,wheeze_score,0.9548889398,0
M39,test,cycle,185_1b1_Ll_sc_Litt3200__0,wheeze_score,0.7252093281,0
M39,test,cycle,185_1b1_Ll_sc_Litt3200__1,wheeze_score,0.7139905793,0
M39,test,cycle,185_1b1_Ll_sc_Litt3200__2,wheeze_score,0.6461538462,0
M39,test,cycle,185_1b1_Ll_sc_Litt3200__3,wheeze_score,0.7110525883,0
M39,test,cycle,185_1b1_Ll_sc_Litt3200__4,wheeze_score,0.7458085858,0
M39,test,cycle,185_1b1_Ll_sc_Litt3200__5,wheeze_score,0.7846095813,0
M39,test,cycle,185_1b1_Ll_sc_Litt3200__6,wheeze_score,0.68716963,0
M39,test,cycle,185_1b1_Ll_sc_Litt3200__7,wheeze_score,0.9054163298,0
M39,test,cycle,185_1b1_Ll_sc_Litt3200__8,wheeze_score,0.6636395389,1
M39,test,cycle,185_1b1_Ll_sc_Litt3200__9,wheeze_score,0.9265790317,0
M39,test,cycle,185_1b1_Lr_sc_Litt3200__0,wheeze_score,0.8399170582,0
M39,test,cycle,185_1b1_Lr_sc_Litt3200__1,wheeze_score,0.8327700419,0
M39,test,cycle,185_1b1_Lr_sc_Litt3200__2,wheeze_score,0.8075352814,0
M39,test,cycle,185_1b1_Lr_sc_Litt3200__3,wheeze_score,0.8277987744,0
M39,test,cycle,185_1b1_Lr_sc_Litt3200__4,wheeze_score,0.90444558,0
M39,test,cycle,185_1b1_Lr_sc_Litt3200__5,wheeze_score,0.8451178451,0
M39,test,cycle,185_1b1_Lr_sc_Litt3200__6,wheeze_score,0.9438259109,0
M39,test,cycle,185_1b1_Pl_sc_Litt3200__0,wheeze_score,0.8049189491,0
M39,test,cycle,185_1b1_Pl_sc_Litt3200__1,wheeze_score,0.6796533082,0
M39,test,cycle,185_1b1_Pl_sc_Litt3200__2,wheeze_score,0.7333124412,0
M39,test,cycle,185_1b1_Pl_sc_Litt3200__3,wheeze_score,0.6715126341,0
M39,test,cycle,185_1b1_Pl_sc_Litt3200__4,wheeze_score,0.7213765718,0
M39,test,cycle,185_1b1_Pl_sc_Litt3200__5,wheeze_score,0.6424242424,0
M39,test,cycle,185_1b1_Pl_sc_Litt3200__6,wheeze_score,0.8665105386,0
M39,test,cycle,185_1b1_Pl_sc_Litt3200__7,wheeze_score,0.7705986959,0
M39,test,cycle,185_1b1_Pl_sc_Litt3200__8,wheeze_score,0.8877284595,0
M39,test,cycle,185_1b1_Pr_sc_Litt3200__0,wheeze_score,0.6993686255,0
M39,test,cycle,185_1b1_Pr_sc_Litt3200__1,wheeze_score,0.5975315389,0
M39,test,cycle,185_1b1_Pr_sc_Litt3200__2,wheeze_score,0.8392656426,0
M39,test,cycle,185_1b1_Pr_sc_Litt3200__3,wheeze_score,0.7666966158,0
M39,test,cycle,185_1b1_Pr_sc_Litt3200__4,wheeze_score,0.7128505285,0
M39,test,cycle,185_1b1_Pr_sc_Litt3200__5,wheeze_score,0.7357114632,0
M39,test,cycle,185_1b1_Pr_sc_Litt3200__6,wheeze_score,0.7659190125,0
M39,test,cycle,185_1b1_Pr_sc_Litt3200__7,wheeze_score,0.82347788,0
M39,test,cycle,185_1b1_Pr_sc_Litt3200__8,wheeze_score,0.8635655464,0
M39,test,cycle,185_1b1_Pr_sc_Litt3200__9,wheeze_score,0.9048569528,0
M39,test,cycle,185_1b1_Pr_sc_Litt3200__10,wheeze_score,0.9443021767,0
M39,test,cycle,187_1b1_Ll_sc_Meditron__0,wheeze_score,0.4222451081,0
M39,test,cycle,187_1b1_Ll_sc_Meditron__1,wheeze_score,0.6481481481,0
M39,test,cycle,187_1b1_Ll_sc_Meditron__2,wheeze_score,0.7663197729,0
M39,test,cycle,187_1b1_Ll_sc_Meditron__3,wheeze_score,0.4235090752,0
M39,test,cycle,187_1b1_Ll_sc_Meditron__4,wheeze_score,0.4347826087,0
M39,test,cycle,187_1b1_Ll_sc_Meditron__5,wheeze_score,0,0
M39,test,cycle,187_1b1_Ll_sc_Meditron__6,wheeze_score,0.2100840336,0
M39,test,cycle,187_1b1_Ll_sc_Meditron__7,wheeze_score,0.1781170483,0
M39,test,cycle,187_1b1_Ll_sc_Meditron__8,wheeze_score,0.3610503282,0
M39,test,cycle,187_1b1_Ll_sc_Meditron__9,wheeze_score,0.5539358601,0
M39,test,cycle,187_1b1_Ll_sc_Meditron__10,wheeze_score,0.2765773552,0
M39,test,cycle,187_1b1_Ll_sc_Meditron__11,wheeze_score,0.6540447504,0
M39,test,cycle,187_1b1_Ll_sc_Meditron__12,wheeze_score,0.6874602164,0
M39,test,cycle,187_1b1_Ll_sc_Meditron__13,wheeze_score,0.3823720026,0
M39,test,cycle,187_1b1_Ll_sc_Meditron__14,wheeze_score,0.4642857143,0
M39,test,cycle,187_1b1_Ll_sc_Meditron__15,wheeze_score,0.3536493604,0
M39,test,cycle,187_1b1_Ll_sc_Meditron__16,wheeze_score,0.6172270843,0
M39,test,cycle,194_1b1_Lr_sc_Meditron__0,wheeze_score,0.5390334572,0
M39,test,cycle,194_1b1_Lr_sc_Meditron__1,wheeze_score,0.6488399528,0
M39,test,cycle,194_1b1_Lr_sc_Meditron__2,wheeze_score,0.5283018868,0
M39,test,cycle,194_1b1_Lr_sc_Meditron__3,wheeze_score,0.462633452,0
M39,test,cycle,194_1b1_Lr_sc_Meditron__4,wheeze_score,0.5164319249,0
M39,test,cycle,194_1b1_Lr_sc_Meditron__5,wheeze_score,0.5290373906,0
M39,test,cycle,194_1b1_Lr_sc_Meditron__6,wheeze_score,0.4406538735,0
M39,test,cycle,194_1b1_Lr_sc_Meditron__7,wheeze_score,0.5461538462,0
M39,test,cycle,194_1b1_Lr_sc_Meditron__8,wheeze_score,0.6666666667,0
M39,test,cycle,194_1b1_Pr_sc_Meditron__0,wheeze_score,0.9034543844,0
M39,test,cycle,194_1b1_Pr_sc_Meditron__1,wheeze_score,0.7768744354,0
M39,test,cycle,194_1b1_Pr_sc_Meditron__2,wheeze_score,0.8142962417,0
M39,test,cycle,194_1b1_Pr_sc_Meditron__3,wheeze_score,0.8527789563,0
M39,test,cycle,194_1b1_Pr_sc_Meditron__4,wheeze_score,0.8772748483,0
M39,test,cycle,194_1b1_Pr_sc_Meditron__5,wheeze_score,0.8725945587,0
M39,test,cycle,194_1b1_Pr_sc_Meditron__6,wheeze_score,0.8516886931,0
M39,test,cycle,194_1b1_Pr_sc_Meditron__7,wheeze_score,0.8590909091,0
M39,test,cycle,194_1b1_Pr_sc_Meditron__8,wheeze_score,0.826446281,0
M39,test,cycle,195_1b1_Al_sc_Litt3200__0,wheeze_score,0.6889518414,1
M39,test,cycle,195_1b1_Al_sc_Litt3200__1,wheeze_score,0.6998324,0
M39,test,cycle,195_1b1_Al_sc_Litt3200__2,wheeze_score,0.3654845526,1
M39,test,cycle,195_1b1_Al_sc_Litt3200__3,wheeze_score,0.7549818664,0
M39,test,cycle,195_1b1_Al_sc_Litt3200__4,wheeze_score,0.7014585617,0
M39,test,cycle,195_1b1_Al_sc_Litt3200__5,wheeze_score,0.5930599369,1
M39,test,cycle,195_1b1_Al_sc_Litt3200__6,wheeze_score,0.2474591251,0
M39,test,cycle,195_1b1_Al_sc_Litt3200__7,wheeze_score,0.5131494548,1
M39,test,cycle,195_1b1_Al_sc_Litt3200__8,wheeze_score,0.6156083374,1
M39,test,cycle,195_1b1_Al_sc_Litt3200__9,wheeze_score,0.6584180292,0
M39,test,cycle,195_1b1_Al_sc_Litt3200__10,wheeze_score,0.6987951807,0
M39,test,cycle,195_1b1_Al_sc_Litt3200__11,wheeze_score,0.6749482402,0
M39,test,cycle,195_1b1_Ar_sc_Litt3200__0,wheeze_score,0.5192761605,1
M39,test,cycle,195_1b1_Ar_sc_Litt3200__1,wheeze_score,0.4503800081,0
M39,test,cycle,195_1b1_Ar_sc_Litt3200__2,wheeze_score,0.3160709944,1
M39,test,cycle,195_1b1_Ar_sc_Litt3200__3,wheeze_score,0.5984768978,0
M39,test,cycle,195_1b1_Ar_sc_Litt3200__4,wheeze_score,0.5127209167,0
M39,test,cycle,195_1b1_Ar_sc_Litt3200__5,wheeze_score,0.6585365854,0
M39,test,cycle,195_1b1_Ar_sc_Litt3200__6,wheeze_score,0.593824228,0
M39,test,cycle,195_1b1_Ar_sc_Litt3200__7,wheeze_score,0.3301886792,0
M39,test,cycle,195_1b1_Ar_sc_Litt3200__8,wheeze_score,0.5348460292,0
M39,test,cycle,195_1b1_Ar_sc_Litt3200__9,wheeze_score,0.4549214227,0
M39,test,cycle,195_1b1_Ar_sc_Litt3200__10,wheeze_score,0.460251046,0
M39,test,cycle,195_1b1_Ar_sc_Litt3200__11,wheeze_score,0.6337135615,0
M39,test,cycle,195_1b1_Ar_sc_Litt3200__12,wheeze_score,0.6589351608,0
M39,test,cycle,195_1b1_Ar_sc_Litt3200__13,wheeze_score,0.7339449541,0
M39,test,cycle,195_1b1_Ar_sc_Litt3200__14,wheeze_score,0.4688644689,0
M39,test,cycle,195_1b1_Ar_sc_Litt3200__15,wheeze_score,0.8108108108,0
M39,test,cycle,195_1b1_Ar_sc_Litt3200__16,wheeze_score,0.5894590846,0
M39,test,cycle,195_1b1_Ll_sc_Litt3200__0,wheeze_score,0.3717589903,1
M39,test,cycle,195_1b1_Ll_sc_Litt3200__1,wheeze_score,0.7148345238,0
M39,test,cycle,195_1b1_Ll_sc_Litt3200__2,wheeze_score,0.8571796523,0
M39,test,cycle,195_1b1_Ll_sc_Litt3200__3,wheeze_score,0.645595158,1
M39,test,cycle,195_1b1_Ll_sc_Litt3200__4,wheeze_score,0.6281833616,1
M39,test,cycle,195_1b1_Ll_sc_Litt3200__5,wheeze_score,0.6294368197,1
M39,test,cycle,195_1b1_Ll_sc_Litt3200__6,wheeze_score,0.6064751482,1
M39,test,cycle,195_1b1_Ll_sc_Litt3200__7,wheeze_score,0.7082630691,0
M39,test,cycle,195_1b1_Ll_sc_Litt3200__8,wheeze_score,0.7980255039,0
M39,test,cycle,195_1b1_Ll_sc_Litt3200__9,wheeze_score,0.8073041807,0
M39,test,cycle,195_1b1_Ll_sc_Litt3200__10,wheeze_score,0.7182835821,0
M39,test,cycle,195_1b1_Lr_sc_Litt3200__0,wheeze_score,0.7520325203,1
M39,test,cycle,195_1b1_Lr_sc_Litt3200__1,wheeze_score,0.6741317138,1
M39,test,cycle,195_1b1_Lr_sc_Litt3200__2,wheeze_score,0.4442954948,1
M39,test,cycle,195_1b1_Lr_sc_Litt3200__3,wheeze_score,0.7686702113,1
M39,test,cycle,195_1b1_Lr_sc_Litt3200__4,wheeze_score,0.5978235486,1
M39,test,cycle,195_1b1_Lr_sc_Litt3200__5,wheeze_score,0.6305467635,1
M39,test,cycle,195_1b1_Lr_sc_Litt3200__6,wheeze_score,0.8638974812,1
M39,test,cycle,195_1b1_Lr_sc_Litt3200__7,wheeze_score,0.7929391987,0
M39,test,cycle,195_1b1_Lr_sc_Litt3200__8,wheeze_score,0.7078039927,0
M39,test,cycle,195_1b1_Pl_sc_Litt3200__0,wheeze_score,0.8076215945,1
M39,test,cycle,195_1b1_Pl_sc_Litt3200__1,wheeze_score,0.7197800672,1
M39,test,cycle,195_1b1_Pl_sc_Litt3200__2,wheeze_score,0.7323498419,0
M39,test,cycle,195_1b1_Pl_sc_Litt3200__3,wheeze_score,0.8779543091,1
M39,test,cycle,195_1b1_Pl_sc_Litt3200__4,wheeze_score,0.6600072795,1
M39,test,cycle,195_1b1_Pl_sc_Litt3200__5,wheeze_score,0.6799729364,1
M39,test,cycle,195_1b1_Pl_sc_Litt3200__6,wheeze_score,0.8819657745,1
M39,test,cycle,195_1b1_Pl_sc_Litt3200__7,wheeze_score,0.7921291625,1
M39,test,cycle,195_1b1_Pl_sc_Litt3200__8,wheeze_score,0.8802902056,0
M39,test,cycle,195_1b1_Pr_sc_Litt3200__0,wheeze_score,0,0
M39,test,cycle,195_1b1_Pr_sc_Litt3200__1,wheeze_score,0.4775418338,0
M39,test,cycle,195_1b1_Pr_sc_Litt3200__2,wheeze_score,0.7063209182,0
M39,test,cycle,195_1b1_Pr_sc_Litt3200__3,wheeze_score,0.6388577997,0
M39,test,cycle,195_1b1_Pr_sc_Litt3200__4,wheeze_score,0.4085310904,0
M39,test,cycle,195_1b1_Pr_sc_Litt3200__5,wheeze_score,0.8130347835,0
M39,test,cycle,195_1b1_Pr_sc_Litt3200__6,wheeze_score,0.5628570624,1
M39,test,cycle,195_1b1_Pr_sc_Litt3200__7,wheeze_score,0.6724244294,0
M39,test,cycle,195_1b1_Pr_sc_Litt3200__8,wheeze_score,0.7826932426,0
M39,test,cycle,195_1b1_Pr_sc_Litt3200__9,wheeze_score,0.6652205351,0
M39,test,cycle,195_1b1_Pr_sc_Litt3200__10,wheeze_score,0.6848520023,0
M39,test,cycle,195_1b1_Pr_sc_Litt3200__11,wheeze_score,0.7784773898,0
M39,test,cycle,195_1b1_Pr_sc_Litt3200__12,wheeze_score,0.7645259939,0
M39,test,cycle,195_1b1_Pr_sc_Litt3200__13,wheeze_score,0.7786885246,0
M39,test,cycle,195_1b1_Pr_sc_Litt3200__14,wheeze_score,0.7338075627,0
M39,test,cycle,195_1b1_Pr_sc_Litt3200__15,wheeze_score,0.7188160677,0
M39,test,cycle,195_1b1_Pr_sc_Litt3200__16,wheeze_score,0.6362153344,1
M39,test,cycle,198_1b5_Al_mc_AKGC417L__0,wheeze_score,0.661928032,1
M39,test,cycle,198_1b5_Al_mc_AKGC417L__1,wheeze_score,0.6482364156,1
M39,test,cycle,198_1b5_Al_mc_AKGC417L__2,wheeze_score,0.5910633484,1
M39,test,cycle,198_1b5_Al_mc_AKGC417L__3,wheeze_score,0.719719134,1
M39,test,cycle,198_1b5_Al_mc_AKGC417L__4,wheeze_score,0.7213218939,1
M39,test,cycle,198_1b5_Al_mc_AKGC417L__5,wheeze_score,0.6838632274,1
M39,test,cycle,198_1b5_Al_mc_AKGC417L__6,wheeze_score,0.3636363636,0
M39,test,cycle,198_1b5_Ar_mc_AKGC417L__0,wheeze_score,0.5153265215,1
M39,test,cycle,198_1b5_Ar_mc_AKGC417L__1,wheeze_score,0.4861773117,1
M39,test,cycle,198_1b5_Ar_mc_AKGC417L__2,wheeze_score,0.492081448,1
M39,test,cycle,198_1b5_Ar_mc_AKGC417L__3,wheeze_score,0.6729081334,1
M39,test,cycle,198_1b5_Ar_mc_AKGC417L__4,wheeze_score,0.5243088656,1
M39,test,cycle,198_1b5_Ar_mc_AKGC417L__5,wheeze_score,0.650869826,1
M39,test,cycle,198_1b5_Ar_mc_AKGC417L__6,wheeze_score,0.7727272727,0
M39,test,cycle,198_1b5_Ll_mc_AKGC417L__0,wheeze_score,0.7641048423,0
M39,test,cycle,198_1b5_Ll_mc_AKGC417L__1,wheeze_score,0.819828408,1
M39,test,cycle,198_1b5_Ll_mc_AKGC417L__2,wheeze_score,0.8569004525,1
M39,test,cycle,198_1b5_Ll_mc_AKGC417L__3,wheeze_score,0.8718548859,1
M39,test,cycle,198_1b5_Ll_mc_AKGC417L__4,wheeze_score,0.7467429298,1
M39,test,cycle,198_1b5_Ll_mc_AKGC417L__5,wheeze_score,0.7378524295,1
M39,test,cycle,198_1b5_Ll_mc_AKGC417L__6,wheeze_score,0.6818181818,0
M39,test,cycle,198_1b5_Lr_mc_AKGC417L__0,wheeze_score,0.3598400711,1
M39,test,cycle,198_1b5_Lr_mc_AKGC417L__1,wheeze_score,0.4258023514,1
M39,test,cycle,198_1b5_Lr_mc_AKGC417L__2,wheeze_score,0.5033936652,1
M39,test,cycle,198_1b5_Lr_mc_AKGC417L__3,wheeze_score,0.4564072557,1
M39,test,cycle,198_1b5_Lr_mc_AKGC417L__4,wheeze_score,0.5719733079,1
M39,test,cycle,198_1b5_Lr_mc_AKGC417L__5,wheeze_score,0.5608878224,1
M39,test,cycle,198_1b5_Lr_mc_AKGC417L__6,wheeze_score,0.6727272727,0
M39,test,cycle,198_1b5_Pl_mc_AKGC417L__0,wheeze_score,0.3598400711,1
M39,test,cycle,198_1b5_Pl_mc_AKGC417L__1,wheeze_score,0.6259930092,1
M39,test,cycle,198_1b5_Pl_mc_AKGC417L__2,wheeze_score,0.6504524887,1
M39,test,cycle,198_1b5_Pl_mc_AKGC417L__3,wheeze_score,0.8133411352,1
M39,test,cycle,198_1b5_Pl_mc_AKGC417L__4,wheeze_score,0.6927232285,1
M39,test,cycle,198_1b5_Pl_mc_AKGC417L__5,wheeze_score,0.6028794241,1
M39,test,cycle,198_1b5_Pl_mc_AKGC417L__6,wheeze_score,0.6181818182,0
M39,test,cycle,198_1b5_Pr_mc_AKGC417L__0,wheeze_score,0.661928032,1
M39,test,cycle,198_1b5_Pr_mc_AKGC417L__1,wheeze_score,0.3717826501,1
M39,test,cycle,198_1b5_Pr_mc_AKGC417L__2,wheeze_score,0.5062217195,1
M39,test,cycle,198_1b5_Pr_mc_AKGC417L__3,wheeze_score,0.3657109421,1
M39,test,cycle,198_1b5_Pr_mc_AKGC417L__4,wheeze_score,0.3781379091,1
M39,test,cycle,198_1b5_Pr_mc_AKGC417L__5,wheeze_score,0.4709058188,1
M39,test,cycle,198_1b5_Pr_mc_AKGC417L__6,wheeze_score,0.7636363636,0
M39,test,cycle,198_1b5_Tc_mc_AKGC417L__0,wheeze_score,0.319857841,1
M39,test,cycle,198_1b5_Tc_mc_AKGC417L__1,wheeze_score,0.4194470925,1
M39,test,cycle,198_1b5_Tc_mc_AKGC417L__2,wheeze_score,0.5938914027,1
M39,test,cycle,198_1b5_Tc_mc_AKGC417L__3,wheeze_score,0.4944411937,1
M39,test,cycle,198_1b5_Tc_mc_AKGC417L__4,wheeze_score,0.5783285669,1
M39,test,cycle,198_1b5_Tc_mc_AKGC417L__5,wheeze_score,0.5218956209,1
M39,test,cycle,198_1b5_Tc_mc_AKGC417L__6,wheeze_score,0.9636363636,0
M39,test,cycle,198_6p1_Al_mc_AKGC417L__0,wheeze_score,0.2637283237,0
M39,test,cycle,198_6p1_Al_mc_AKGC417L__1,wheeze_score,0.2649006623,0
M39,test,cycle,198_6p1_Al_mc_AKGC417L__2,wheeze_score,0.3257103257,0
M39,test,cycle,198_6p1_Al_mc_AKGC417L__3,wheeze_score,0.3228869896,0
M39,test,cycle,198_6p1_Al_mc_AKGC417L__4,wheeze_score,0.1697591788,0
M39,test,cycle,198_6p1_Al_mc_AKGC417L__5,wheeze_score,0.2271978927,0
M39,test,cycle,198_6p1_Al_mc_AKGC417L__6,wheeze_score,0.4359430605,0
M39,test,cycle,198_6p1_Ar_mc_AKGC417L__0,wheeze_score,0.4467062482,0
M39,test,cycle,198_6p1_Ar_mc_AKGC417L__1,wheeze_score,0.4187704188,0
M39,test,cycle,198_6p1_Ar_mc_AKGC417L__2,wheeze_score,0.3723404255,0
M39,test,cycle,198_6p1_Ar_mc_AKGC417L__3,wheeze_score,0.2654867257,0
M39,test,cycle,198_6p1_Ar_mc_AKGC417L__4,wheeze_score,0.4295185933,0
M39,test,cycle,198_6p1_Ar_mc_AKGC417L__5,wheeze_score,0.4680560301,0
M39,test,cycle,198_6p1_Ll_mc_AKGC417L__0,wheeze_score,0.6535211268,0
M39,test,cycle,198_6p1_Ll_mc_AKGC417L__1,wheeze_score,0.4002389486,0
M39,test,cycle,198_6p1_Ll_mc_AKGC417L__2,wheeze_score,0.3631598652,0
M39,test,cycle,198_6p1_Ll_mc_AKGC417L__3,wheeze_score,0.5205047319,0
M39,test,cycle,198_6p1_Ll_mc_AKGC417L__4,wheeze_score,0.6081754736,0
M39,test,cycle,198_6p1_Ll_mc_AKGC417L__5,wheeze_score,0.373066424,0
M39,test,cycle,198_6p1_Ll_mc_AKGC417L__6,wheeze_score,0.4037558685,0
M39,test,cycle,198_6p1_Lr_mc_AKGC417L__0,wheeze_score,0.5495420483,0
M39,test,cycle,198_6p1_Lr_mc_AKGC417L__1,wheeze_score,0.4811119031,0
M39,test,cycle,198_6p1_Lr_mc_AKGC417L__2,wheeze_score,0.3320650294,0
M39,test,cycle,198_6p1_Lr_mc_AKGC417L__3,wheeze_score,0.3621001811,0
M39,test,cycle,198_6p1_Lr_mc_AKGC417L__4,wheeze_score,0.3673723537,0
M39,test,cycle,198_6p1_Lr_mc_AKGC417L__5,wheeze_score,0.2843193567,0
M39,test,cycle,198_6p1_Lr_mc_AKGC417L__6,wheeze_score,0.3247004252,0
M39,test,cycle,198_6p1_Pl_mc_AKGC417L__0,wheeze_score,0.7721796276,0
M39,test,cycle,198_6p1_Pl_mc_AKGC417L__1,wheeze_score,0.7692307692,0
M39,test,cycle,198_6p1_Pl_mc_AKGC417L__2,wheeze_score,0.7784247625,0
M39,test,cycle,198_6p1_Pl_mc_AKGC417L__3,wheeze_score,0.8222142084,0
M39,test,cycle,198_6p1_Pl_mc_AKGC417L__4,wheeze_score,0.7886953664,0
M39,test,cycle,198_6p1_Pl_mc_AKGC417L__5,wheeze_score,0.7886544448,0
M39,test,cycle,198_6p1_Pl_mc_AKGC417L__6,wheeze_score,0.8325508607,0
M39,test,cycle,198_6p1_Pr_mc_AKGC417L__0,wheeze_score,0.6758832565,0
M39,test,cycle,198_6p1_Pr_mc_AKGC417L__1,wheeze_score,0.8388654194,0
M39,test,cycle,198_6p1_Pr_mc_AKGC417L__2,wheeze_score,0.7457520453,0
M39,test,cycle,198_6p1_Pr_mc_AKGC417L__3,wheeze_score,0.7202505219,0
M39,test,cycle,198_6p1_Pr_mc_AKGC417L__4,wheeze_score,0.7431629013,0
M39,test,cycle,198_6p1_Pr_mc_AKGC417L__5,wheeze_score,0.790960452,0
M39,test,cycle,198_6p1_Pr_mc_AKGC417L__6,wheeze_score,0.7486136784,0
M39,test,cycle,198_6p1_Tc_mc_AKGC417L__0,wheeze_score,0.1291043387,0
M39,test,cycle,198_6p1_Tc_mc_AKGC417L__1,wheeze_score,0.2306906702,0
M39,test,cycle,198_6p1_Tc_mc_AKGC417L__2,wheeze_score,0.2964169381,0
M39,test,cycle,198_6p1_Tc_mc_AKGC417L__3,wheeze_score,0.3505082369,0
M39,test,cycle,198_6p1_Tc_mc_AKGC417L__4,wheeze_score,0.1553468208,0
M39,test,cycle,198_6p1_Tc_mc_AKGC417L__5,wheeze_score,0.1889534884,0
M39,test,cycle,198_6p1_Tc_mc_AKGC417L__6,wheeze_score,0.2664002664,0
M39,test,cycle,198_6p1_Tc_mc_AKGC417L__7,wheeze_score,0.2980625931,0
M39,test,cycle,202_1b1_Ar_sc_Meditron__0,wheeze_score,0.7766143106,0
M39,test,cycle,202_1b1_Ar_sc_Meditron__1,wheeze_score,0.5063868613,0
M39,test,cycle,202_1b1_Ar_sc_Meditron__2,wheeze_score,0.5129482072,0
M39,test,cycle,202_1b1_Ar_sc_Meditron__3,wheeze_score,0.7415107415,0
M39,test,cycle,202_1b1_Ar_sc_Meditron__4,wheeze_score,0.5031847134,0
M39,test,cycle,202_1b1_Ar_sc_Meditron__5,wheeze_score,0.2644360496,0
M39,test,cycle,202_1b1_Ar_sc_Meditron__6,wheeze_score,0.5876494024,0
M39,test,cycle,202_1b1_Ar_sc_Meditron__7,wheeze_score,0.4083665339,0
M39,test,cycle,202_1b1_Ar_sc_Meditron__8,wheeze_score,0.6287744227,0
M39,test,cycle,202_1b1_Ar_sc_Meditron__9,wheeze_score,0.272479564,0
M39,test,cycle,205_1b3_Al_mc_AKGC417L__0,wheeze_score,0.777178796,0
M39,test,cycle,205_1b3_Al_mc_AKGC417L__1,wheeze_score,0.6611804767,0
M39,test,cycle,205_1b3_Al_mc_AKGC417L__2,wheeze_score,0.6763021543,0
M39,test,cycle,205_1b3_Al_mc_AKGC417L__3,wheeze_score,0.5868483102,0
M39,test,cycle,205_1b3_Al_mc_AKGC417L__4,wheeze_score,0.7638099568,0
M39,test,cycle,205_1b3_Al_mc_AKGC417L__5,wheeze_score,0.7358156028,0
M39,test,cycle,205_1b3_Ar_mc_AKGC417L__0,wheeze_score,0.6469002695,0
M39,test,cycle,205_1b3_Ar_mc_AKGC417L__1,wheeze_score,0.5334846765,0
M39,test,cycle,205_1b3_Ar_mc_AKGC417L__2,wheeze_score,0.5290428143,0
M39,test,cycle,205_1b3_Ar_mc_AKGC417L__3,wheeze_score,0.5685093005,0
M39,test,cycle,205_1b3_Ar_mc_AKGC417L__4,wheeze_score,0.6228688338,0
M39,test,cycle,205_1b3_Ar_mc_AKGC417L__5,wheeze_score,0.2925531915,0
M39,test,cycle,205_1b3_Ll_mc_AKGC417L__0,wheeze_score,0.8041329739,0
M39,test,cycle,205_1b3_Ll_mc_AKGC417L__1,wheeze_score,0.6611804767,0
M39,test,cycle,205_1b3_Ll_mc_AKGC417L__2,wheeze_score,0.859012817,0
M39,test,cycle,205_1b3_Ll_mc_AKGC417L__3,wheeze_score,0.6287660466,0
M39,test,cycle,205_1b3_Ll_mc_AKGC417L__4,wheeze_score,0.5864969311,0
M39,test,cycle,205_1b3_Ll_mc_AKGC417L__5,wheeze_score,0.6205673759,0
M39,test,cycle,205_1b3_Lr_mc_AKGC417L__0,wheeze_score,0.9209344115,0
M39,test,cycle,205_1b3_Lr_mc_AKGC417L__1,wheeze_score,0.8683314415,0
M39,test,cycle,205_1b3_Lr_mc_AKGC417L__2,wheeze_score,0.9053722389,0
M39,test,cycle,205_1b3_Lr_mc_AKGC417L__3,wheeze_score,0.7492795389,0
M39,test,cycle,205_1b3_Lr_mc_AKGC417L__4,wheeze_score,0.7933621278,0
M39,test,cycle,205_1b3_Lr_mc_AKGC417L__5,wheeze_score,0.6028368794,0
M39,test,cycle,205_1b3_Pl_mc_AKGC417L__0,wheeze_score,0.8805031447,0
M39,test,cycle,205_1b3_Pl_mc_AKGC417L__1,wheeze_score,0.8569807037,0
M39,test,cycle,205_1b3_Pl_mc_AKGC417L__2,wheeze_score,0.9108262885,0
M39,test,cycle,205_1b3_Pl_mc_AKGC417L__3,wheeze_score,0.8645533141,0
M39,test,cycle,205_1b3_Pl_mc_AKGC417L__4,wheeze_score,0.7819959082,0
M39,test,cycle,205_1b3_Pl_mc_AKGC417L__5,wheeze_score,0.9219858156,0
M39,test,cycle,205_1b3_Pr_mc_AKGC417L__0,wheeze_score,0.799640611,0
M39,test,cycle,205_1b3_Pr_mc_AKGC417L__1,wheeze_score,0.984676504,0
M39,test,cycle,205_1b3_Pr_mc_AKGC417L__2,wheeze_score,0.8699209163,0
M39,test,cycle,205_1b3_Pr_mc_AKGC417L__3,wheeze_score,0.8776526068,0
M39,test,cycle,205_1b3_Pr_mc_AKGC417L__4,wheeze_score,0.7501704933,0
M39,test,cycle,205_1b3_Pr_mc_AKGC417L__5,wheeze_score,0.9663120567,0
M39,test,cycle,205_2b2_Pr_mc_AKGC417L__0,wheeze_score,0.4272287098,0
M39,test,cycle,205_2b2_Pr_mc_AKGC417L__1,wheeze_score,0.2575488455,0
M39,test,cycle,205_2b2_Pr_mc_AKGC417L__2,wheeze_score,0.3400121433,0
M39,test,cycle,205_2b2_Pr_mc_AKGC417L__3,wheeze_score,0.3498727735,0
M39,test,cycle,205_2b2_Pr_mc_AKGC417L__4,wheeze_score,0.5643685174,0
M39,test,cycle,205_2b3_Al_mc_AKGC417L__0,wheeze_score,0.8094312105,0
M39,test,cycle,205_2b3_Al_mc_AKGC417L__1,wheeze_score,0.598073999,0
M39,test,cycle,205_2b3_Al_mc_AKGC417L__2,wheeze_score,0.7774630154,0
M39,test,cycle,205_2b3_Al_mc_AKGC417L__3,wheeze_score,0.6513994911,0
M39,test,cycle,205_2b3_Al_mc_AKGC417L__4,wheeze_score,0.687732342,0
M39,test,cycle,205_2b3_Ar_mc_AKGC417L__0,wheeze_score,0.539620807,0
M39,test,cycle,205_2b3_Ar_mc_AKGC417L__1,wheeze_score,0.506842372,0
M39,test,cycle,205_2b3_Ar_mc_AKGC417L__2,wheeze_score,0.4658482845,0
M39,test,cycle,205_2b3_Ar_mc_AKGC417L__3,wheeze_score,0.4402035623,0
M39,test,cycle,205_2b3_Ar_mc_AKGC417L__4,wheeze_score,0.3407682776,0
M39,test,cycle,205_2b3_Ll_mc_AKGC417L__0,wheeze_score,0.6514341274,0
M39,test,cycle,205_2b3_Ll_mc_AKGC417L__1,wheeze_score,0.7754688292,0
M39,test,cycle,205_2b3_Ll_mc_AKGC417L__2,wheeze_score,0.6987724268,0
M39,test,cycle,205_2b3_Ll_mc_AKGC417L__3,wheeze_score,0.6132315522,0
M39,test,cycle,205_2b3_Ll_mc_AKGC417L__4,wheeze_score,0.7527881041,0
M39,test,cycle,205_2b4_Pl_mc_AKGC417L__0,wheeze_score,0.654315197,0
M39,test,cycle,205_2b4_Pl_mc_AKGC417L__1,wheeze_score,0.6202849958,0
M39,test,cycle,205_2b4_Pl_mc_AKGC417L__2,wheeze_score,0.7704691812,0
M39,test,cycle,205_2b4_Pl_mc_AKGC417L__3,wheeze_score,0.6506506507,0
M39,test,cycle,205_2b4_Pl_mc_AKGC417L__4,wheeze_score,0.5205655527,0
M39,test,cycle,205_3b4_Al_mc_AKGC417L__0,wheeze_score,0.7513032812,0
M39,test,cycle,205_3b4_Al_mc_AKGC417L__1,wheeze_score,0.7543238175,0
M39,test,cycle,205_3b4_Al_mc_AKGC417L__2,wheeze_score,0.7501933488,0
M39,test,cycle,205_3b4_Al_mc_AKGC417L__3,wheeze_score,0.7310469314,0
M39,test,cycle,205_3b4_Ar_mc_AKGC417L__0,wheeze_score,0.7237043852,0
M39,test,cycle,205_3b4_Ar_mc_AKGC417L__1,wheeze_score,0.581371119,0
M39,test,cycle,205_3b4_Ar_mc_AKGC417L__2,wheeze_score,0.7269914927,0
M39,test,cycle,205_3b4_Ar_mc_AKGC417L__3,wheeze_score,0.5731046931,0
M39,test,cycle,205_3b4_Pl_mc_AKGC417L__0,wheeze_score,0.4967801288,0
M39,test,cycle,205_3b4_Pl_mc_AKGC417L__1,wheeze_score,0.7022296312,0
M39,test,cycle,205_3b4_Pl_mc_AKGC417L__2,wheeze_score,0.4898169631,0
M39,test,cycle,205_3b4_Pl_mc_AKGC417L__3,wheeze_score,0.5573104693,0
M39,test,cycle,205_3b4_Pr_mc_AKGC417L__0,wheeze_score,0.7513032812,0
M39,test,cycle,205_3b4_Pr_mc_AKGC417L__1,wheeze_score,0.5980412586,0
M39,test,cycle,205_3b4_Pr_mc_AKGC417L__2,wheeze_score,0.7605052849,0
M39,test,cycle,205_3b4_Pr_mc_AKGC417L__3,wheeze_score,0.8461191336,0
M39,test,cycle,205_4b2_Al_mc_AKGC417L__0,wheeze_score,0.7970570202,0
M39,test,cycle,205_4b2_Al_mc_AKGC417L__1,wheeze_score,0.8340834083,0
M39,test,cycle,205_4b2_Al_mc_AKGC417L__2,wheeze_score,0.6793048973,0
M39,test,cycle,205_4b2_Al_mc_AKGC417L__3,wheeze_score,0.7495476867,0
M39,test,cycle,205_4b2_Al_mc_AKGC417L__4,wheeze_score,0.90146183,0
M39,test,cycle,205_4b2_Ar_mc_AKGC417L__0,wheeze_score,0.6345800123,0
M39,test,cycle,205_4b2_Ar_mc_AKGC417L__1,wheeze_score,0.6330633063,0
M39,test,cycle,205_4b2_Ar_mc_AKGC417L__2,wheeze_score,0.2922590837,0
M39,test,cycle,205_4b2_Ar_mc_AKGC417L__3,wheeze_score,0.462651848,0
M39,test,cycle,205_4b2_Ar_mc_AKGC417L__4,wheeze_score,0.5387114239,0
M39,test,cycle,205_4b2_Lr_mc_AKGC417L__0,wheeze_score,0.8185162477,0
M39,test,cycle,205_4b2_Lr_mc_AKGC417L__1,wheeze_score,0.8760876088,0
M39,test,cycle,205_4b2_Lr_mc_AKGC417L__2,wheeze_score,0.8636124276,0
M39,test,cycle,205_4b2_Lr_mc_AKGC417L__3,wheeze_score,0.6384078573,0
M39,test,cycle,205_4b2_Lr_mc_AKGC417L__4,wheeze_score,0.6469951272,0
M39,test,cycle,205_4b2_Pl_mc_AKGC417L__0,wheeze_score,0.3954629062,0
M39,test,cycle,205_4b2_Pl_mc_AKGC417L__1,wheeze_score,0.4140414041,0
M39,test,cycle,205_4b2_Pl_mc_AKGC417L__2,wheeze_score,0.4476040021,0
M39,test,cycle,205_4b2_Pl_mc_AKGC417L__3,wheeze_score,0.2662186612,0
M39,test,cycle,205_4b2_Pl_mc_AKGC417L__4,wheeze_score,0.5143475907,0
M39,test,cycle,205_4b2_Pr_mc_AKGC417L__0,wheeze_score,0.8215818516,0
M39,test,cycle,205_4b2_Pr_mc_AKGC417L__1,wheeze_score,0.9870987099,0
M39,test,cycle,205_4b2_Pr_mc_AKGC417L__2,wheeze_score,0.934702475,0
M39,test,cycle,205_4b2_Pr_mc_AKGC417L__3,wheeze_score,0.7081933316,0
M39,test,cycle,205_4b2_Pr_mc_AKGC417L__4,wheeze_score,0.6632376827,0
M39,test,cycle,207_2b2_Al_mc_AKGC417L__0,wheeze_score,0.2596537949,0
M39,test,cycle,207_2b2_Al_mc_AKGC417L__1,wheeze_score,0.5924713584,0
M39,test,cycle,207_2b2_Al_mc_AKGC417L__2,wheeze_score,0.6197854589,0
M39,test,cycle,207_2b2_Al_mc_AKGC417L__3,wheeze_score,0.5392296719,0
M39,test,cycle,207_2b2_Al_mc_AKGC417L__4,wheeze_score,0.5176143096,0
M39,test,cycle,207_2b2_Al_mc_AKGC417L__5,wheeze_score,0.6343495898,0
M39,test,cycle,207_2b2_Ar_mc_AKGC417L__0,wheeze_score,0.1997336884,0
M39,test,cycle,207_2b2_Ar_mc_AKGC417L__1,wheeze_score,0.3338788871,0
M39,test,cycle,207_2b2_Ar_mc_AKGC417L__2,wheeze_score,0.2771156138,0
M39,test,cycle,207_2b2_Ar_mc_AKGC417L__3,wheeze_score,0.2995720399,0
M39,test,cycle,207_2b2_Ar_mc_AKGC417L__4,wheeze_score,0.352098106,0
M39,test,cycle,207_2b2_Ar_mc_AKGC417L__5,wheeze_score,0.5579926947,0
M39,test,cycle,207_2b2_Pl_mc_AKGC417L__0,wheeze_score,0,0
M39,test,cycle,207_2b2_Pl_mc_AKGC417L__1,wheeze_score,0.1833060556,0
M39,test,cycle,207_2b2_Pl_mc_AKGC417L__2,wheeze_score,0.2294398093,0
M39,test,cycle,207_2b2_Pl_mc_AKGC417L__3,wheeze_score,0.3138373752,0
M39,test,cycle,207_2b2_Pl_mc_AKGC417L__4,wheeze_score,0.2648259259,0
M39,test,cycle,207_2b2_Pl_mc_AKGC417L__5,wheeze_score,0.2525651144,0
M39,test,cycle,207_2b2_Pr_mc_AKGC417L__0,wheeze_score,0.06657789614,0
M39,test,cycle,207_2b2_Pr_mc_AKGC417L__1,wheeze_score,0.3600654664,0
M39,test,cycle,207_2b2_Pr_mc_AKGC417L__2,wheeze_score,0.563170441,0
M39,test,cycle,207_2b2_Pr_mc_AKGC417L__3,wheeze_score,0.4593437946,0
M39,test,cycle,207_2b2_Pr_mc_AKGC417L__4,wheeze_score,0.4393702861,0
M39,test,cycle,207_2b2_Pr_mc_AKGC417L__5,wheeze_score,0.6108551605,0
M39,test,cycle,207_2b2_Tc_mc_AKGC417L__0,wheeze_score,0.2130492676,0
M39,test,cycle,207_2b2_Tc_mc_AKGC417L__1,wheeze_score,0.1767594108,0
M39,test,cycle,207_2b2_Tc_mc_AKGC417L__2,wheeze_score,0.2979737783,0
M39,test,cycle,207_2b2_Tc_mc_AKGC417L__3,wheeze_score,0.3509272468,0
M39,test,cycle,207_2b2_Tc_mc_AKGC417L__4,wheeze_score,0.213666372,0
M39,test,cycle,207_2b2_Tc_mc_AKGC417L__5,wheeze_score,0.1527137901,0
M39,test,cycle,207_2b3_Al_mc_AKGC417L__0,wheeze_score,0.6783990917,0
M39,test,cycle,207_2b3_Al_mc_AKGC417L__1,wheeze_score,0.564117476,0
M39,test,cycle,207_2b3_Al_mc_AKGC417L__2,wheeze_score,0.3600230415,0
M39,test,cycle,207_2b3_Al_mc_AKGC417L__3,wheeze_score,0.5989213738,0
M39,test,cycle,207_2b3_Al_mc_AKGC417L__4,wheeze_score,0.5298013245,0
M39,test,cycle,207_2b3_Al_mc_AKGC417L__5,wheeze_score,0.3801546392,0
M39,test,cycle,207_2b3_Ar_mc_AKGC417L__0,wheeze_score,0.4995742265,0
M39,test,cycle,207_2b3_Ar_mc_AKGC417L__1,wheeze_score,0.3780168654,0
M39,test,cycle,207_2b3_Ar_mc_AKGC417L__2,wheeze_score,0.2304147465,0
M39,test,cycle,207_2b3_Ar_mc_AKGC417L__3,wheeze_score,0.4172580187,0
M39,test,cycle,207_2b3_Ar_mc_AKGC417L__4,wheeze_score,0.1896447923,0
M39,test,cycle,207_2b3_Ar_mc_AKGC417L__5,wheeze_score,0.1932989691,0
M39,test,cycle,207_2b3_Pl_mc_AKGC417L__0,wheeze_score,0.2895259722,0
M39,test,cycle,207_2b3_Pl_mc_AKGC417L__1,wheeze_score,0.3285838907,0
M39,test,cycle,207_2b3_Pl_mc_AKGC417L__2,wheeze_score,0.03456221198,0
M39,test,cycle,207_2b3_Pl_mc_AKGC417L__3,wheeze_score,0.1674709055,0
M39,test,cycle,207_2b3_Pl_mc_AKGC417L__4,wheeze_score,0.1806140879,0
M39,test,cycle,207_2b3_Pl_mc_AKGC417L__5,wheeze_score,0.2319587629,0
M39,test,cycle,207_2b3_Pr_mc_AKGC417L__0,wheeze_score,0.5251206358,0
M39,test,cycle,207_2b3_Pr_mc_AKGC417L__1,wheeze_score,0.5699331201,0
M39,test,cycle,207_2b3_Pr_mc_AKGC417L__2,wheeze_score,0.4579493088,0
M39,test,cycle,207_2b3_Pr_mc_AKGC417L__3,wheeze_score,0.37184218,0
M39,test,cycle,207_2b3_Pr_mc_AKGC417L__4,wheeze_score,0.343166767,0
M39,test,cycle,207_2b3_Pr_mc_AKGC417L__5,wheeze_score,0.2319587629,0
M39,test,cycle,207_2b3_Tc_mc_AKGC417L__0,wheeze_score,0.3065569117,0
M39,test,cycle,207_2b3_Tc_mc_AKGC417L__1,wheeze_score,0.2646118058,0
M39,test,cycle,207_2b3_Tc_mc_AKGC417L__2,wheeze_score,0.4032258065,0
M39,test,cycle,207_2b3_Tc_mc_AKGC417L__3,wheeze_score,0.4286119784,0
M39,test,cycle,207_2b3_Tc_mc_AKGC417L__4,wheeze_score,0.4063816978,0
M39,test,cycle,207_2b3_Tc_mc_AKGC417L__5,wheeze_score,0.5283505155,0
M39,test,cycle,207_2b4_Al_mc_AKGC417L__0,wheeze_score,0.5900060205,0
M39,test,cycle,207_2b4_Al_mc_AKGC417L__1,wheeze_score,0.621696451,0
M39,test,cycle,207_2b4_Al_mc_AKGC417L__2,wheeze_score,0.4270833333,0
M39,test,cycle,207_2b4_Al_mc_AKGC417L__3,wheeze_score,0.6254510464,0
M39,test,cycle,207_2b4_Al_mc_AKGC417L__4,wheeze_score,0.706600756,0
M39,test,cycle,207_2b4_Ar_mc_AKGC417L__0,wheeze_score,0.2257676099,0
M39,test,cycle,207_2b4_Ar_mc_AKGC417L__1,wheeze_score,0.4077523282,0
M39,test,cycle,207_2b4_Ar_mc_AKGC417L__2,wheeze_score,0.5807291667,0
M39,test,cycle,207_2b4_Ar_mc_AKGC417L__3,wheeze_score,0.4787106086,0
M39,test,cycle,207_2b4_Ar_mc_AKGC417L__4,wheeze_score,0.4332654842,0
M39,test,cycle,207_2b4_Pl_mc_AKGC417L__0,wheeze_score,0.418422637,0
M39,test,cycle,207_2b4_Pl_mc_AKGC417L__1,wheeze_score,0.3221746791,0
M39,test,cycle,207_2b4_Pl_mc_AKGC417L__2,wheeze_score,0.265625,0
M39,test,cycle,207_2b4_Pl_mc_AKGC417L__3,wheeze_score,0.2838585518,0
M39,test,cycle,207_2b4_Pl_mc_AKGC417L__4,wheeze_score,0.3285838907,0
M39,test,cycle,207_2b4_Pr_mc_AKGC417L__0,wheeze_score,0.5147501505,0
M39,test,cycle,207_2b4_Pr_mc_AKGC417L__1,wheeze_score,0.4203372766,0
M39,test,cycle,207_2b4_Pr_mc_AKGC417L__2,wheeze_score,0.4661458333,0
M39,test,cycle,207_2b4_Pr_mc_AKGC417L__3,wheeze_score,0.4642771229,0
M39,test,cycle,207_2b4_Pr_mc_AKGC417L__4,wheeze_score,0.5670252981,0
M39,test,cycle,207_2b4_Tc_mc_AKGC417L__0,wheeze_score,0.403371463,0
M39,test,cycle,207_2b4_Tc_mc_AKGC417L__1,wheeze_score,0.3951673798,0
M39,test,cycle,207_2b4_Tc_mc_AKGC417L__2,wheeze_score,0.4322916667,1
M39,test,cycle,207_2b4_Tc_mc_AKGC417L__3,wheeze_score,0.2718306471,0
M39,test,cycle,207_2b4_Tc_mc_AKGC417L__4,wheeze_score,0.4303576621,0
M39,test,cycle,207_3b2_Al_mc_AKGC417L__0,wheeze_score,0.4956896552,0
M39,test,cycle,207_3b2_Al_mc_AKGC417L__1,wheeze_score,0.5787130716,0
M39,test,cycle,207_3b2_Al_mc_AKGC417L__2,wheeze_score,0.6603773585,0
M39,test,cycle,207_3b2_Al_mc_AKGC417L__3,wheeze_score,0.3852596315,0
M39,test,cycle,207_3b2_Al_mc_AKGC417L__4,wheeze_score,0.4236200257,0
M39,test,cycle,207_3b2_Al_mc_AKGC417L__5,wheeze_score,0.5755732335,0
M39,test,cycle,207_3b2_Al_mc_AKGC417L__6,wheeze_score,0.5320485966,0
M39,test,cycle,207_3b2_Al_mc_AKGC417L__7,wheeze_score,0.479148181,0
M39,test,cycle,207_3b2_Al_mc_AKGC417L__8,wheeze_score,0.7188940092,0
M39,test,cycle,207_3b2_Ar_mc_AKGC417L__0,wheeze_score,0.6034482759,0
M39,test,cycle,207_3b2_Ar_mc_AKGC417L__1,wheeze_score,0.4775394577,0
M39,test,cycle,207_3b2_Ar_mc_AKGC417L__2,wheeze_score,0.5943396226,0
M39,test,cycle,207_3b2_Ar_mc_AKGC417L__3,wheeze_score,0.6030150754,0
M39,test,cycle,207_3b2_Ar_mc_AKGC417L__4,wheeze_score,0.6375695336,0
M39,test,cycle,207_3b2_Ar_mc_AKGC417L__5,wheeze_score,0.6036499766,0
M39,test,cycle,207_3b2_Ar_mc_AKGC417L__6,wheeze_score,0.5320485966,0
M39,test,cycle,207_3b2_Ar_mc_AKGC417L__7,wheeze_score,0.6344276841,0
M39,test,cycle,207_3b2_Ar_mc_AKGC417L__8,wheeze_score,0.2488479263,0
M39,test,cycle,207_3b2_Lr_mc_AKGC417L__0,wheeze_score,0.4913793103,0
M39,test,cycle,207_3b2_Lr_mc_AKGC417L__1,wheeze_score,0.3480372319,0
M39,test,cycle,207_3b2_Lr_mc_AKGC417L__2,wheeze_score,0.5141509434,0
M39,test,cycle,207_3b2_Lr_mc_AKGC417L__3,wheeze_score,0.2763819095,0
M39,test,cycle,207_3b2_Lr_mc_AKGC417L__4,wheeze_score,0.6546854942,0
M39,test,cycle,207_3b2_Lr_mc_AKGC417L__5,wheeze_score,0.5007019186,0
M39,test,cycle,207_3b2_Lr_mc_AKGC417L__6,wheeze_score,0.4315039799,0
M39,test,cycle,207_3b2_Lr_mc_AKGC417L__7,wheeze_score,0.1597160603,0
M39,test,cycle,207_3b2_Lr_mc_AKGC417L__8,wheeze_score,0.3686635945,0
M39,test,cycle,207_3b2_Pl_mc_AKGC417L__0,wheeze_score,0.3663793103,0
M39,test,cycle,207_3b2_Pl_mc_AKGC417L__1,wheeze_score,0.392553622,0
M39,test,cycle,207_3b2_Pl_mc_AKGC417L__2,wheeze_score,0.2641509434,0
M39,test,cycle,207_3b2_Pl_mc_AKGC417L__3,wheeze_score,0.5234505863,0
M39,test,cycle,207_3b2_Pl_mc_AKGC417L__4,wheeze_score,0.6675224647,0
M39,test,cycle,207_3b2_Pl_mc_AKGC417L__5,wheeze_score,0.3556387459,0
M39,test,cycle,207_3b2_Pl_mc_AKGC417L__6,wheeze_score,0.5529953917,0
M39,test,cycle,207_3b2_Pl_mc_AKGC417L__7,wheeze_score,0.5501330967,0
M39,test,cycle,207_3b2_Pl_mc_AKGC417L__8,wheeze_score,0.1658986175,0
M39,test,cycle,207_3b2_Pr_mc_AKGC417L__0,wheeze_score,0.625,0
M39,test,cycle,207_3b2_Pr_mc_AKGC417L__1,wheeze_score,0.5625252934,0
M39,test,cycle,207_3b2_Pr_mc_AKGC417L__2,wheeze_score,0.3066037736,0
M39,test,cycle,207_3b2_Pr_mc_AKGC417L__3,wheeze_score,0.5192629816,0
M39,test,cycle,207_3b2_Pr_mc_AKGC417L__4,wheeze_score,0.5049208387,0
M39,test,cycle,207_3b2_Pr_mc_AKGC417L__5,wheeze_score,0.6317267197,0
M39,test,cycle,207_3b2_Pr_mc_AKGC417L__6,wheeze_score,0.7163803938,0
M39,test,cycle,207_3b2_Pr_mc_AKGC417L__7,wheeze_score,0.5634427684,0
M39,test,cycle,207_3b2_Pr_mc_AKGC417L__8,wheeze_score,0.3041474654,0
M39,test,cycle,207_3b2_Tc_mc_AKGC417L__0,wheeze_score,0.1939655172,0
M39,test,cycle,207_3b2_Tc_mc_AKGC417L__1,wheeze_score,0.1740186159,0
M39,test,cycle,207_3b2_Tc_mc_AKGC417L__2,wheeze_score,0.1462264151,0
M39,test,cycle,207_3b2_Tc_mc_AKGC417L__3,wheeze_score,0.2386934673,0
M39,test,cycle,207_3b2_Tc_mc_AKGC417L__4,wheeze_score,0.188275567,0
M39,test,cycle,207_3b2_Tc_mc_AKGC417L__5,wheeze_score,0.229293402,0
M39,test,cycle,207_3b2_Tc_mc_AKGC417L__6,wheeze_score,0.3225806452,0
M39,test,cycle,207_3b2_Tc_mc_AKGC417L__7,wheeze_score,0.3904170364,0
M39,test,cycle,207_3b2_Tc_mc_AKGC417L__8,wheeze_score,0.3870967742,0
M39,test,cycle,211_1p2_Ar_mc_AKGC417L__0,wheeze_score,0.06905210295,0
M39,test,cycle,211_1p2_Ar_mc_AKGC417L__1,wheeze_score,0.209102091,0
M39,test,cycle,211_1p2_Ar_mc_AKGC417L__2,wheeze_score,0.1255492781,0
M39,test,cycle,211_1p2_Ar_mc_AKGC417L__3,wheeze_score,0.2010050251,0
M39,test,cycle,211_1p2_Ar_mc_AKGC417L__4,wheeze_score,0.2629890956,0
M39,test,cycle,211_1p2_Ar_mc_AKGC417L__5,wheeze_score,0.3997461929,0
M39,test,cycle,211_1p2_Ar_mc_AKGC417L__6,wheeze_score,0.3438596491,0
M39,test,cycle,211_1p2_Ar_mc_AKGC417L__7,wheeze_score,0.1675603217,0
M39,test,cycle,211_1p2_Ar_mc_AKGC417L__8,wheeze_score,0.2673063742,0
M39,test,cycle,211_1p2_Ar_mc_AKGC417L__9,wheeze_score,0.5516356639,0
M39,test,cycle,211_1p2_Ar_mc_AKGC417L__10,wheeze_score,0.4892761394,0
M39,test,cycle,211_1p2_Ar_mc_AKGC417L__11,wheeze_score,0.4686548996,0
M39,test,cycle,211_1p2_Ar_mc_AKGC417L__12,wheeze_score,0,0
M39,test,cycle,211_1p2_Pl_mc_AKGC417L__0,wheeze_score,0.4205900816,1
M39,test,cycle,211_1p2_Pl_mc_AKGC417L__1,wheeze_score,0.7644499689,1
M39,test,cycle,211_1p2_Pl_mc_AKGC417L__2,wheeze_score,0.7281858129,1
M39,test,cycle,211_1p2_Pl_mc_AKGC417L__3,wheeze_score,0.9143968872,0
M39,test,cycle,211_1p2_Pl_mc_AKGC417L__4,wheeze_score,0.5067350866,0
M39,test,cycle,211_1p2_Pl_mc_AKGC417L__5,wheeze_score,0.6877662812,1
M39,test,cycle,211_1p2_Pl_mc_AKGC417L__6,wheeze_score,0.6796116505,0
M39,test,cycle,211_1p2_Pl_mc_AKGC417L__7,wheeze_score,0.6891981445,1
M39,test,cycle,211_1p2_Pl_mc_AKGC417L__8,wheeze_score,0.6179775281,1
M39,test,cycle,211_1p2_Pl_mc_AKGC417L__9,wheeze_score,0.5512820513,1
M39,test,cycle,211_1p2_Pl_mc_AKGC417L__10,wheeze_score,0.6453851492,1
M39,test,cycle,211_1p2_Pl_mc_AKGC417L__11,wheeze_score,0.3126809496,0
M39,test,cycle,211_1p2_Pl_mc_AKGC417L__12,wheeze_score,0.4861878453,0
M39,test,cycle,211_1p2_Pr_mc_AKGC417L__0,wheeze_score,0.3515379787,0
M39,test,cycle,211_1p2_Pr_mc_AKGC417L__1,wheeze_score,0.4599129894,0
M39,test,cycle,211_1p2_Pr_mc_AKGC417L__2,wheeze_score,0.2510985562,0
M39,test,cycle,211_1p2_Pr_mc_AKGC417L__3,wheeze_score,0.3372243839,0
M39,test,cycle,211_1p2_Pr_mc_AKGC417L__4,wheeze_score,0.1411161001,0
M39,test,cycle,211_1p2_Pr_mc_AKGC417L__5,wheeze_score,0.06086427267,0
M39,test,cycle,211_1p2_Pr_mc_AKGC417L__6,wheeze_score,0.2219140083,0
M39,test,cycle,211_1p2_Pr_mc_AKGC417L__7,wheeze_score,0.1855533466,0
M39,test,cycle,211_1p2_Pr_mc_AKGC417L__8,wheeze_score,0.5898876404,0
M39,test,cycle,211_1p2_Pr_mc_AKGC417L__9,wheeze_score,0.2243589744,0
M39,test,cycle,211_1p2_Pr_mc_AKGC417L__10,wheeze_score,0.2290076336,0
M39,test,cycle,211_1p2_Pr_mc_AKGC417L__11,wheeze_score,0.4342790967,0
M39,test,cycle,211_1p2_Pr_mc_AKGC417L__12,wheeze_score,0,0
M39,test,cycle,211_1p3_Ar_mc_AKGC417L__0,wheeze_score,0.1943699732,0
M39,test,cycle,211_1p3_Ar_mc_AKGC417L__1,wheeze_score,0.3538663172,0
M39,test,cycle,211_1p3_Ar_mc_AKGC417L__2,wheeze_score,0.6818181818,0
M39,test,cycle,211_1p3_Ar_mc_AKGC417L__3,wheeze_score,0.3050847458,0
M39,test,cycle,211_1p3_Ar_mc_AKGC417L__4,wheeze_score,0.07183908046,0
M39,test,cycle,211_1p3_Ar_mc_AKGC417L__5,wheeze_score,0.3267045455,0
M39,test,cycle,211_1p3_Ar_mc_AKGC417L__6,wheeze_score,0.2604523646,0
M39,test,cycle,211_1p3_Ar_mc_AKGC417L__7,wheeze_score,0.09021512838,0
M39,test,cycle,211_1p3_Ar_mc_AKGC417L__8,wheeze_score,0.2385964912,0
M39,test,cycle,211_1p3_Ar_mc_AKGC417L__9,wheeze_score,0.4441624365,0
M39,test,cycle,211_1p3_Ar_mc_AKGC417L__10,wheeze_score,0.4490057729,0
M39,test,cycle,211_1p3_Ar_mc_AKGC417L__11,wheeze_score,0.173370319,0
M39,test,cycle,211_1p3_Ar_mc_AKGC417L__12,wheeze_score,0.3474320242,0
M39,test,cycle,211_1p3_Ar_mc_AKGC417L__13,wheeze_score,0,0
M39,test,cycle,211_1p5_Ar_mc_AKGC417L__0,wheeze_score,0.2635228849,0
M39,test,cycle,211_1p5_Ar_mc_AKGC417L__1,wheeze_score,0.3803131991,0
M39,test,cycle,211_1p5_Ar_mc_AKGC417L__2,wheeze_score,0.1403508772,0
M39,test,cycle,211_1p5_Ar_mc_AKGC417L__3,wheeze_score,0.2526315789,0
M39,test,cycle,211_1p5_Ar_mc_AKGC417L__4,wheeze_score,0.3150134048,0
M39,test,cycle,211_1p5_Ar_mc_AKGC417L__5,wheeze_score,0.2339622642,0
M39,test,cycle,211_1p5_Ar_mc_AKGC417L__6,wheeze_score,0.1715137957,0
M39,test,cycle,211_1p5_Ar_mc_AKGC417L__7,wheeze_score,0.3475409836,0
M39,test,cycle,211_1p5_Ar_mc_AKGC417L__8,wheeze_score,0.2798232695,0
M39,test,cycle,211_1p5_Ar_mc_AKGC417L__9,wheeze_score,0.2430044183,0
M39,test,cycle,211_1p5_Ar_mc_AKGC417L__10,wheeze_score,0.1633522727,0
M39,test,cycle,211_1p5_Ar_mc_AKGC417L__11,wheeze_score,0.6196746708,0
M39,test,cycle,211_1p5_Ar_mc_AKGC417L__12,wheeze_score,0.1894736842,0
M39,test,cycle,211_1p5_Ar_mc_AKGC417L__13,wheeze_score,0.3169811321,0
M39,test,cycle,211_2p2_Tc_mc_AKGC417L__0,wheeze_score,0,0
M39,test,cycle,211_2p2_Tc_mc_AKGC417L__1,wheeze_score,0.7380830343,0
M39,test,cycle,211_2p2_Tc_mc_AKGC417L__2,wheeze_score,0.5781710914,0
M39,test,cycle,211_2p2_Tc_mc_AKGC417L__3,wheeze_score,0.315852205,0
M39,test,cycle,211_2p2_Tc_mc_AKGC417L__4,wheeze_score,0.6277742549,0
M39,test,cycle,211_2p2_Tc_mc_AKGC417L__5,wheeze_score,0.5003427005,0
M39,test,cycle,211_2p2_Tc_mc_AKGC417L__6,wheeze_score,0.4767580453,0
M39,test,cycle,211_2p2_Tc_mc_AKGC417L__7,wheeze_score,0.5959885387,0
M39,test,cycle,211_2p2_Tc_mc_AKGC417L__8,wheeze_score,0.4185161699,0
M39,test,cycle,211_2p2_Tc_mc_AKGC417L__9,wheeze_score,0.7564469914,0
M39,test,cycle,211_2p2_Tc_mc_AKGC417L__10,wheeze_score,0.6078665077,0
M39,test,cycle,211_2p2_Tc_mc_AKGC417L__11,wheeze_score,0.6164383562,0
M39,test,cycle,211_2p2_Tc_mc_AKGC417L__12,wheeze_score,0.8430232558,0
M39,test,cycle,211_2p3_Tc_mc_AKGC417L__0,wheeze_score,0.3543647364,0
M39,test,cycle,211_2p3_Tc_mc_AKGC417L__1,wheeze_score,0.4231433506,0
M39,test,cycle,211_2p3_Tc_mc_AKGC417L__2,wheeze_score,0.5959183673,0
M39,test,cycle,211_2p3_Tc_mc_AKGC417L__3,wheeze_score,0.6333830104,0
M39,test,cycle,211_2p3_Tc_mc_AKGC417L__4,wheeze_score,0.4660045837,0
M39,test,cycle,211_2p3_Tc_mc_AKGC417L__5,wheeze_score,0.1987281399,0
M39,test,cycle,211_2p3_Tc_mc_AKGC417L__6,wheeze_score,0.5656108597,0
M39,test,cycle,211_2p3_Tc_mc_AKGC417L__7,wheeze_score,0.604534005,0
M39,test,cycle,211_2p3_Tc_mc_AKGC417L__8,wheeze_score,0.5960784314,0
M39,test,cycle,211_2p3_Tc_mc_AKGC417L__9,wheeze_score,0.3328173375,0
M39,test,cycle,211_2p3_Tc_mc_AKGC417L__10,wheeze_score,0.3063829787,0
M39,test,cycle,211_2p3_Tc_mc_AKGC417L__11,wheeze_score,0.4941176471,0
M39,test,cycle,211_2p3_Tc_mc_AKGC417L__12,wheeze_score,0.4190169218,0
M39,test,cycle,211_2p3_Tc_mc_AKGC417L__13,wheeze_score,0.3170028818,0
M39,test,cycle,211_2p3_Tc_mc_AKGC417L__14,wheeze_score,0.4754716981,0
M39,test,cycle,211_2p3_Tc_mc_AKGC417L__15,wheeze_score,0.2044293015,0
M39,test,cycle,211_2p4_Tc_mc_AKGC417L__0,wheeze_score,0.5733944954,0
M39,test,cycle,211_2p4_Tc_mc_AKGC417L__1,wheeze_score,0.5604075691,0
M39,test,cycle,211_2p4_Tc_mc_AKGC417L__2,wheeze_score,0.4816513761,0
M39,test,cycle,211_2p4_Tc_mc_AKGC417L__3,wheeze_score,0.6960227273,0
M39,test,cycle,211_2p4_Tc_mc_AKGC417L__4,wheeze_score,0.3976435935,0
M39,test,cycle,211_2p4_Tc_mc_AKGC417L__5,wheeze_score,0.642912471,0
M39,test,cycle,211_2p4_Tc_mc_AKGC417L__6,wheeze_score,0.5964368706,0
M39,test,cycle,211_2p4_Tc_mc_AKGC417L__7,wheeze_score,0.3727865797,0
M39,test,cycle,211_2p4_Tc_mc_AKGC417L__8,wheeze_score,0.506592644,0
M39,test,cycle,211_2p4_Tc_mc_AKGC417L__9,wheeze_score,0.4054054054,0
M39,test,cycle,211_2p4_Tc_mc_AKGC417L__10,wheeze_score,0.5610795455,0
M39,test,cycle,211_2p4_Tc_mc_AKGC417L__11,wheeze_score,0.6570996979,0
M39,test,cycle,211_2p4_Tc_mc_AKGC417L__12,wheeze_score,0.6880733945,0
M39,test,cycle,211_2p4_Tc_mc_AKGC417L__13,wheeze_score,0.4758308157,0
M39,test,cycle,211_2p4_Tc_mc_AKGC417L__14,wheeze_score,0.5263157895,0
M39,test,cycle,214_1b1_Ar_sc_Meditron__0,wheeze_score,0.5931198102,0
M39,test,cycle,214_1b1_Ar_sc_Meditron__1,wheeze_score,0.6446440026,0
M39,test,cycle,214_1b1_Ar_sc_Meditron__2,wheeze_score,0.70865094,0
M39,test,cycle,214_1b1_Ar_sc_Meditron__3,wheeze_score,0.5259474477,0
M39,test,cycle,214_1b1_Ar_sc_Meditron__4,wheeze_score,0.590974212,0
M39,test,cycle,214_1b1_Ar_sc_Meditron__5,wheeze_score,0.5592105263,0
M39,test,cycle,214_1b1_Ar_sc_Meditron__6,wheeze_score,0.3650533224,0
M39,test,cycle,216_1b1_Al_sc_Meditron__0,wheeze_score,0.7084690554,0
M39,test,cycle,216_1b1_Al_sc_Meditron__1,wheeze_score,0.6863468635,0
M39,test,cycle,216_1b1_Al_sc_Meditron__2,wheeze_score,0.81002331,0
M39,test,cycle,216_1b1_Al_sc_Meditron__3,wheeze_score,0.871886121,0
M39,test,cycle,216_1b1_Al_sc_Meditron__4,wheeze_score,0.7790626902,0
M39,test,cycle,216_1b1_Al_sc_Meditron__5,wheeze_score,0.8683245006,0
M39,test,cycle,216_1b1_Al_sc_Meditron__6,wheeze_score,0.8143322476,0
M39,test,cycle,216_1b1_Al_sc_Meditron__7,wheeze_score,0.8156028369,0
M39,test,cycle,216_1b1_Al_sc_Meditron__8,wheeze_score,0.8578856153,0
M39,test,cycle,216_1b1_Al_sc_Meditron__9,wheeze_score,0.7903780069,0
M39,test,cycle,216_1b1_Al_sc_Meditron__10,wheeze_score,0.8760245902,0
M39,test,cycle,216_1b1_Al_sc_Meditron__11,wheeze_score,0.8848797251,0
M39,test,cycle,216_1b1_Pl_sc_Meditron__0,wheeze_score,0.8080808081,1
M39,test,cycle,216_1b1_Pl_sc_Meditron__1,wheeze_score,0.5374823197,1
M39,test,cycle,216_1b1_Pl_sc_Meditron__2,wheeze_score,0.800933126,1
M39,test,cycle,216_1b1_Pl_sc_Meditron__3,wheeze_score,0.7092198582,1
M39,test,cycle,216_1b1_Pl_sc_Meditron__4,wheeze_score,0.7520476545,1
M39,test,cycle,216_1b1_Pl_sc_Meditron__5,wheeze_score,0.7759088443,1
M39,test,cycle,216_1b1_Pl_sc_Meditron__6,wheeze_score,0.847208619,1
M39,test,cycle,216_1b1_Pl_sc_Meditron__7,wheeze_score,0.6958970233,1
M39,test,cycle,216_1b1_Pl_sc_Meditron__8,wheeze_score,0.6,0
M39,test,cycle,216_1b1_Pl_sc_Meditron__9,wheeze_score,0.7146353402,0
M39,test,cycle,223_1b1_Al_sc_Meditron__0,wheeze_score,0.8246580935,0
M39,test,cycle,223_1b1_Al_sc_Meditron__1,wheeze_score,0.721097322,0
M39,test,cycle,223_1b1_Al_sc_Meditron__2,wheeze_score,0.754993288,0
M39,test,cycle,223_1b1_Al_sc_Meditron__3,wheeze_score,0.6760518886,0
M39,test,cycle,223_1b1_Al_sc_Meditron__4,wheeze_score,0.7854225573,0
M39,test,cycle,223_1b1_Al_sc_Meditron__5,wheeze_score,0.6596306069,0
M39,test,cycle,223_1b1_Al_sc_Meditron__6,wheeze_score,0.6719108489,0
M39,test,cycle,223_1b1_Al_sc_Meditron__7,wheeze_score,0.4971428571,0
M39,test,cycle,223_1b1_Al_sc_Meditron__8,wheeze_score,0.6398963731,0
M39,test,cycle,223_1b1_Al_sc_Meditron__9,wheeze_score,0.7575386124,0
M39,test,cycle,223_1b1_Ar_sc_Meditron__0,wheeze_score,0.5782094984,1
M39,test,cycle,223_1b1_Ar_sc_Meditron__1,wheeze_score,0.4319616808,1
M39,test,cycle,223_1b1_Ar_sc_Meditron__2,wheeze_score,0.4182312304,1
M39,test,cycle,223_1b1_Ar_sc_Meditron__3,wheeze_score,0.763826897,1
M39,test,cycle,223_1b1_Ar_sc_Meditron__4,wheeze_score,0.6490932331,1
M39,test,cycle,223_1b1_Ar_sc_Meditron__5,wheeze_score,0.4450170767,1
M39,test,cycle,223_1b1_Ar_sc_Meditron__6,wheeze_score,0.6146429647,1
M39,test,cycle,223_1b1_Ar_sc_Meditron__7,wheeze_score,0.5267830719,1
M39,test,cycle,223_1b1_Ar_sc_Meditron__8,wheeze_score,0.6180890275,1
M39,test,cycle,223_1b1_Ar_sc_Meditron__9,wheeze_score,0.6179521876,1
M39,test,cycle,223_1b1_Ll_sc_Meditron__0,wheeze_score,0.5411260196,0
M39,test,cycle,223_1b1_Ll_sc_Meditron__1,wheeze_score,0.6572528883,0
M39,test,cycle,223_1b1_Ll_sc_Meditron__2,wheeze_score,0.6936325474,0
M39,test,cycle,223_1b1_Ll_sc_Meditron__3,wheeze_score,0.7103490508,0
M39,test,cycle,223_1b1_Ll_sc_Meditron__4,wheeze_score,0.7154742097,0
M39,test,cycle,223_1b1_Ll_sc_Meditron__5,wheeze_score,0.6822316555,0
M39,test,cycle,223_1b1_Ll_sc_Meditron__6,wheeze_score,0.7131011609,0
M39,test,cycle,223_1b1_Ll_sc_Meditron__7,wheeze_score,0.6728395062,0
M39,test,cycle,223_1b1_Ll_sc_Meditron__8,wheeze_score,0.5725403002,0
M39,test,cycle,223_1b1_Ll_sc_Meditron__9,wheeze_score,0.4658634538,0
M39,test,cycle,223_1b1_Lr_sc_Meditron__0,wheeze_score,0.7938570585,0
M39,test,cycle,223_1b1_Lr_sc_Meditron__1,wheeze_score,0.8127721335,0
M39,test,cycle,223_1b1_Lr_sc_Meditron__2,wheeze_score,0.8740061734,0
M39,test,cycle,223_1b1_Lr_sc_Meditron__3,wheeze_score,0.8471965496,0
M39,test,cycle,223_1b1_Lr_sc_Meditron__4,wheeze_score,0.7655654384,0
M39,test,cycle,223_1b1_Lr_sc_Meditron__5,wheeze_score,0.808113329,0
M39,test,cycle,223_1b1_Lr_sc_Meditron__6,wheeze_score,0.8774193548,0
M39,test,cycle,223_1b1_Lr_sc_Meditron__7,wheeze_score,0.833836858,0
M39,test,cycle,223_1b1_Lr_sc_Meditron__8,wheeze_score,0.6907630522,0
M39,test,cycle,223_1b1_Lr_sc_Meditron__9,wheeze_score,0.8143884892,0
M39,test,cycle,223_1b1_Pl_sc_Meditron__0,wheeze_score,0.8786762049,0
M39,test,cycle,223_1b1_Pl_sc_Meditron__1,wheeze_score,0.6581334151,0
M39,test,cycle,223_1b1_Pl_sc_Meditron__2,wheeze_score,0.7298969072,0
M39,test,cycle,223_1b1_Pl_sc_Meditron__3,wheeze_score,0.8448214072,0
M39,test,cycle,223_1b1_Pl_sc_Meditron__4,wheeze_score,0.7403471484,0
M39,test,cycle,223_1b1_Pl_sc_Meditron__5,wheeze_score,0.754289414,0
M39,test,cycle,223_1b1_Pl_sc_Meditron__6,wheeze_score,0.6985847636,0
M39,test,cycle,223_1b1_Pl_sc_Meditron__7,wheeze_score,0.5688918119,0
M39,test,cycle,223_1b1_Pl_sc_Meditron__8,wheeze_score,0.5417376491,0
M39,test,cycle,223_1b1_Pl_sc_Meditron__9,wheeze_score,0.6844689994,0
M39,test,cycle,223_1b1_Pl_sc_Meditron__10,wheeze_score,0.8045007032,0
M39,test,cycle,223_1b1_Pr_sc_Meditron__0,wheeze_score,0.6353030404,0
M39,test,cycle,223_1b1_Pr_sc_Meditron__1,wheeze_score,0.658965344,0
M39,test,cycle,223_1b1_Pr_sc_Meditron__2,wheeze_score,0.6509035332,0
M39,test,cycle,223_1b1_Pr_sc_Meditron__3,wheeze_score,0.8987256875,0
M39,test,cycle,223_1b1_Pr_sc_Meditron__4,wheeze_score,0.8151023289,0
M39,test,cycle,223_1b1_Pr_sc_Meditron__5,wheeze_score,0.8373535493,0
M39,test,cycle,223_1b1_Pr_sc_Meditron__6,wheeze_score,0.7657521857,0
M39,test,cycle,223_1b1_Pr_sc_Meditron__7,wheeze_score,0.8417041912,1
M39,test,cycle,223_1b1_Pr_sc_Meditron__8,wheeze_score,0.9406565657,1
M39,test,cycle,223_1b1_Pr_sc_Meditron__9,wheeze_score,0.7921332969,1
M39,test,cycle,224_1b1_Tc_sc_Meditron__0,wheeze_score,0.765625,0
M39,test,cycle,224_1b1_Tc_sc_Meditron__1,wheeze_score,0.8029411765,0
M39,test,cycle,224_1b1_Tc_sc_Meditron__2,wheeze_score,0.8301090397,0
M39,test,cycle,224_1b1_Tc_sc_Meditron__3,wheeze_score,0.9261616805,0
M39,test,cycle,224_1b1_Tc_sc_Meditron__4,wheeze_score,0.878236529,0
M39,test,cycle,224_1b1_Tc_sc_Meditron__5,wheeze_score,0.7851851852,0
M39,test,cycle,224_1b1_Tc_sc_Meditron__6,wheeze_score,0.7731092437,0
M39,test,cycle,224_1b2_Al_sc_Meditron__0,wheeze_score,0.5913528591,0
M39,test,cycle,224_1b2_Al_sc_Meditron__1,wheeze_score,0.509383378,0
M39,test,cycle,224_1b2_Al_sc_Meditron__2,wheeze_score,0.5853205327,0
M39,test,cycle,224_1b2_Al_sc_Meditron__3,wheeze_score,0.6050047513,0
M39,test,cycle,224_1b2_Al_sc_Meditron__4,wheeze_score,0.7133377571,0
M39,test,cycle,224_1b2_Al_sc_Meditron__5,wheeze_score,0.68,0
M39,test,cycle,224_1b2_Al_sc_Meditron__6,wheeze_score,0,0
M39,test,cycle,225_1b1_Pl_sc_Meditron__0,wheeze_score,0.8777120316,0
M39,test,cycle,225_1b1_Pl_sc_Meditron__1,wheeze_score,0.8388654194,0
M39,test,cycle,225_1b1_Pl_sc_Meditron__2,wheeze_score,0.75,0
M39,test,cycle,225_1b1_Pl_sc_Meditron__3,wheeze_score,0.7666666667,0
M39,test,cycle,225_1b1_Pl_sc_Meditron__4,wheeze_score,0.7661822985,0
M39,test,cycle,225_1b1_Pl_sc_Meditron__5,wheeze_score,0.5953338697,0
M39,test,cycle,225_1b1_Pl_sc_Meditron__6,wheeze_score,0.6424936387,0
M39,test,cycle,225_1b1_Pl_sc_Meditron__7,wheeze_score,0.5138086063,0
M39,test,cycle,225_1b1_Pl_sc_Meditron__8,wheeze_score,0.8629191321,0
M39,test,cycle,225_1b1_Pl_sc_Meditron__9,wheeze_score,0.83652269,0
M39,test,cycle,225_1b1_Pl_sc_Meditron__10,wheeze_score,0.7533333333,0
M39,test,cycle,225_1b1_Pl_sc_Meditron__11,wheeze_score,0.920554855,0
M39,test,cycle,225_1b1_Pl_sc_Meditron__12,wheeze_score,0.7742998353,0
M39,test,cycle,225_1b1_Pl_sc_Meditron__13,wheeze_score,0,0
M39,train,cycle,103_2b2_Ar_mc_LittC2SE__0,wheeze_score,0.7484407484,1
M39,train,cycle,103_2b2_Ar_mc_LittC2SE__1,wheeze_score,0.9125812168,0
M39,train,cycle,103_2b2_Ar_mc_LittC2SE__2,wheeze_score,0.8034338543,1
M39,train,cycle,103_2b2_Ar_mc_LittC2SE__3,wheeze_score,0.7554542494,1
M39,train,cycle,103_2b2_Ar_mc_LittC2SE__4,wheeze_score,0.663507109,1
M39,train,cycle,103_2b2_Ar_mc_LittC2SE__5,wheeze_score,0.7803081045,0
M39,train,cycle,105_1b1_Tc_sc_Meditron__0,wheeze_score,0.1159161837,0
M39,train,cycle,105_1b1_Tc_sc_Meditron__1,wheeze_score,0.07692307692,0
M39,train,cycle,105_1b1_Tc_sc_Meditron__2,wheeze_score,0.04185692542,0
M39,train,cycle,105_1b1_Tc_sc_Meditron__3,wheeze_score,0,0
M39,train,cycle,105_1b1_Tc_sc_Meditron__4,wheeze_score,0.03632760898,0
M39,train,cycle,105_1b1_Tc_sc_Meditron__5,wheeze_score,0,0
M39,train,cycle,105_1b1_Tc_sc_Meditron__6,wheeze_score,0.1096156821,0
M39,train,cycle,105_1b1_Tc_sc_Meditron__7,wheeze_score,0.1555555556,0
M39,train,cycle,106_2b1_Pl_mc_LittC2SE__0,wheeze_score,0.4464285714,0
M39,train,cycle,106_2b1_Pl_mc_LittC2SE__1,wheeze_score,0.5046805047,0
M39,train,cycle,106_2b1_Pl_mc_LittC2SE__2,wheeze_score,0.461297889,0
M39,train,cycle,106_2b1_Pl_mc_LittC2SE__3,wheeze_score,0.6105006105,0
M39,train,cycle,106_2b1_Pl_mc_LittC2SE__4,wheeze_score,0.6115563054,0
M39,train,cycle,106_2b1_Pl_mc_LittC2SE__5,wheeze_score,0.6083333333,0
M39,train,cycle,106_2b1_Pl_mc_LittC2SE__6,wheeze_score,0.5825649623,0
M39,train,cycle,106_2b1_Pl_mc_LittC2SE__7,wheeze_score,0.5882352941,0
M39,train,cycle,106_2b1_Pl_mc_LittC2SE__8,wheeze_score,0.5812417437,0
M39,train,cycle,106_2b1_Pr_mc_LittC2SE__0,wheeze_score,0.8188585608,1
M39,train,cycle,106_2b1_Pr_mc_LittC2SE__1,wheeze_score,0.88,1
M39,train,cycle,106_2b1_Pr_mc_LittC2SE__2,wheeze_score,0.6881463803,0
M39,train,cycle,106_2b1_Pr_mc_LittC2SE__3,wheeze_score,0.8432776452,1
M39,train,cycle,106_2b1_Pr_mc_LittC2SE__4,wheeze_score,0.9444904722,1
M39,train,cycle,106_2b1_Pr_mc_LittC2SE__5,wheeze_score,0.9028077754,1
M39,train,cycle,106_2b1_Pr_mc_LittC2SE__6,wheeze_score,0.8700930797,1
M39,train,cycle,106_2b1_Pr_mc_LittC2SE__7,wheeze_score,0.8038029386,1
M39,train,cycle,106_2b1_Pr_mc_LittC2SE__8,wheeze_score,0.9324009324,0
M39,train,cycle,107_2b3_Al_mc_AKGC417L__0,wheeze_score,0.9393232205,0
M39,train,cycle,107_2b3_Al_mc_AKGC417L__1,wheeze_score,0.7446808511,0
M39,train,cycle,107_2b3_Al_mc_AKGC417L__2,wheeze_score,0.654853621,0
M39,train,cycle,107_2b3_Al_mc_AKGC417L__3,wheeze_score,0.667433832,0
M39,train,cycle,107_2b3_Al_mc_AKGC417L__4,wheeze_score,0.7876969242,0
M39,train,cycle,107_2b3_Al_mc_AKGC417L__5,wheeze_score,0.7176023639,0
M39,train,cycle,107_2b3_Al_mc_AKGC417L__6,wheeze_score,0.5865809562,0
M39,train,cycle,107_2b3_Al_mc_AKGC417L__7,wheeze_score,0.6494746896,0
M39,train,cycle,107_2b3_Ar_mc_AKGC417L__0,wheeze_score,0.5659276546,0
M39,train,cycle,107_2b3_Ar_mc_AKGC417L__1,wheeze_score,0.7006603081,1
M39,train,cycle,107_2b3_Ar_mc_AKGC417L__2,wheeze_score,0.6432973806,1
M39,train,cycle,107_2b3_Ar_mc_AKGC417L__3,wheeze_score,0.5024932873,1
M39,train,cycle,107_2b3_Ar_mc_AKGC417L__4,wheeze_score,0.4276069017,1
M39,train,cycle,107_2b3_Ar_mc_AKGC417L__5,wheeze_score,0.4685521317,1
M39,train,cycle,107_2b3_Ar_mc_AKGC417L__6,wheeze_score,0.6910405785,1
M39,train,cycle,107_2b3_Ar_mc_AKGC417L__7,wheeze_score,0.7258834766,1
M39,train,cycle,107_2b3_Ll_mc_AKGC417L__0,wheeze_score,0.6359393232,0
M39,train,cycle,107_2b3_Ll_mc_AKGC417L__1,wheeze_score,0.7373440939,0
M39,train,cycle,107_2b3_Ll_mc_AKGC417L__2,wheeze_score,0.6818181818,0
M39,train,cycle,107_2b3_Ll_mc_AKGC417L__3,wheeze_score,0.8323743767,0
M39,train,cycle,107_2b3_Ll_mc_AKGC417L__4,wheeze_score,0.7351837959,0
M39,train,cycle,107_2b3_Ll_mc_AKGC417L__5,wheeze_score,0.6331785564,0
M39,train,cycle,107_2b3_Ll_mc_AKGC417L__6,wheeze_score,0.6548814785,0
M39,train,cycle,107_2b3_Ll_mc_AKGC417L__7,wheeze_score,0.8500477555,0
M39,train,cycle,107_2b3_Lr_mc_AKGC417L__0,wheeze_score,0.8693115519,0
M39,train,cycle,107_2b3_Lr_mc_AKGC417L__1,wheeze_score,0.7556859868,0
M39,train,cycle,107_2b3_Lr_mc_AKGC417L__2,wheeze_score,0.8474576271,0
M39,train,cycle,107_2b3_Lr_mc_AKGC417L__3,wheeze_score,0.8208668968,0
M39,train,cycle,107_2b3_Lr_mc_AKGC417L__4,wheeze_score,0.8852213053,0
M39,train,cycle,107_2b3_Lr_mc_AKGC417L__5,wheeze_score,0.932883073,0
M39,train,cycle,107_2b3_Lr_mc_AKGC417L__6,wheeze_score,0.7673764564,0
M39,train,cycle,107_2b3_Lr_mc_AKGC417L__7,wheeze_score,0.8022922636,0
M39,train,cycle,107_2b3_Pl_mc_AKGC417L__0,wheeze_score,0.2567094516,0
M39,train,cycle,107_2b3_Pl_mc_AKGC417L__1,wheeze_score,0.4035216434,0
M39,train,cycle,107_2b3_Pl_mc_AKGC417L__2,wheeze_score,0.3505392912,0
M39,train,cycle,107_2b3_Pl_mc_AKGC417L__3,wheeze_score,0.5293440736,0
M39,train,cycle,107_2b3_Pl_mc_AKGC417L__4,wheeze_score,0.3863465866,0
M39,train,cycle,107_2b3_Pl_mc_AKGC417L__5,wheeze_score,0.2785985648,0
M39,train,cycle,107_2b3_Pl_mc_AKGC417L__6,wheeze_score,0.5986339896,0
M39,train,cycle,107_2b3_Pl_mc_AKGC417L__7,wheeze_score,0.2865329513,0
M39,train,cycle,107_2b3_Pr_mc_AKGC417L__0,wheeze_score,0.5309218203,0
M39,train,cycle,107_2b3_Pr_mc_AKGC417L__1,wheeze_score,0.2824651504,0
M39,train,cycle,107_2b3_Pr_mc_AKGC417L__2,wheeze_score,0.4275808937,1
M39,train,cycle,107_2b3_Pr_mc_AKGC417L__3,wheeze_score,0.3759110088,0
M39,train,cycle,107_2b3_Pr_mc_AKGC417L__4,wheeze_score,0.5101275319,0
M39,train,cycle,107_2b3_Pr_mc_AKGC417L__5,wheeze_score,0.2279442803,1
M39,train,cycle,107_2b3_Pr_mc_AKGC417L__6,wheeze_score,0.4580152672,0
M39,train,cycle,107_2b3_Pr_mc_AKGC417L__7,wheeze_score,0.09551098376,1
M39,train,cycle,107_2b3_Tc_mc_AKGC417L__0,wheeze_score,0.5425904317,0
M39,train,cycle,107_2b3_Tc_mc_AKGC417L__1,wheeze_score,0.4548789435,0
M39,train,cycle,107_2b3_Tc_mc_AKGC417L__2,wheeze_score,0.1232665639,0
M39,train,cycle,107_2b3_Tc_mc_AKGC417L__3,wheeze_score,0.3720751822,0
M39,train,cycle,107_2b3_Tc_mc_AKGC417L__4,wheeze_score,0.3075768942,0
M39,train,cycle,107_2b3_Tc_mc_AKGC417L__5,wheeze_score,0.1815111862,0
M39,train,cycle,107_2b3_Tc_mc_AKGC417L__6,wheeze_score,0.4178384894,0
M39,train,cycle,107_2b3_Tc_mc_AKGC417L__7,wheeze_score,0.2578796562,0
M39,train,cycle,107_2b4_Al_mc_AKGC417L__0,wheeze_score,0.5599665692,0
M39,train,cycle,107_2b4_Al_mc_AKGC417L__1,wheeze_score,0.6001655629,0
M39,train,cycle,107_2b4_Al_mc_AKGC417L__2,wheeze_score,0.7205414013,1
M39,train,cycle,107_2b4_Al_mc_AKGC417L__3,wheeze_score,0.6037151703,0
M39,train,cycle,107_2b4_Al_mc_AKGC417L__4,wheeze_score,0.7513718869,1
M39,train,cycle,107_2b4_Al_mc_AKGC417L__5,wheeze_score,0.6346294938,0
M39,train,cycle,107_2b4_Al_mc_AKGC417L__6,wheeze_score,0.8482142857,0
M39,train,cycle,107_2b4_Al_mc_AKGC417L__7,wheeze_score,0.6698113208,0
M39,train,cycle,107_2b4_Ar_mc_AKGC417L__0,wheeze_score,0.4178854994,0
M39,train,cycle,107_2b4_Ar_mc_AKGC417L__1,wheeze_score,0.6084437086,0
M39,train,cycle,107_2b4_Ar_mc_AKGC417L__2,wheeze_score,0.6289808917,0
M39,train,cycle,107_2b4_Ar_mc_AKGC417L__3,wheeze_score,0.6153250774,0
M39,train,cycle,107_2b4_Ar_mc_AKGC417L__4,wheeze_score,0.6711692697,0
M39,train,cycle,107_2b4_Ar_mc_AKGC417L__5,wheeze_score,0.7116654439,0
M39,train,cycle,107_2b4_Ar_mc_AKGC417L__6,wheeze_score,0.5965909091,0
M39,train,cycle,107_2b4_Ar_mc_AKGC417L__7,wheeze_score,0.6981132075,0
M39,train,cycle,107_2b4_Ll_mc_AKGC417L__0,wheeze_score,0.9402423736,0
M39,train,cycle,107_2b4_Ll_mc_AKGC417L__1,wheeze_score,0.5836092715,0
M39,train,cycle,107_2b4_Ll_mc_AKGC417L__2,wheeze_score,0.6449044586,0
M39,train,cycle,107_2b4_Ll_mc_AKGC417L__3,wheeze_score,0.6927244582,0
M39,train,cycle,107_2b4_Ll_mc_AKGC417L__4,wheeze_score,0.6036302237,0
M39,train,cycle,107_2b4_Ll_mc_AKGC417L__5,wheeze_score,0.7226705796,0
M39,train,cycle,107_2b4_Ll_mc_AKGC417L__6,wheeze_score,0.5762987013,0
M39,train,cycle,107_2b4_Ll_mc_AKGC417L__7,wheeze_score,0.858490566,0
M39,train,cycle,107_2b4_Lr_mc_AKGC417L__0,wheeze_score,0.7689093188,0
M39,train,cycle,107_2b4_Lr_mc_AKGC417L__1,wheeze_score,0.815397351,0
M39,train,cycle,107_2b4_Lr_mc_AKGC417L__2,wheeze_score,0.8718152866,0
M39,train,cycle,107_2b4_Lr_mc_AKGC417L__3,wheeze_score,0.8552631579,0
M39,train,cycle,107_2b4_Lr_mc_AKGC417L__4,wheeze_score,0.8442380751,0
M39,train,cycle,107_2b4_Lr_mc_AKGC417L__5,wheeze_score,0.8180484226,0
M39,train,cycle,107_2b4_Lr_mc_AKGC417L__6,wheeze_score,0.8847402597,0
M39,train,cycle,107_2b4_Lr_mc_AKGC417L__7,wheeze_score,0.7452830189,0
M39,train,cycle,107_2b4_Pl_mc_AKGC417L__0,wheeze_score,0.5390722942,0
M39,train,cycle,107_2b4_Pl_mc_AKGC417L__1,wheeze_score,0.6705298013,0
M39,train,cycle,107_2b4_Pl_mc_AKGC417L__2,wheeze_score,0.3622611465,0
M39,train,cycle,107_2b4_Pl_mc_AKGC417L__3,wheeze_score,0.5147058824,0
M39,train,cycle,107_2b4_Pl_mc_AKGC417L__4,wheeze_score,0.5529759392,0
M39,train,cycle,107_2b4_Pl_mc_AKGC417L__5,wheeze_score,0.6969919296,0
M39,train,cycle,107_2b4_Pl_mc_AKGC417L__6,wheeze_score,0.5478896104,0
M39,train,cycle,107_2b4_Pl_mc_AKGC417L__7,wheeze_score,0.4056603774,0
M39,train,cycle,107_2b4_Pr_mc_AKGC417L__0,wheeze_score,0.6268282491,0
M39,train,cycle,107_2b4_Pr_mc_AKGC417L__1,wheeze_score,0.4925496689,0
M39,train,cycle,107_2b4_Pr_mc_AKGC417L__2,wheeze_score,0.4418789809,0
M39,train,cycle,107_2b4_Pr_mc_AKGC417L__3,wheeze_score,0.673374613,0
M39,train,cycle,107_2b4_Pr_mc_AKGC417L__4,wheeze_score,0.2152807092,0
M39,train,cycle,107_2b4_Pr_mc_AKGC417L__5,wheeze_score,0.6529713866,0
M39,train,cycle,107_2b4_Pr_mc_AKGC417L__6,wheeze_score,0.6331168831,0
M39,train,cycle,107_2b4_Pr_mc_AKGC417L__7,wheeze_score,0.2169811321,0
M39,train,cycle,107_2b4_Tc_mc_AKGC417L__0,wheeze_score,0.3593815295,0
M39,train,cycle,107_2b4_Tc_mc_AKGC417L__1,wheeze_score,0.3021523179,0
M39,train,cycle,107_2b4_Tc_mc_AKGC417L__2,wheeze_score,0.3224522293,0
M39,train,cycle,107_2b4_Tc_mc_AKGC417L__3,wheeze_score,0.1973684211,0
M39,train,cycle,107_2b4_Tc_mc_AKGC417L__4,wheeze_score,0.1392992824,0
M39,train,cycle,107_2b4_Tc_mc_AKGC417L__5,wheeze_score,0.3154805576,0
M39,train,cycle,107_2b4_Tc_mc_AKGC417L__6,wheeze_score,0.1948051948,0
M39,train,cycle,107_2b4_Tc_mc_AKGC417L__7,wheeze_score,0.320754717,0
M39,train,cycle,107_2b5_Al_mc_AKGC417L__0,wheeze_score,0.7796101949,0
M39,train,cycle,107_2b5_Al_mc_AKGC417L__1,wheeze_score,0.6973898858,0
M39,train,cycle,107_2b5_Al_mc_AKGC417L__2,wheeze_score,0.6647187728,0
M39,train,cycle,107_2b5_Al_mc_AKGC417L__3,wheeze_score,0.6373997467,0
M39,train,cycle,107_2b5_Al_mc_AKGC417L__4,wheeze_score,0.7309486781,0
M39,train,cycle,107_2b5_Al_mc_AKGC417L__5,wheeze_score,0.7573964497,0
M39,train,cycle,107_2b5_Al_mc_AKGC417L__6,wheeze_score,0.6357927786,0
M39,train,cycle,107_2b5_Al_mc_AKGC417L__7,wheeze_score,0.836403832,0
M39,train,cycle,107_2b5_Ar_mc_AKGC417L__0,wheeze_score,0.7646176912,0
M39,train,cycle,107_2b5_Ar_mc_AKGC417L__1,wheeze_score,0.7055464927,0
M39,train,cycle,107_2b5_Ar_mc_AKGC417L__2,wheeze_score,0.5624543462,0
M39,train,cycle,107_2b5_Ar_mc_AKGC417L__3,wheeze_score,0.6880540312,0
M39,train,cycle,107_2b5_Ar_mc_AKGC417L__4,wheeze_score,0.7426127527,1
M39,train,cycle,107_2b5_Ar_mc_AKGC417L__5,wheeze_score,0.5364891519,0
M39,train,cycle,107_2b5_Ar_mc_AKGC417L__6,wheeze_score,0.7339089482,0
M39,train,cycle,107_2b5_Ar_mc_AKGC417L__7,wheeze_score,0.5747973471,1
M39,train,cycle,107_2b5_Ll_mc_AKGC417L__0,wheeze_score,0.7946026987,0
M39,train,cycle,107_2b5_Ll_mc_AKGC417L__1,wheeze_score,0.660685155,0
M39,train,cycle,107_2b5_Ll_mc_AKGC417L__2,wheeze_score,0.6866325785,0
M39,train,cycle,107_2b5_Ll_mc_AKGC417L__3,wheeze_score,0.764035458,0
M39,train,cycle,107_2b5_Ll_mc_AKGC417L__4,wheeze_score,0.7076205288,0
M39,train,cycle,107_2b5_Ll_mc_AKGC417L__5,wheeze_score,0.7692307692,0
M39,train,cycle,107_2b5_Ll_mc_AKGC417L__6,wheeze_score,0.7339089482,0
M39,train,cycle,107_2b5_Ll_mc_AKGC417L__7,wheeze_score,0.5674281503,0
M39,train,cycle,107_2b5_Lr_mc_AKGC417L__0,wheeze_score,0.772113943,0
M39,train,cycle,107_2b5_Lr_mc_AKGC417L__1,wheeze_score,0.8605220228,0
M39,train,cycle,107_2b5_Lr_mc_AKGC417L__2,wheeze_score,0.8875091308,0
M39,train,cycle,107_2b5_Lr_mc_AKGC417L__3,wheeze_score,0.7766990291,0
M39,train,cycle,107_2b5_Lr_mc_AKGC417L__4,wheeze_score,0.7426127527,0
M39,train,cycle,107_2b5_Lr_mc_AKGC417L__5,wheeze_score,0.9270216963,0
M39,train,cycle,107_2b5_Lr_mc_AKGC417L__6,wheeze_score,0.9615384615,0
M39,train,cycle,107_2b5_Lr_mc_AKGC417L__7,wheeze_score,0.6484893147,0
M39,train,cycle,107_2b5_Pl_mc_AKGC417L__0,wheeze_score,0.1349325337,0
M39,train,cycle,107_2b5_Pl_mc_AKGC417L__1,wheeze_score,0.3588907015,0
M39,train,cycle,107_2b5_Pl_mc_AKGC417L__2,wheeze_score,0.2958363769,0
M39,train,cycle,107_2b5_Pl_mc_AKGC417L__3,wheeze_score,0.3714647531,0
M39,train,cycle,107_2b5_Pl_mc_AKGC417L__4,wheeze_score,0.4782270607,0
M39,train,cycle,107_2b5_Pl_mc_AKGC417L__5,wheeze_score,0.3747534517,0
M39,train,cycle,107_2b5_Pl_mc_AKGC417L__6,wheeze_score,0.2668759812,0
M39,train,cycle,107_2b5_Pl_mc_AKGC417L__7,wheeze_score,0.6411201179,0
M39,train,cycle,107_2b5_Pr_mc_AKGC417L__0,wheeze_score,0.6971514243,0
M39,train,cycle,107_2b5_Pr_mc_AKGC417L__1,wheeze_score,0.3915171289,0
M39,train,cycle,107_2b5_Pr_mc_AKGC417L__2,wheeze_score,0.3944485026,0
M39,train,cycle,107_2b5_Pr_mc_AKGC417L__3,wheeze_score,0.4812157028,0
M39,train,cycle,107_2b5_Pr_mc_AKGC417L__4,wheeze_score,0.4860031104,0
M39,train,cycle,107_2b5_Pr_mc_AKGC417L__5,wheeze_score,0.4536489152,0
M39,train,cycle,107_2b5_Pr_mc_AKGC417L__6,wheeze_score,0.647566719,0
M39,train,cycle,107_2b5_Pr_mc_AKGC417L__7,wheeze_score,0.5453205601,1
M39,train,cycle,107_2b5_Tc_mc_AKGC417L__0,wheeze_score,0.179910045,0
M39,train,cycle,107_2b5_Tc_mc_AKGC417L__1,wheeze_score,0.2079934747,0
M39,train,cycle,107_2b5_Tc_mc_AKGC417L__2,wheeze_score,0.3907962016,0
M39,train,cycle,107_2b5_Tc_mc_AKGC417L__3,wheeze_score,0.08020261714,0
M39,train,cycle,107_2b5_Tc_mc_AKGC417L__4,wheeze_score,0.3110419907,0
M39,train,cycle,107_2b5_Tc_mc_AKGC417L__5,wheeze_score,0.2051282051,0
M39,train,cycle,107_2b5_Tc_mc_AKGC417L__6,wheeze_score,0.2904238619,0
M39,train,cycle,107_2b5_Tc_mc_AKGC417L__7,wheeze_score,0.3021370671,0
M39,train,cycle,107_3p2_Al_mc_AKGC417L__0,wheeze_score,0.5057096248,1
M39,train,cycle,107_3p2_Al_mc_AKGC417L__1,wheeze_score,0.2077922078,1
M39,train,cycle,107_3p2_Al_mc_AKGC417L__2,wheeze_score,0.4814004376,1
M39,train,cycle,107_3p2_Al_mc_AKGC417L__3,wheeze_score,0.7535179301,0
M39,train,cycle,107_3p2_Al_mc_AKGC417L__4,wheeze_score,0.3827037773,0
M39,train,cycle,107_3p2_Al_mc_AKGC417L__5,wheeze_score,0.4866888519,0
M39,train,cycle,107_3p2_Al_mc_AKGC417L__6,wheeze_score,0.5974842767,0
M39,train,cycle,107_3p2_Al_mc_AKGC417L__7,wheeze_score,0.3833865815,0
M39,train,cycle,107_3p2_Al_mc_AKGC417L__8,wheeze_score,0.5635359116,0
M39,train,cycle,107_3p2_Ar_mc_AKGC417L__0,wheeze_score,0.9176182708,1
M39,train,cycle,107_3p2_Ar_mc_AKGC417L__1,wheeze_score,0.70995671,1
M39,train,cycle,107_3p2_Ar_mc_AKGC417L__2,wheeze_score,0.5557986871,1
M39,train,cycle,107_3p2_Ar_mc_AKGC417L__3,wheeze_score,0.8079891058,1
M39,train,cycle,107_3p2_Ar_mc_AKGC417L__4,wheeze_score,0.8200795229,1
M39,train,cycle,107_3p2_Ar_mc_AKGC417L__5,wheeze_score,0.6988352745,1
M39,train,cycle,107_3p2_Ar_mc_AKGC417L__6,wheeze_score,0.534591195,1
M39,train,cycle,107_3p2_Ar_mc_AKGC417L__7,wheeze_score,0.6389776358,1
M39,train,cycle,107_3p2_Ar_mc_AKGC417L__8,wheeze_score,0.5193370166,1
M39,train,cycle,107_3p2_Ll_mc_AKGC417L__0,wheeze_score,0.220228385,0
M39,train,cycle,107_3p2_Ll_mc_AKGC417L__1,wheeze_score,0.5238095238,0
M39,train,cycle,107_3p2_Ll_mc_AKGC417L__2,wheeze_score,0.5820568928,0
M39,train,cycle,107_3p2_Ll_mc_AKGC417L__3,wheeze_score,0.4539264639,0
M39,train,cycle,107_3p2_Ll_mc_AKGC417L__4,wheeze_score,0.6013916501,0
M39,train,cycle,107_3p2_Ll_mc_AKGC417L__5,wheeze_score,0.5948419301,0
M39,train,cycle,107_3p2_Ll_mc_AKGC417L__6,wheeze_score,0.4312668464,0
M39,train,cycle,107_3p2_Ll_mc_AKGC417L__7,wheeze_score,0.5613874943,0
M39,train,cycle,107_3p2_Ll_mc_AKGC417L__8,wheeze_score,0.1436464088,0
M39,train,cycle,107_3p2_Lr_mc_AKGC417L__0,wheeze_score,0.3262642741,1
M39,train,cycle,107_3p2_Lr_mc_AKGC417L__1,wheeze_score,0.3116883117,1
M39,train,cycle,107_3p2_Lr_mc_AKGC417L__2,wheeze_score,0.3763676149,1
M39,train,cycle,107_3p2_Lr_mc_AKGC417L__3,wheeze_score,0.3222877894,1
M39,train,cycle,107_3p2_Lr_mc_AKGC417L__4,wheeze_score,0.3081510934,1
M39,train,cycle,107_3p2_Lr_mc_AKGC417L__5,wheeze_score,0.3494176373,0
M39,train,cycle,107_3p2_Lr_mc_AKGC417L__6,wheeze_score,0.6064690027,0
M39,train,cycle,107_3p2_Lr_mc_AKGC417L__7,wheeze_score,0.3468735737,0
M39,train,cycle,107_3p2_Lr_mc_AKGC417L__8,wheeze_score,0.5966850829,1
M39,train,cycle,107_3p2_Pl_mc_AKGC417L__0,wheeze_score,0.8075040783,0
M39,train,cycle,107_3p2_Pl_mc_AKGC417L__1,wheeze_score,0.70995671,0
M39,train,cycle,107_3p2_Pl_mc_AKGC417L__2,wheeze_score,0.4682713348,0
M39,train,cycle,107_3p2_Pl_mc_AKGC417L__3,wheeze_score,0.7035860191,0
M39,train,cycle,107_3p2_Pl_mc_AKGC417L__4,wheeze_score,0.6809145129,0
M39,train,cycle,107_3p2_Pl_mc_AKGC417L__5,wheeze_score,0.6405990017,0
M39,train,cycle,107_3p2_Pl_mc_AKGC417L__6,wheeze_score,0.7726864331,0
M39,train,cycle,107_3p2_Pl_mc_AKGC417L__7,wheeze_score,0.6526700137,0
M39,train,cycle,107_3p2_Pl_mc_AKGC417L__8,wheeze_score,0.364640884,0
M39,train,cycle,107_3p2_Pr_mc_AKGC417L__0,wheeze_score,0.575040783,1
M39,train,cycle,107_3p2_Pr_mc_AKGC417L__1,wheeze_score,0.9220779221,1
M39,train,cycle,107_3p2_Pr_mc_AKGC417L__2,wheeze_score,0.647702407,1
M39,train,cycle,107_3p2_Pr_mc_AKGC417L__3,wheeze_score,0.7399001362,1
M39,train,cycle,107_3p2_Pr_mc_AKGC417L__4,wheeze_score,0.7107355865,1
M39,train,cycle,107_3p2_Pr_mc_AKGC417L__5,wheeze_score,0.8153078203,0
M39,train,cycle,107_3p2_Pr_mc_AKGC417L__6,wheeze_score,0.7726864331,0
M39,train,cycle,107_3p2_Pr_mc_AKGC417L__7,wheeze_score,0.6754906435,0
M39,train,cycle,107_3p2_Pr_mc_AKGC417L__8,wheeze_score,0.3867403315,0
M39,train,cycle,107_3p2_Tc_mc_AKGC417L__0,wheeze_score,0.3996737357,1
M39,train,cycle,107_3p2_Tc_mc_AKGC417L__1,wheeze_score,0.4718614719,1
M39,train,cycle,107_3p2_Tc_mc_AKGC417L__2,wheeze_score,0.3719912473,1
M39,train,cycle,107_3p2_Tc_mc_AKGC417L__3,wheeze_score,0.3086699955,1
M39,train,cycle,107_3p2_Tc_mc_AKGC417L__4,wheeze_score,0.3578528827,1
M39,train,cycle,107_3p2_Tc_mc_AKGC417L__5,wheeze_score,0.4908485857,1
M39,train,cycle,107_3p2_Tc_mc_AKGC417L__6,wheeze_score,0.4537286613,1
M39,train,cycle,107_3p2_Tc_mc_AKGC417L__7,wheeze_score,0.2601551803,1
M39,train,cycle,107_3p2_Tc_mc_AKGC417L__8,wheeze_score,0.4640883978,0
M39,train,cycle,108_1b1_Al_sc_Meditron__0,wheeze_score,0.9195402299,0
M39,train,cycle,108_1b1_Al_sc_Meditron__1,wheeze_score,0.8846897144,0
M39,train,cycle,108_1b1_Al_sc_Meditron__2,wheeze_score,0.8274231678,0
M39,train,cycle,108_1b1_Al_sc_Meditron__3,wheeze_score,0.8173640986,0
M39,train,cycle,108_1b1_Al_sc_Meditron__4,wheeze_score,0.7534551939,0
M39,train,cycle,108_1b1_Al_sc_Meditron__5,wheeze_score,0.8263305322,0
M39,train,cycle,108_1b1_Al_sc_Meditron__6,wheeze_score,0.9029345372,0
M39,train,cycle,108_1b1_Al_sc_Meditron__7,wheeze_score,0.9727272727,0
M39,train,cycle,110_1b1_Pr_sc_Meditron__0,wheeze_score,0.7855680655,0
M39,train,cycle,110_1b1_Pr_sc_Meditron__1,wheeze_score,0.7882227536,0
M39,train,cycle,110_1b1_Pr_sc_Meditron__2,wheeze_score,0.8420618131,0
M39,train,cycle,110_1b1_Pr_sc_Meditron__3,wheeze_score,0.8768035516,0
M39,train,cycle,110_1b1_Pr_sc_Meditron__4,wheeze_score,0.8545636911,0
M39,train,cycle,110_1b1_Pr_sc_Meditron__5,wheeze_score,0.8602547536,0
M39,train,cycle,110_1b1_Pr_sc_Meditron__6,wheeze_score,0.67927773,0
M39,train,cycle,110_1b1_Pr_sc_Meditron__7,wheeze_score,0.9172482552,0
M39,train,cycle,110_1b1_Pr_sc_Meditron__8,wheeze_score,0.8746238716,0
M39,train,cycle,110_1b1_Pr_sc_Meditron__9,wheeze_score,0.804674906,0
M39,train,cycle,110_1b1_Pr_sc_Meditron__10,wheeze_score,0.7685433423,0
M39,train,cycle,110_1b1_Pr_sc_Meditron__11,wheeze_score,0.7962478185,0
M39,train,cycle,110_1b1_Pr_sc_Meditron__12,wheeze_score,0.8373408769,0
M39,train,cycle,110_1b1_Pr_sc_Meditron__13,wheeze_score,0.8326353121,0
M39,train,cycle,110_1b1_Pr_sc_Meditron__14,wheeze_score,0.8878567098,0
M39,train,cycle,110_1p1_Al_sc_Meditron__0,wheeze_score,0.819288463,1
M39,train,cycle,110_1p1_Al_sc_Meditron__1,wheeze_score,0.9412187346,1
M39,train,cycle,110_1p1_Al_sc_Meditron__2,wheeze_score,0.8905228758,1
M39,train,cycle,110_1p1_Al_sc_Meditron__3,wheeze_score,0.9135200974,0
M39,train,cycle,110_1p1_Al_sc_Meditron__4,wheeze_score,0.9440130772,0
M39,train,cycle,110_1p1_Al_sc_Meditron__5,wheeze_score,0.9303636876,0
M39,train,cycle,110_1p1_Al_sc_Meditron__6,wheeze_score,0.9783873005,0
M39,train,cycle,110_1p1_Ll_sc_Meditron__0,wheeze_score,0.5511574623,1
M39,train,cycle,110_1p1_Ll_sc_Meditron__1,wheeze_score,0.7870142646,1
M39,train,cycle,110_1p1_Ll_sc_Meditron__2,wheeze_score,0.911499735,0
M39,train,cycle,110_1p1_Ll_sc_Meditron__3,wheeze_score,0.8779797026,0
M39,train,cycle,110_1p1_Ll_sc_Meditron__4,wheeze_score,0.912137898,1
M39,train,cycle,110_1p1_Ll_sc_Meditron__5,wheeze_score,0.8625208482,0
M39,train,cycle,110_1p1_Ll_sc_Meditron__6,wheeze_score,0.9038638454,0
M39,train,cycle,110_1p1_Lr_sc_Meditron__0,wheeze_score,0.7438836056,0
M39,train,cycle,110_1p1_Lr_sc_Meditron__1,wheeze_score,0.8804937904,0
M39,train,cycle,110_1p1_Lr_sc_Meditron__2,wheeze_score,0.8469363615,0
M39,train,cycle,110_1p1_Lr_sc_Meditron__3,wheeze_score,0.8761857214,0
M39,train,cycle,110_1p1_Lr_sc_Meditron__4,wheeze_score,0.8776239393,0
M39,train,cycle,110_1p1_Lr_sc_Meditron__5,wheeze_score,0.9280348922,0
M39,train,cycle,110_1p1_Lr_sc_Meditron__6,wheeze_score,0.8983050847,0
M39,train,cycle,110_1p1_Pr_sc_Meditron__0,wheeze_score,0.9224431309,0
M39,train,cycle,110_1p1_Pr_sc_Meditron__1,wheeze_score,0.6881330994,0
M39,train,cycle,110_1p1_Pr_sc_Meditron__2,wheeze_score,0.943338438,0
M39,train,cycle,110_1p1_Pr_sc_Meditron__3,wheeze_score,0.7825030377,0
M39,train,cycle,110_1p1_Pr_sc_Meditron__4,wheeze_score,0.7568190549,0
M39,train,cycle,110_1p1_Pr_sc_Meditron__5,wheeze_score,0.7418589605,0
M39,train,cycle,110_1p1_Pr_sc_Meditron__6,wheeze_score,0.945520036,0
M39,train,cycle,110_1p1_Pr_sc_Meditron__7,wheeze_score,0.856601172,0
M39,train,cycle,110_1p1_Pr_sc_Meditron__8,wheeze_score,0.9083774769,0
M39,train,cycle,110_1p1_Pr_sc_Meditron__9,wheeze_score,0.7419712071,0
M39,train,cycle,110_1p1_Pr_sc_Meditron__10,wheeze_score,0.7799120574,0
M39,train,cycle,110_1p1_Pr_sc_Meditron__11,wheeze_score,0.8653624856,0
M39,train,cycle,110_1p1_Pr_sc_Meditron__12,wheeze_score,0.8997050147,0
M39,train,cycle,110_1p1_Pr_sc_Meditron__13,wheeze_score,0.8266129032,0
M39,train,cycle,110_1p1_Pr_sc_Meditron__14,wheeze_score,0.9103187466,0
M39,train,cycle,110_1p1_Pr_sc_Meditron__15,wheeze_score,0.7935304524,0
M39,train,cycle,111_1b2_Tc_sc_Meditron__0,wheeze_score,0.2835051546,0
M39,train,cycle,111_1b2_Tc_sc_Meditron__1,wheeze_score,0.2672186677,0
M39,train,cycle,111_1b2_Tc_sc_Meditron__2,wheeze_score,0.1759874853,0
M39,train,cycle,111_1b2_Tc_sc_Meditron__3,wheeze_score,0.2178571429,0
M39,train,cycle,111_1b2_Tc_sc_Meditron__4,wheeze_score,0.1534431138,0
M39,train,cycle,111_1b2_Tc_sc_Meditron__5,wheeze_score,0.2041666667,0
M39,train,cycle,111_1b2_Tc_sc_Meditron__6,wheeze_score,0.03763643207,0
M39,train,cycle,111_1b2_Tc_sc_Meditron__7,wheeze_score,0.1263157895,0
M39,train,cycle,111_1b3_Tc_sc_Meditron__0,wheeze_score,0.6642728905,0
M39,train,cycle,111_1b3_Tc_sc_Meditron__1,wheeze_score,0.2283788843,0
M39,train,cycle,111_1b3_Tc_sc_Meditron__2,wheeze_score,0.22,0
M39,train,cycle,111_1b3_Tc_sc_Meditron__3,wheeze_score,0.484298146,0
M39,train,cycle,111_1b3_Tc_sc_Meditron__4,wheeze_score,0.276,0
M39,train,cycle,111_1b3_Tc_sc_Meditron__5,wheeze_score,0.186382655,0
M39,train,cycle,111_1b3_Tc_sc_Meditron__6,wheeze_score,0.1925925926,0
M39,train,cycle,111_1b3_Tc_sc_Meditron__7,wheeze_score,0.1842751843,0
M39,train,cycle,111_1b3_Tc_sc_Meditron__8,wheeze_score,0.08365019011,0
M39,train,cycle,112_1b1_Ar_sc_Meditron__0,wheeze_score,0.8799390811,0
M39,train,cycle,112_1b1_Ar_sc_Meditron__1,wheeze_score,0.9184523027,0
M39,train,cycle,112_1b1_Ar_sc_Meditron__2,wheeze_score,0.8620510631,0
M39,train,cycle,112_1b1_Ar_sc_Meditron__3,wheeze_score,0.8082191781,0
M39,train,cycle,112_1b1_Ar_sc_Meditron__4,wheeze_score,0.8616056433,0
M39,train,cycle,112_1b1_Ar_sc_Meditron__5,wheeze_score,0.8448333894,0
M39,train,cycle,112_1b1_Ar_sc_Meditron__6,wheeze_score,0.6476434755,0
M39,train,cycle,112_1b1_Ar_sc_Meditron__7,wheeze_score,0.6791248861,0
M39,train,cycle,112_1b1_Ar_sc_Meditron__8,wheeze_score,0.7972665148,0
M39,train,cycle,112_1b1_Ar_sc_Meditron__9,wheeze_score,0.7649635036,0
M39,train,cycle,112_1b1_Ar_sc_Meditron__10,wheeze_score,0.8392390899,0
M39,train,cycle,112_1b1_Ar_sc_Meditron__11,wheeze_score,0.7508650519,0
M39,train,cycle,112_1b1_Ar_sc_Meditron__12,wheeze_score,0.6386732534,0
M39,train,cycle,112_1b1_Ar_sc_Meditron__13,wheeze_score,0.8046368906,0
M39,train,cycle,112_1b1_Ar_sc_Meditron__14,wheeze_score,0.5484460695,0
M39,train,cycle,112_1b1_Ar_sc_Meditron__15,wheeze_score,0.8992023205,0
M39,train,cycle,112_1b1_Ar_sc_Meditron__16,wheeze_score,0.4735704461,0
M39,train,cycle,112_1b1_Lr_sc_Meditron__0,wheeze_score,0.623026405,1
M39,train,cycle,112_1b1_Lr_sc_Meditron__1,wheeze_score,0.8727512247,0
M39,train,cycle,112_1b1_Lr_sc_Meditron__2,wheeze_score,0.7820170528,1
M39,train,cycle,112_1b1_Lr_sc_Meditron__3,wheeze_score,0.8438061041,0
M39,train,cycle,112_1b1_Lr_sc_Meditron__4,wheeze_score,0.893599335,0
M39,train,cycle,112_1b1_Lr_sc_Meditron__5,wheeze_score,0.8093385214,0
M39,train,cycle,112_1b1_Lr_sc_Meditron__6,wheeze_score,0.763861962,1
M39,train,cycle,112_1b1_Lr_sc_Meditron__7,wheeze_score,0.7445956765,1
M39,train,cycle,112_1b1_Lr_sc_Meditron__8,wheeze_score,0.7063197026,1
M39,train,cycle,112_1b1_Lr_sc_Meditron__9,wheeze_score,0.7547169811,1
M39,train,cycle,112_1b1_Lr_sc_Meditron__10,wheeze_score,0.609362389,1
M39,train,cycle,112_1b1_Lr_sc_Meditron__11,wheeze_score,0.7048224695,1
M39,train,cycle,112_1p1_Ll_sc_Litt3200__0,wheeze_score,0.7733719247,0
M39,train,cycle,112_1p1_Ll_sc_Litt3200__1,wheeze_score,0.748156947,0
M39,train,cycle,112_1p1_Ll_sc_Litt3200__2,wheeze_score,0.6890560597,0
M39,train,cycle,112_1p1_Ll_sc_Litt3200__3,wheeze_score,0.8441558442,1
M39,train,cycle,112_1p1_Ll_sc_Litt3200__4,wheeze_score,0.8030460367,1
M39,train,cycle,112_1p1_Ll_sc_Litt3200__5,wheeze_score,0.8130699088,1
M39,train,cycle,112_1p1_Ll_sc_Litt3200__6,wheeze_score,0.8757355486,0
M39,train,cycle,112_1p1_Ll_sc_Litt3200__7,wheeze_score,0.6567164179,1
M39,train,cycle,112_1p1_Ll_sc_Litt3200__8,wheeze_score,0.8765095442,1
M39,train,cycle,112_1p1_Ll_sc_Litt3200__9,wheeze_score,0.8376963351,0
M39,train,cycle,112_1p1_Pl_sc_Litt3200__0,wheeze_score,0.8673004849,0
M39,train,cycle,112_1p1_Pl_sc_Litt3200__1,wheeze_score,0.7698887938,0
M39,train,cycle,112_1p1_Pl_sc_Litt3200__2,wheeze_score,0.6015037594,1
M39,train,cycle,112_1p1_Pl_sc_Litt3200__3,wheeze_score,0.6232114467,1
M39,train,cycle,112_1p1_Pl_sc_Litt3200__4,wheeze_score,0.7212292255,1
M39,train,cycle,112_1p1_Pl_sc_Litt3200__5,wheeze_score,0.7968253968,1
M39,train,cycle,112_1p1_Pl_sc_Litt3200__6,wheeze_score,0.8023106547,1
M39,train,cycle,112_1p1_Pl_sc_Litt3200__7,wheeze_score,0.7860945819,1
M39,train,cycle,112_1p1_Pl_sc_Litt3200__8,wheeze_score,0.8061420345,1
M39,train,cycle,112_1p1_Pr_sc_Litt3200__0,wheeze_score,0.8559145642,0
M39,train,cycle,112_1p1_Pr_sc_Litt3200__1,wheeze_score,0.7589862367,1
M39,train,cycle,112_1p1_Pr_sc_Litt3200__2,wheeze_score,0.5699168871,1
M39,train,cycle,112_1p1_Pr_sc_Litt3200__3,wheeze_score,0.6461713635,1
M39,train,cycle,112_1p1_Pr_sc_Litt3200__4,wheeze_score,0.7563312799,1
M39,train,cycle,112_1p1_Pr_sc_Litt3200__5,wheeze_score,0.6739651043,1
M39,train,cycle,112_1p1_Pr_sc_Litt3200__6,wheeze_score,0.6953223767,1
M39,train,cycle,112_1p1_Pr_sc_Litt3200__7,wheeze_score,0.6659467243,1
M39,train,cycle,112_1p1_Pr_sc_Litt3200__8,wheeze_score,0.6720430108,1
M39,train,cycle,114_1b4_Al_mc_AKGC417L__0,wheeze_score,0.5907172996,1
M39,train,cycle,114_1b4_Al_mc_AKGC417L__1,wheeze_score,0.6436990027,1
M39,train,cycle,114_1b4_Al_mc_AKGC417L__2,wheeze_score,0.760130139,1
M39,train,cycle,114_1b4_Al_mc_AKGC417L__3,wheeze_score,0.8182386009,1
M39,train,cycle,114_1b4_Al_mc_AKGC417L__4,wheeze_score,0.5183727034,0
M39,train,cycle,114_1b4_Al_mc_AKGC417L__5,wheeze_score,0.5342831701,1
M39,train,cycle,114_1b4_Al_mc_AKGC417L__6,wheeze_score,0.7037815126,0
M39,train,cycle,114_1b4_Ar_mc_AKGC417L__0,wheeze_score,0.5189873418,1
M39,train,cycle,114_1b4_Ar_mc_AKGC417L__1,wheeze_score,0.3686914476,1
M39,train,cycle,114_1b4_Ar_mc_AKGC417L__2,wheeze_score,0.3105590062,1
M39,train,cycle,114_1b4_Ar_mc_AKGC417L__3,wheeze_score,0.6121174266,1
M39,train,cycle,114_1b4_Ar_mc_AKGC417L__4,wheeze_score,0.31167979,0
M39,train,cycle,114_1b4_Ar_mc_AKGC417L__5,wheeze_score,0.2879192639,1
M39,train,cycle,114_1b4_Ar_mc_AKGC417L__6,wheeze_score,0.5777310924,0
M39,train,cycle,114_1b4_Lr_mc_AKGC417L__0,wheeze_score,0.6160337553,1
M39,train,cycle,114_1b4_Lr_mc_AKGC417L__1,wheeze_score,0.791779994,1
M39,train,cycle,114_1b4_Lr_mc_AKGC417L__2,wheeze_score,0.7571724342,1
M39,train,cycle,114_1b4_Lr_mc_AKGC417L__3,wheeze_score,0.7495315428,1
M39,train,cycle,114_1b4_Lr_mc_AKGC417L__4,wheeze_score,0.6069553806,0
M39,train,cycle,114_1b4_Lr_mc_AKGC417L__5,wheeze_score,0.7094093203,1
M39,train,cycle,114_1b4_Lr_mc_AKGC417L__6,wheeze_score,0.6617647059,0
M39,train,cycle,114_1b4_Pl_mc_AKGC417L__0,wheeze_score,0.6033755274,1
M39,train,cycle,114_1b4_Pl_mc_AKGC417L__1,wheeze_score,0.6890299184,1
M39,train,cycle,114_1b4_Pl_mc_AKGC417L__2,wheeze_score,0.7630878438,1
M39,train,cycle,114_1b4_Pl_mc_AKGC417L__3,wheeze_score,0.821361649,1
M39,train,cycle,114_1b4_Pl_mc_AKGC417L__4,wheeze_score,0.5019685039,0
M39,train,cycle,114_1b4_Pl_mc_AKGC417L__5,wheeze_score,0.5758385278,1
M39,train,cycle,114_1b4_Pl_mc_AKGC417L__6,wheeze_score,0.5567226891,0
M39,train,cycle,114_1b4_Pr_mc_AKGC417L__0,wheeze_score,0.5232067511,1
M39,train,cycle,114_1b4_Pr_mc_AKGC417L__1,wheeze_score,0.5590812934,1
M39,train,cycle,114_1b4_Pr_mc_AKGC417L__2,wheeze_score,0.6684412896,1
M39,train,cycle,114_1b4_Pr_mc_AKGC417L__3,wheeze_score,0.6058713304,1
M39,train,cycle,114_1b4_Pr_mc_AKGC417L__4,wheeze_score,0.2657480315,0
M39,train,cycle,114_1b4_Pr_mc_AKGC417L__5,wheeze_score,0.3739982191,1
M39,train,cycle,114_1b4_Pr_mc_AKGC417L__6,wheeze_score,0.3676470588,0
M39,train,cycle,115_1b1_Ar_sc_Meditron__0,wheeze_score,0.3039513678,0
M39,train,cycle,115_1b1_Ar_sc_Meditron__1,wheeze_score,0.521945433,0
M39,train,cycle,115_1b1_Ar_sc_Meditron__2,wheeze_score,0.3657262278,0
M39,train,cycle,115_1b1_Ar_sc_Meditron__3,wheeze_score,0.5470737913,0
M39,train,cycle,115_1b1_Ar_sc_Meditron__4,wheeze_score,0.6044538706,0
M39,train,cycle,115_1b1_Ar_sc_Meditron__5,wheeze_score,0.5282555283,0
M39,train,cycle,115_1b1_Ar_sc_Meditron__6,wheeze_score,0.1400862069,0
M39,train,cycle,115_1b1_Ar_sc_Meditron__7,wheeze_score,0.4628632939,0
M39,train,cycle,115_1b1_Ar_sc_Meditron__8,wheeze_score,0.475,0
M39,train,cycle,115_1b1_Ar_sc_Meditron__9,wheeze_score,0.5555555556,0
M39,train,cycle,115_1b1_Ar_sc_Meditron__10,wheeze_score,0.118226601,0
M39,train,cycle,115_1b1_Ar_sc_Meditron__11,wheeze_score,0.4094827586,0
M39,train,cycle,115_1b1_Ar_sc_Meditron__12,wheeze_score,0.6398809524,1
M39,train,cycle,115_1b1_Ar_sc_Meditron__13,wheeze_score,0.5956813105,0
M39,train,cycle,115_1b1_Ar_sc_Meditron__14,wheeze_score,0.4106280193,0
M39,train,cycle,115_1b1_Ar_sc_Meditron__15,wheeze_score,0,0
M39,train,cycle,115_1b1_Ar_sc_Meditron__16,wheeze_score,0.6786850477,0
M39,train,cycle,115_1b1_Ar_sc_Meditron__17,wheeze_score,0.3837471783,0
M39,train,cycle,115_1b1_Ar_sc_Meditron__18,wheeze_score,0.4156769596,0
M39,train,cycle,115_1b1_Ar_sc_Meditron__19,wheeze_score,0.672823219,0
M39,train,cycle,115_1b1_Ar_sc_Meditron__20,wheeze_score,0.3125,0
M39,train,cycle,115_1b1_Ar_sc_Meditron__21,wheeze_score,0.6280193237,0
M39,train,cycle,115_1b1_Ar_sc_Meditron__22,wheeze_score,0.3440094899,0
M39,train,cycle,115_1b1_Ar_sc_Meditron__23,wheeze_score,0,0
M39,train,cycle,116_1b2_Pl_sc_Meditron__0,wheeze_score,0.743873979,0
M39,train,cycle,116_1b2_Pl_sc_Meditron__1,wheeze_score,0.728354825,1
M39,train,cycle,116_1b2_Pl_sc_Meditron__2,wheeze_score,0.9049641236,1
M39,train,cycle,116_1b2_Pl_sc_Meditron__3,wheeze_score,0.6426931905,0
M39,train,cycle,116_1b2_Tc_sc_Meditron__0,wheeze_score,0.483573841,0
M39,train,cycle,116_1b2_Tc_sc_Meditron__1,wheeze_score,0.391153354,0
M39,train,cycle,116_1b2_Tc_sc_Meditron__2,wheeze_score,0.3673469388,0
M39,train,cycle,116_1b2_Tc_sc_Meditron__3,wheeze_score,0,0
M39,train,cycle,117_1b2_Tc_mc_LittC2SE__0,wheeze_score,0.2772727273,0
M39,train,cycle,117_1b2_Tc_mc_LittC2SE__1,wheeze_score,0.4393424036,0
M39,train,cycle,117_1b2_Tc_mc_LittC2SE__2,wheeze_score,0.4320276498,0
M39,train,cycle,117_1b2_Tc_mc_LittC2SE__3,wheeze_score,0.3528742174,0
M39,train,cycle,117_1b2_Tc_mc_LittC2SE__4,wheeze_score,0.4705198954,0
M39,train,cycle,117_1b2_Tc_mc_LittC2SE__5,wheeze_score,0.4138145613,0
M39,train,cycle,117_1b2_Tc_mc_LittC2SE__6,wheeze_score,0.7392996109,0
M39,train,cycle,117_1b3_Tc_mc_LittC2SE__0,wheeze_score,0.3706050048,1
M39,train,cycle,117_1b3_Tc_mc_LittC2SE__1,wheeze_score,0.4378818737,1
M39,train,cycle,117_1b3_Tc_mc_LittC2SE__2,wheeze_score,0.423019111,1
M39,train,cycle,117_1b3_Tc_mc_LittC2SE__3,wheeze_score,0.3563096501,1
M39,train,cycle,117_1b3_Tc_mc_LittC2SE__4,wheeze_score,0.3771428571,1
M39,train,cycle,120_1b1_Al_sc_Meditron__0,wheeze_score,0.9878729737,0
M39,train,cycle,120_1b1_Al_sc_Meditron__1,wheeze_score,0.8436940641,0
M39,train,cycle,120_1b1_Al_sc_Meditron__2,wheeze_score,0.9322377548,0
M39,train,cycle,120_1b1_Al_sc_Meditron__3,wheeze_score,0.9329324095,0
M39,train,cycle,120_1b1_Al_sc_Meditron__4,wheeze_score,0.955450237,0
M39,train,cycle,120_1b1_Al_sc_Meditron__5,wheeze_score,0.8888003189,0
M39,train,cycle,120_1b1_Al_sc_Meditron__6,wheeze_score,0.8846295614,0
M39,train,cycle,120_1b1_Al_sc_Meditron__7,wheeze_score,0.9522229595,0
M39,train,cycle,120_1b1_Al_sc_Meditron__8,wheeze_score,0.8448652586,0
M39,train,cycle,120_1b1_Al_sc_Meditron__9,wheeze_score,0.9059763989,0
M39,train,cycle,120_1b1_Al_sc_Meditron__10,wheeze_score,0.8637236084,0
M39,train,cycle,120_1b1_Al_sc_Meditron__11,wheeze_score,0.6701846966,0
M39,train,cycle,120_1b1_Al_sc_Meditron__12,wheeze_score,0.9443248231,0
M39,train,cycle,120_1b1_Al_sc_Meditron__13,wheeze_score,0.9234638879,0
M39,train,cycle,120_1b1_Al_sc_Meditron__14,wheeze_score,0.7791970803,0
M39,train,cycle,120_1b1_Al_sc_Meditron__15,wheeze_score,0.8513149022,0
M39,train,cycle,120_1b1_Al_sc_Meditron__16,wheeze_score,0.9343715239,0
M39,train,cycle,120_1b1_Al_sc_Meditron__17,wheeze_score,0.7394468705,0
M39,train,cycle,120_1b1_Al_sc_Meditron__18,wheeze_score,0.8818579603,0
M39,train,cycle,120_1b1_Ar_sc_Meditron__0,wheeze_score,0.8638730947,0
M39,train,cycle,120_1b1_Ar_sc_Meditron__1,wheeze_score,0.826924019,0
M39,train,cycle,120_1b1_Ar_sc_Meditron__2,wheeze_score,0.8969503687,0
M39,train,cycle,120_1b1_Ar_sc_Meditron__3,wheeze_score,0.8580175235,0
M39,train,cycle,120_1b1_Ar_sc_Meditron__4,wheeze_score,0.9436090226,0
M39,train,cycle,120_1b1_Ar_sc_Meditron__5,wheeze_score,0.8172706245,0
M39,train,cycle,120_1b1_Ar_sc_Meditron__6,wheeze_score,0.8102766798,0
M39,train,cycle,120_1b1_Ar_sc_Meditron__7,wheeze_score,0.9607686149,0
M39,train,cycle,120_1b1_Ar_sc_Meditron__8,wheeze_score,0.8767013611,0
M39,train,cycle,120_1b1_Ar_sc_Meditron__9,wheeze_score,0.9287486707,0
M39,train,cycle,120_1b1_Ar_sc_Meditron__10,wheeze_score,0.7759562842,0
M39,train,cycle,120_1b1_Ar_sc_Meditron__11,wheeze_score,0.6735102654,0
M39,train,cycle,120_1b1_Ar_sc_Meditron__12,wheeze_score,0.7565966613,0
M39,train,cycle,120_1b1_Ar_sc_Meditron__13,wheeze_score,0.8432074952,0
M39,train,cycle,120_1b1_Ar_sc_Meditron__14,wheeze_score,0.6440581362,0
M39,train,cycle,120_1b1_Ar_sc_Meditron__15,wheeze_score,0.7188735178,0
M39,train,cycle,120_1b1_Ar_sc_Meditron__16,wheeze_score,0.8363263212,0
M39,train,cycle,120_1b1_Ar_sc_Meditron__17,wheeze_score,0.7211716722,0
M39,train,cycle,120_1b1_Ar_sc_Meditron__18,wheeze_score,0.7442116869,0
M39,train,cycle,120_1b1_Ar_sc_Meditron__19,wheeze_score,0.7672413793,0
M39,train,cycle,120_1b1_Lr_sc_Meditron__0,wheeze_score,0.8527595138,0
M39,train,cycle,120_1b1_Lr_sc_Meditron__1,wheeze_score,0.9671050633,0
M39,train,cycle,120_1b1_Lr_sc_Meditron__2,wheeze_score,0.9447790867,0
M39,train,cycle,120_1b1_Lr_sc_Meditron__3,wheeze_score,0.8269606033,0
M39,train,cycle,120_1b1_Lr_sc_Meditron__4,wheeze_score,0.9586466165,0
M39,train,cycle,120_1b1_Lr_sc_Meditron__5,wheeze_score,0.9249329759,0
M39,train,cycle,120_1b1_Lr_sc_Meditron__6,wheeze_score,0.9,0
M39,train,cycle,120_1b1_Lr_sc_Meditron__7,wheeze_score,0.9643047416,0
M39,train,cycle,120_1b1_Lr_sc_Meditron__8,wheeze_score,0.8980827447,0
M39,train,cycle,120_1b1_Lr_sc_Meditron__9,wheeze_score,0.9242496427,0
M39,train,cycle,120_1b1_Lr_sc_Meditron__10,wheeze_score,0.9378596087,0
M39,train,cycle,120_1b1_Lr_sc_Meditron__11,wheeze_score,0.9450651769,0
M39,train,cycle,120_1b1_Lr_sc_Meditron__12,wheeze_score,0.727571116,0
M39,train,cycle,120_1b1_Lr_sc_Meditron__13,wheeze_score,0.9605263158,0
M39,train,cycle,120_1b1_Lr_sc_Meditron__14,wheeze_score,0.8289794497,0
M39,train,cycle,120_1b1_Lr_sc_Meditron__15,wheeze_score,0.6585858586,0
M39,train,cycle,120_1b1_Lr_sc_Meditron__16,wheeze_score,0.5430528376,0
M39,train,cycle,120_1b1_Lr_sc_Meditron__17,wheeze_score,0.8490566038,0
M39,train,cycle,120_1b1_Lr_sc_Meditron__18,wheeze_score,0.7061884408,0
M39,train,cycle,120_1b1_Lr_sc_Meditron__19,wheeze_score,0.7651991614,0
M39,train,cycle,120_1b1_Lr_sc_Meditron__20,wheeze_score,0.8462143044,0
M39,train,cycle,120_1b1_Lr_sc_Meditron__21,wheeze_score,0.7685213649,0
M39,train,cycle,120_1b1_Lr_sc_Meditron__22,wheeze_score,0.8396027686,0
M39,train,cycle,120_1b1_Lr_sc_Meditron__23,wheeze_score,0.8776508972,0
M39,train,cycle,120_1b1_Lr_sc_Meditron__24,wheeze_score,0.7397471389,0
M39,train,cycle,120_1b1_Lr_sc_Meditron__25,wheeze_score,0.6937149706,0
M39,train,cycle,120_1b1_Lr_sc_Meditron__26,wheeze_score,0.907323396,0
M39,train,cycle,120_1b1_Lr_sc_Meditron__27,wheeze_score,0.5365296804,0
M39,train,cycle,120_1b1_Lr_sc_Meditron__28,wheeze_score,0.9266943292,0
M39,train,cycle,120_1b1_Lr_sc_Meditron__29,wheeze_score,0.8738170347,0
M39,train,cycle,120_1b1_Lr_sc_Meditron__30,wheeze_score,0.7943645084,0
M39,train,cycle,120_1b1_Lr_sc_Meditron__31,wheeze_score,0.8155289213,0
M39,train,cycle,120_1b1_Lr_sc_Meditron__32,wheeze_score,0.8882833787,0
M39,train,cycle,120_1b1_Pl_sc_Meditron__0,wheeze_score,0.9055725823,0
M39,train,cycle,120_1b1_Pl_sc_Meditron__1,wheeze_score,0.8778746193,0
M39,train,cycle,120_1b1_Pl_sc_Meditron__2,wheeze_score,0.8499078296,0
M39,train,cycle,120_1b1_Pl_sc_Meditron__3,wheeze_score,0.8930987821,0
M39,train,cycle,120_1b1_Pl_sc_Meditron__4,wheeze_score,0.9117043121,0
M39,train,cycle,120_1b1_Pl_sc_Meditron__5,wheeze_score,0.8378799688,0
M39,train,cycle,120_1b1_Pl_sc_Meditron__6,wheeze_score,0.9007981756,0
M39,train,cycle,120_1b1_Pl_sc_Meditron__7,wheeze_score,0.9459459459,0
M39,train,cycle,120_1b1_Pl_sc_Meditron__8,wheeze_score,0.8273533136,0
M39,train,cycle,120_1b1_Pl_sc_Meditron__9,wheeze_score,0.8419689119,0
M39,train,cycle,120_1b1_Pl_sc_Meditron__10,wheeze_score,0.9281814364,0
M39,train,cycle,120_1b1_Pl_sc_Meditron__11,wheeze_score,0.8691631993,0
M39,train,cycle,120_1b1_Pl_sc_Meditron__12,wheeze_score,0.7848232848,0
M39,train,cycle,120_1b1_Pl_sc_Meditron__13,wheeze_score,0.6969072165,0
M39,train,cycle,120_1b1_Pl_sc_Meditron__14,wheeze_score,0.6305637982,0
M39,train,cycle,120_1b1_Pl_sc_Meditron__15,wheeze_score,0.8585858586,0
M39,train,cycle,120_1b1_Pl_sc_Meditron__16,wheeze_score,0.7491702229,0
M39,train,cycle,120_1b1_Pl_sc_Meditron__17,wheeze_score,0.6975308642,0
M39,train,cycle,120_1b1_Pl_sc_Meditron__18,wheeze_score,0.7974388824,0
M39,train,cycle,120_1b1_Pl_sc_Meditron__19,wheeze_score,0.8768154922,0
M39,train,cycle,120_1b1_Pl_sc_Meditron__20,wheeze_score,0.7205452775,0
M39,train,cycle,120_1b1_Pl_sc_Meditron__21,wheeze_score,0.8254568368,0
M39,train,cycle,120_1b1_Pl_sc_Meditron__22,wheeze_score,0.7655502392,0
M39,train,cycle,120_1b1_Pl_sc_Meditron__23,wheeze_score,0.6958021852,0
M39,train,cycle,120_1b1_Pl_sc_Meditron__24,wheeze_score,0.889025138,0
M39,train,cycle,120_1b1_Pl_sc_Meditron__25,wheeze_score,0.8553016989,0
M39,train,cycle,120_1b1_Pl_sc_Meditron__26,wheeze_score,0.8242811502,0
M39,train,cycle,120_1b1_Pl_sc_Meditron__27,wheeze_score,0.7674282367,0
M39,train,cycle,120_1b1_Pl_sc_Meditron__28,wheeze_score,0.8248730964,0
M39,train,cycle,120_1b1_Pl_sc_Meditron__29,wheeze_score,0.7389686337,0
M39,train,cycle,120_1b1_Pr_sc_Meditron__0,wheeze_score,0.9381663113,0
M39,train,cycle,120_1b1_Pr_sc_Meditron__1,wheeze_score,0.78680824,0
M39,train,cycle,120_1b1_Pr_sc_Meditron__2,wheeze_score,0.80487684,0
M39,train,cycle,120_1b1_Pr_sc_Meditron__3,wheeze_score,0.8315381301,0
M39,train,cycle,120_1b1_Pr_sc_Meditron__4,wheeze_score,0.9071367154,0
M39,train,cycle,120_1b1_Pr_sc_Meditron__5,wheeze_score,0.8818214673,0
M39,train,cycle,120_1b1_Pr_sc_Meditron__6,wheeze_score,0.9198355601,0
M39,train,cycle,120_1b1_Pr_sc_Meditron__7,wheeze_score,0.8210689388,0
M39,train,cycle,120_1b1_Pr_sc_Meditron__8,wheeze_score,0.8677873694,0
M39,train,cycle,120_1b1_Pr_sc_Meditron__9,wheeze_score,0.8317419902,0
M39,train,cycle,120_1b1_Pr_sc_Meditron__10,wheeze_score,0.7749178532,0
M39,train,cycle,120_1b1_Pr_sc_Meditron__11,wheeze_score,0.6218959188,0
M39,train,cycle,120_1b1_Pr_sc_Meditron__12,wheeze_score,0.6444300518,0
M39,train,cycle,120_1b1_Pr_sc_Meditron__13,wheeze_score,0.7819087773,0
M39,train,cycle,120_1b1_Pr_sc_Meditron__14,wheeze_score,0.9577464789,0
M39,train,cycle,120_1b1_Pr_sc_Meditron__15,wheeze_score,0.8733493397,0
M39,train,cycle,120_1b1_Pr_sc_Meditron__16,wheeze_score,0.8102299592,0
M39,train,cycle,120_1b1_Pr_sc_Meditron__17,wheeze_score,0.8565679793,0
M39,train,cycle,120_1b1_Pr_sc_Meditron__18,wheeze_score,0.7885581755,0
M39,train,cycle,120_1b1_Pr_sc_Meditron__19,wheeze_score,0.885959534,0
M39,train,cycle,120_1b1_Pr_sc_Meditron__20,wheeze_score,0.7085714286,0
M39,train,cycle,121_1b1_Tc_sc_Meditron__0,wheeze_score,0.04861448712,0
M39,train,cycle,121_1b1_Tc_sc_Meditron__1,wheeze_score,0.2074150894,0
M39,train,cycle,121_1b1_Tc_sc_Meditron__2,wheeze_score,0.2771141902,0
M39,train,cycle,121_1b1_Tc_sc_Meditron__3,wheeze_score,0.2485180119,0
M39,train,cycle,121_1b1_Tc_sc_Meditron__4,wheeze_score,0.2863636364,0
M39,train,cycle,121_1b1_Tc_sc_Meditron__5,wheeze_score,0.5248618785,0
M39,train,cycle,121_1p1_Tc_sc_Meditron__0,wheeze_score,0.05879208979,0
M39,train,cycle,121_1p1_Tc_sc_Meditron__1,wheeze_score,0.2639632747,0
M39,train,cycle,121_1p1_Tc_sc_Meditron__2,wheeze_score,0.2395209581,0
M39,train,cycle,121_1p1_Tc_sc_Meditron__3,wheeze_score,0.2854908095,0
M39,train,cycle,121_1p1_Tc_sc_Meditron__4,wheeze_score,0.2258185924,0
M39,train,cycle,121_1p1_Tc_sc_Meditron__5,wheeze_score,0.377994012,0
M39,train,cycle,121_1p1_Tc_sc_Meditron__6,wheeze_score,0.3153153153,0
M39,train,cycle,121_1p1_Tc_sc_Meditron__7,wheeze_score,0.2264306299,0
M39,train,cycle,122_2b1_Al_mc_LittC2SE__0,wheeze_score,0.5980939862,0
M39,train,cycle,122_2b1_Al_mc_LittC2SE__1,wheeze_score,0.69,1
M39,train,cycle,122_2b1_Al_mc_LittC2SE__2,wheeze_score,0.4460856721,1
M39,train,cycle,122_2b1_Al_mc_LittC2SE__3,wheeze_score,0.6486486486,0
M39,train,cycle,122_2b1_Al_mc_LittC2SE__4,wheeze_score,0.4384615385,0
M39,train,cycle,122_2b1_Al_mc_LittC2SE__5,wheeze_score,0.395869191,0
M39,train,cycle,122_2b1_Ar_mc_LittC2SE__0,wheeze_score,0.8543505675,0
M39,train,cycle,122_2b1_Ar_mc_LittC2SE__1,wheeze_score,0.7382039574,1
M39,train,cycle,122_2b1_Ar_mc_LittC2SE__2,wheeze_score,0.8012727799,0
M39,train,cycle,122_2b1_Ar_mc_LittC2SE__3,wheeze_score,0.9814963797,0
M39,train,cycle,122_2b1_Ar_mc_LittC2SE__4,wheeze_score,0.9377504675,0
M39,train,cycle,122_2b1_Ar_mc_LittC2SE__5,wheeze_score,0.6677436726,0
M39,train,cycle,122_2b1_Tc_mc_LittC2SE__0,wheeze_score,0.8658274486,1
M39,train,cycle,122_2b1_Tc_mc_LittC2SE__1,wheeze_score,0.6483300589,1
M39,train,cycle,122_2b1_Tc_mc_LittC2SE__2,wheeze_score,0.8606060606,1
M39,train,cycle,122_2b1_Tc_mc_LittC2SE__3,wheeze_score,0.686695279,1
M39,train,cycle,122_2b1_Tc_mc_LittC2SE__4,wheeze_score,0.7078472959,1
M39,train,cycle,122_2b1_Tc_mc_LittC2SE__5,wheeze_score,0.7650569723,0
M39,train,cycle,122_2b2_Al_mc_LittC2SE__0,wheeze_score,0.39497307,0
M39,train,cycle,122_2b2_Al_mc_LittC2SE__1,wheeze_score,0.678282514,0
M39,train,cycle,122_2b2_Al_mc_LittC2SE__2,wheeze_score,0.5131065254,0
M39,train,cycle,122_2b2_Al_mc_LittC2SE__3,wheeze_score,0.7623318386,0
M39,train,cycle,122_2b2_Al_mc_LittC2SE__4,wheeze_score,0.4423627374,0
M39,train,cycle,122_2b2_Al_mc_LittC2SE__5,wheeze_score,0.4392951967,0
M39,train,cycle,122_2b2_Ar_mc_LittC2SE__0,wheeze_score,0.8709175739,0
M39,train,cycle,122_2b2_Ar_mc_LittC2SE__1,wheeze_score,0.887553041,0
M39,train,cycle,122_2b2_Ar_mc_LittC2SE__2,wheeze_score,0.7875307629,0
M39,train,cycle,122_2b2_Ar_mc_LittC2SE__3,wheeze_score,0.8665218441,0
M39,train,cycle,122_2b2_Ar_mc_LittC2SE__4,wheeze_score,0.8346539884,0
M39,train,cycle,122_2b2_Ar_mc_LittC2SE__5,wheeze_score,0.8648237383,0
M39,train,cycle,122_2b2_Ar_mc_LittC2SE__6,wheeze_score,0.6666666667,0
M39,train,cycle,122_2b2_Tc_mc_LittC2SE__0,wheeze_score,0.9576427256,0
M39,train,cycle,122_2b2_Tc_mc_LittC2SE__1,wheeze_score,0.904109589,1
M39,train,cycle,122_2b2_Tc_mc_LittC2SE__2,wheeze_score,0.7365661861,1
M39,train,cycle,122_2b2_Tc_mc_LittC2SE__3,wheeze_score,0.6556948798,1
M39,train,cycle,122_2b2_Tc_mc_LittC2SE__4,wheeze_score,0.6394736842,1
M39,train,cycle,122_2b2_Tc_mc_LittC2SE__5,wheeze_score,0.6609756098,1
M39,train,cycle,122_2b3_Al_mc_LittC2SE__0,wheeze_score,0.4837141468,0
M39,train,cycle,122_2b3_Al_mc_LittC2SE__1,wheeze_score,0.5315789474,1
M39,train,cycle,122_2b3_Al_mc_LittC2SE__2,wheeze_score,0.4118050789,0
M39,train,cycle,122_2b3_Al_mc_LittC2SE__3,wheeze_score,0.472769409,0
M39,train,cycle,122_2b3_Al_mc_LittC2SE__4,wheeze_score,0.4696380497,0
M39,train,cycle,122_2b3_Ar_mc_LittC2SE__0,wheeze_score,0.8894749461,0
M39,train,cycle,122_2b3_Ar_mc_LittC2SE__1,wheeze_score,0.8762886598,1
M39,train,cycle,122_2b3_Ar_mc_LittC2SE__2,wheeze_score,0.7694085028,0
M39,train,cycle,122_2b3_Ar_mc_LittC2SE__3,wheeze_score,0.791399817,0
M39,train,cycle,122_2b3_Ar_mc_LittC2SE__4,wheeze_score,0.7655644921,0
M39,train,cycle,122_2b3_Tc_mc_LittC2SE__0,wheeze_score,0.7123533322,0
M39,train,cycle,122_2b3_Tc_mc_LittC2SE__1,wheeze_score,0.6329011738,0
M39,train,cycle,122_2b3_Tc_mc_LittC2SE__2,wheeze_score,0.5833905285,0
M39,train,cycle,122_2b3_Tc_mc_LittC2SE__3,wheeze_score,0.8236117592,0
M39,train,cycle,122_2b3_Tc_mc_LittC2SE__4,wheeze_score,0.8860011813,0
M39,train,cycle,125_1b1_Tc_sc_Meditron__0,wheeze_score,0,0
M39,train,cycle,125_1b1_Tc_sc_Meditron__1,wheeze_score,0.2940411137,0
M39,train,cycle,125_1b1_Tc_sc_Meditron__2,wheeze_score,0.4472020604,0
M39,train,cycle,125_1b1_Tc_sc_Meditron__3,wheeze_score,0.2191587133,0
M39,train,cycle,125_1b1_Tc_sc_Meditron__4,wheeze_score,0.2087186262,0
M39,train,cycle,125_1b1_Tc_sc_Meditron__5,wheeze_score,0.4586048757,0
M39,train,cycle,127_1b1_Ar_sc_Meditron__0,wheeze_score,0.637213254,0
M39,train,cycle,127_1b1_Ar_sc_Meditron__1,wheeze_score,0.7190710138,0
M39,train,cycle,127_1b1_Ar_sc_Meditron__2,wheeze_score,0.6754697816,0
M39,train,cycle,127_1b1_Ar_sc_Meditron__3,wheeze_score,0.7175257732,0
M39,train,cycle,127_1b1_Ar_sc_Meditron__4,wheeze_score,0.7308641975,0
M39,train,cycle,127_1b1_Ar_sc_Meditron__5,wheeze_score,0.8037383178,0
M39,train,cycle,127_1b1_Ar_sc_Meditron__6,wheeze_score,0.7149404216,0
M39,train,cycle,127_1b1_Ar_sc_Meditron__7,wheeze_score,0.7066741447,0
M39,train,cycle,127_1b1_Ar_sc_Meditron__8,wheeze_score,0.6610470275,0
M39,train,cycle,127_1b1_Ar_sc_Meditron__9,wheeze_score,0,0
M39,train,cycle,128_1b3_Tc_mc_LittC2SE__0,wheeze_score,0.2141943734,0
M39,train,cycle,128_1b3_Tc_mc_LittC2SE__1,wheeze_score,0.3833011814,0
M39,train,cycle,128_1b3_Tc_mc_LittC2SE__2,wheeze_score,0.5218584459,0
M39,train,cycle,128_1b3_Tc_mc_LittC2SE__3,wheeze_score,0.3095321843,0
M39,train,cycle,128_1b3_Tc_mc_LittC2SE__4,wheeze_score,0.7166123779,0
M39,train,cycle,129_1b1_Ar_sc_Meditron__0,wheeze_score,0.2877138414,0
M39,train,cycle,129_1b1_Ar_sc_Meditron__1,wheeze_score,0.5653313366,0
M39,train,cycle,129_1b1_Ar_sc_Meditron__2,wheeze_score,0.5423076923,0
M39,train,cycle,129_1b1_Ar_sc_Meditron__3,wheeze_score,0.776481149,0
M39,train,cycle,129_1b1_Ar_sc_Meditron__4,wheeze_score,0.2005730659,0
M39,train,cycle,129_1b1_Ar_sc_Meditron__5,wheeze_score,0.3576982893,0
M39,train,cycle,129_1b1_Ar_sc_Meditron__6,wheeze_score,0.605583956,0
M39,train,cycle,129_1b1_Ar_sc_Meditron__7,wheeze_score,0.3337403337,0
M39,train,cycle,129_1b1_Ar_sc_Meditron__8,wheeze_score,0.1923076923,0
M39,train,cycle,130_1p2_Al_mc_AKGC417L__0,wheeze_score,0.8516801854,0
M39,train,cycle,130_1p2_Al_mc_AKGC417L__1,wheeze_score,0.8849887976,0
M39,train,cycle,130_1p2_Al_mc_AKGC417L__2,wheeze_score,0.8894379246,1
M39,train,cycle,130_1p2_Al_mc_AKGC417L__3,wheeze_score,0.8500510031,0
M39,train,cycle,130_1p2_Al_mc_AKGC417L__4,wheeze_score,0.8036890646,1
M39,train,cycle,130_1p2_Al_mc_AKGC417L__5,wheeze_score,0.6669123066,0
M39,train,cycle,130_1p2_Al_mc_AKGC417L__6,wheeze_score,0.7448494453,1
M39,train,cycle,130_1p2_Ar_mc_AKGC417L__0,wheeze_score,0.8169177289,0
M39,train,cycle,130_1p2_Ar_mc_AKGC417L__1,wheeze_score,0.8289768484,0
M39,train,cycle,130_1p2_Ar_mc_AKGC417L__2,wheeze_score,0.7659048796,1
M39,train,cycle,130_1p2_Ar_mc_AKGC417L__3,wheeze_score,0.7174430466,0
M39,train,cycle,130_1p2_Ar_mc_AKGC417L__4,wheeze_score,0.8530961792,1
M39,train,cycle,130_1p2_Ar_mc_AKGC417L__5,wheeze_score,0.6742815033,1
M39,train,cycle,130_1p2_Ar_mc_AKGC417L__6,wheeze_score,0.7567353407,1
M39,train,cycle,130_1p2_Ll_mc_AKGC417L__0,wheeze_score,0.2838933951,1
M39,train,cycle,130_1p2_Ll_mc_AKGC417L__1,wheeze_score,0.3211351755,1
M39,train,cycle,130_1p2_Ll_mc_AKGC417L__2,wheeze_score,0.2748610253,1
M39,train,cycle,130_1p2_Ll_mc_AKGC417L__3,wheeze_score,0.2958177491,1
M39,train,cycle,130_1p2_Ll_mc_AKGC417L__4,wheeze_score,0.1613965744,1
M39,train,cycle,130_1p2_Ll_mc_AKGC417L__5,wheeze_score,0.2063375092,1
M39,train,cycle,130_1p2_Ll_mc_AKGC417L__6,wheeze_score,0.3645007924,1
M39,train,cycle,130_1p2_Lr_mc_AKGC417L__0,wheeze_score,0.7010428737,0
M39,train,cycle,130_1p2_Lr_mc_AKGC417L__1,wheeze_score,0.784167289,0
M39,train,cycle,130_1p2_Lr_mc_AKGC417L__2,wheeze_score,0.8863495985,0
M39,train,cycle,130_1p2_Lr_mc_AKGC417L__3,wheeze_score,0.7548452907,0
M39,train,cycle,130_1p2_Lr_mc_AKGC417L__4,wheeze_score,0.8201581028,1
M39,train,cycle,130_1p2_Lr_mc_AKGC417L__5,wheeze_score,0.8142962417,1
M39,train,cycle,130_1p2_Lr_mc_AKGC417L__6,wheeze_score,0.8082408875,1
M39,train,cycle,130_1p2_Pl_mc_AKGC417L__0,wheeze_score,0.6778679027,0
M39,train,cycle,130_1p2_Pl_mc_AKGC417L__1,wheeze_score,0.784167289,0
M39,train,cycle,130_1p2_Pl_mc_AKGC417L__2,wheeze_score,0.6948733786,1
M39,train,cycle,130_1p2_Pl_mc_AKGC417L__3,wheeze_score,0.6596395784,0
M39,train,cycle,130_1p2_Pl_mc_AKGC417L__4,wheeze_score,0.7114624506,1
M39,train,cycle,130_1p2_Pl_mc_AKGC417L__5,wheeze_score,0.5121591746,1
M39,train,cycle,130_1p2_Pl_mc_AKGC417L__6,wheeze_score,0.7844690967,1
M39,train,cycle,130_1p2_Pr_mc_AKGC417L__0,wheeze_score,0.9733487833,0
M39,train,cycle,130_1p2_Pr_mc_AKGC417L__1,wheeze_score,0.8215085885,0
M39,train,cycle,130_1p2_Pr_mc_AKGC417L__2,wheeze_score,0.9357628166,1
M39,train,cycle,130_1p2_Pr_mc_AKGC417L__3,wheeze_score,0.9724583475,0
M39,train,cycle,130_1p2_Pr_mc_AKGC417L__4,wheeze_score,0.7147562582,1
M39,train,cycle,130_1p2_Pr_mc_AKGC417L__5,wheeze_score,0.7148120855,1
M39,train,cycle,130_1p2_Pr_mc_AKGC417L__6,wheeze_score,0.7290015848,0
M39,train,cycle,130_1p2_Tc_mc_AKGC417L__0,wheeze_score,0.3302433372,0
M39,train,cycle,130_1p2_Tc_mc_AKGC417L__1,wheeze_score,0.4144884242,0
M39,train,cycle,130_1p2_Tc_mc_AKGC417L__2,wheeze_score,0.5497220506,1
M39,train,cycle,130_1p2_Tc_mc_AKGC417L__3,wheeze_score,0.3774226454,0
M39,train,cycle,130_1p2_Tc_mc_AKGC417L__4,wheeze_score,0.6027667984,1
M39,train,cycle,130_1p2_Tc_mc_AKGC417L__5,wheeze_score,0.4458364038,1
M39,train,cycle,130_1p2_Tc_mc_AKGC417L__6,wheeze_score,0.2575277338,1
M39,train,cycle,130_1p3_Al_mc_AKGC417L__0,wheeze_score,0.962692408,1
M39,train,cycle,130_1p3_Al_mc_AKGC417L__1,wheeze_score,0.872803098,1
M39,train,cycle,130_1p3_Al_mc_AKGC417L__2,wheeze_score,0.8574773193,1
M39,train,cycle,130_1p3_Al_mc_AKGC417L__3,wheeze_score,0.9253819036,1
M39,train,cycle,130_1p3_Al_mc_AKGC417L__4,wheeze_score,0.9581564585,1
M39,train,cycle,130_1p3_Al_mc_AKGC417L__5,wheeze_score,0.833863781,0
M39,train,cycle,130_1p3_Ar_mc_AKGC417L__0,wheeze_score,0.8296373598,1
M39,train,cycle,130_1p3_Ar_mc_AKGC417L__1,wheeze_score,0.8310991957,1
M39,train,cycle,130_1p3_Ar_mc_AKGC417L__2,wheeze_score,0.6994439567,1
M39,train,cycle,130_1p3_Ar_mc_AKGC417L__3,wheeze_score,0.8901292597,1
M39,train,cycle,130_1p3_Ar_mc_AKGC417L__4,wheeze_score,0.815645846,1
M39,train,cycle,130_1p3_Ar_mc_AKGC417L__5,wheeze_score,0.9166136219,0
M39,train,cycle,130_1p3_Ll_mc_AKGC417L__0,wheeze_score,0.3835116097,1
M39,train,cycle,130_1p3_Ll_mc_AKGC417L__1,wheeze_score,0.217456062,1
M39,train,cycle,130_1p3_Ll_mc_AKGC417L__2,wheeze_score,0.471173544,1
M39,train,cycle,130_1p3_Ll_mc_AKGC417L__3,wheeze_score,0.3084606345,1
M39,train,cycle,130_1p3_Ll_mc_AKGC417L__4,wheeze_score,0.2698605215,1
M39,train,cycle,130_1p3_Ll_mc_AKGC417L__5,wheeze_score,0.3628262253,0
M39,train,cycle,130_1p3_Lr_mc_AKGC417L__0,wheeze_score,0.4774328202,1
M39,train,cycle,130_1p3_Lr_mc_AKGC417L__1,wheeze_score,0.4081024724,0
M39,train,cycle,130_1p3_Lr_mc_AKGC417L__2,wheeze_score,0.436055019,1
M39,train,cycle,130_1p3_Lr_mc_AKGC417L__3,wheeze_score,0.5141010576,0
M39,train,cycle,130_1p3_Lr_mc_AKGC417L__4,wheeze_score,0.3972104306,1
M39,train,cycle,130_1p3_Lr_mc_AKGC417L__5,wheeze_score,0.5665181413,0
M39,train,cycle,130_1p3_Pl_mc_AKGC417L__0,wheeze_score,0.3574223846,1
M39,train,cycle,130_1p3_Pl_mc_AKGC417L__1,wheeze_score,0.5570449806,1
M39,train,cycle,130_1p3_Pl_mc_AKGC417L__2,wheeze_score,0.6233538191,1
M39,train,cycle,130_1p3_Pl_mc_AKGC417L__3,wheeze_score,0.5317273796,1
M39,train,cycle,130_1p3_Pl_mc_AKGC417L__4,wheeze_score,0.4184354154,1
M39,train,cycle,130_1p3_Pl_mc_AKGC417L__5,wheeze_score,0.3691915977,0
M39,train,cycle,130_1p3_Pr_mc_AKGC417L__0,wheeze_score,0.5583094182,1
M39,train,cycle,130_1p3_Pr_mc_AKGC417L__1,wheeze_score,0.5510872803,0
M39,train,cycle,130_1p3_Pr_mc_AKGC417L__2,wheeze_score,0.6555458004,1
M39,train,cycle,130_1p3_Pr_mc_AKGC417L__3,wheeze_score,0.705052879,0
M39,train,cycle,130_1p3_Pr_mc_AKGC417L__4,wheeze_score,0.451788963,0
M39,train,cycle,130_1p3_Pr_mc_AKGC417L__5,wheeze_score,0.6174411203,0
M39,train,cycle,130_1p3_Tc_mc_AKGC417L__0,wheeze_score,0.6209235586,1
M39,train,cycle,130_1p3_Tc_mc_AKGC417L__1,wheeze_score,0.7804587429,1
M39,train,cycle,130_1p3_Tc_mc_AKGC417L__2,wheeze_score,0.6818846942,1
M39,train,cycle,130_1p3_Tc_mc_AKGC417L__3,wheeze_score,0.696239718,1
M39,train,cycle,130_1p3_Tc_mc_AKGC417L__4,wheeze_score,0.6428138266,1
M39,train,cycle,130_1p3_Tc_mc_AKGC417L__5,wheeze_score,0.782940802,0
M39,train,cycle,130_1p4_Al_mc_AKGC417L__0,wheeze_score,0.9188801149,1
M39,train,cycle,130_1p4_Al_mc_AKGC417L__1,wheeze_score,0.72654813,1
M39,train,cycle,130_1p4_Al_mc_AKGC417L__2,wheeze_score,0.8855442772,1
M39,train,cycle,130_1p4_Al_mc_AKGC417L__3,wheeze_score,0.8955223881,1
M39,train,cycle,130_1p4_Al_mc_AKGC417L__4,wheeze_score,0.9107876073,1
M39,train,cycle,130_1p4_Al_mc_AKGC417L__5,wheeze_score,0.9014192558,1
M39,train,cycle,130_1p4_Al_mc_AKGC417L__6,wheeze_score,0.8150807899,1
M39,train,cycle,130_1p4_Ar_mc_AKGC417L__0,wheeze_score,0.8901651113,1
M39,train,cycle,130_1p4_Ar_mc_AKGC417L__1,wheeze_score,0.8767627223,1
M39,train,cycle,130_1p4_Ar_mc_AKGC417L__2,wheeze_score,0.8365418271,1
M39,train,cycle,130_1p4_Ar_mc_AKGC417L__3,wheeze_score,0.9406456092,1
M39,train,cycle,130_1p4_Ar_mc_AKGC417L__4,wheeze_score,0.6868234416,0
M39,train,cycle,130_1p4_Ar_mc_AKGC417L__5,wheeze_score,0.7096279248,1
M39,train,cycle,130_1p4_Ar_mc_AKGC417L__6,wheeze_score,0.7432675045,0
M39,train,cycle,130_1p4_Ll_mc_AKGC417L__0,wheeze_score,0.8470926059,1
M39,train,cycle,130_1p4_Ll_mc_AKGC417L__1,wheeze_score,0.8338442673,1
M39,train,cycle,130_1p4_Ll_mc_AKGC417L__2,wheeze_score,0.8960448022,1
M39,train,cycle,130_1p4_Ll_mc_AKGC417L__3,wheeze_score,0.9094064561,1
M39,train,cycle,130_1p4_Ll_mc_AKGC417L__4,wheeze_score,0.8361328854,1
M39,train,cycle,130_1p4_Ll_mc_AKGC417L__5,wheeze_score,0.8477176832,1
M39,train,cycle,130_1p4_Ll_mc_AKGC417L__6,wheeze_score,0.7576301616,1
M39,train,cycle,130_1p4_Lr_mc_AKGC417L__0,wheeze_score,0.7573582197,0
M39,train,cycle,130_1p4_Lr_mc_AKGC417L__1,wheeze_score,0.8154506438,1
M39,train,cycle,130_1p4_Lr_mc_AKGC417L__2,wheeze_score,0.791039552,1
M39,train,cycle,130_1p4_Lr_mc_AKGC417L__3,wheeze_score,0.7809788268,1
M39,train,cycle,130_1p4_Lr_mc_AKGC417L__4,wheeze_score,0.8324001493,1
M39,train,cycle,130_1p4_Lr_mc_AKGC417L__5,wheeze_score,0.8323743767,1
M39,train,cycle,130_1p4_Lr_mc_AKGC417L__6,wheeze_score,0.7324955117,0
M39,train,cycle,130_1p4_Pl_mc_AKGC417L__0,wheeze_score,0.6496769562,1
M39,train,cycle,130_1p4_Pl_mc_AKGC417L__1,wheeze_score,0.8767627223,1
M39,train,cycle,130_1p4_Pl_mc_AKGC417L__2,wheeze_score,0.6055302765,1
M39,train,cycle,130_1p4_Pl_mc_AKGC417L__3,wheeze_score,0.7636237418,1
M39,train,cycle,130_1p4_Pl_mc_AKGC417L__4,wheeze_score,0.5748413587,1
M39,train,cycle,130_1p4_Pl_mc_AKGC417L__5,wheeze_score,0.8285385501,0
M39,train,cycle,130_1p4_Pl_mc_AKGC417L__6,wheeze_score,0.513464991,1
M39,train,cycle,130_1p4_Pr_mc_AKGC417L__0,wheeze_score,0.4809763101,0
M39,train,cycle,130_1p4_Pr_mc_AKGC417L__1,wheeze_score,0.5702023299,0
M39,train,cycle,130_1p4_Pr_mc_AKGC417L__2,wheeze_score,0.6685334267,0
M39,train,cycle,130_1p4_Pr_mc_AKGC417L__3,wheeze_score,0.5449496703,0
M39,train,cycle,130_1p4_Pr_mc_AKGC417L__4,wheeze_score,0.7204180664,0
M39,train,cycle,130_1p4_Pr_mc_AKGC417L__5,wheeze_score,0.6329113924,0
M39,train,cycle,130_1p4_Pr_mc_AKGC417L__6,wheeze_score,0.5350089767,0
M39,train,cycle,130_1p4_Tc_mc_AKGC417L__0,wheeze_score,0.6542882405,1
M39,train,cycle,130_1p4_Tc_mc_AKGC417L__1,wheeze_score,0.8366533865,1
M39,train,cycle,130_1p4_Tc_mc_AKGC417L__2,wheeze_score,0.7633353771,1
M39,train,cycle,130_1p4_Tc_mc_AKGC417L__3,wheeze_score,0.6291739895,1
M39,train,cycle,130_1p4_Tc_mc_AKGC417L__4,wheeze_score,0.7163020466,1
M39,train,cycle,130_1p4_Tc_mc_AKGC417L__5,wheeze_score,0.5163636364,1
M39,train,cycle,130_1p4_Tc_mc_AKGC417L__6,wheeze_score,0.4585741811,0
M39,train,cycle,130_1p4_Tc_mc_AKGC417L__7,wheeze_score,0.7633053221,1
M39,train,cycle,130_2b2_Al_mc_AKGC417L__0,wheeze_score,0.882117081,0
M39,train,cycle,130_2b2_Al_mc_AKGC417L__1,wheeze_score,0.6286919831,0
M39,train,cycle,130_2b2_Al_mc_AKGC417L__2,wheeze_score,0.6671930517,0
M39,train,cycle,130_2b2_Al_mc_AKGC417L__3,wheeze_score,0.7449209932,0
M39,train,cycle,130_2b2_Al_mc_AKGC417L__4,wheeze_score,0.6271777003,0
M39,train,cycle,130_2b2_Al_mc_AKGC417L__5,wheeze_score,0.5946857866,0
M39,train,cycle,130_2b2_Al_mc_AKGC417L__6,wheeze_score,0.650374458,0
M39,train,cycle,130_2b2_Al_mc_AKGC417L__7,wheeze_score,0.8322608323,0
M39,train,cycle,130_2b2_Ar_mc_AKGC417L__0,wheeze_score,0.797914996,0
M39,train,cycle,130_2b2_Ar_mc_AKGC417L__1,wheeze_score,0.7510548523,0
M39,train,cycle,130_2b2_Ar_mc_AKGC417L__2,wheeze_score,0.7737860245,0
M39,train,cycle,130_2b2_Ar_mc_AKGC417L__3,wheeze_score,0.6809631302,0
M39,train,cycle,130_2b2_Ar_mc_AKGC417L__4,wheeze_score,0.8091366628,0
M39,train,cycle,130_2b2_Ar_mc_AKGC417L__5,wheeze_score,0.8857022353,0
M39,train,cycle,130_2b2_Ar_mc_AKGC417L__6,wheeze_score,0.8080409933,0
M39,train,cycle,130_2b2_Ar_mc_AKGC417L__7,wheeze_score,0.7679107679,0
M39,train,cycle,130_2b2_Ll_mc_AKGC417L__0,wheeze_score,0.6375300722,0
M39,train,cycle,130_2b2_Ll_mc_AKGC417L__1,wheeze_score,0.6540084388,0
M39,train,cycle,130_2b2_Ll_mc_AKGC417L__2,wheeze_score,0.7264113699,0
M39,train,cycle,130_2b2_Ll_mc_AKGC417L__3,wheeze_score,0.6922498119,0
M39,train,cycle,130_2b2_Ll_mc_AKGC417L__4,wheeze_score,0.7084785134,0
M39,train,cycle,130_2b2_Ll_mc_AKGC417L__5,wheeze_score,0.7423028258,0
M39,train,cycle,130_2b2_Ll_mc_AKGC417L__6,wheeze_score,0.7607410327,0
M39,train,cycle,130_2b2_Ll_mc_AKGC417L__7,wheeze_score,0.7807807808,0
M39,train,cycle,130_2b2_Lr_mc_AKGC417L__0,wheeze_score,0.84202085,0
M39,train,cycle,130_2b2_Lr_mc_AKGC417L__1,wheeze_score,0.805907173,0
M39,train,cycle,130_2b2_Lr_mc_AKGC417L__2,wheeze_score,0.8290564548,0
M39,train,cycle,130_2b2_Lr_mc_AKGC417L__3,wheeze_score,0.7900677201,0
M39,train,cycle,130_2b2_Lr_mc_AKGC417L__4,wheeze_score,0.7162214479,0
M39,train,cycle,130_2b2_Lr_mc_AKGC417L__5,wheeze_score,0.7929143821,0
M39,train,cycle,130_2b2_Lr_mc_AKGC417L__6,wheeze_score,0.8553409539,0
M39,train,cycle,130_2b2_Lr_mc_AKGC417L__7,wheeze_score,0.7936507937,0
M39,train,cycle,130_2b2_Pl_mc_AKGC417L__0,wheeze_score,0.6134723336,0
M39,train,cycle,130_2b2_Pl_mc_AKGC417L__1,wheeze_score,0.4683544304,0
M39,train,cycle,130_2b2_Pl_mc_AKGC417L__2,wheeze_score,0.2921437031,0
M39,train,cycle,130_2b2_Pl_mc_AKGC417L__3,wheeze_score,0.662151994,0
M39,train,cycle,130_2b2_Pl_mc_AKGC417L__4,wheeze_score,0.5652342238,0
M39,train,cycle,130_2b2_Pl_mc_AKGC417L__5,wheeze_score,0.5609447491,0
M39,train,cycle,130_2b2_Pl_mc_AKGC417L__6,wheeze_score,0.3783996847,0
M39,train,cycle,130_2b2_Pl_mc_AKGC417L__7,wheeze_score,0.5276705277,0
M39,train,cycle,130_2b2_Pr_mc_AKGC417L__0,wheeze_score,0.3127506014,0
M39,train,cycle,130_2b2_Pr_mc_AKGC417L__1,wheeze_score,0.4852320675,0
M39,train,cycle,130_2b2_Pr_mc_AKGC417L__2,wheeze_score,0.4342676668,0
M39,train,cycle,130_2b2_Pr_mc_AKGC417L__3,wheeze_score,0.3273137698,0
M39,train,cycle,130_2b2_Pr_mc_AKGC417L__4,wheeze_score,0.6968641115,0
M39,train,cycle,130_2b2_Pr_mc_AKGC417L__5,wheeze_score,0.5018979334,0
M39,train,cycle,130_2b2_Pr_mc_AKGC417L__6,wheeze_score,0.6700827749,0
M39,train,cycle,130_2b2_Pr_mc_AKGC417L__7,wheeze_score,0.4504504505,0
M39,train,cycle,130_2b2_Tc_mc_AKGC417L__0,wheeze_score,0.7858861267,0
M39,train,cycle,130_2b2_Tc_mc_AKGC417L__1,wheeze_score,0.5105485232,0
M39,train,cycle,130_2b2_Tc_mc_AKGC417L__2,wheeze_score,0.9711804185,0
M39,train,cycle,130_2b2_Tc_mc_AKGC417L__3,wheeze_score,0.6358164033,0
M39,train,cycle,130_2b2_Tc_mc_AKGC417L__4,wheeze_score,0.6775067751,0
M39,train,cycle,130_2b2_Tc_mc_AKGC417L__5,wheeze_score,0.8646140869,0
M39,train,cycle,130_2b2_Tc_mc_AKGC417L__6,wheeze_score,0.7804493496,0
M39,train,cycle,130_2b2_Tc_mc_AKGC417L__7,wheeze_score,0.9438009438,0
M39,train,cycle,130_2b3_Al_mc_AKGC417L__0,wheeze_score,0.6999041227,0
M39,train,cycle,130_2b3_Al_mc_AKGC417L__1,wheeze_score,0.7965367965,0
M39,train,cycle,130_2b3_Al_mc_AKGC417L__2,wheeze_score,0.9185894645,0
M39,train,cycle,130_2b3_Al_mc_AKGC417L__3,wheeze_score,0.8942351339,0
M39,train,cycle,130_2b3_Al_mc_AKGC417L__4,wheeze_score,0.7311534968,0
M39,train,cycle,130_2b3_Al_mc_AKGC417L__5,wheeze_score,0.8175248419,0
M39,train,cycle,130_2b3_Al_mc_AKGC417L__6,wheeze_score,0.813771518,0
M39,train,cycle,130_2b3_Al_mc_AKGC417L__7,wheeze_score,0.902945437,0
M39,train,cycle,130_2b3_Al_mc_AKGC417L__8,wheeze_score,0.6425339367,0
M39,train,cycle,130_2b3_Ar_mc_AKGC417L__0,wheeze_score,0.8437200384,0
M39,train,cycle,130_2b3_Ar_mc_AKGC417L__1,wheeze_score,0.8138528139,0
M39,train,cycle,130_2b3_Ar_mc_AKGC417L__2,wheeze_score,0.9316499782,0
M39,train,cycle,130_2b3_Ar_mc_AKGC417L__3,wheeze_score,0.8669995461,0
M39,train,cycle,130_2b3_Ar_mc_AKGC417L__4,wheeze_score,0.8583106267,0
M39,train,cycle,130_2b3_Ar_mc_AKGC417L__5,wheeze_score,0.8943089431,0
M39,train,cycle,130_2b3_Ar_mc_AKGC417L__6,wheeze_score,0.8502869066,0
M39,train,cycle,130_2b3_Ar_mc_AKGC417L__7,wheeze_score,0.8015451473,0
M39,train,cycle,130_2b3_Ar_mc_AKGC417L__8,wheeze_score,0.8190045249,0
M39,train,cycle,130_2b3_Ll_mc_AKGC417L__0,wheeze_score,0.6615532119,0
M39,train,cycle,130_2b3_Ll_mc_AKGC417L__1,wheeze_score,0.8787878788,0
M39,train,cycle,130_2b3_Ll_mc_AKGC417L__2,wheeze_score,0.8315193731,0
M39,train,cycle,130_2b3_Ll_mc_AKGC417L__3,wheeze_score,0.8533817522,0
M39,train,cycle,130_2b3_Ll_mc_AKGC417L__4,wheeze_score,0.9037238874,0
M39,train,cycle,130_2b3_Ll_mc_AKGC417L__5,wheeze_score,0.7000903342,0
M39,train,cycle,130_2b3_Ll_mc_AKGC417L__6,wheeze_score,0.6729264476,0
M39,train,cycle,130_2b3_Ll_mc_AKGC417L__7,wheeze_score,0.9222597779,0
M39,train,cycle,130_2b3_Ll_mc_AKGC417L__8,wheeze_score,0.7963800905,0
M39,train,cycle,130_2b3_Lr_mc_AKGC417L__0,wheeze_score,0.5369127517,0
M39,train,cycle,130_2b3_Lr_mc_AKGC417L__1,wheeze_score,0.8917748918,0
M39,train,cycle,130_2b3_Lr_mc_AKGC417L__2,wheeze_score,0.8184588594,0
M39,train,cycle,130_2b3_Lr_mc_AKGC417L__3,wheeze_score,0.8942351339,0
M39,train,cycle,130_2b3_Lr_mc_AKGC417L__4,wheeze_score,0.9082652134,0
M39,train,cycle,130_2b3_Lr_mc_AKGC417L__5,wheeze_score,0.8672086721,0
M39,train,cycle,130_2b3_Lr_mc_AKGC417L__6,wheeze_score,0.756390193,0
M39,train,cycle,130_2b3_Lr_mc_AKGC417L__7,wheeze_score,0.7725736359,0
M39,train,cycle,130_2b3_Lr_mc_AKGC417L__8,wheeze_score,0.850678733,0
M39,train,cycle,130_2b3_Pl_mc_AKGC417L__0,wheeze_score,0.5177372963,0
M39,train,cycle,130_2b3_Pl_mc_AKGC417L__1,wheeze_score,0.6623376623,0
M39,train,cycle,130_2b3_Pl_mc_AKGC417L__2,wheeze_score,0.579016108,0
M39,train,cycle,130_2b3_Pl_mc_AKGC417L__3,wheeze_score,0.44030867,0
M39,train,cycle,130_2b3_Pl_mc_AKGC417L__4,wheeze_score,0.5812897366,0
M39,train,cycle,130_2b3_Pl_mc_AKGC417L__5,wheeze_score,0.4200542005,0
M39,train,cycle,130_2b3_Pl_mc_AKGC417L__6,wheeze_score,0.6311945749,0
M39,train,cycle,130_2b3_Pl_mc_AKGC417L__7,wheeze_score,0.4490584259,0
M39,train,cycle,130_2b3_Pl_mc_AKGC417L__8,wheeze_score,0.3303167421,0
M39,train,cycle,130_2b3_Pr_mc_AKGC417L__0,wheeze_score,0.4889741131,0
M39,train,cycle,130_2b3_Pr_mc_AKGC417L__1,wheeze_score,0.683982684,0
M39,train,cycle,130_2b3_Pr_mc_AKGC417L__2,wheeze_score,0.8271658685,0
M39,train,cycle,130_2b3_Pr_mc_AKGC417L__3,wheeze_score,0.3540626419,0
M39,train,cycle,130_2b3_Pr_mc_AKGC417L__4,wheeze_score,0.6357856494,0
M39,train,cycle,130_2b3_Pr_mc_AKGC417L__5,wheeze_score,0.7452574526,0
M39,train,cycle,130_2b3_Pr_mc_AKGC417L__6,wheeze_score,0.3964527908,0
M39,train,cycle,130_2b3_Pr_mc_AKGC417L__7,wheeze_score,0.4394012554,0
M39,train,cycle,130_2b3_Pr_mc_AKGC417L__8,wheeze_score,0.7239819005,0
M39,train,cycle,130_2b3_Tc_mc_AKGC417L__0,wheeze_score,0.6807286673,0
M39,train,cycle,130_2b3_Tc_mc_AKGC417L__1,wheeze_score,0.4069264069,0
M39,train,cycle,130_2b3_Tc_mc_AKGC417L__2,wheeze_score,0.5964301263,0
M39,train,cycle,130_2b3_Tc_mc_AKGC417L__3,wheeze_score,0.6763504312,0
M39,train,cycle,130_2b3_Tc_mc_AKGC417L__4,wheeze_score,0.7856494096,0
M39,train,cycle,130_2b3_Tc_mc_AKGC417L__5,wheeze_score,0.8717253839,0
M39,train,cycle,130_2b3_Tc_mc_AKGC417L__6,wheeze_score,0.8294209703,0
M39,train,cycle,130_2b3_Tc_mc_AKGC417L__7,wheeze_score,0.8256880734,0
M39,train,cycle,130_2b3_Tc_mc_AKGC417L__8,wheeze_score,0.9185520362,0
M39,train,cycle,130_2b4_Al_mc_AKGC417L__0,wheeze_score,0.8482563619,0
M39,train,cycle,130_2b4_Al_mc_AKGC417L__1,wheeze_score,0.9075559308,0
M39,train,cycle,130_2b4_Al_mc_AKGC417L__2,wheeze_score,0.6691979117,0
M39,train,cycle,130_2b4_Al_mc_AKGC417L__3,wheeze_score,0.8529155788,0
M39,train,cycle,130_2b4_Al_mc_AKGC417L__4,wheeze_score,0.8780075981,0
M39,train,cycle,130_2b4_Al_mc_AKGC417L__5,wheeze_score,0.7273580479,0
M39,train,cycle,130_2b4_Al_mc_AKGC417L__6,wheeze_score,0.7893626003,0
M39,train,cycle,130_2b4_Al_mc_AKGC417L__7,wheeze_score,0.9218891916,0
M39,train,cycle,130_2b4_Al_mc_AKGC417L__8,wheeze_score,0.7791017415,0
M39,train,cycle,130_2b4_Ar_mc_AKGC417L__0,wheeze_score,0.7728557964,0
M39,train,cycle,130_2b4_Ar_mc_AKGC417L__1,wheeze_score,0.7260447446,0
M39,train,cycle,130_2b4_Ar_mc_AKGC417L__2,wheeze_score,0.8542952065,0
M39,train,cycle,130_2b4_Ar_mc_AKGC417L__3,wheeze_score,0.7528285466,0
M39,train,cycle,130_2b4_Ar_mc_AKGC417L__4,wheeze_score,0.9497678345,0
M39,train,cycle,130_2b4_Ar_mc_AKGC417L__5,wheeze_score,0.7930549038,0
M39,train,cycle,130_2b4_Ar_mc_AKGC417L__6,wheeze_score,0.8146897425,0
M39,train,cycle,130_2b4_Ar_mc_AKGC417L__7,wheeze_score,0.9037238874,0
M39,train,cycle,130_2b4_Ar_mc_AKGC417L__8,wheeze_score,0.8707607699,0
M39,train,cycle,130_2b4_Ll_mc_AKGC417L__0,wheeze_score,0.4712535344,0
M39,train,cycle,130_2b4_Ll_mc_AKGC417L__1,wheeze_score,0.7724778388,0
M39,train,cycle,130_2b4_Ll_mc_AKGC417L__2,wheeze_score,0.8068343617,0
M39,train,cycle,130_2b4_Ll_mc_AKGC417L__3,wheeze_score,0.774586597,0
M39,train,cycle,130_2b4_Ll_mc_AKGC417L__4,wheeze_score,0.9033347404,0
M39,train,cycle,130_2b4_Ll_mc_AKGC417L__5,wheeze_score,0.703894885,0
M39,train,cycle,130_2b4_Ll_mc_AKGC417L__6,wheeze_score,0.831574504,0
M39,train,cycle,130_2b4_Ll_mc_AKGC417L__7,wheeze_score,0.8583106267,0
M39,train,cycle,130_2b4_Ll_mc_AKGC417L__8,wheeze_score,0.8707607699,0
M39,train,cycle,130_2b4_Lr_mc_AKGC417L__0,wheeze_score,0.7634307257,0
M39,train,cycle,130_2b4_Lr_mc_AKGC417L__1,wheeze_score,0.6458421275,0
M39,train,cycle,130_2b4_Lr_mc_AKGC417L__2,wheeze_score,0.8210726151,0
M39,train,cycle,130_2b4_Lr_mc_AKGC417L__3,wheeze_score,0.8355091384,0
M39,train,cycle,130_2b4_Lr_mc_AKGC417L__4,wheeze_score,0.8948923596,0
M39,train,cycle,130_2b4_Lr_mc_AKGC417L__5,wheeze_score,0.8165180666,0
M39,train,cycle,130_2b4_Lr_mc_AKGC417L__6,wheeze_score,0.8442380751,0
M39,train,cycle,130_2b4_Lr_mc_AKGC417L__7,wheeze_score,0.8537693006,0
M39,train,cycle,130_2b4_Lr_mc_AKGC417L__8,wheeze_score,0.8203483043,0
M39,train,cycle,130_2b4_Pl_mc_AKGC417L__0,wheeze_score,0.603204524,0
M39,train,cycle,130_2b4_Pl_mc_AKGC417L__1,wheeze_score,0.3292528493,0
M39,train,cycle,130_2b4_Pl_mc_AKGC417L__2,wheeze_score,0.7166587565,0
M39,train,cycle,130_2b4_Pl_mc_AKGC417L__3,wheeze_score,0.3742384682,0
M39,train,cycle,130_2b4_Pl_mc_AKGC417L__4,wheeze_score,0.4981004643,0
M39,train,cycle,130_2b4_Pl_mc_AKGC417L__5,wheeze_score,0.6194274988,1
M39,train,cycle,130_2b4_Pl_mc_AKGC417L__6,wheeze_score,0.5994090333,0
M39,train,cycle,130_2b4_Pl_mc_AKGC417L__7,wheeze_score,0.5585831063,0
M39,train,cycle,130_2b4_Pl_mc_AKGC417L__8,wheeze_score,0.5499541705,0
M39,train,cycle,130_2p3_Pl_mc_AKGC417L__0,wheeze_score,0.5114155251,0
M39,train,cycle,130_2p3_Pl_mc_AKGC417L__1,wheeze_score,0.9255725191,0
M39,train,cycle,130_2p3_Pl_mc_AKGC417L__2,wheeze_score,0.8746928747,0
M39,train,cycle,130_2p3_Pl_mc_AKGC417L__3,wheeze_score,0.5958829902,0
M39,train,cycle,130_2p3_Pl_mc_AKGC417L__4,wheeze_score,0.7988980716,0
M39,train,cycle,130_2p3_Pl_mc_AKGC417L__5,wheeze_score,0.8583294878,0
M39,train,cycle,130_2p3_Pl_mc_AKGC417L__6,wheeze_score,0.8726084928,0
M39,train,cycle,130_2p3_Pl_mc_AKGC417L__7,wheeze_score,0.7518427518,0
M39,train,cycle,130_2p3_Pl_mc_AKGC417L__8,wheeze_score,0.719160105,0
M39,train,cycle,130_2p3_Pl_mc_AKGC417L__9,wheeze_score,0.7301869991,0
M39,train,cycle,130_2p5_Al_mc_AKGC417L__0,wheeze_score,0.843373494,0
M39,train,cycle,130_2p5_Al_mc_AKGC417L__1,wheeze_score,0.8656995788,0
M39,train,cycle,130_2p5_Al_mc_AKGC417L__2,wheeze_score,0.7593052109,0
M39,train,cycle,130_2p5_Al_mc_AKGC417L__3,wheeze_score,0.8874801902,0
M39,train,cycle,130_2p5_Al_mc_AKGC417L__4,wheeze_score,0.7790224033,0
M39,train,cycle,130_2p5_Al_mc_AKGC417L__5,wheeze_score,0.7531143828,0
M39,train,cycle,130_2p5_Al_mc_AKGC417L__6,wheeze_score,0.8193979933,0
M39,train,cycle,130_2p5_Al_mc_AKGC417L__7,wheeze_score,0.7996051333,0
M39,train,cycle,130_2p5_Al_mc_AKGC417L__8,wheeze_score,0.5717202654,0
M39,train,cycle,130_2p5_Al_mc_AKGC417L__9,wheeze_score,0.6385964912,0
M39,train,cycle,130_2p5_Al_mc_AKGC417L__10,wheeze_score,0.4865771812,1
M39,train,cycle,130_2p5_Ar_mc_AKGC417L__0,wheeze_score,0.6827309237,0
M39,train,cycle,130_2p5_Ar_mc_AKGC417L__1,wheeze_score,0.7065980346,0
M39,train,cycle,130_2p5_Ar_mc_AKGC417L__2,wheeze_score,0.7394540943,0
M39,train,cycle,130_2p5_Ar_mc_AKGC417L__3,wheeze_score,0.4437400951,0
M39,train,cycle,130_2p5_Ar_mc_AKGC417L__4,wheeze_score,0.6924643585,0
M39,train,cycle,130_2p5_Ar_mc_AKGC417L__5,wheeze_score,0.6908267271,0
M39,train,cycle,130_2p5_Ar_mc_AKGC417L__6,wheeze_score,0.7441471572,0
M39,train,cycle,130_2p5_Ar_mc_AKGC417L__7,wheeze_score,0.7156959526,0
M39,train,cycle,130_2p5_Ar_mc_AKGC417L__8,wheeze_score,0.7095456866,0
M39,train,cycle,130_2p5_Ar_mc_AKGC417L__9,wheeze_score,0.7578947368,0
M39,train,cycle,130_2p5_Ar_mc_AKGC417L__10,wheeze_score,0.7046979866,0
M39,train,cycle,130_2p5_Lr_mc_AKGC417L__0,wheeze_score,0.6655192197,0
M39,train,cycle,130_2p5_Lr_mc_AKGC417L__1,wheeze_score,0.561534862,0
M39,train,cycle,130_2p5_Lr_mc_AKGC417L__2,wheeze_score,0.7692307692,0
M39,train,cycle,130_2p5_Lr_mc_AKGC417L__3,wheeze_score,0.6233491812,0
M39,train,cycle,130_2p5_Lr_mc_AKGC417L__4,wheeze_score,0.6873727088,0
M39,train,cycle,130_2p5_Lr_mc_AKGC417L__5,wheeze_score,0.6002265006,0
M39,train,cycle,130_2p5_Lr_mc_AKGC417L__6,wheeze_score,0.7190635452,0
M39,train,cycle,130_2p5_Lr_mc_AKGC417L__7,wheeze_score,0.7650542942,0
M39,train,cycle,130_2p5_Lr_mc_AKGC417L__8,wheeze_score,0.6380806534,0
M39,train,cycle,130_2p5_Lr_mc_AKGC417L__9,wheeze_score,0.449122807,0
M39,train,cycle,130_2p5_Lr_mc_AKGC417L__10,wheeze_score,0.6879194631,0
M39,train,cycle,130_2p5_Pl_mc_AKGC417L__0,wheeze_score,0.4647160069,0
M39,train,cycle,130_2p5_Pl_mc_AKGC417L__1,wheeze_score,0.5428170332,0
M39,train,cycle,130_2p5_Pl_mc_AKGC417L__2,wheeze_score,0.5806451613,0
M39,train,cycle,130_2p5_Pl_mc_AKGC417L__3,wheeze_score,0.7448494453,0
M39,train,cycle,130_2p5_Pl_mc_AKGC417L__4,wheeze_score,0.8553971487,0
M39,train,cycle,130_2p5_Pl_mc_AKGC417L__5,wheeze_score,0.6342015855,1
M39,train,cycle,130_2p5_Pl_mc_AKGC417L__6,wheeze_score,0.6688963211,0
M39,train,cycle,130_2p5_Pl_mc_AKGC417L__7,wheeze_score,0.7403751234,1
M39,train,cycle,130_2p5_Pl_mc_AKGC417L__8,wheeze_score,0.6993363961,0
M39,train,cycle,130_2p5_Pl_mc_AKGC417L__9,wheeze_score,0.6736842105,0
M39,train,cycle,130_2p5_Pl_mc_AKGC417L__10,wheeze_score,0.855704698,0
M39,train,cycle,130_2p5_Pr_mc_AKGC417L__0,wheeze_score,0.4934021801,0
M39,train,cycle,130_2p5_Pr_mc_AKGC417L__1,wheeze_score,0.3556387459,1
M39,train,cycle,130_2p5_Pr_mc_AKGC417L__2,wheeze_score,0.1687344913,0
M39,train,cycle,130_2p5_Pr_mc_AKGC417L__3,wheeze_score,0.2482831484,0
M39,train,cycle,130_2p5_Pr_mc_AKGC417L__4,wheeze_score,0.3818737271,0
M39,train,cycle,130_2p5_Pr_mc_AKGC417L__5,wheeze_score,0.1245753114,0
M39,train,cycle,130_2p5_Pr_mc_AKGC417L__6,wheeze_score,0.1421404682,0
M39,train,cycle,130_2p5_Pr_mc_AKGC417L__7,wheeze_score,0.1085883514,0
M39,train,cycle,130_2p5_Pr_mc_AKGC417L__8,wheeze_score,0.2297090352,0
M39,train,cycle,130_2p5_Pr_mc_AKGC417L__9,wheeze_score,0.4701754386,0
M39,train,cycle,130_2p5_Pr_mc_AKGC417L__10,wheeze_score,0,0
M39,train,cycle,130_2p5_Tc_mc_AKGC417L__0,wheeze_score,0.1778542742,0
M39,train,cycle,130_2p5_Tc_mc_AKGC417L__1,wheeze_score,0.2667290594,0
M39,train,cycle,130_2p5_Tc_mc_AKGC417L__2,wheeze_score,0.3374689826,0
M39,train,cycle,130_2p5_Tc_mc_AKGC417L__3,wheeze_score,0.4860010565,0
M39,train,cycle,130_2p5_Tc_mc_AKGC417L__4,wheeze_score,0.4073319756,0
M39,train,cycle,130_2p5_Tc_mc_AKGC417L__5,wheeze_score,0.07927519819,0
M39,train,cycle,130_2p5_Tc_mc_AKGC417L__6,wheeze_score,0.3971571906,0
M39,train,cycle,130_2p5_Tc_mc_AKGC417L__7,wheeze_score,0.1233958539,1
M39,train,cycle,130_2p5_Tc_mc_AKGC417L__8,wheeze_score,0.5921388464,0
M39,train,cycle,130_2p5_Tc_mc_AKGC417L__9,wheeze_score,0.1543859649,0
M39,train,cycle,130_2p5_Tc_mc_AKGC417L__10,wheeze_score,0,0
M39,train,cycle,130_3b3_Ll_mc_AKGC417L__0,wheeze_score,0.8224882874,0
M39,train,cycle,130_3b3_Ll_mc_AKGC417L__1,wheeze_score,0.7733109994,0
M39,train,cycle,130_3b3_Ll_mc_AKGC417L__2,wheeze_score,0.730862487,0
M39,train,cycle,130_3b3_Ll_mc_AKGC417L__3,wheeze_score,0.7456805092,0
M39,train,cycle,130_3b3_Ll_mc_AKGC417L__4,wheeze_score,0.7066319143,0
M39,train,cycle,130_3b3_Ll_mc_AKGC417L__5,wheeze_score,0.3723404255,0
M39,train,cycle,130_3b4_Al_mc_AKGC417L__0,wheeze_score,0.8822877411,0
M39,train,cycle,130_3b4_Al_mc_AKGC417L__1,wheeze_score,0.850483511,0
M39,train,cycle,130_3b4_Al_mc_AKGC417L__2,wheeze_score,0.8784275661,0
M39,train,cycle,130_3b4_Al_mc_AKGC417L__3,wheeze_score,0.9023178808,0
M39,train,cycle,130_3b4_Al_mc_AKGC417L__4,wheeze_score,0.8538251366,0
M39,train,cycle,130_3b4_Ar_mc_AKGC417L__0,wheeze_score,0.6872090446,0
M39,train,cycle,130_3b4_Ar_mc_AKGC417L__1,wheeze_score,0.5752541532,0
M39,train,cycle,130_3b4_Ar_mc_AKGC417L__2,wheeze_score,0.3372967726,0
M39,train,cycle,130_3b4_Ar_mc_AKGC417L__3,wheeze_score,0.162803532,0
M39,train,cycle,130_3b4_Ar_mc_AKGC417L__4,wheeze_score,0.4576502732,0
M39,train,cycle,130_3b4_Lr_mc_AKGC417L__0,wheeze_score,0.6805586344,0
M39,train,cycle,130_3b4_Lr_mc_AKGC417L__1,wheeze_score,0.7314654104,0
M39,train,cycle,130_3b4_Lr_mc_AKGC417L__2,wheeze_score,0.7643775783,0
M39,train,cycle,130_3b4_Lr_mc_AKGC417L__3,wheeze_score,0.8305739514,0
M39,train,cycle,130_3b4_Lr_mc_AKGC417L__4,wheeze_score,0.7513661202,0
M39,train,cycle,130_3b4_Pl_mc_AKGC417L__0,wheeze_score,0.7381955221,0
M39,train,cycle,130_3b4_Pl_mc_AKGC417L__1,wheeze_score,0.6917927101,0
M39,train,cycle,130_3b4_Pl_mc_AKGC417L__2,wheeze_score,0.808056297,0
M39,train,cycle,130_3b4_Pl_mc_AKGC417L__3,wheeze_score,0.7671081678,0
M39,train,cycle,130_3b4_Pl_mc_AKGC417L__4,wheeze_score,0.8879781421,0
M39,train,cycle,130_3b4_Pr_mc_AKGC417L__0,wheeze_score,0.6982930614,0
M39,train,cycle,130_3b4_Pr_mc_AKGC417L__1,wheeze_score,0.756260848,0
M39,train,cycle,130_3b4_Pr_mc_AKGC417L__2,wheeze_score,0.638194613,0
M39,train,cycle,130_3b4_Pr_mc_AKGC417L__3,wheeze_score,0.6650110375,0
M39,train,cycle,130_3b4_Pr_mc_AKGC417L__4,wheeze_score,0.5054644809,0
M39,train,cycle,130_3p2_Al_mc_AKGC417L__0,wheeze_score,0.8579272478,0
M39,train,cycle,130_3p2_Al_mc_AKGC417L__1,wheeze_score,0.8079424855,0
M39,train,cycle,130_3p2_Al_mc_AKGC417L__2,wheeze_score,0.8242950108,0
M39,train,cycle,130_3p2_Al_mc_AKGC417L__3,wheeze_score,0.7750659631,0
M39,train,cycle,130_3p2_Al_mc_AKGC417L__4,wheeze_score,0.6129597198,0
M39,train,cycle,130_3p2_Al_mc_AKGC417L__5,wheeze_score,0.724887815,0
M39,train,cycle,130_3p2_Al_mc_AKGC417L__6,wheeze_score,0.7746979389,0
M39,train,cycle,130_3p2_Ar_mc_AKGC417L__0,wheeze_score,0.754975978,0
M39,train,cycle,130_3p2_Ar_mc_AKGC417L__1,wheeze_score,0.729202328,0
M39,train,cycle,130_3p2_Ar_mc_AKGC417L__2,wheeze_score,0.748373102,0
M39,train,cycle,130_3p2_Ar_mc_AKGC417L__3,wheeze_score,0.7091029024,0
M39,train,cycle,130_3p2_Ar_mc_AKGC417L__4,wheeze_score,0.6584938704,0
M39,train,cycle,130_3p2_Ar_mc_AKGC417L__5,wheeze_score,0.7041767346,0
M39,train,cycle,130_3p2_Ar_mc_AKGC417L__6,wheeze_score,0.6112295665,0
M39,train,cycle,130_3p2_Pl_mc_AKGC417L__0,wheeze_score,0.8098833219,0
M39,train,cycle,130_3p2_Pl_mc_AKGC417L__1,wheeze_score,0.7805546046,0
M39,train,cycle,130_3p2_Pl_mc_AKGC417L__2,wheeze_score,0.8242950108,0
M39,train,cycle,130_3p2_Pl_mc_AKGC417L__3,wheeze_score,0.77176781,0
M39,train,cycle,130_3p2_Pl_mc_AKGC417L__4,wheeze_score,0.7775831874,0
M39,train,cycle,130_3p2_Pl_mc_AKGC417L__5,wheeze_score,0.869865378,0
M39,train,cycle,130_3p2_Pl_mc_AKGC417L__6,wheeze_score,0.5614783227,0
M39,train,cycle,130_3p2_Pr_mc_AKGC417L__0,wheeze_score,0.9746053535,0
M39,train,cycle,130_3p2_Pr_mc_AKGC417L__1,wheeze_score,0.9791167408,0
M39,train,cycle,130_3p2_Pr_mc_AKGC417L__2,wheeze_score,0.9689081706,0
M39,train,cycle,130_3p2_Pr_mc_AKGC417L__3,wheeze_score,0.9828496042,0
M39,train,cycle,130_3p2_Pr_mc_AKGC417L__4,wheeze_score,0.9667250438,0
M39,train,cycle,130_3p2_Pr_mc_AKGC417L__5,wheeze_score,0.9699689334,0
M39,train,cycle,130_3p2_Pr_mc_AKGC417L__6,wheeze_score,0.9452736318,0
M39,train,cycle,130_3p2_Tc_mc_AKGC417L__0,wheeze_score,0.3088538092,0
M39,train,cycle,130_3p2_Tc_mc_AKGC417L__1,wheeze_score,0.5135227662,0
M39,train,cycle,130_3p2_Tc_mc_AKGC417L__2,wheeze_score,0.3362255965,0
M39,train,cycle,130_3p2_Tc_mc_AKGC417L__3,wheeze_score,0.5046174142,0
M39,train,cycle,130_3p2_Tc_mc_AKGC417L__4,wheeze_score,0.1891418564,0
M39,train,cycle,130_3p2_Tc_mc_AKGC417L__5,wheeze_score,0.3417328271,0
M39,train,cycle,130_3p2_Tc_mc_AKGC417L__6,wheeze_score,0.5117270789,0
M39,train,cycle,130_3p3_Al_mc_AKGC417L__0,wheeze_score,0.794892916,0
M39,train,cycle,130_3p3_Al_mc_AKGC417L__1,wheeze_score,0.7547838412,0
M39,train,cycle,130_3p3_Al_mc_AKGC417L__2,wheeze_score,0.8119507909,0
M39,train,cycle,130_3p3_Al_mc_AKGC417L__3,wheeze_score,0.5577956989,0
M39,train,cycle,130_3p3_Al_mc_AKGC417L__4,wheeze_score,0.6793279766,0
M39,train,cycle,130_3p3_Al_mc_AKGC417L__5,wheeze_score,0.7346221441,0
M39,train,cycle,130_3p3_Al_mc_AKGC417L__6,wheeze_score,0.6078706957,1
M39,train,cycle,130_3p3_Pl_mc_AKGC417L__0,wheeze_score,0.8031301483,0
M39,train,cycle,130_3p3_Pl_mc_AKGC417L__1,wheeze_score,0.6236711552,0
M39,train,cycle,130_3p3_Pl_mc_AKGC417L__2,wheeze_score,0.7978910369,0
M39,train,cycle,130_3p3_Pl_mc_AKGC417L__3,wheeze_score,0.6821236559,0
M39,train,cycle,130_3p3_Pl_mc_AKGC417L__4,wheeze_score,0.8290723156,0
M39,train,cycle,130_3p3_Pl_mc_AKGC417L__5,wheeze_score,0.6959578207,0
M39,train,cycle,130_3p3_Pl_mc_AKGC417L__6,wheeze_score,0.8362614195,1
M39,train,cycle,130_3p3_Pr_mc_AKGC417L__0,wheeze_score,0.7742998353,0
M39,train,cycle,130_3p3_Pr_mc_AKGC417L__1,wheeze_score,0.7973068746,0
M39,train,cycle,130_3p3_Pr_mc_AKGC417L__2,wheeze_score,0.927943761,0
M39,train,cycle,130_3p3_Pr_mc_AKGC417L__3,wheeze_score,0.8198924731,1
M39,train,cycle,130_3p3_Pr_mc_AKGC417L__4,wheeze_score,0.8838568298,0
M39,train,cycle,130_3p3_Pr_mc_AKGC417L__5,wheeze_score,0.776801406,0
M39,train,cycle,130_3p3_Pr_mc_AKGC417L__6,wheeze_score,0.776528461,0
M39,train,cycle,130_3p3_Tc_mc_AKGC417L__0,wheeze_score,0.2635914333,0
M39,train,cycle,130_3p3_Tc_mc_AKGC417L__1,wheeze_score,0.3330970943,0
M39,train,cycle,130_3p3_Tc_mc_AKGC417L__2,wheeze_score,0.3760984183,0
M39,train,cycle,130_3p3_Tc_mc_AKGC417L__3,wheeze_score,0.1411290323,0
M39,train,cycle,130_3p3_Tc_mc_AKGC417L__4,wheeze_score,0.3287070855,0
M39,train,cycle,130_3p3_Tc_mc_AKGC417L__5,wheeze_score,0.4007029877,0
M39,train,cycle,130_3p3_Tc_mc_AKGC417L__6,wheeze_score,0.4146170063,1
M39,train,cycle,130_3p4_Al_mc_AKGC417L__0,wheeze_score,0.6537438236,1
M39,train,cycle,130_3p4_Al_mc_AKGC417L__1,wheeze_score,0.6996033177,1
M39,train,cycle,130_3p4_Al_mc_AKGC417L__2,wheeze_score,0.6811881188,0
M39,train,cycle,130_3p4_Al_mc_AKGC417L__3,wheeze_score,0.7242136064,0
M39,train,cycle,130_3p4_Al_mc_AKGC417L__4,wheeze_score,0.8421450151,0
M39,train,cycle,130_3p4_Al_mc_AKGC417L__5,wheeze_score,0.8090075063,0
M39,train,cycle,130_3p4_Al_mc_AKGC417L__6,wheeze_score,0.8063838723,0
M39,train,cycle,130_3p4_Al_mc_AKGC417L__7,wheeze_score,0.7899807322,0
M39,train,cycle,130_3p4_Pl_mc_AKGC417L__0,wheeze_score,0.661345496,0
M39,train,cycle,130_3p4_Pl_mc_AKGC417L__1,wheeze_score,0.6058420483,0
M39,train,cycle,130_3p4_Pl_mc_AKGC417L__2,wheeze_score,0.803960396,1
M39,train,cycle,130_3p4_Pl_mc_AKGC417L__3,wheeze_score,0.7937088515,1
M39,train,cycle,130_3p4_Pl_mc_AKGC417L__4,wheeze_score,0.8232628399,1
M39,train,cycle,130_3p4_Pl_mc_AKGC417L__5,wheeze_score,0.7506255213,0
M39,train,cycle,130_3p4_Pl_mc_AKGC417L__6,wheeze_score,0.8525829483,0
M39,train,cycle,130_3p4_Pl_mc_AKGC417L__7,wheeze_score,0.732177264,0
M39,train,cycle,130_3p4_Pr_mc_AKGC417L__0,wheeze_score,0.8209806157,1
M39,train,cycle,130_3p4_Pr_mc_AKGC417L__1,wheeze_score,0.9195816805,1
M39,train,cycle,130_3p4_Pr_mc_AKGC417L__2,wheeze_score,0.8475247525,0
M39,train,cycle,130_3p4_Pr_mc_AKGC417L__3,wheeze_score,0.8997805413,0
M39,train,cycle,130_3p4_Pr_mc_AKGC417L__4,wheeze_score,0.8987915408,0
M39,train,cycle,130_3p4_Pr_mc_AKGC417L__5,wheeze_score,0.9549624687,0
M39,train,cycle,130_3p4_Pr_mc_AKGC417L__6,wheeze_score,0.9617807644,0
M39,train,cycle,130_3p4_Pr_mc_AKGC417L__7,wheeze_score,0.8863198459,0
M39,train,cycle,130_3p4_Tc_mc_AKGC417L__0,wheeze_score,0.2546560243,1
M39,train,cycle,130_3p4_Tc_mc_AKGC417L__1,wheeze_score,0.4940497656,1
M39,train,cycle,130_3p4_Tc_mc_AKGC417L__2,wheeze_score,0.2693069307,1
M39,train,cycle,130_3p4_Tc_mc_AKGC417L__3,wheeze_score,0.3621068032,1
M39,train,cycle,130_3p4_Tc_mc_AKGC417L__4,wheeze_score,0.1321752266,1
M39,train,cycle,130_3p4_Tc_mc_AKGC417L__5,wheeze_score,0.2627189324,0
M39,train,cycle,130_3p4_Tc_mc_AKGC417L__6,wheeze_score,0.5627887442,0
M39,train,cycle,130_3p4_Tc_mc_AKGC417L__7,wheeze_score,0.5105973025,0
M39,train,cycle,131_1b1_Al_sc_Meditron__0,wheeze_score,0.7923076923,0
M39,train,cycle,131_1b1_Al_sc_Meditron__1,wheeze_score,0.5599513086,0
M39,train,cycle,131_1b1_Al_sc_Meditron__2,wheeze_score,0.5979581915,1
M39,train,cycle,131_1b1_Al_sc_Meditron__3,wheeze_score,0.4158004158,0
M39,train,cycle,131_1b1_Al_sc_Meditron__4,wheeze_score,0.4993065187,0
M39,train,cycle,131_1b1_Al_sc_Meditron__5,wheeze_score,0.5662059741,0
M39,train,cycle,131_1b1_Al_sc_Meditron__6,wheeze_score,0.4143337066,0
M39,train,cycle,131_1b1_Al_sc_Meditron__7,wheeze_score,0.4367301232,0
M39,train,cycle,131_1b1_Al_sc_Meditron__8,wheeze_score,0.884,0
M39,train,cycle,131_1b1_Al_sc_Meditron__9,wheeze_score,0.523138833,1
M39,train,cycle,131_1b1_Al_sc_Meditron__10,wheeze_score,0.5961844197,0
M39,train,cycle,132_2b1_Lr_mc_LittC2SE__0,wheeze_score,0.7182320442,0
M39,train,cycle,132_2b1_Lr_mc_LittC2SE__1,wheeze_score,0.7103825137,0
M39,train,cycle,132_2b1_Lr_mc_LittC2SE__2,wheeze_score,0.5812473483,0
M39,train,cycle,132_2b1_Lr_mc_LittC2SE__3,wheeze_score,0.7535245503,0
M39,train,cycle,132_2b1_Lr_mc_LittC2SE__4,wheeze_score,0.910722297,0
M39,train,cycle,132_2b1_Lr_mc_LittC2SE__5,wheeze_score,0.7958333333,0
M39,train,cycle,132_2b1_Lr_mc_LittC2SE__6,wheeze_score,0.9108341323,0
M39,train,cycle,132_2b1_Lr_mc_LittC2SE__7,wheeze_score,0.6954971021,0
M39,train,cycle,132_2b1_Lr_mc_LittC2SE__8,wheeze_score,0.7102708227,0
M39,train,cycle,132_2b2_Lr_mc_LittC2SE__0,wheeze_score,0.8508346796,0
M39,train,cycle,132_2b2_Lr_mc_LittC2SE__1,wheeze_score,0.8387395737,0
M39,train,cycle,132_2b2_Lr_mc_LittC2SE__2,wheeze_score,0.7450628366,0
M39,train,cycle,132_2b2_Lr_mc_LittC2SE__3,wheeze_score,0.7086614173,0
M39,train,cycle,132_2b2_Lr_mc_LittC2SE__4,wheeze_score,0.8498458829,0
M39,train,cycle,132_2b2_Lr_mc_LittC2SE__5,wheeze_score,0.5456800331,0
M39,train,cycle,132_2b2_Lr_mc_LittC2SE__6,wheeze_score,0.8671952428,0
M39,train,cycle,132_2b2_Lr_mc_LittC2SE__7,wheeze_score,0.6550218341,0
M39,train,cycle,132_2b2_Lr_mc_LittC2SE__8,wheeze_score,0.6467223933,0
M39,train,cycle,132_2b2_Lr_mc_LittC2SE__9,wheeze_score,0.408719346,0
M39,train,cycle,134_2b1_Al_mc_LittC2SE__0,wheeze_score,0.8146528157,0
M39,train,cycle,134_2b1_Al_mc_LittC2SE__1,wheeze_score,0.732177264,0
M39,train,cycle,134_2b1_Al_mc_LittC2SE__2,wheeze_score,0.8558371417,0
M39,train,cycle,134_2b1_Al_mc_LittC2SE__3,wheeze_score,0.6959854751,0
M39,train,cycle,134_2b1_Al_mc_LittC2SE__4,wheeze_score,0.6533624932,0
M39,train,cycle,134_2b1_Ar_mc_LittC2SE__0,wheeze_score,0.2453620586,0
M39,train,cycle,134_2b1_Ar_mc_LittC2SE__1,wheeze_score,0.3720832457,0
M39,train,cycle,134_2b1_Ar_mc_LittC2SE__2,wheeze_score,0.3748188031,0
M39,train,cycle,134_2b1_Ar_mc_LittC2SE__3,wheeze_score,0.3550534598,0
M39,train,cycle,134_2b1_Ar_mc_LittC2SE__4,wheeze_score,0.2584814216,0
M39,train,cycle,134_2b2_Al_mc_LittC2SE__0,wheeze_score,0.9343065693,0
M39,train,cycle,134_2b2_Al_mc_LittC2SE__1,wheeze_score,0.7612966601,0
M39,train,cycle,134_2b2_Al_mc_LittC2SE__2,wheeze_score,0.7825370675,0
M39,train,cycle,134_2b2_Al_mc_LittC2SE__3,wheeze_score,0.8859764089,0
M39,train,cycle,134_2b2_Al_mc_LittC2SE__4,wheeze_score,0.734741105,0
M39,train,cycle,134_2b2_Al_mc_LittC2SE__5,wheeze_score,0.7923076923,0
M39,train,cycle,134_2b2_Al_mc_LittC2SE__6,wheeze_score,0.269541779,0
M39,train,cycle,134_2b2_Ar_mc_LittC2SE__0,wheeze_score,0.5827505828,0
M39,train,cycle,134_2b2_Ar_mc_LittC2SE__1,wheeze_score,0.05274514505,0
M39,train,cycle,134_2b2_Ar_mc_LittC2SE__2,wheeze_score,0.2945945946,0
M39,train,cycle,134_2b2_Ar_mc_LittC2SE__3,wheeze_score,0.3409971584,0
M39,train,cycle,134_2b2_Ar_mc_LittC2SE__4,wheeze_score,0.3982430454,0
M39,train,cycle,134_2b2_Ar_mc_LittC2SE__5,wheeze_score,0.1595881596,0
M39,train,cycle,134_2b2_Ar_mc_LittC2SE__6,wheeze_score,0.7860262009,0
M39,train,cycle,134_2b3_Ar_mc_LittC2SE__0,wheeze_score,0.7072987208,0
M39,train,cycle,134_2b3_Ar_mc_LittC2SE__1,wheeze_score,0.4257142857,0
M39,train,cycle,134_2b3_Ar_mc_LittC2SE__2,wheeze_score,0.5159883721,0
M39,train,cycle,134_2b3_Ar_mc_LittC2SE__3,wheeze_score,0.5237231009,1
M39,train,cycle,134_2b3_Ar_mc_LittC2SE__4,wheeze_score,0.4705604162,0
M39,train,cycle,134_2b3_Ar_mc_LittC2SE__5,wheeze_score,0.5232155232,0
M39,train,cycle,135_2b1_Al_mc_LittC2SE__0,wheeze_score,0.8916478555,0
M39,train,cycle,135_2b1_Al_mc_LittC2SE__1,wheeze_score,0.5741827326,0
M39,train,cycle,135_2b1_Al_mc_LittC2SE__2,wheeze_score,0.356131121,0
M39,train,cycle,135_2b1_Al_mc_LittC2SE__3,wheeze_score,0.6125696102,0
M39,train,cycle,135_2b1_Al_mc_LittC2SE__4,wheeze_score,0.4819782062,0
M39,train,cycle,135_2b1_Al_mc_LittC2SE__5,wheeze_score,0.5915387495,0
M39,train,cycle,135_2b1_Al_mc_LittC2SE__6,wheeze_score,0.7591178965,0
M39,train,cycle,135_2b1_Al_mc_LittC2SE__7,wheeze_score,0.5842997324,0
M39,train,cycle,135_2b1_Al_mc_LittC2SE__8,wheeze_score,0.7540660424,0
M39,train,cycle,135_2b1_Ar_mc_LittC2SE__0,wheeze_score,0.8474576271,0
M39,train,cycle,135_2b1_Ar_mc_LittC2SE__1,wheeze_score,0.5581794762,0
M39,train,cycle,135_2b1_Ar_mc_LittC2SE__2,wheeze_score,0.5794768612,0
M39,train,cycle,135_2b1_Ar_mc_LittC2SE__3,wheeze_score,0.6509357201,0
M39,train,cycle,135_2b1_Ar_mc_LittC2SE__4,wheeze_score,0.5099150142,0
M39,train,cycle,135_2b1_Ar_mc_LittC2SE__5,wheeze_score,0.6465187452,0
M39,train,cycle,135_2b1_Ar_mc_LittC2SE__6,wheeze_score,0.3115663679,0
M39,train,cycle,135_2b1_Ar_mc_LittC2SE__7,wheeze_score,0.4342046965,0
M39,train,cycle,135_2b1_Ar_mc_LittC2SE__8,wheeze_score,0.4314477469,0
M39,train,cycle,135_2b1_Pl_mc_LittC2SE__0,wheeze_score,0.6287069988,0
M39,train,cycle,135_2b1_Pl_mc_LittC2SE__1,wheeze_score,0.3125,0
M39,train,cycle,135_2b1_Pl_mc_LittC2SE__2,wheeze_score,0.5738705739,0
M39,train,cycle,135_2b1_Pl_mc_LittC2SE__3,wheeze_score,0.6409752261,0
M39,train,cycle,135_2b1_Pl_mc_LittC2SE__4,wheeze_score,0.5916666667,0
M39,train,cycle,135_2b1_Pl_mc_LittC2SE__5,wheeze_score,0.7148148148,0
M39,train,cycle,135_2b1_Pl_mc_LittC2SE__6,wheeze_score,0.4451166811,0
M39,train,cycle,135_2b1_Pl_mc_LittC2SE__7,wheeze_score,0.4483074108,0
M39,train,cycle,135_2b1_Pl_mc_LittC2SE__8,wheeze_score,0.7049734428,0
M39,train,cycle,135_2b1_Tc_mc_LittC2SE__0,wheeze_score,0.5666666667,0
M39,train,cycle,135_2b1_Tc_mc_LittC2SE__1,wheeze_score,0.5676483141,0
M39,train,cycle,135_2b1_Tc_mc_LittC2SE__2,wheeze_score,0.664,0
M39,train,cycle,135_2b1_Tc_mc_LittC2SE__3,wheeze_score,0.6205250597,0
M39,train,cycle,135_2b1_Tc_mc_LittC2SE__4,wheeze_score,0.5134575569,0
M39,train,cycle,135_2b1_Tc_mc_LittC2SE__5,wheeze_score,0.6664170723,0
M39,train,cycle,135_2b1_Tc_mc_LittC2SE__6,wheeze_score,0.6533729317,0
M39,train,cycle,135_2b1_Tc_mc_LittC2SE__7,wheeze_score,0.4695652174,0
M39,train,cycle,135_2b1_Tc_mc_LittC2SE__8,wheeze_score,0.4190086868,0
M39,train,cycle,135_2b2_Al_mc_LittC2SE__0,wheeze_score,0.9010773751,0
M39,train,cycle,135_2b2_Al_mc_LittC2SE__1,wheeze_score,0.8929247068,0
M39,train,cycle,135_2b2_Al_mc_LittC2SE__2,wheeze_score,0.6963591375,0
M39,train,cycle,135_2b2_Al_mc_LittC2SE__3,wheeze_score,0.5579246624,0
M39,train,cycle,135_2b2_Al_mc_LittC2SE__4,wheeze_score,0.7166556072,0
M39,train,cycle,135_2b2_Al_mc_LittC2SE__5,wheeze_score,0.6746911625,0
M39,train,cycle,135_2b2_Al_mc_LittC2SE__6,wheeze_score,0.7975921746,0
M39,train,cycle,135_2b2_Al_mc_LittC2SE__7,wheeze_score,0,0
M39,train,cycle,135_2b2_Ar_mc_LittC2SE__0,wheeze_score,0.6842105263,0
M39,train,cycle,135_2b2_Ar_mc_LittC2SE__1,wheeze_score,0.8101173021,0
M39,train,cycle,135_2b2_Ar_mc_LittC2SE__2,wheeze_score,0.7455372769,0
M39,train,cycle,135_2b2_Ar_mc_LittC2SE__3,wheeze_score,0.8377518558,0
M39,train,cycle,135_2b2_Ar_mc_LittC2SE__4,wheeze_score,0.6896551724,0
M39,train,cycle,135_2b2_Ar_mc_LittC2SE__5,wheeze_score,0.7742134485,0
M39,train,cycle,135_2b2_Ar_mc_LittC2SE__6,wheeze_score,0.6923950057,0
M39,train,cycle,135_2b2_Ar_mc_LittC2SE__7,wheeze_score,0.325,0
M39,train,cycle,135_2b2_Pl_mc_LittC2SE__0,wheeze_score,0.6110190555,0
M39,train,cycle,135_2b2_Pl_mc_LittC2SE__1,wheeze_score,0.6481481481,0
M39,train,cycle,135_2b2_Pl_mc_LittC2SE__2,wheeze_score,0.4353650368,0
M39,train,cycle,135_2b2_Pl_mc_LittC2SE__3,wheeze_score,0.5407279029,0
M39,train,cycle,135_2b2_Pl_mc_LittC2SE__4,wheeze_score,0.4173354735,0
M39,train,cycle,135_2b2_Pl_mc_LittC2SE__5,wheeze_score,0.4851851852,0
M39,train,cycle,135_2b2_Pl_mc_LittC2SE__6,wheeze_score,0,0
M39,train,cycle,135_2b2_Tc_mc_LittC2SE__0,wheeze_score,0.8543489449,0
M39,train,cycle,135_2b2_Tc_mc_LittC2SE__1,wheeze_score,0.943257185,0
M39,train,cycle,135_2b2_Tc_mc_LittC2SE__2,wheeze_score,0.7275862069,0
M39,train,cycle,135_2b2_Tc_mc_LittC2SE__3,wheeze_score,0.7426881367,0
M39,train,cycle,135_2b2_Tc_mc_LittC2SE__4,wheeze_score,0.7508161045,0
M39,train,cycle,135_2b2_Tc_mc_LittC2SE__5,wheeze_score,0.5372842722,0
M39,train,cycle,135_2b2_Tc_mc_LittC2SE__6,wheeze_score,0.565897245,0
M39,train,cycle,135_2b2_Tc_mc_LittC2SE__7,wheeze_score,0.225,0
M39,train,cycle,135_2b3_Al_mc_LittC2SE__0,wheeze_score,0.695970696,0
M39,train,cycle,135_2b3_Al_mc_LittC2SE__1,wheeze_score,0.5528310299,0
M39,train,cycle,135_2b3_Al_mc_LittC2SE__2,wheeze_score,0.6413730804,0
M39,train,cycle,135_2b3_Al_mc_LittC2SE__3,wheeze_score,0.3729281768,0
M39,train,cycle,135_2b3_Al_mc_LittC2SE__4,wheeze_score,0.6086729363,0
M39,train,cycle,135_2b3_Al_mc_LittC2SE__5,wheeze_score,0.4946336911,0
M39,train,cycle,135_2b3_Al_mc_LittC2SE__6,wheeze_score,0.547826087,0
M39,train,cycle,135_2b3_Al_mc_LittC2SE__7,wheeze_score,0.6860036832,0
M39,train,cycle,135_2b3_Al_mc_LittC2SE__8,wheeze_score,0,0
M39,train,cycle,135_2b3_Ar_mc_LittC2SE__0,wheeze_score,0.4281597365,0
M39,train,cycle,135_2b3_Ar_mc_LittC2SE__1,wheeze_score,0.7865168539,0
M39,train,cycle,135_2b3_Ar_mc_LittC2SE__2,wheeze_score,0.6494702902,0
M39,train,cycle,135_2b3_Ar_mc_LittC2SE__3,wheeze_score,0.3406439571,0
M39,train,cycle,135_2b3_Ar_mc_LittC2SE__4,wheeze_score,0.6710526316,0
M39,train,cycle,135_2b3_Ar_mc_LittC2SE__5,wheeze_score,0.815948076,0
M39,train,cycle,135_2b3_Ar_mc_LittC2SE__6,wheeze_score,0.6018724922,0
M39,train,cycle,135_2b3_Ar_mc_LittC2SE__7,wheeze_score,0.4549431321,0
M39,train,cycle,135_2b3_Ar_mc_LittC2SE__8,wheeze_score,0,0
M39,train,cycle,135_2b3_Pl_mc_LittC2SE__0,wheeze_score,0.2534364261,0
M39,train,cycle,135_2b3_Pl_mc_LittC2SE__1,wheeze_score,0.2217391304,0
M39,train,cycle,135_2b3_Pl_mc_LittC2SE__2,wheeze_score,0.6200093941,0
M39,train,cycle,135_2b3_Pl_mc_LittC2SE__3,wheeze_score,0.1671183379,0
M39,train,cycle,135_2b3_Pl_mc_LittC2SE__4,wheeze_score,0.4029692471,0
M39,train,cycle,135_2b3_Pl_mc_LittC2SE__5,wheeze_score,0.3454545455,0
M39,train,cycle,135_2b3_Pl_mc_LittC2SE__6,wheeze_score,0.4561878952,0
M39,train,cycle,135_2b3_Pl_mc_LittC2SE__7,wheeze_score,0.4146232724,0
M39,train,cycle,135_2b3_Pl_mc_LittC2SE__8,wheeze_score,0.4956268222,0
M39,train,cycle,135_2b3_Pr_mc_LittC2SE__0,wheeze_score,0.3377265239,0
M39,train,cycle,135_2b3_Pr_mc_LittC2SE__1,wheeze_score,0.5439144004,0
M39,train,cycle,135_2b3_Pr_mc_LittC2SE__2,wheeze_score,0.5204127411,0
M39,train,cycle,135_2b3_Pr_mc_LittC2SE__3,wheeze_score,0.2441271304,0
M39,train,cycle,135_2b3_Pr_mc_LittC2SE__4,wheeze_score,0.3789473684,0
M39,train,cycle,135_2b3_Pr_mc_LittC2SE__5,wheeze_score,0.3359776015,0
M39,train,cycle,135_2b3_Pr_mc_LittC2SE__6,wheeze_score,0.2215330084,0
M39,train,cycle,135_2b3_Pr_mc_LittC2SE__7,wheeze_score,0.5916892502,0
M39,train,cycle,135_2b3_Pr_mc_LittC2SE__8,wheeze_score,0,0
M39,train,cycle,135_2b3_Tc_mc_LittC2SE__0,wheeze_score,0.6347826087,0
M39,train,cycle,135_2b3_Tc_mc_LittC2SE__1,wheeze_score,0.6391304348,0
M39,train,cycle,135_2b3_Tc_mc_LittC2SE__2,wheeze_score,0.5573468448,0
M39,train,cycle,135_2b3_Tc_mc_LittC2SE__3,wheeze_score,0.7372841811,0
M39,train,cycle,135_2b3_Tc_mc_LittC2SE__4,wheeze_score,0.8333333333,0
M39,train,cycle,135_2b3_Tc_mc_LittC2SE__5,wheeze_score,0.6766215586,0
M39,train,cycle,135_2b3_Tc_mc_LittC2SE__6,wheeze_score,0.6914212548,0
M39,train,cycle,135_2b3_Tc_mc_LittC2SE__7,wheeze_score,0.6687472136,0
M39,train,cycle,135_2b3_Tc_mc_LittC2SE__8,wheeze_score,0.4938271605,0
M39,train,cycle,137_1b1_Ar_sc_Meditron__0,wheeze_score,0.9015059015,0
M39,train,cycle,137_1b1_Ar_sc_Meditron__1,wheeze_score,0.7548032937,0
M39,train,cycle,137_1b1_Ar_sc_Meditron__2,wheeze_score,0.8034111311,0
M39,train,cycle,137_1b1_Ar_sc_Meditron__3,wheeze_score,0.6999161777,0
M39,train,cycle,137_1b1_Ar_sc_Meditron__4,wheeze_score,0.6950562898,0
M39,train,cycle,137_1b1_Ar_sc_Meditron__5,wheeze_score,0.7846633972,0
M39,train,cycle,137_1b1_Ar_sc_Meditron__6,wheeze_score,0.7930367505,0
M39,train,cycle,137_1b1_Ar_sc_Meditron__7,wheeze_score,0.7148231753,0
M39,train,cycle,137_1b1_Ll_sc_Meditron__0,wheeze_score,0.9531502423,0
M39,train,cycle,137_1b1_Ll_sc_Meditron__1,wheeze_score,0.8877667851,0
M39,train,cycle,137_1b1_Ll_sc_Meditron__2,wheeze_score,0.7836734694,0
M39,train,cycle,137_1b1_Ll_sc_Meditron__3,wheeze_score,0.6816297355,0
M39,train,cycle,137_1b1_Ll_sc_Meditron__4,wheeze_score,0.7542695836,0
M39,train,cycle,137_1b1_Ll_sc_Meditron__5,wheeze_score,0.8357142857,0
M39,train,cycle,137_1b1_Ll_sc_Meditron__6,wheeze_score,0.8625,0
M39,train,cycle,137_1b1_Ll_sc_Meditron__7,wheeze_score,0.8748317631,0
M39,train,cycle,137_1b1_Ll_sc_Meditron__8,wheeze_score,0.7922616306,0
M39,train,cycle,138_1p2_Al_mc_AKGC417L__0,wheeze_score,0.5680539933,1
M39,train,cycle,138_1p2_Al_mc_AKGC417L__1,wheeze_score,0.7584541063,0
M39,train,cycle,138_1p2_Al_mc_AKGC417L__2,wheeze_score,0.7348863006,0
M39,train,cycle,138_1p2_Al_mc_AKGC417L__3,wheeze_score,0.6915023131,0
M39,train,cycle,138_1p2_Al_mc_AKGC417L__4,wheeze_score,0.6770688214,0
M39,train,cycle,138_1p2_Ar_mc_AKGC417L__0,wheeze_score,0.6327334083,0
M39,train,cycle,138_1p2_Ar_mc_AKGC417L__1,wheeze_score,0.4927536232,0
M39,train,cycle,138_1p2_Ar_mc_AKGC417L__2,wheeze_score,0.2717692734,0
M39,train,cycle,138_1p2_Ar_mc_AKGC417L__3,wheeze_score,0.4942780618,0
M39,train,cycle,138_1p2_Ar_mc_AKGC417L__4,wheeze_score,0.4040122597,0
M39,train,cycle,138_1p2_Ll_mc_AKGC417L__0,wheeze_score,0.6355455568,0
M39,train,cycle,138_1p2_Ll_mc_AKGC417L__1,wheeze_score,0.6714975845,0
M39,train,cycle,138_1p2_Ll_mc_AKGC417L__2,wheeze_score,0.3937881309,0
M39,train,cycle,138_1p2_Ll_mc_AKGC417L__3,wheeze_score,0.698806915,0
M39,train,cycle,138_1p2_Ll_mc_AKGC417L__4,wheeze_score,0.5628308721,0
M39,train,cycle,138_1p2_Lr_mc_AKGC417L__0,wheeze_score,0.3374578178,1
M39,train,cycle,138_1p2_Lr_mc_AKGC417L__1,wheeze_score,0.2753623188,0
M39,train,cycle,138_1p2_Lr_mc_AKGC417L__2,wheeze_score,0.4159733777,0
M39,train,cycle,138_1p2_Lr_mc_AKGC417L__3,wheeze_score,0.3189676163,0
M39,train,cycle,138_1p2_Lr_mc_AKGC417L__4,wheeze_score,0.206185567,0
M39,train,cycle,138_1p2_Pl_mc_AKGC417L__0,wheeze_score,0.7845894263,1
M39,train,cycle,138_1p2_Pl_mc_AKGC417L__1,wheeze_score,0.7367149758,0
M39,train,cycle,138_1p2_Pl_mc_AKGC417L__2,wheeze_score,0.8374930671,0
M39,train,cycle,138_1p2_Pl_mc_AKGC417L__3,wheeze_score,0.7158509861,0
M39,train,cycle,138_1p2_Pl_mc_AKGC417L__4,wheeze_score,0.7968793536,0
M39,train,cycle,138_1p2_Pr_mc_AKGC417L__0,wheeze_score,0.8886389201,1
M39,train,cycle,138_1p2_Pr_mc_AKGC417L__1,wheeze_score,0.8019323671,1
M39,train,cycle,138_1p2_Pr_mc_AKGC417L__2,wheeze_score,0.7875762618,0
M39,train,cycle,138_1p2_Pr_mc_AKGC417L__3,wheeze_score,0.7134161188,0
M39,train,cycle,138_1p2_Pr_mc_AKGC417L__4,wheeze_score,0.7829478963,0
M39,train,cycle,138_1p2_Tc_mc_AKGC417L__0,wheeze_score,0.2193475816,0
M39,train,cycle,138_1p2_Tc_mc_AKGC417L__1,wheeze_score,0.1618357488,0
M39,train,cycle,138_1p2_Tc_mc_AKGC417L__2,wheeze_score,0.149750416,0
M39,train,cycle,138_1p2_Tc_mc_AKGC417L__3,wheeze_score,0.3262722182,1
M39,train,cycle,138_1p2_Tc_mc_AKGC417L__4,wheeze_score,0.09473390917,0
M39,train,cycle,138_1p3_Al_mc_AKGC417L__0,wheeze_score,0.632231405,0
M39,train,cycle,138_1p3_Al_mc_AKGC417L__1,wheeze_score,0.624853183,0
M39,train,cycle,138_1p3_Al_mc_AKGC417L__2,wheeze_score,0.7128712871,0
M39,train,cycle,138_1p3_Al_mc_AKGC417L__3,wheeze_score,0.7196329389,0
M39,train,cycle,138_1p3_Al_mc_AKGC417L__4,wheeze_score,0.9211927583,0
M39,train,cycle,138_1p3_Ar_mc_AKGC417L__0,wheeze_score,0.5785123967,0
M39,train,cycle,138_1p3_Ar_mc_AKGC417L__1,wheeze_score,0.7023725628,0
M39,train,cycle,138_1p3_Ar_mc_AKGC417L__2,wheeze_score,0.5742574257,0
M39,train,cycle,138_1p3_Ar_mc_AKGC417L__3,wheeze_score,0.6713354262,0
M39,train,cycle,138_1p3_Ar_mc_AKGC417L__4,wheeze_score,0.678913738,0
M39,train,cycle,138_1p3_Ll_mc_AKGC417L__0,wheeze_score,0.2272727273,0
M39,train,cycle,138_1p3_Ll_mc_AKGC417L__1,wheeze_score,0.6929762744,0
M39,train,cycle,138_1p3_Ll_mc_AKGC417L__2,wheeze_score,0.7475247525,0
M39,train,cycle,138_1p3_Ll_mc_AKGC417L__3,wheeze_score,0.5964742816,0
M39,train,cycle,138_1p3_Ll_mc_AKGC417L__4,wheeze_score,0.6043663472,0
M39,train,cycle,138_1p3_Lr_mc_AKGC417L__0,wheeze_score,0.5082644628,0
M39,train,cycle,138_1p3_Lr_mc_AKGC417L__1,wheeze_score,0.3241719521,0
M39,train,cycle,138_1p3_Lr_mc_AKGC417L__2,wheeze_score,0.5099009901,0
M39,train,cycle,138_1p3_Lr_mc_AKGC417L__3,wheeze_score,0.4660709973,0
M39,train,cycle,138_1p3_Lr_mc_AKGC417L__4,wheeze_score,0.4952076677,0
M39,train,cycle,138_1p3_Pl_mc_AKGC417L__0,wheeze_score,0.8925619835,1
M39,train,cycle,138_1p3_Pl_mc_AKGC417L__1,wheeze_score,0.6976744186,0
M39,train,cycle,138_1p3_Pl_mc_AKGC417L__2,wheeze_score,0.8985148515,0
M39,train,cycle,138_1p3_Pl_mc_AKGC417L__3,wheeze_score,0.8355469693,0
M39,train,cycle,138_1p3_Pl_mc_AKGC417L__4,wheeze_score,0.838658147,0
M39,train,cycle,138_1p3_Pr_mc_AKGC417L__0,wheeze_score,0.8347107438,0
M39,train,cycle,138_1p3_Pr_mc_AKGC417L__1,wheeze_score,0.7329105004,0
M39,train,cycle,138_1p3_Pr_mc_AKGC417L__2,wheeze_score,0.8217821782,0
M39,train,cycle,138_1p3_Pr_mc_AKGC417L__3,wheeze_score,0.8138130886,0
M39,train,cycle,138_1p3_Pr_mc_AKGC417L__4,wheeze_score,0.7827476038,0
M39,train,cycle,138_1p3_Tc_mc_AKGC417L__0,wheeze_score,0,0
M39,train,cycle,138_1p3_Tc_mc_AKGC417L__1,wheeze_score,0.1550387597,1
M39,train,cycle,138_1p3_Tc_mc_AKGC417L__2,wheeze_score,0.2252475248,0
M39,train,cycle,138_1p3_Tc_mc_AKGC417L__3,wheeze_score,0.2463173147,0
M39,train,cycle,138_1p3_Tc_mc_AKGC417L__4,wheeze_score,0.1570820021,0
M39,train,cycle,138_1p4_Ar_mc_AKGC417L__0,wheeze_score,0.5504352279,0
M39,train,cycle,138_1p4_Ar_mc_AKGC417L__1,wheeze_score,0.4725802376,0
M39,train,cycle,138_1p4_Ar_mc_AKGC417L__2,wheeze_score,0.4969110932,0
M39,train,cycle,138_1p4_Ar_mc_AKGC417L__3,wheeze_score,0.8910891089,0
M39,train,cycle,138_1p4_Ar_mc_AKGC417L__4,wheeze_score,0.6677265501,0
M39,train,cycle,138_1p4_Ll_mc_AKGC417L__0,wheeze_score,0.6195596518,0
M39,train,cycle,138_1p4_Ll_mc_AKGC417L__1,wheeze_score,0.7303512762,0
M39,train,cycle,138_1p4_Ll_mc_AKGC417L__2,wheeze_score,0.7735697019,0
M39,train,cycle,138_1p4_Ll_mc_AKGC417L__3,wheeze_score,0.8022340696,0
M39,train,cycle,138_1p4_Ll_mc_AKGC417L__4,wheeze_score,0.6094329624,0
M39,train,cycle,138_1p4_Lr_mc_AKGC417L__0,wheeze_score,0.3405017921,0
M39,train,cycle,138_1p4_Lr_mc_AKGC417L__1,wheeze_score,0.6317917614,0
M39,train,cycle,138_1p4_Lr_mc_AKGC417L__2,wheeze_score,0.5667472468,0
M39,train,cycle,138_1p4_Lr_mc_AKGC417L__3,wheeze_score,0.3554201574,0
M39,train,cycle,138_1p4_Lr_mc_AKGC417L__4,wheeze_score,0.4610492846,0
M39,train,cycle,138_1p4_Pl_mc_AKGC417L__0,wheeze_score,0.7885304659,1
M39,train,cycle,138_1p4_Pl_mc_AKGC417L__1,wheeze_score,0.8642911296,0
M39,train,cycle,138_1p4_Pl_mc_AKGC417L__2,wheeze_score,0.915928015,0
M39,train,cycle,138_1p4_Pl_mc_AKGC417L__3,wheeze_score,0.8783955319,0
M39,train,cycle,138_1p4_Pl_mc_AKGC417L__4,wheeze_score,0.741918389,0
M39,train,cycle,138_1p4_Pr_mc_AKGC417L__0,wheeze_score,0.8653353815,0
M39,train,cycle,138_1p4_Pr_mc_AKGC417L__1,wheeze_score,0.7455142785,0
M39,train,cycle,138_1p4_Pr_mc_AKGC417L__2,wheeze_score,0.8998119796,0
M39,train,cycle,138_1p4_Pr_mc_AKGC417L__3,wheeze_score,0.8809342473,0
M39,train,cycle,138_1p4_Pr_mc_AKGC417L__4,wheeze_score,0.9750927398,0
M39,train,cycle,138_1p4_Tc_mc_AKGC417L__0,wheeze_score,0.120327701,0
M39,train,cycle,138_1p4_Tc_mc_AKGC417L__1,wheeze_score,0.1162496841,0
M39,train,cycle,138_1p4_Tc_mc_AKGC417L__2,wheeze_score,0.1880204136,0
M39,train,cycle,138_1p4_Tc_mc_AKGC417L__3,wheeze_score,0.15486164,0
M39,train,cycle,138_1p4_Tc_mc_AKGC417L__4,wheeze_score,0.1907790143,0
M39,train,cycle,138_2p2_Al_mc_AKGC417L__0,wheeze_score,0.546875,0
M39,train,cycle,138_2p2_Al_mc_AKGC417L__1,wheeze_score,0.4273204904,0
M39,train,cycle,138_2p2_Al_mc_AKGC417L__2,wheeze_score,0.4509466437,0
M39,train,cycle,138_2p2_Al_mc_AKGC417L__3,wheeze_score,0.6371191136,0
M39,train,cycle,138_2p2_Al_mc_AKGC417L__4,wheeze_score,0.5074399084,0
M39,train,cycle,138_2p2_Al_mc_AKGC417L__5,wheeze_score,0.4773790952,0
M39,train,cycle,138_2p2_Al_mc_AKGC417L__6,wheeze_score,0.8658008658,0
M39,train,cycle,138_2p2_Ar_mc_AKGC417L__0,wheeze_score,0.3190104167,0
M39,train,cycle,138_2p2_Ar_mc_AKGC417L__1,wheeze_score,0.5253940455,0
M39,train,cycle,138_2p2_Ar_mc_AKGC417L__2,wheeze_score,0.7641996558,1
M39,train,cycle,138_2p2_Ar_mc_AKGC417L__3,wheeze_score,0.4813019391,0
M39,train,cycle,138_2p2_Ar_mc_AKGC417L__4,wheeze_score,0.4044257917,0
M39,train,cycle,138_2p2_Ar_mc_AKGC417L__5,wheeze_score,0.4680187207,0
M39,train,cycle,138_2p2_Ar_mc_AKGC417L__6,wheeze_score,0.7142857143,1
M39,train,cycle,138_2p2_Ll_mc_AKGC417L__0,wheeze_score,0.8854166667,0
M39,train,cycle,138_2p2_Ll_mc_AKGC417L__1,wheeze_score,0.6164623468,0
M39,train,cycle,138_2p2_Ll_mc_AKGC417L__2,wheeze_score,0.8640275387,0
M39,train,cycle,138_2p2_Ll_mc_AKGC417L__3,wheeze_score,0.7306094183,0
M39,train,cycle,138_2p2_Ll_mc_AKGC417L__4,wheeze_score,0.6600534147,0
M39,train,cycle,138_2p2_Ll_mc_AKGC417L__5,wheeze_score,0.7332293292,0
M39,train,cycle,138_2p2_Ll_mc_AKGC417L__6,wheeze_score,0.7142857143,0
M39,train,cycle,138_2p2_Lr_mc_AKGC417L__0,wheeze_score,0.8072916667,0
M39,train,cycle,138_2p2_Lr_mc_AKGC417L__1,wheeze_score,0.7530647986,0
M39,train,cycle,138_2p2_Lr_mc_AKGC417L__2,wheeze_score,0.7779690189,0
M39,train,cycle,138_2p2_Lr_mc_AKGC417L__3,wheeze_score,0.8275623269,0
M39,train,cycle,138_2p2_Lr_mc_AKGC417L__4,wheeze_score,0.6486074018,0
M39,train,cycle,138_2p2_Lr_mc_AKGC417L__5,wheeze_score,0.7769110764,0
M39,train,cycle,138_2p2_Lr_mc_AKGC417L__6,wheeze_score,0.772005772,0
M39,train,cycle,138_2p2_Pl_mc_AKGC417L__0,wheeze_score,0.8138020833,0
M39,train,cycle,138_2p2_Pl_mc_AKGC417L__1,wheeze_score,0.5954465849,0
M39,train,cycle,138_2p2_Pl_mc_AKGC417L__2,wheeze_score,0.8777969019,0
M39,train,cycle,138_2p2_Pl_mc_AKGC417L__3,wheeze_score,0.7756232687,0
M39,train,cycle,138_2p2_Pl_mc_AKGC417L__4,wheeze_score,0.8927890118,0
M39,train,cycle,138_2p2_Pl_mc_AKGC417L__5,wheeze_score,0.751950078,0
M39,train,cycle,138_2p2_Pl_mc_AKGC417L__6,wheeze_score,0.8297258297,0
M39,train,cycle,138_2p2_Pr_mc_AKGC417L__0,wheeze_score,0.8463541667,0
M39,train,cycle,138_2p2_Pr_mc_AKGC417L__1,wheeze_score,0.8931698774,0
M39,train,cycle,138_2p2_Pr_mc_AKGC417L__2,wheeze_score,0.7194492255,1
M39,train,cycle,138_2p2_Pr_mc_AKGC417L__3,wheeze_score,0.7236842105,0
M39,train,cycle,138_2p2_Pr_mc_AKGC417L__4,wheeze_score,0.6409767264,0
M39,train,cycle,138_2p2_Pr_mc_AKGC417L__5,wheeze_score,0.7550702028,0
M39,train,cycle,138_2p2_Pr_mc_AKGC417L__6,wheeze_score,0.8513708514,1
M39,train,cycle,138_2p2_Tc_mc_AKGC417L__0,wheeze_score,0.4947916667,0
M39,train,cycle,138_2p2_Tc_mc_AKGC417L__1,wheeze_score,0.3642732049,0
M39,train,cycle,138_2p2_Tc_mc_AKGC417L__2,wheeze_score,0.6127366609,0
M39,train,cycle,138_2p2_Tc_mc_AKGC417L__3,wheeze_score,0.682132964,0
M39,train,cycle,138_2p2_Tc_mc_AKGC417L__4,wheeze_score,0.4044257917,0
M39,train,cycle,138_2p2_Tc_mc_AKGC417L__5,wheeze_score,0.4680187207,0
M39,train,cycle,138_2p2_Tc_mc_AKGC417L__6,wheeze_score,0.367965368,0
M39,train,cycle,140_2b2_Ll_mc_LittC2SE__0,wheeze_score,0.7540394973,0
M39,train,cycle,140_2b2_Ll_mc_LittC2SE__1,wheeze_score,0.5834601725,0
M39,train,cycle,140_2b2_Ll_mc_LittC2SE__2,wheeze_score,0.9073359073,0
M39,train,cycle,140_2b2_Ll_mc_LittC2SE__3,wheeze_score,0.5757261411,0
M39,train,cycle,140_2b2_Ll_mc_LittC2SE__4,wheeze_score,0.752950753,0
M39,train,cycle,140_2b2_Ll_mc_LittC2SE__5,wheeze_score,0.9172852598,0
M39,train,cycle,140_2b2_Ll_mc_LittC2SE__6,wheeze_score,0.6596173212,0
M39,train,cycle,140_2b2_Ll_mc_LittC2SE__7,wheeze_score,0.6363191385,0
M39,train,cycle,140_2b2_Ll_mc_LittC2SE__8,wheeze_score,0.805,0
M39,train,cycle,140_2b2_Ll_mc_LittC2SE__9,wheeze_score,0.5050952592,0
M39,train,cycle,140_2b2_Ll_mc_LittC2SE__10,wheeze_score,0.8560311284,0
M39,train,cycle,140_2b2_Tc_mc_LittC2SE__0,wheeze_score,0.5898566703,0
M39,train,cycle,140_2b2_Tc_mc_LittC2SE__1,wheeze_score,0.6011832992,0
M39,train,cycle,140_2b2_Tc_mc_LittC2SE__2,wheeze_score,0.5812319359,0
M39,train,cycle,140_2b2_Tc_mc_LittC2SE__3,wheeze_score,0.6518590053,0
M39,train,cycle,140_2b2_Tc_mc_LittC2SE__4,wheeze_score,0.632183908,0
M39,train,cycle,140_2b2_Tc_mc_LittC2SE__5,wheeze_score,0.5286343612,0
M39,train,cycle,140_2b2_Tc_mc_LittC2SE__6,wheeze_score,0.5542051531,0
M39,train,cycle,140_2b2_Tc_mc_LittC2SE__7,wheeze_score,0.7110352673,0
M39,train,cycle,140_2b2_Tc_mc_LittC2SE__8,wheeze_score,0.5781391147,0
M39,train,cycle,140_2b2_Tc_mc_LittC2SE__9,wheeze_score,0.5506458192,0
M39,train,cycle,140_2b3_Ll_mc_LittC2SE__0,wheeze_score,0.7487775061,0
M39,train,cycle,140_2b3_Ll_mc_LittC2SE__1,wheeze_score,0.7473982971,1
M39,train,cycle,140_2b3_Ll_mc_LittC2SE__2,wheeze_score,0.6333333333,1
M39,train,cycle,140_2b3_Ll_mc_LittC2SE__3,wheeze_score,0.8469791078,1
M39,train,cycle,140_2b3_Ll_mc_LittC2SE__4,wheeze_score,0.7617086979,0
M39,train,cycle,140_2b3_Ll_mc_LittC2SE__5,wheeze_score,0.7904245709,0
M39,train,cycle,140_2b3_Ll_mc_LittC2SE__6,wheeze_score,0.6910387873,0
M39,train,cycle,140_2b3_Ll_mc_LittC2SE__7,wheeze_score,0.7227272727,0
M39,train,cycle,140_2b3_Ll_mc_LittC2SE__8,wheeze_score,0.525,0
M39,train,cycle,140_2b3_Tc_mc_LittC2SE__0,wheeze_score,0.8656575213,0
M39,train,cycle,140_2b3_Tc_mc_LittC2SE__1,wheeze_score,0.7859078591,1
M39,train,cycle,140_2b3_Tc_mc_LittC2SE__2,wheeze_score,0.7133243607,1
M39,train,cycle,140_2b3_Tc_mc_LittC2SE__3,wheeze_score,0.3857142857,1
M39,train,cycle,140_2b3_Tc_mc_LittC2SE__4,wheeze_score,0.6300484653,1
M39,train,cycle,140_2b3_Tc_mc_LittC2SE__5,wheeze_score,0.6340819022,0
M39,train,cycle,140_2b3_Tc_mc_LittC2SE__6,wheeze_score,0.9380952381,0
M39,train,cycle,140_2b3_Tc_mc_LittC2SE__7,wheeze_score,0.5905511811,1
M39,train,cycle,140_2b3_Tc_mc_LittC2SE__8,wheeze_score,0.5714285714,1
M39,train,cycle,140_2b3_Tc_mc_LittC2SE__9,wheeze_score,0.4613095238,0
M39,train,cycle,141_1b1_Pr_mc_LittC2SE__0,wheeze_score,0.5586942875,0
M39,train,cycle,141_1b1_Pr_mc_LittC2SE__1,wheeze_score,0.4980842912,1
M39,train,cycle,141_1b1_Pr_mc_LittC2SE__2,wheeze_score,0.4548006738,1
M39,train,cycle,141_1b1_Pr_mc_LittC2SE__3,wheeze_score,0.5971920111,1
M39,train,cycle,141_1b1_Pr_mc_LittC2SE__4,wheeze_score,0.4833333333,1
M39,train,cycle,141_1b2_Ar_mc_LittC2SE__0,wheeze_score,0.8715012723,0
M39,train,cycle,141_1b2_Ar_mc_LittC2SE__1,wheeze_score,0.7086106936,0
M39,train,cycle,141_1b2_Ar_mc_LittC2SE__2,wheeze_score,0.715984148,1
M39,train,cycle,141_1b2_Ar_mc_LittC2SE__3,wheeze_score,0.5458947832,1
M39,train,cycle,141_1b2_Ar_mc_LittC2SE__4,wheeze_score,0.7372093023,1
M39,train,cycle,141_1b2_Ar_mc_LittC2SE__5,wheeze_score,0.7666666667,0
M39,train,cycle,141_1b2_Lr_mc_LittC2SE__0,wheeze_score,0.683176772,0
M39,train,cycle,141_1b2_Lr_mc_LittC2SE__1,wheeze_score,0.5777777778,1
M39,train,cycle,141_1b2_Lr_mc_LittC2SE__2,wheeze_score,0.7133333333,1
M39,train,cycle,141_1b2_Lr_mc_LittC2SE__3,wheeze_score,0.6408134311,1
M39,train,cycle,141_1b2_Lr_mc_LittC2SE__4,wheeze_score,0.5318181818,1
M39,train,cycle,141_1b2_Pr_mc_LittC2SE__0,wheeze_score,0.7195571956,0
M39,train,cycle,141_1b2_Pr_mc_LittC2SE__1,wheeze_score,0.5142979087,1
M39,train,cycle,141_1b2_Pr_mc_LittC2SE__2,wheeze_score,0.3394989464,1
M39,train,cycle,141_1b2_Pr_mc_LittC2SE__3,wheeze_score,0.4772831574,1
M39,train,cycle,141_1b2_Pr_mc_LittC2SE__4,wheeze_score,0.3818181818,1
M39,train,cycle,141_1b2_Pr_mc_LittC2SE__5,wheeze_score,0.1361867704,1
M39,train,cycle,141_1b2_Tc_mc_LittC2SE__0,wheeze_score,0.374619527,0
M39,train,cycle,141_1b2_Tc_mc_LittC2SE__1,wheeze_score,0.3169174647,0
M39,train,cycle,141_1b2_Tc_mc_LittC2SE__2,wheeze_score,0.2818181818,0
M39,train,cycle,141_1b2_Tc_mc_LittC2SE__3,wheeze_score,0.4003746195,0
M39,train,cycle,141_1b2_Tc_mc_LittC2SE__4,wheeze_score,0.3245436105,0
M39,train,cycle,141_1b3_Al_mc_LittC2SE__0,wheeze_score,0.5731166913,0
M39,train,cycle,141_1b3_Al_mc_LittC2SE__1,wheeze_score,0.6649111257,1
M39,train,cycle,141_1b3_Al_mc_LittC2SE__2,wheeze_score,0.5141257317,1
M39,train,cycle,141_1b3_Al_mc_LittC2SE__3,wheeze_score,0.5991170906,1
M39,train,cycle,141_1b3_Al_mc_LittC2SE__4,wheeze_score,0.5600280014,1
M39,train,cycle,141_1b3_Ar_mc_LittC2SE__0,wheeze_score,0.7090576395,0
M39,train,cycle,141_1b3_Ar_mc_LittC2SE__1,wheeze_score,0.6543125143,1
M39,train,cycle,141_1b3_Ar_mc_LittC2SE__2,wheeze_score,0.7179833446,0
M39,train,cycle,141_1b3_Ar_mc_LittC2SE__3,wheeze_score,0.6788818417,1
M39,train,cycle,141_1b3_Ar_mc_LittC2SE__4,wheeze_score,0.7057451152,1
M39,train,cycle,141_1b3_Pr_mc_LittC2SE__0,wheeze_score,0.585898709,1
M39,train,cycle,141_1b3_Pr_mc_LittC2SE__1,wheeze_score,0.3835489834,1
M39,train,cycle,141_1b3_Pr_mc_LittC2SE__2,wheeze_score,0.3774412991,1
M39,train,cycle,141_1b3_Pr_mc_LittC2SE__3,wheeze_score,0.4132823698,1
M39,train,cycle,141_1b3_Pr_mc_LittC2SE__4,wheeze_score,0.4775280899,1
M39,train,cycle,141_1b3_Pr_mc_LittC2SE__5,wheeze_score,0.6654991243,1
M39,train,cycle,142_1b1_Pl_mc_LittC2SE__0,wheeze_score,0.8684381076,0
M39,train,cycle,142_1b1_Pl_mc_LittC2SE__1,wheeze_score,0.5908919834,0
M39,train,cycle,142_1b1_Pl_mc_LittC2SE__2,wheeze_score,0.588,0
M39,train,cycle,142_1b1_Pl_mc_LittC2SE__3,wheeze_score,0.4110207769,0
M39,train,cycle,142_1b1_Pl_mc_LittC2SE__4,wheeze_score,0.5189829328,0
M39,train,cycle,142_1b1_Pl_mc_LittC2SE__5,wheeze_score,0.4160186625,0
M39,train,cycle,142_1b1_Pl_mc_LittC2SE__6,wheeze_score,0.6789606035,0
M39,train,cycle,142_1b1_Pl_mc_LittC2SE__7,wheeze_score,0.6028782575,0
M39,train,cycle,142_1b1_Pl_mc_LittC2SE__8,wheeze_score,0.4560260586,0
M39,train,cycle,148_1b1_Al_sc_Meditron__0,wheeze_score,0,0
M39,train,cycle,148_1b1_Al_sc_Meditron__1,wheeze_score,0.4295366795,0
M39,train,cycle,148_1b1_Al_sc_Meditron__2,wheeze_score,0.4181818182,0
M39,train,cycle,148_1b1_Al_sc_Meditron__3,wheeze_score,0.1668984701,0
M39,train,cycle,148_1b1_Al_sc_Meditron__4,wheeze_score,0.1635155851,0
M39,train,cycle,148_1b1_Al_sc_Meditron__5,wheeze_score,0.5064548163,0
M39,train,cycle,148_1b1_Al_sc_Meditron__6,wheeze_score,0.4636920385,0
M39,train,cycle,148_1b1_Al_sc_Meditron__7,wheeze_score,0.4899673355,0
M39,train,cycle,148_1b1_Al_sc_Meditron__8,wheeze_score,0.3826787513,0
M39,train,cycle,148_1b1_Al_sc_Meditron__9,wheeze_score,0.5451630144,0
M39,train,cycle,148_1b1_Al_sc_Meditron__10,wheeze_score,0.6680805938,0
M39,train,cycle,152_1b1_Al_sc_Meditron__0,wheeze_score,0.5291005291,0
M39,train,cycle,152_1b1_Al_sc_Meditron__1,wheeze_score,0.7034346103,0
M39,train,cycle,152_1b1_Al_sc_Meditron__2,wheeze_score,0.5114401077,0
M39,train,cycle,152_1b1_Al_sc_Meditron__3,wheeze_score,0.7465900933,0
M39,train,cycle,152_1b1_Al_sc_Meditron__4,wheeze_score,0.7280049566,0
M39,train,cycle,152_1b1_Al_sc_Meditron__5,wheeze_score,0.7,0
M39,train,cycle,152_1b1_Al_sc_Meditron__6,wheeze_score,0.8188375053,0
M39,train,cycle,153_1b1_Al_sc_Meditron__0,wheeze_score,0.5695687551,0
M39,train,cycle,153_1b1_Al_sc_Meditron__1,wheeze_score,0.6093042404,0
M39,train,cycle,153_1b1_Al_sc_Meditron__2,wheeze_score,0.5084745763,0
M39,train,cycle,153_1b1_Al_sc_Meditron__3,wheeze_score,0.6685017696,0
M39,train,cycle,153_1b1_Al_sc_Meditron__4,wheeze_score,0.6349206349,0
M39,train,cycle,153_1b1_Al_sc_Meditron__5,wheeze_score,0.5177514793,0
M39,train,cycle,153_1b1_Al_sc_Meditron__6,wheeze_score,0.7556229467,0
M39,train,cycle,153_1b1_Al_sc_Meditron__7,wheeze_score,0.6117647059,0
M39,train,cycle,153_1b1_Al_sc_Meditron__8,wheeze_score,0.3644314869,0
M39,train,cycle,154_1b3_Al_mc_AKGC417L__0,wheeze_score,0.7209543568,0
M39,train,cycle,154_1b3_Al_mc_AKGC417L__1,wheeze_score,0.6033182504,0
M39,train,cycle,154_1b3_Al_mc_AKGC417L__2,wheeze_score,0.3927986907,0
M39,train,cycle,154_1b3_Al_mc_AKGC417L__3,wheeze_score,0.8188061278,0
M39,train,cycle,154_1b3_Al_mc_AKGC417L__4,wheeze_score,0.5862457723,0
M39,train,cycle,154_1b3_Al_mc_AKGC417L__5,wheeze_score,0.6156501726,0
M39,train,cycle,154_1b3_Al_mc_AKGC417L__6,wheeze_score,0.8794788274,0
M39,train,cycle,154_1b3_Al_mc_AKGC417L__7,wheeze_score,0.3182125931,0
M39,train,cycle,154_1b3_Al_mc_AKGC417L__8,wheeze_score,0.4885993485,0
M39,train,cycle,154_1b3_Al_mc_AKGC417L__9,wheeze_score,0.6547619048,0
M39,train,cycle,154_1b3_Al_mc_AKGC417L__10,wheeze_score,0.460704607,0
M39,train,cycle,154_1b3_Al_mc_AKGC417L__11,wheeze_score,0.2845528455,0
M39,train,cycle,154_1b3_Ar_mc_AKGC417L__0,wheeze_score,0.2541493776,0
M39,train,cycle,154_1b3_Ar_mc_AKGC417L__1,wheeze_score,0.3066867773,0
M39,train,cycle,154_1b3_Ar_mc_AKGC417L__2,wheeze_score,0.2673213312,0
M39,train,cycle,154_1b3_Ar_mc_AKGC417L__3,wheeze_score,0.1901743265,0
M39,train,cycle,154_1b3_Ar_mc_AKGC417L__4,wheeze_score,0,0
M39,train,cycle,154_1b3_Ar_mc_AKGC417L__5,wheeze_score,0.1726121979,0
M39,train,cycle,154_1b3_Ar_mc_AKGC417L__6,wheeze_score,0.332247557,0
M39,train,cycle,154_1b3_Ar_mc_AKGC417L__7,wheeze_score,0.1963439404,0
M39,train,cycle,154_1b3_Ar_mc_AKGC417L__8,wheeze_score,0.1042345277,0
M39,train,cycle,154_1b3_Ar_mc_AKGC417L__9,wheeze_score,0.07275132275,0
M39,train,cycle,154_1b3_Ar_mc_AKGC417L__10,wheeze_score,0,0
M39,train,cycle,154_1b3_Ar_mc_AKGC417L__11,wheeze_score,0,0
M39,train,cycle,154_1b3_Ll_mc_AKGC417L__0,wheeze_score,0.627593361,0
M39,train,cycle,154_1b3_Ll_mc_AKGC417L__1,wheeze_score,0.4474610357,0
M39,train,cycle,154_1b3_Ll_mc_AKGC417L__2,wheeze_score,0.4037097654,0
M39,train,cycle,154_1b3_Ll_mc_AKGC417L__3,wheeze_score,0.5863708399,0
M39,train,cycle,154_1b3_Ll_mc_AKGC417L__4,wheeze_score,0.4058624577,0
M39,train,cycle,154_1b3_Ll_mc_AKGC417L__5,wheeze_score,0.3855005754,0
M39,train,cycle,154_1b3_Ll_mc_AKGC417L__6,wheeze_score,0.5472312704,0
M39,train,cycle,154_1b3_Ll_mc_AKGC417L__7,wheeze_score,0,0
M39,train,cycle,154_1b3_Ll_mc_AKGC417L__8,wheeze_score,0.3973941368,0
M39,train,cycle,154_1b3_Ll_mc_AKGC417L__9,wheeze_score,0.3637566138,0
M39,train,cycle,154_1b3_Ll_mc_AKGC417L__10,wheeze_score,0.460704607,0
M39,train,cycle,154_1b3_Ll_mc_AKGC417L__11,wheeze_score,0.5691056911,0
M39,train,cycle,154_1b3_Lr_mc_AKGC417L__0,wheeze_score,0.7935684647,0
M39,train,cycle,154_1b3_Lr_mc_AKGC417L__1,wheeze_score,0.9451985923,0
M39,train,cycle,154_1b3_Lr_mc_AKGC417L__2,wheeze_score,0.6710310966,0
M39,train,cycle,154_1b3_Lr_mc_AKGC417L__3,wheeze_score,0.7976756471,0
M39,train,cycle,154_1b3_Lr_mc_AKGC417L__4,wheeze_score,0.6989853439,0
M39,train,cycle,154_1b3_Lr_mc_AKGC417L__5,wheeze_score,0.7192174914,0
M39,train,cycle,154_1b3_Lr_mc_AKGC417L__6,wheeze_score,0.5732899023,0
M39,train,cycle,154_1b3_Lr_mc_AKGC417L__7,wheeze_score,0.8259986459,0
M39,train,cycle,154_1b3_Lr_mc_AKGC417L__8,wheeze_score,0.5928338762,0
M39,train,cycle,154_1b3_Lr_mc_AKGC417L__9,wheeze_score,0.7076719577,0
M39,train,cycle,154_1b3_Lr_mc_AKGC417L__10,wheeze_score,0.7452574526,0
M39,train,cycle,154_1b3_Lr_mc_AKGC417L__11,wheeze_score,0.8130081301,0
M39,train,cycle,154_1b3_Pl_mc_AKGC417L__0,wheeze_score,0.3734439834,0
M39,train,cycle,154_1b3_Pl_mc_AKGC417L__1,wheeze_score,0.4323780794,0
M39,train,cycle,154_1b3_Pl_mc_AKGC417L__2,wheeze_score,0.4146208402,0
M39,train,cycle,154_1b3_Pl_mc_AKGC417L__3,wheeze_score,0.1109350238,0
M39,train,cycle,154_1b3_Pl_mc_AKGC417L__4,wheeze_score,0.496054115,0
M39,train,cycle,154_1b3_Pl_mc_AKGC417L__5,wheeze_score,0.1956271577,0
M39,train,cycle,154_1b3_Pl_mc_AKGC417L__6,wheeze_score,0.4495114007,0
M39,train,cycle,154_1b3_Pl_mc_AKGC417L__7,wheeze_score,0.3520649966,0
M39,train,cycle,154_1b3_Pl_mc_AKGC417L__8,wheeze_score,0.2996742671,0
M39,train,cycle,154_1b3_Pl_mc_AKGC417L__9,wheeze_score,0.4166666667,0
M39,train,cycle,154_1b3_Pl_mc_AKGC417L__10,wheeze_score,0.162601626,0
M39,train,cycle,154_1b3_Pl_mc_AKGC417L__11,wheeze_score,0.162601626,0
M39,train,cycle,154_1b3_Pr_mc_AKGC417L__0,wheeze_score,0.5082987552,0
M39,train,cycle,154_1b3_Pr_mc_AKGC417L__1,wheeze_score,0.5480140774,0
M39,train,cycle,154_1b3_Pr_mc_AKGC417L__2,wheeze_score,0.6382978723,0
M39,train,cycle,154_1b3_Pr_mc_AKGC417L__3,wheeze_score,0.3063919704,0
M39,train,cycle,154_1b3_Pr_mc_AKGC417L__4,wheeze_score,0.6764374295,0
M39,train,cycle,154_1b3_Pr_mc_AKGC417L__5,wheeze_score,0.6271576525,0
M39,train,cycle,154_1b3_Pr_mc_AKGC417L__6,wheeze_score,0.6123778502,0
M39,train,cycle,154_1b3_Pr_mc_AKGC417L__7,wheeze_score,0.7244414353,0
M39,train,cycle,154_1b3_Pr_mc_AKGC417L__8,wheeze_score,0.3908794788,0
M39,train,cycle,154_1b3_Pr_mc_AKGC417L__9,wheeze_score,0.5555555556,0
M39,train,cycle,154_1b3_Pr_mc_AKGC417L__10,wheeze_score,0.5149051491,0
M39,train,cycle,154_1b3_Pr_mc_AKGC417L__11,wheeze_score,0.6368563686,0
M39,train,cycle,154_1b3_Tc_mc_AKGC417L__0,wheeze_score,0.1089211618,0
M39,train,cycle,154_1b3_Tc_mc_AKGC417L__1,wheeze_score,0.3217697335,0
M39,train,cycle,154_1b3_Tc_mc_AKGC417L__2,wheeze_score,0.338243317,0
M39,train,cycle,154_1b3_Tc_mc_AKGC417L__3,wheeze_score,0.2007395668,0
M39,train,cycle,154_1b3_Tc_mc_AKGC417L__4,wheeze_score,0.06764374295,0
M39,train,cycle,154_1b3_Tc_mc_AKGC417L__5,wheeze_score,0.1150747986,0
M39,train,cycle,154_1b3_Tc_mc_AKGC417L__6,wheeze_score,0.2345276873,0
M39,train,cycle,154_1b3_Tc_mc_AKGC417L__7,wheeze_score,0.07447528775,0
M39,train,cycle,154_1b3_Tc_mc_AKGC417L__8,wheeze_score,0.1302931596,0
M39,train,cycle,154_1b3_Tc_mc_AKGC417L__9,wheeze_score,0.09259259259,0
M39,train,cycle,154_1b3_Tc_mc_AKGC417L__10,wheeze_score,0.08130081301,0
M39,train,cycle,154_1b3_Tc_mc_AKGC417L__11,wheeze_score,0.162601626,0
M39,train,cycle,154_2b4_Al_mc_AKGC417L__0,wheeze_score,0.7235246564,0
M39,train,cycle,154_2b4_Al_mc_AKGC417L__1,wheeze_score,0.7445987654,0
M39,train,cycle,154_2b4_Al_mc_AKGC417L__2,wheeze_score,0.7749803304,0
M39,train,cycle,154_2b4_Al_mc_AKGC417L__3,wheeze_score,0.8364875095,0
M39,train,cycle,154_2b4_Al_mc_AKGC417L__4,wheeze_score,0.8627608347,0
M39,train,cycle,154_2b4_Al_mc_AKGC417L__5,wheeze_score,0.8128988915,0
M39,train,cycle,154_2b4_Al_mc_AKGC417L__6,wheeze_score,0.9258500615,0
M39,train,cycle,154_2b4_Ar_mc_AKGC417L__0,wheeze_score,0.08892481811,0
M39,train,cycle,154_2b4_Ar_mc_AKGC417L__1,wheeze_score,0.2970679012,0
M39,train,cycle,154_2b4_Ar_mc_AKGC417L__2,wheeze_score,0.2596380803,0
M39,train,cycle,154_2b4_Ar_mc_AKGC417L__3,wheeze_score,0.2725208176,0
M39,train,cycle,154_2b4_Ar_mc_AKGC417L__4,wheeze_score,0.2006420546,0
M39,train,cycle,154_2b4_Ar_mc_AKGC417L__5,wheeze_score,0.490426604,0
M39,train,cycle,154_2b4_Ar_mc_AKGC417L__6,wheeze_score,0.3318312167,0
M39,train,cycle,154_2b4_Ll_mc_AKGC417L__0,wheeze_score,0.6386418755,0
M39,train,cycle,154_2b4_Ll_mc_AKGC417L__1,wheeze_score,0.7175925926,0
M39,train,cycle,154_2b4_Ll_mc_AKGC417L__2,wheeze_score,0.7828481511,0
M39,train,cycle,154_2b4_Ll_mc_AKGC417L__3,wheeze_score,0.7267221802,0
M39,train,cycle,154_2b4_Ll_mc_AKGC417L__4,wheeze_score,0.6300160514,0
M39,train,cycle,154_2b4_Ll_mc_AKGC417L__5,wheeze_score,0.5744037622,0
M39,train,cycle,154_2b4_Ll_mc_AKGC417L__6,wheeze_score,0.5612453912,0
M39,train,cycle,154_2b4_Lr_mc_AKGC417L__0,wheeze_score,0.3354890865,0
M39,train,cycle,154_2b4_Lr_mc_AKGC417L__1,wheeze_score,0.5324074074,0
M39,train,cycle,154_2b4_Lr_mc_AKGC417L__2,wheeze_score,0.2517702596,0
M39,train,cycle,154_2b4_Lr_mc_AKGC417L__3,wheeze_score,0.522331567,0
M39,train,cycle,154_2b4_Lr_mc_AKGC417L__4,wheeze_score,0.525682183,0
M39,train,cycle,154_2b4_Lr_mc_AKGC417L__5,wheeze_score,0.6516627477,0
M39,train,cycle,154_2b4_Lr_mc_AKGC417L__6,wheeze_score,0.6145022532,0
M39,train,cycle,154_2b4_Pl_mc_AKGC417L__0,wheeze_score,0.6669361358,0
M39,train,cycle,154_2b4_Pl_mc_AKGC417L__1,wheeze_score,0.7908950617,0
M39,train,cycle,154_2b4_Pl_mc_AKGC417L__2,wheeze_score,0.4523996853,0
M39,train,cycle,154_2b4_Pl_mc_AKGC417L__3,wheeze_score,0.522331567,0
M39,train,cycle,154_2b4_Pl_mc_AKGC417L__4,wheeze_score,0.8226324238,0
M39,train,cycle,154_2b4_Pl_mc_AKGC417L__5,wheeze_score,0.6281491434,0
M39,train,cycle,154_2b4_Pl_mc_AKGC417L__6,wheeze_score,0.6226956166,0
M39,train,cycle,154_2b4_Pr_mc_AKGC417L__0,wheeze_score,0.2748585287,0
M39,train,cycle,154_2b4_Pr_mc_AKGC417L__1,wheeze_score,0.5478395062,0
M39,train,cycle,154_2b4_Pr_mc_AKGC417L__2,wheeze_score,0.1730920535,0
M39,train,cycle,154_2b4_Pr_mc_AKGC417L__3,wheeze_score,0.4958364875,0
M39,train,cycle,154_2b4_Pr_mc_AKGC417L__4,wheeze_score,0.4253611557,0
M39,train,cycle,154_2b4_Pr_mc_AKGC417L__5,wheeze_score,0.4165267047,0
M39,train,cycle,154_2b4_Pr_mc_AKGC417L__6,wheeze_score,0.3359278984,0
M39,train,cycle,154_2b4_Tc_mc_AKGC417L__0,wheeze_score,0.2667744543,0
M39,train,cycle,154_2b4_Tc_mc_AKGC417L__1,wheeze_score,0.3279320988,0
M39,train,cycle,154_2b4_Tc_mc_AKGC417L__2,wheeze_score,0.05114083399,0
M39,train,cycle,154_2b4_Tc_mc_AKGC417L__3,wheeze_score,0.1589704769,0
M39,train,cycle,154_2b4_Tc_mc_AKGC417L__4,wheeze_score,0.3330658106,0
M39,train,cycle,154_2b4_Tc_mc_AKGC417L__5,wheeze_score,0.1679543164,0
M39,train,cycle,154_2b4_Tc_mc_AKGC417L__6,wheeze_score,0.196640721,0
M39,train,cycle,154_3b3_Al_mc_AKGC417L__0,wheeze_score,0.8785529716,0
M39,train,cycle,154_3b3_Al_mc_AKGC417L__1,wheeze_score,0.6280304779,0
M39,train,cycle,154_3b3_Al_mc_AKGC417L__2,wheeze_score,0.8923643054,0
M39,train,cycle,154_3b3_Al_mc_AKGC417L__3,wheeze_score,0.8892841263,0
M39,train,cycle,154_3b3_Al_mc_AKGC417L__4,wheeze_score,0.793956927,0
M39,train,cycle,154_3b3_Ar_mc_AKGC417L__0,wheeze_score,0.2842377261,0
M39,train,cycle,154_3b3_Ar_mc_AKGC417L__1,wheeze_score,0.3163241746,0
M39,train,cycle,154_3b3_Ar_mc_AKGC417L__2,wheeze_score,0.4093836247,0
M39,train,cycle,154_3b3_Ar_mc_AKGC417L__3,wheeze_score,0.2356602935,0
M39,train,cycle,154_3b3_Ar_mc_AKGC417L__4,wheeze_score,0.3632272581,0
M39,train,cycle,154_3b3_Ll_mc_AKGC417L__0,wheeze_score,0.5832410484,0
M39,train,cycle,154_3b3_Ll_mc_AKGC417L__1,wheeze_score,0.644193027,0
M39,train,cycle,154_3b3_Ll_mc_AKGC417L__2,wheeze_score,0.641674333,0
M39,train,cycle,154_3b3_Ll_mc_AKGC417L__3,wheeze_score,0.5558025789,0
M39,train,cycle,154_3b3_Ll_mc_AKGC417L__4,wheeze_score,0.4114432658,0
M39,train,cycle,154_4b4_Al_mc_AKGC417L__0,wheeze_score,0.737704918,0
M39,train,cycle,154_4b4_Al_mc_AKGC417L__1,wheeze_score,0.6937234545,1
M39,train,cycle,154_4b4_Al_mc_AKGC417L__2,wheeze_score,0.7453416149,0
M39,train,cycle,154_4b4_Al_mc_AKGC417L__3,wheeze_score,0.6287563569,0
M39,train,cycle,154_4b4_Al_mc_AKGC417L__4,wheeze_score,0.7301107754,0
M39,train,cycle,154_4b4_Al_mc_AKGC417L__5,wheeze_score,0.6670035371,0
M39,train,cycle,154_4b4_Al_mc_AKGC417L__6,wheeze_score,0.6799480294,0
M39,train,cycle,154_4b4_Al_mc_AKGC417L__7,wheeze_score,0.7173194903,0
M39,train,cycle,154_4b4_Al_mc_AKGC417L__8,wheeze_score,0.8035251426,0
M39,train,cycle,154_4b4_Al_mc_AKGC417L__9,wheeze_score,0.6986899563,0
M39,train,cycle,154_4b4_Ar_mc_AKGC417L__0,wheeze_score,0.2817622951,0
M39,train,cycle,154_4b4_Ar_mc_AKGC417L__1,wheeze_score,0.1840490798,0
M39,train,cycle,154_4b4_Ar_mc_AKGC417L__2,wheeze_score,0.05693581781,0
M39,train,cycle,154_4b4_Ar_mc_AKGC417L__3,wheeze_score,0.1479426722,0
M39,train,cycle,154_4b4_Ar_mc_AKGC417L__4,wheeze_score,0.2920443102,0
M39,train,cycle,154_4b4_Ar_mc_AKGC417L__5,wheeze_score,0.5659423951,0
M39,train,cycle,154_4b4_Ar_mc_AKGC417L__6,wheeze_score,0.3637938502,0
M39,train,cycle,154_4b4_Ar_mc_AKGC417L__7,wheeze_score,0.2501179802,0
M39,train,cycle,154_4b4_Ar_mc_AKGC417L__8,wheeze_score,0.05184033178,0
M39,train,cycle,154_4b4_Ar_mc_AKGC417L__9,wheeze_score,0.1091703057,0
M39,train,cycle,154_4b4_Ll_mc_AKGC417L__0,wheeze_score,0.4149590164,0
M39,train,cycle,154_4b4_Ll_mc_AKGC417L__1,wheeze_score,0.4530438886,0
M39,train,cycle,154_4b4_Ll_mc_AKGC417L__2,wheeze_score,0.3519668737,0
M39,train,cycle,154_4b4_Ll_mc_AKGC417L__3,wheeze_score,0.3791030975,0
M39,train,cycle,154_4b4_Ll_mc_AKGC417L__4,wheeze_score,0.4279959718,0
M39,train,cycle,154_4b4_Ll_mc_AKGC417L__5,wheeze_score,0.4901465387,0
M39,train,cycle,154_4b4_Ll_mc_AKGC417L__6,wheeze_score,0.385448246,0
M39,train,cycle,154_4b4_Ll_mc_AKGC417L__7,wheeze_score,0.2784332232,0
M39,train,cycle,154_4b4_Ll_mc_AKGC417L__8,wheeze_score,0.4406428201,0
M39,train,cycle,154_4b4_Ll_mc_AKGC417L__9,wheeze_score,0.6659388646,0
M39,train,cycle,154_4b4_Lr_mc_AKGC417L__0,wheeze_score,0.7018442623,0
M39,train,cycle,154_4b4_Lr_mc_AKGC417L__1,wheeze_score,0.7267579047,0
M39,train,cycle,154_4b4_Lr_mc_AKGC417L__2,wheeze_score,0.5641821946,0
M39,train,cycle,154_4b4_Lr_mc_AKGC417L__3,wheeze_score,0.8506703652,0
M39,train,cycle,154_4b4_Lr_mc_AKGC417L__4,wheeze_score,0.7854984894,0
M39,train,cycle,154_4b4_Lr_mc_AKGC417L__5,wheeze_score,0.6164729661,0
M39,train,cycle,154_4b4_Lr_mc_AKGC417L__6,wheeze_score,0.7622347337,0
M39,train,cycle,154_4b4_Lr_mc_AKGC417L__7,wheeze_score,0.873053327,0
M39,train,cycle,154_4b4_Lr_mc_AKGC417L__8,wheeze_score,0.8087091757,0
M39,train,cycle,154_4b4_Lr_mc_AKGC417L__9,wheeze_score,0.6659388646,0
M39,train,cycle,154_4b4_Pl_mc_AKGC417L__0,wheeze_score,0.3739754098,0
M39,train,cycle,154_4b4_Pl_mc_AKGC417L__1,wheeze_score,0.3114676734,0
M39,train,cycle,154_4b4_Pl_mc_AKGC417L__2,wheeze_score,0.4244306418,0
M39,train,cycle,154_4b4_Pl_mc_AKGC417L__3,wheeze_score,0.5039297272,0
M39,train,cycle,154_4b4_Pl_mc_AKGC417L__4,wheeze_score,0.3222557905,0
M39,train,cycle,154_4b4_Pl_mc_AKGC417L__5,wheeze_score,0.5912076806,0
M39,train,cycle,154_4b4_Pl_mc_AKGC417L__6,wheeze_score,0.5110437419,0
M39,train,cycle,154_4b4_Pl_mc_AKGC417L__7,wheeze_score,0.3964134025,0
M39,train,cycle,154_4b4_Pl_mc_AKGC417L__8,wheeze_score,0.4872991187,0
M39,train,cycle,154_4b4_Pl_mc_AKGC417L__9,wheeze_score,0.3056768559,0
M39,train,cycle,154_4b4_Pr_mc_AKGC417L__0,wheeze_score,0.5071721311,0
M39,train,cycle,154_4b4_Pr_mc_AKGC417L__1,wheeze_score,0.3775365739,0
M39,train,cycle,154_4b4_Pr_mc_AKGC417L__2,wheeze_score,0.8850931677,0
M39,train,cycle,154_4b4_Pr_mc_AKGC417L__3,wheeze_score,0.5085529357,0
M39,train,cycle,154_4b4_Pr_mc_AKGC417L__4,wheeze_score,0.7301107754,0
M39,train,cycle,154_4b4_Pr_mc_AKGC417L__5,wheeze_score,0.7882769075,0
M39,train,cycle,154_4b4_Pr_mc_AKGC417L__6,wheeze_score,0.5413598961,0
M39,train,cycle,154_4b4_Pr_mc_AKGC417L__7,wheeze_score,0.6323737612,0
M39,train,cycle,154_4b4_Pr_mc_AKGC417L__8,wheeze_score,0.4458268533,0
M39,train,cycle,154_4b4_Pr_mc_AKGC417L__9,wheeze_score,0.7096069869,0
M39,train,cycle,155_2b1_Al_mc_LittC2SE__0,wheeze_score,0.8822740681,0
M39,train,cycle,155_2b1_Al_mc_LittC2SE__1,wheeze_score,0.8127682403,0
M39,train,cycle,155_2b1_Al_mc_LittC2SE__2,wheeze_score,0.8545092177,0
M39,train,cycle,155_2b1_Al_mc_LittC2SE__3,wheeze_score,0.833115696,0
M39,train,cycle,155_2b1_Al_mc_LittC2SE__4,wheeze_score,0.8142777468,0
M39,train,cycle,155_2b1_Al_mc_LittC2SE__5,wheeze_score,0.3728813559,0
M39,train,cycle,156_2b3_Al_mc_AKGC417L__0,wheeze_score,0.6613924051,1
M39,train,cycle,156_2b3_Al_mc_AKGC417L__1,wheeze_score,0.7887411073,1
M39,train,cycle,156_2b3_Al_mc_AKGC417L__2,wheeze_score,0.8093234056,0
M39,train,cycle,156_2b3_Al_mc_AKGC417L__3,wheeze_score,0.6576728499,1
M39,train,cycle,156_2b3_Al_mc_AKGC417L__4,wheeze_score,0.759659463,1
M39,train,cycle,156_2b3_Al_mc_AKGC417L__5,wheeze_score,0.455311973,1
M39,train,cycle,156_2b3_Ar_mc_AKGC417L__0,wheeze_score,0.2563291139,1
M39,train,cycle,156_2b3_Ar_mc_AKGC417L__1,wheeze_score,0.1855861429,1
M39,train,cycle,156_2b3_Ar_mc_AKGC417L__2,wheeze_score,0.06798316607,0
M39,train,cycle,156_2b3_Ar_mc_AKGC417L__3,wheeze_score,0.04047217538,0
M39,train,cycle,156_2b3_Ar_mc_AKGC417L__4,wheeze_score,0.08185985593,0
M39,train,cycle,156_2b3_Ar_mc_AKGC417L__5,wheeze_score,0.06323777403,0
M39,train,cycle,156_2b3_Ll_mc_AKGC417L__0,wheeze_score,0.835443038,1
M39,train,cycle,156_2b3_Ll_mc_AKGC417L__1,wheeze_score,0.7268790597,1
M39,train,cycle,156_2b3_Ll_mc_AKGC417L__2,wheeze_score,0.8384590482,1
M39,train,cycle,156_2b3_Ll_mc_AKGC417L__3,wheeze_score,0.8128161889,1
M39,train,cycle,156_2b3_Ll_mc_AKGC417L__4,wheeze_score,0.7793058284,1
M39,train,cycle,156_2b3_Ll_mc_AKGC417L__5,wheeze_score,0.7715008432,1
M39,train,cycle,156_2b3_Lr_mc_AKGC417L__0,wheeze_score,0.5126582278,1
M39,train,cycle,156_2b3_Lr_mc_AKGC417L__1,wheeze_score,0.6433652954,1
M39,train,cycle,156_2b3_Lr_mc_AKGC417L__2,wheeze_score,0.5924247329,0
M39,train,cycle,156_2b3_Lr_mc_AKGC417L__3,wheeze_score,0.6273187184,0
M39,train,cycle,156_2b3_Lr_mc_AKGC417L__4,wheeze_score,0.7432874918,0
M39,train,cycle,156_2b3_Lr_mc_AKGC417L__5,wheeze_score,0.5059021922,1
M39,train,cycle,156_2b3_Pl_mc_AKGC417L__0,wheeze_score,0.2151898734,1
M39,train,cycle,156_2b3_Pl_mc_AKGC417L__1,wheeze_score,0.1855861429,1
M39,train,cycle,156_2b3_Pl_mc_AKGC417L__2,wheeze_score,0.291356426,0
M39,train,cycle,156_2b3_Pl_mc_AKGC417L__3,wheeze_score,0.3204047218,1
M39,train,cycle,156_2b3_Pl_mc_AKGC417L__4,wheeze_score,0.2161100196,1
M39,train,cycle,156_2b3_Pl_mc_AKGC417L__5,wheeze_score,0.1981450253,1
M39,train,cycle,156_2b3_Pr_mc_AKGC417L__0,wheeze_score,0.6139240506,0
M39,train,cycle,156_2b3_Pr_mc_AKGC417L__1,wheeze_score,0.7609031859,0
M39,train,cycle,156_2b3_Pr_mc_AKGC417L__2,wheeze_score,0.7057300097,0
M39,train,cycle,156_2b3_Pr_mc_AKGC417L__3,wheeze_score,0.8600337268,0
M39,train,cycle,156_2b3_Pr_mc_AKGC417L__4,wheeze_score,0.8120497708,0
M39,train,cycle,156_2b3_Pr_mc_AKGC417L__5,wheeze_score,0.784148398,0
M39,train,cycle,156_5b3_Al_mc_AKGC417L__0,wheeze_score,0.5894006934,1
M39,train,cycle,156_5b3_Al_mc_AKGC417L__1,wheeze_score,0.7317073171,1
M39,train,cycle,156_5b3_Al_mc_AKGC417L__2,wheeze_score,0.7768298159,1
M39,train,cycle,156_5b3_Al_mc_AKGC417L__3,wheeze_score,0.6193806194,1
M39,train,cycle,156_5b3_Al_mc_AKGC417L__4,wheeze_score,0.6524822695,1
M39,train,cycle,156_5b3_Al_mc_AKGC417L__5,wheeze_score,0.8149482215,1
M39,train,cycle,156_5b3_Al_mc_AKGC417L__6,wheeze_score,0.8074265976,1
M39,train,cycle,156_5b3_Al_mc_AKGC417L__7,wheeze_score,0.6669733211,1
M39,train,cycle,156_5b3_Al_mc_AKGC417L__8,wheeze_score,0.8343711083,1
M39,train,cycle,156_5b3_Ar_mc_AKGC417L__0,wheeze_score,0.1882119861,1
M39,train,cycle,156_5b3_Ar_mc_AKGC417L__1,wheeze_score,0.07363092499,1
M39,train,cycle,156_5b3_Ar_mc_AKGC417L__2,wheeze_score,0.3277952402,1
M39,train,cycle,156_5b3_Ar_mc_AKGC417L__3,wheeze_score,0.05994005994,1
M39,train,cycle,156_5b3_Ar_mc_AKGC417L__4,wheeze_score,0.06146572104,1
M39,train,cycle,156_5b3_Ar_mc_AKGC417L__5,wheeze_score,0.3241782981,1
M39,train,cycle,156_5b3_Ar_mc_AKGC417L__6,wheeze_score,0,1
M39,train,cycle,156_5b3_Ar_mc_AKGC417L__7,wheeze_score,0.3771849126,1
M39,train,cycle,156_5b3_Ar_mc_AKGC417L__8,wheeze_score,0.099626401,1
M39,train,cycle,156_5b3_Ll_mc_AKGC417L__0,wheeze_score,0.6636948985,1
M39,train,cycle,156_5b3_Ll_mc_AKGC417L__1,wheeze_score,0.6304647952,1
M39,train,cycle,156_5b3_Ll_mc_AKGC417L__2,wheeze_score,0.8217332735,0
M39,train,cycle,156_5b3_Ll_mc_AKGC417L__3,wheeze_score,0.7242757243,0
M39,train,cycle,156_5b3_Ll_mc_AKGC417L__4,wheeze_score,0.7281323877,0
M39,train,cycle,156_5b3_Ll_mc_AKGC417L__5,wheeze_score,0.8104457452,0
M39,train,cycle,156_5b3_Ll_mc_AKGC417L__6,wheeze_score,0.8506044905,0
M39,train,cycle,156_5b3_Ll_mc_AKGC417L__7,wheeze_score,0.597976081,0
M39,train,cycle,156_5b3_Ll_mc_AKGC417L__8,wheeze_score,0.4898298049,0
M39,train,cycle,156_5b3_Lr_mc_AKGC417L__0,wheeze_score,0.1287766221,0
M39,train,cycle,156_5b3_Lr_mc_AKGC417L__1,wheeze_score,0.6304647952,1
M39,train,cycle,156_5b3_Lr_mc_AKGC417L__2,wheeze_score,0.6151773687,1
M39,train,cycle,156_5b3_Lr_mc_AKGC417L__3,wheeze_score,0.6743256743,1
M39,train,cycle,156_5b3_Lr_mc_AKGC417L__4,wheeze_score,0.7186761229,1
M39,train,cycle,156_5b3_Lr_mc_AKGC417L__5,wheeze_score,0.6033318325,1
M39,train,cycle,156_5b3_Lr_mc_AKGC417L__6,wheeze_score,0.621761658,1
M39,train,cycle,156_5b3_Lr_mc_AKGC417L__7,wheeze_score,0.639374425,1
M39,train,cycle,156_5b3_Lr_mc_AKGC417L__8,wheeze_score,0.3902034039,1
M39,train,cycle,156_5b3_Pl_mc_AKGC417L__0,wheeze_score,0.5497771174,1
M39,train,cycle,156_5b3_Pl_mc_AKGC417L__1,wheeze_score,0.5982512655,1
M39,train,cycle,156_5b3_Pl_mc_AKGC417L__2,wheeze_score,0.4041311181,1
M39,train,cycle,156_5b3_Pl_mc_AKGC417L__3,wheeze_score,0.4995004995,1
M39,train,cycle,156_5b3_Pl_mc_AKGC417L__4,wheeze_score,0.2600472813,1
M39,train,cycle,156_5b3_Pl_mc_AKGC417L__5,wheeze_score,0.4862674471,1
M39,train,cycle,156_5b3_Pl_mc_AKGC417L__6,wheeze_score,0.3411053541,0
M39,train,cycle,156_5b3_Pl_mc_AKGC417L__7,wheeze_score,0.3817847286,1
M39,train,cycle,156_5b3_Pl_mc_AKGC417L__8,wheeze_score,0.5188875052,0
M39,train,cycle,156_5b3_Pr_mc_AKGC417L__0,wheeze_score,0.4011887073,1
M39,train,cycle,156_5b3_Pr_mc_AKGC417L__1,wheeze_score,0.4095720202,1
M39,train,cycle,156_5b3_Pr_mc_AKGC417L__2,wheeze_score,0.2739110912,1
M39,train,cycle,156_5b3_Pr_mc_AKGC417L__3,wheeze_score,0.0999000999,1
M39,train,cycle,156_5b3_Pr_mc_AKGC417L__4,wheeze_score,0.5768321513,1
M39,train,cycle,156_5b3_Pr_mc_AKGC417L__5,wheeze_score,0.4187303017,1
M39,train,cycle,156_5b3_Pr_mc_AKGC417L__6,wheeze_score,0.1468048359,1
M39,train,cycle,156_5b3_Pr_mc_AKGC417L__7,wheeze_score,0.4507819687,1
M39,train,cycle,156_5b3_Pr_mc_AKGC417L__8,wheeze_score,0.3237858032,1
M39,train,cycle,156_8b3_Al_mc_AKGC417L__0,wheeze_score,0.8488888889,0
M39,train,cycle,156_8b3_Al_mc_AKGC417L__1,wheeze_score,0.8861822764,1
M39,train,cycle,156_8b3_Al_mc_AKGC417L__2,wheeze_score,0.8746928747,1
M39,train,cycle,156_8b3_Al_mc_AKGC417L__3,wheeze_score,0.8445040214,1
M39,train,cycle,156_8b3_Al_mc_AKGC417L__4,wheeze_score,0.9249786871,1
M39,train,cycle,156_8b3_Al_mc_AKGC417L__5,wheeze_score,0.9338695264,1
M39,train,cycle,156_8b3_Al_mc_AKGC417L__6,wheeze_score,0.6529680365,1
M39,train,cycle,156_8b3_Al_mc_AKGC417L__7,wheeze_score,0.7329618517,1
M39,train,cycle,156_8b3_Ar_mc_AKGC417L__0,wheeze_score,0.3555555556,0
M39,train,cycle,156_8b3_Ar_mc_AKGC417L__1,wheeze_score,0.2099958001,1
M39,train,cycle,156_8b3_Ar_mc_AKGC417L__2,wheeze_score,0.2014742015,1
M39,train,cycle,156_8b3_Ar_mc_AKGC417L__3,wheeze_score,0.2100089366,1
M39,train,cycle,156_8b3_Ar_mc_AKGC417L__4,wheeze_score,0.2429667519,1
M39,train,cycle,156_8b3_Ar_mc_AKGC417L__5,wheeze_score,0.1608579088,0
M39,train,cycle,156_8b3_Ar_mc_AKGC417L__6,wheeze_score,0.2511415525,1
M39,train,cycle,156_8b3_Ar_mc_AKGC417L__7,wheeze_score,0.381483069,1
M39,train,cycle,156_8b3_Ll_mc_AKGC417L__0,wheeze_score,0.6977777778,0
M39,train,cycle,156_8b3_Ll_mc_AKGC417L__1,wheeze_score,0.8945821084,1
M39,train,cycle,156_8b3_Ll_mc_AKGC417L__2,wheeze_score,0.9680589681,1
M39,train,cycle,156_8b3_Ll_mc_AKGC417L__3,wheeze_score,0.8042895442,1
M39,train,cycle,156_8b3_Ll_mc_AKGC417L__4,wheeze_score,0.8013640239,1
M39,train,cycle,156_8b3_Ll_mc_AKGC417L__5,wheeze_score,0.835567471,1
M39,train,cycle,156_8b3_Ll_mc_AKGC417L__6,wheeze_score,0.8812785388,1
M39,train,cycle,156_8b3_Ll_mc_AKGC417L__7,wheeze_score,0.8058294042,1
M39,train,cycle,156_8b3_Lr_mc_AKGC417L__0,wheeze_score,0.4755555556,0
M39,train,cycle,156_8b3_Lr_mc_AKGC417L__1,wheeze_score,0.5669886602,0
M39,train,cycle,156_8b3_Lr_mc_AKGC417L__2,wheeze_score,0.398034398,0
M39,train,cycle,156_8b3_Lr_mc_AKGC417L__3,wheeze_score,0.3887399464,0
M39,train,cycle,156_8b3_Lr_mc_AKGC417L__4,wheeze_score,0.7587382779,0
M39,train,cycle,156_8b3_Lr_mc_AKGC417L__5,wheeze_score,0.5808757819,0
M39,train,cycle,156_8b3_Lr_mc_AKGC417L__6,wheeze_score,0.7260273973,0
M39,train,cycle,156_8b3_Lr_mc_AKGC417L__7,wheeze_score,0.4543506215,1
M39,train,cycle,156_8b3_Pl_mc_AKGC417L__0,wheeze_score,0.6444444444,0
M39,train,cycle,156_8b3_Pl_mc_AKGC417L__1,wheeze_score,0.7181856363,1
M39,train,cycle,156_8b3_Pl_mc_AKGC417L__2,wheeze_score,0.8353808354,1
M39,train,cycle,156_8b3_Pl_mc_AKGC417L__3,wheeze_score,0.7015192136,1
M39,train,cycle,156_8b3_Pl_mc_AKGC417L__4,wheeze_score,0.5115089514,1
M39,train,cycle,156_8b3_Pl_mc_AKGC417L__5,wheeze_score,0.5853440572,0
M39,train,cycle,156_8b3_Pl_mc_AKGC417L__6,wheeze_score,0.5799086758,1
M39,train,cycle,156_8b3_Pl_mc_AKGC417L__7,wheeze_score,0.7286755251,1
M39,train,cycle,157_1b1_Al_sc_Meditron__0,wheeze_score,0.8370302168,0
M39,train,cycle,157_1b1_Al_sc_Meditron__1,wheeze_score,0.8496811949,0
M39,train,cycle,157_1b1_Al_sc_Meditron__2,wheeze_score,0.9450337512,0
M39,train,cycle,157_1b1_Al_sc_Meditron__3,wheeze_score,0.9558823529,0
M39,train,cycle,157_1b1_Al_sc_Meditron__4,wheeze_score,0.8037383178,0
M39,train,cycle,157_1b1_Al_sc_Meditron__5,wheeze_score,0.8553244334,0
M39,train,cycle,157_1b1_Al_sc_Meditron__6,wheeze_score,0.6405148636,0
M39,train,cycle,157_1b1_Al_sc_Meditron__7,wheeze_score,0.7482330002,0
M39,train,cycle,157_1b1_Al_sc_Meditron__8,wheeze_score,0.7208872458,0
M39,train,cycle,157_1b1_Al_sc_Meditron__9,wheeze_score,0.7696521501,0
M39,train,cycle,157_1b1_Al_sc_Meditron__10,wheeze_score,0.6133056133,0
M39,train,cycle,157_1b1_Al_sc_Meditron__11,wheeze_score,0.5288157061,0
M39,train,cycle,157_1b1_Al_sc_Meditron__12,wheeze_score,0.8238636364,0
M39,train,cycle,157_1b1_Al_sc_Meditron__13,wheeze_score,0.682446972,0
M39,train,cycle,157_1b1_Al_sc_Meditron__14,wheeze_score,0.533437929,0
M39,train,cycle,157_1b1_Ar_sc_Meditron__0,wheeze_score,0.7861439235,0
M39,train,cycle,157_1b1_Ar_sc_Meditron__1,wheeze_score,0.8631638101,0
M39,train,cycle,157_1b1_Ar_sc_Meditron__2,wheeze_score,0.9227549467,0
M39,train,cycle,157_1b1_Ar_sc_Meditron__3,wheeze_score,0.9257126404,0
M39,train,cycle,157_1b1_Ar_sc_Meditron__4,wheeze_score,0.8562783661,0
M39,train,cycle,157_1b1_Ar_sc_Meditron__5,wheeze_score,0.5345827755,0
M39,train,cycle,157_1b1_Ar_sc_Meditron__6,wheeze_score,0.7105719237,0
M39,train,cycle,157_1b1_Ar_sc_Meditron__7,wheeze_score,0.755267423,0
M39,train,cycle,157_1b1_Ar_sc_Meditron__8,wheeze_score,0.4426084391,0
M39,train,cycle,157_1b1_Ar_sc_Meditron__9,wheeze_score,0.4850746269,0
M39,train,cycle,157_1b1_Ar_sc_Meditron__10,wheeze_score,0.3241491086,0
M39,train,cycle,157_1b1_Ar_sc_Meditron__11,wheeze_score,0.2189781022,0
M39,train,cycle,157_1b1_Lr_sc_Meditron__0,wheeze_score,0.8950040075,0
M39,train,cycle,157_1b1_Lr_sc_Meditron__1,wheeze_score,0.8295916186,0
M39,train,cycle,157_1b1_Lr_sc_Meditron__2,wheeze_score,0.8284023669,0
M39,train,cycle,157_1b1_Lr_sc_Meditron__3,wheeze_score,0.7804743519,0
M39,train,cycle,157_1b1_Lr_sc_Meditron__4,wheeze_score,0.7650926479,0
M39,train,cycle,157_1b1_Lr_sc_Meditron__5,wheeze_score,0.9514747859,0
M39,train,cycle,157_1b1_Lr_sc_Meditron__6,wheeze_score,0.8574212407,0
M39,train,cycle,157_1b1_Lr_sc_Meditron__7,wheeze_score,0.7413843035,0
M39,train,cycle,157_1b1_Lr_sc_Meditron__8,wheeze_score,0.9301346801,0
M39,train,cycle,157_1b1_Pl_sc_Meditron__0,wheeze_score,0.9292583072,0
M39,train,cycle,157_1b1_Pl_sc_Meditron__1,wheeze_score,0.9791795947,0
M39,train,cycle,157_1b1_Pl_sc_Meditron__2,wheeze_score,0.8808139535,0
M39,train,cycle,157_1b1_Pl_sc_Meditron__3,wheeze_score,0.8786900369,0
M39,train,cycle,157_1b1_Pl_sc_Meditron__4,wheeze_score,0.947446336,0
M39,train,cycle,157_1b1_Pl_sc_Meditron__5,wheeze_score,0.9415481833,0
M39,train,cycle,157_1b1_Pl_sc_Meditron__6,wheeze_score,0.7846188042,0
M39,train,cycle,157_1b1_Pl_sc_Meditron__7,wheeze_score,0.901734104,0
M39,train,cycle,157_1b1_Pl_sc_Meditron__8,wheeze_score,0.7512794268,0
M39,train,cycle,157_1b1_Pl_sc_Meditron__9,wheeze_score,0.7559714356,0
M39,train,cycle,157_1b1_Pl_sc_Meditron__10,wheeze_score,0.8326394671,0
M39,train,cycle,157_1b1_Pl_sc_Meditron__11,wheeze_score,0.7289819085,0
M39,train,cycle,157_1b1_Pl_sc_Meditron__12,wheeze_score,0.7029926595,0
M39,train,cycle,157_1b1_Pr_sc_Meditron__0,wheeze_score,0.8433797818,0
M39,train,cycle,157_1b1_Pr_sc_Meditron__1,wheeze_score,0.8471607125,0
M39,train,cycle,157_1b1_Pr_sc_Meditron__2,wheeze_score,0.8723444256,0
M39,train,cycle,157_1b1_Pr_sc_Meditron__3,wheeze_score,0.8787541713,0
M39,train,cycle,157_1b1_Pr_sc_Meditron__4,wheeze_score,0.8514386377,0
M39,train,cycle,157_1b1_Pr_sc_Meditron__5,wheeze_score,0.9575606277,0
M39,train,cycle,157_1b1_Pr_sc_Meditron__6,wheeze_score,0.8964102564,0
M39,train,cycle,157_1b1_Pr_sc_Meditron__7,wheeze_score,0.6021003501,0
M39,train,cycle,157_1b1_Pr_sc_Meditron__8,wheeze_score,0.743377955,0
M39,train,cycle,157_1b1_Pr_sc_Meditron__9,wheeze_score,0.5515882787,0
M39,train,cycle,157_1b1_Pr_sc_Meditron__10,wheeze_score,0.6858902576,0
M39,train,cycle,157_1b1_Pr_sc_Meditron__11,wheeze_score,0.8542952065,0
M39,train,cycle,157_1b1_Pr_sc_Meditron__12,wheeze_score,0.784029789,0
M39,train,cycle,157_1b1_Pr_sc_Meditron__13,wheeze_score,0.7874885005,0
M39,train,cycle,157_1b1_Pr_sc_Meditron__14,wheeze_score,0.8015978695,0
M39,train,cycle,158_1b3_Ar_mc_LittC2SE__0,wheeze_score,0.4045643154,0
M39,train,cycle,158_1b3_Ar_mc_LittC2SE__1,wheeze_score,0.4632426989,0
M39,train,cycle,158_1b3_Ar_mc_LittC2SE__2,wheeze_score,0.7679277244,0
M39,train,cycle,158_1b3_Ar_mc_LittC2SE__3,wheeze_score,0.7413167444,0
M39,train,cycle,158_1b3_Ar_mc_LittC2SE__4,wheeze_score,0.6506364922,0
M39,train,cycle,158_1b3_Ar_mc_LittC2SE__5,wheeze_score,0.5507745267,0
M39,train,cycle,158_1b3_Ar_mc_LittC2SE__6,wheeze_score,0.7265521797,0
M39,train,cycle,158_1b3_Ar_mc_LittC2SE__7,wheeze_score,0.8242378623,0
M39,train,cycle,158_1b3_Ar_mc_LittC2SE__8,wheeze_score,0.6736429039,0
M39,train,cycle,158_1b3_Ar_mc_LittC2SE__9,wheeze_score,0.6894764126,0
M39,train,cycle,158_1b3_Ar_mc_LittC2SE__10,wheeze_score,0.5914343984,0
M39,train,cycle,158_1p2_Al_mc_AKGC417L__0,wheeze_score,0.5123776626,1
M39,train,cycle,158_1p2_Al_mc_AKGC417L__1,wheeze_score,0.6931382793,1
M39,train,cycle,158_1p2_Al_mc_AKGC417L__2,wheeze_score,0.7348242812,0
M39,train,cycle,158_1p2_Al_mc_AKGC417L__3,wheeze_score,0.594639866,1
M39,train,cycle,158_1p2_Al_mc_AKGC417L__4,wheeze_score,0.7986960065,0
M39,train,cycle,158_1p2_Al_mc_AKGC417L__5,wheeze_score,0.8889736742,0
M39,train,cycle,158_1p2_Al_mc_AKGC417L__6,wheeze_score,0.8089199825,0
M39,train,cycle,158_1p2_Al_mc_AKGC417L__7,wheeze_score,0.7683615819,0
M39,train,cycle,158_1p2_Ar_mc_AKGC417L__0,wheeze_score,0.8347725964,1
M39,train,cycle,158_1p2_Ar_mc_AKGC417L__1,wheeze_score,0.6652734239,1
M39,train,cycle,158_1p2_Ar_mc_AKGC417L__2,wheeze_score,0.7228434505,0
M39,train,cycle,158_1p2_Ar_mc_AKGC417L__3,wheeze_score,0.8458961474,1
M39,train,cycle,158_1p2_Ar_mc_AKGC417L__4,wheeze_score,0.6805215974,0
M39,train,cycle,158_1p2_Ar_mc_AKGC417L__5,wheeze_score,0.824112934,0
M39,train,cycle,158_1p2_Ar_mc_AKGC417L__6,wheeze_score,0.8351552252,0
M39,train,cycle,158_1p2_Ar_mc_AKGC417L__7,wheeze_score,0.8813559322,0
M39,train,cycle,158_1p2_Ll_mc_AKGC417L__0,wheeze_score,0.754173863,0
M39,train,cycle,158_1p2_Ll_mc_AKGC417L__1,wheeze_score,0.6826889586,0
M39,train,cycle,158_1p2_Ll_mc_AKGC417L__2,wheeze_score,0.6269968051,0
M39,train,cycle,158_1p2_Ll_mc_AKGC417L__3,wheeze_score,0.8123953099,1
M39,train,cycle,158_1p2_Ll_mc_AKGC417L__4,wheeze_score,0.7131214344,0
M39,train,cycle,158_1p2_Ll_mc_AKGC417L__5,wheeze_score,0.6524227394,0
M39,train,cycle,158_1p2_Ll_mc_AKGC417L__6,wheeze_score,0.8395277656,0
M39,train,cycle,158_1p2_Ll_mc_AKGC417L__7,wheeze_score,0.5762711864,0
M39,train,cycle,158_1p2_Lr_mc_AKGC417L__0,wheeze_score,0.5699481865,1
M39,train,cycle,158_1p2_Lr_mc_AKGC417L__1,wheeze_score,0.6687565308,1
M39,train,cycle,158_1p2_Lr_mc_AKGC417L__2,wheeze_score,0.4912140575,1
M39,train,cycle,158_1p2_Lr_mc_AKGC417L__3,wheeze_score,0.6281407035,1
M39,train,cycle,158_1p2_Lr_mc_AKGC417L__4,wheeze_score,0.5990220049,0
M39,train,cycle,158_1p2_Lr_mc_AKGC417L__5,wheeze_score,0.4731018695,0
M39,train,cycle,158_1p2_Lr_mc_AKGC417L__6,wheeze_score,0.6558810669,0
M39,train,cycle,158_1p2_Lr_mc_AKGC417L__7,wheeze_score,0.3389830508,1
M39,train,cycle,158_1p2_Pl_mc_AKGC417L__0,wheeze_score,0.4893494531,1
M39,train,cycle,158_1p2_Pl_mc_AKGC417L__1,wheeze_score,0.4388714734,1
M39,train,cycle,158_1p2_Pl_mc_AKGC417L__2,wheeze_score,0.5551118211,0
M39,train,cycle,158_1p2_Pl_mc_AKGC417L__3,wheeze_score,0.3852596315,1
M39,train,cycle,158_1p2_Pl_mc_AKGC417L__4,wheeze_score,0.5704971475,1
M39,train,cycle,158_1p2_Pl_mc_AKGC417L__5,wheeze_score,0.5913773369,1
M39,train,cycle,158_1p2_Pl_mc_AKGC417L__6,wheeze_score,0.6996064714,0
M39,train,cycle,158_1p2_Pl_mc_AKGC417L__7,wheeze_score,0.6327683616,0
M39,train,cycle,158_1p2_Pr_mc_AKGC417L__0,wheeze_score,0.9096142775,0
M39,train,cycle,158_1p2_Pr_mc_AKGC417L__1,wheeze_score,0.7662835249,1
M39,train,cycle,158_1p2_Pr_mc_AKGC417L__2,wheeze_score,0.7428115016,1
M39,train,cycle,158_1p2_Pr_mc_AKGC417L__3,wheeze_score,0.7579564489,1
M39,train,cycle,158_1p2_Pr_mc_AKGC417L__4,wheeze_score,0.9616951915,1
M39,train,cycle,158_1p2_Pr_mc_AKGC417L__5,wheeze_score,0.8737123235,0
M39,train,cycle,158_1p2_Pr_mc_AKGC417L__6,wheeze_score,0.7170966331,0
M39,train,cycle,158_1p2_Pr_mc_AKGC417L__7,wheeze_score,0.4745762712,1
M39,train,cycle,158_1p2_Tc_mc_AKGC417L__0,wheeze_score,0.2648244099,0
M39,train,cycle,158_1p2_Tc_mc_AKGC417L__1,wheeze_score,0.2960640892,0
M39,train,cycle,158_1p2_Tc_mc_AKGC417L__2,wheeze_score,0.2835463259,0
M39,train,cycle,158_1p2_Tc_mc_AKGC417L__3,wheeze_score,0.364321608,0
M39,train,cycle,158_1p2_Tc_mc_AKGC417L__4,wheeze_score,0.293398533,0
M39,train,cycle,158_1p2_Tc_mc_AKGC417L__5,wheeze_score,0.4387638306,0
M39,train,cycle,158_1p2_Tc_mc_AKGC417L__6,wheeze_score,0.6515085265,0
M39,train,cycle,158_1p2_Tc_mc_AKGC417L__7,wheeze_score,0.5310734463,0
M39,train,cycle,158_1p3_Al_mc_AKGC417L__0,wheeze_score,0.6986899563,1
M39,train,cycle,158_1p3_Al_mc_AKGC417L__1,wheeze_score,0.6976744186,1
M39,train,cycle,158_1p3_Al_mc_AKGC417L__2,wheeze_score,0.8735440932,1
M39,train,cycle,158_1p3_Al_mc_AKGC417L__3,wheeze_score,0.8241291419,0
M39,train,cycle,158_1p3_Al_mc_AKGC417L__4,wheeze_score,0.7001321004,1
M39,train,cycle,158_1p3_Al_mc_AKGC417L__5,wheeze_score,0.8352246936,1
M39,train,cycle,158_1p3_Al_mc_AKGC417L__6,wheeze_score,0.6876663709,1
M39,train,cycle,158_1p3_Al_mc_AKGC417L__7,wheeze_score,0.647135986,1
M39,train,cycle,158_1p3_Al_mc_AKGC417L__8,wheeze_score,0.8695652174,0
M39,train,cycle,158_1p3_Ar_mc_AKGC417L__0,wheeze_score,0.7174048659,1
M39,train,cycle,158_1p3_Ar_mc_AKGC417L__1,wheeze_score,0.5990133897,1
M39,train,cycle,158_1p3_Ar_mc_AKGC417L__2,wheeze_score,0.6447587354,1
M39,train,cycle,158_1p3_Ar_mc_AKGC417L__3,wheeze_score,0.9813084112,1
M39,train,cycle,158_1p3_Ar_mc_AKGC417L__4,wheeze_score,0.8322324967,1
M39,train,cycle,158_1p3_Ar_mc_AKGC417L__5,wheeze_score,0.7625964594,1
M39,train,cycle,158_1p3_Ar_mc_AKGC417L__6,wheeze_score,0.727595386,1
M39,train,cycle,158_1p3_Ar_mc_AKGC417L__7,wheeze_score,0.8351552252,1
M39,train,cycle,158_1p3_Ar_mc_AKGC417L__8,wheeze_score,0.7755581669,0
M39,train,cycle,158_1p3_Ll_mc_AKGC417L__0,wheeze_score,0.7860262009,1
M39,train,cycle,158_1p3_Ll_mc_AKGC417L__1,wheeze_score,0.5179704017,1
M39,train,cycle,158_1p3_Ll_mc_AKGC417L__2,wheeze_score,0.8610648918,1
M39,train,cycle,158_1p3_Ll_mc_AKGC417L__3,wheeze_score,0.7349192863,0
M39,train,cycle,158_1p3_Ll_mc_AKGC417L__4,wheeze_score,0.8630559225,1
M39,train,cycle,158_1p3_Ll_mc_AKGC417L__5,wheeze_score,0.6808896959,1
M39,train,cycle,158_1p3_Ll_mc_AKGC417L__6,wheeze_score,0.8740017746,1
M39,train,cycle,158_1p3_Ll_mc_AKGC417L__7,wheeze_score,0.7958023612,1
M39,train,cycle,158_1p3_Ll_mc_AKGC417L__8,wheeze_score,0.7873090482,0
M39,train,cycle,158_1p3_Lr_mc_AKGC417L__0,wheeze_score,0.2121023082,1
M39,train,cycle,158_1p3_Lr_mc_AKGC417L__1,wheeze_score,0.362931642,1
M39,train,cycle,158_1p3_Lr_mc_AKGC417L__2,wheeze_score,0.6364392679,1
M39,train,cycle,158_1p3_Lr_mc_AKGC417L__3,wheeze_score,0.4970263381,1
M39,train,cycle,158_1p3_Lr_mc_AKGC417L__4,wheeze_score,0.5812417437,1
M39,train,cycle,158_1p3_Lr_mc_AKGC417L__5,wheeze_score,0.7716749887,1
M39,train,cycle,158_1p3_Lr_mc_AKGC417L__6,wheeze_score,0.7009760426,1
M39,train,cycle,158_1p3_Lr_mc_AKGC417L__7,wheeze_score,0.5203323131,1
M39,train,cycle,158_1p3_Lr_mc_AKGC417L__8,wheeze_score,0.2702702703,1
M39,train,cycle,158_1p3_Pl_mc_AKGC417L__0,wheeze_score,0.5427323768,1
M39,train,cycle,158_1p3_Pl_mc_AKGC417L__1,wheeze_score,0.5673009161,1
M39,train,cycle,158_1p3_Pl_mc_AKGC417L__2,wheeze_score,0.5865224626,1
M39,train,cycle,158_1p3_Pl_mc_AKGC417L__3,wheeze_score,0.5607476636,1
M39,train,cycle,158_1p3_Pl_mc_AKGC417L__4,wheeze_score,0.4447380009,1
M39,train,cycle,158_1p3_Pl_mc_AKGC417L__5,wheeze_score,0.5901044031,1
M39,train,cycle,158_1p3_Pl_mc_AKGC417L__6,wheeze_score,0.4392191659,1
M39,train,cycle,158_1p3_Pl_mc_AKGC417L__7,wheeze_score,0.5902929602,1
M39,train,cycle,158_1p3_Pl_mc_AKGC417L__8,wheeze_score,0.3407755582,0
M39,train,cycle,158_1p3_Pr_mc_AKGC417L__0,wheeze_score,0.6612601372,1
M39,train,cycle,158_1p3_Pr_mc_AKGC417L__1,wheeze_score,0.6307258633,1
M39,train,cycle,158_1p3_Pr_mc_AKGC417L__2,wheeze_score,0.7695507488,1
M39,train,cycle,158_1p3_Pr_mc_AKGC417L__3,wheeze_score,0.8071367884,1
M39,train,cycle,158_1p3_Pr_mc_AKGC417L__4,wheeze_score,0.810215764,1
M39,train,cycle,158_1p3_Pr_mc_AKGC417L__5,wheeze_score,0.7989105765,1
M39,train,cycle,158_1p3_Pr_mc_AKGC417L__6,wheeze_score,0.7231588287,1
M39,train,cycle,158_1p3_Pr_mc_AKGC417L__7,wheeze_score,0.6952339309,1
M39,train,cycle,158_1p3_Pr_mc_AKGC417L__8,wheeze_score,0.8578143361,1
M39,train,cycle,158_1p3_Tc_mc_AKGC417L__0,wheeze_score,0.2370555209,1
M39,train,cycle,158_1p3_Tc_mc_AKGC417L__1,wheeze_score,0.2078928823,1
M39,train,cycle,158_1p3_Tc_mc_AKGC417L__2,wheeze_score,0.4367720466,1
M39,train,cycle,158_1p3_Tc_mc_AKGC417L__3,wheeze_score,0.212404418,0
M39,train,cycle,158_1p3_Tc_mc_AKGC417L__4,wheeze_score,0.1893439014,1
M39,train,cycle,158_1p3_Tc_mc_AKGC417L__5,wheeze_score,0.3449841126,1
M39,train,cycle,158_1p3_Tc_mc_AKGC417L__6,wheeze_score,0.2661934339,1
M39,train,cycle,158_1p3_Tc_mc_AKGC417L__7,wheeze_score,0.4547442064,1
M39,train,cycle,158_1p3_Tc_mc_AKGC417L__8,wheeze_score,0.1410105758,0
M39,train,cycle,158_1p4_Al_mc_AKGC417L__0,wheeze_score,0.9024686362,1
M39,train,cycle,158_1p4_Al_mc_AKGC417L__1,wheeze_score,0.827000447,1
M39,train,cycle,158_1p4_Al_mc_AKGC417L__2,wheeze_score,0.8571428571,0
M39,train,cycle,158_1p4_Al_mc_AKGC417L__3,wheeze_score,0.8913649025,0
M39,train,cycle,158_1p4_Al_mc_AKGC417L__4,wheeze_score,0.7342995169,0
M39,train,cycle,158_1p4_Al_mc_AKGC417L__5,wheeze_score,0.7241841752,0
M39,train,cycle,158_1p4_Al_mc_AKGC417L__6,wheeze_score,0.8405797101,0
M39,train,cycle,158_1p4_Al_mc_AKGC417L__7,wheeze_score,0.7254138267,1
M39,train,cycle,158_1p4_Al_mc_AKGC417L__8,wheeze_score,0.8564356436,0
M39,train,cycle,158_1p4_Ar_mc_AKGC417L__0,wheeze_score,0.7405908539,1
M39,train,cycle,158_1p4_Ar_mc_AKGC417L__1,wheeze_score,0.742065266,0
M39,train,cycle,158_1p4_Ar_mc_AKGC417L__2,wheeze_score,0.6313364055,0
M39,train,cycle,158_1p4_Ar_mc_AKGC417L__3,wheeze_score,0.6963788301,0
M39,train,cycle,158_1p4_Ar_mc_AKGC417L__4,wheeze_score,0.7874396135,0
M39,train,cycle,158_1p4_Ar_mc_AKGC417L__5,wheeze_score,0.5096110863,0
M39,train,cycle,158_1p4_Ar_mc_AKGC417L__6,wheeze_score,0.8599033816,0
M39,train,cycle,158_1p4_Ar_mc_AKGC417L__7,wheeze_score,0.8617332035,0
M39,train,cycle,158_1p4_Ar_mc_AKGC417L__8,wheeze_score,0.8861386139,0
M39,train,cycle,158_1p4_Lr_mc_AKGC417L__0,wheeze_score,0.4451639013,1
M39,train,cycle,158_1p4_Lr_mc_AKGC417L__1,wheeze_score,0.5006705409,1
M39,train,cycle,158_1p4_Lr_mc_AKGC417L__2,wheeze_score,0.6912442396,1
M39,train,cycle,158_1p4_Lr_mc_AKGC417L__3,wheeze_score,0.5246053853,1
M39,train,cycle,158_1p4_Lr_mc_AKGC417L__4,wheeze_score,0.6956521739,1
M39,train,cycle,158_1p4_Lr_mc_AKGC417L__5,wheeze_score,0.755476084,1
M39,train,cycle,158_1p4_Lr_mc_AKGC417L__6,wheeze_score,0.5893719807,1
M39,train,cycle,158_1p4_Lr_mc_AKGC417L__7,wheeze_score,0.5209347614,1
M39,train,cycle,158_1p4_Lr_mc_AKGC417L__8,wheeze_score,0.4900990099,1
M39,train,cycle,158_1p4_Pl_mc_AKGC417L__0,wheeze_score,0.4856333468,1
M39,train,cycle,158_1p4_Pl_mc_AKGC417L__1,wheeze_score,0.5051408136,1
M39,train,cycle,158_1p4_Pl_mc_AKGC417L__2,wheeze_score,0.6267281106,0
M39,train,cycle,158_1p4_Pl_mc_AKGC417L__3,wheeze_score,0.8217270195,0
M39,train,cycle,158_1p4_Pl_mc_AKGC417L__4,wheeze_score,0.4782608696,0
M39,train,cycle,158_1p4_Pl_mc_AKGC417L__5,wheeze_score,0.6973625391,0
M39,train,cycle,158_1p4_Pl_mc_AKGC417L__6,wheeze_score,0.5410628019,0
M39,train,cycle,158_1p4_Pl_mc_AKGC417L__7,wheeze_score,0.4819863681,1
M39,train,cycle,158_1p4_Pl_mc_AKGC417L__8,wheeze_score,0.6287128713,1
M39,train,cycle,158_1p4_Pr_mc_AKGC417L__0,wheeze_score,0.6717927964,1
M39,train,cycle,158_1p4_Pr_mc_AKGC417L__1,wheeze_score,0.29950827,1
M39,train,cycle,158_1p4_Pr_mc_AKGC417L__2,wheeze_score,0.5944700461,1
M39,train,cycle,158_1p4_Pr_mc_AKGC417L__3,wheeze_score,0.7892293408,1
M39,train,cycle,158_1p4_Pr_mc_AKGC417L__4,wheeze_score,0.8115942029,1
M39,train,cycle,158_1p4_Pr_mc_AKGC417L__5,wheeze_score,0.9387572642,1
M39,train,cycle,158_1p4_Pr_mc_AKGC417L__6,wheeze_score,0.8599033816,1
M39,train,cycle,158_1p4_Pr_mc_AKGC417L__7,wheeze_score,0.7497565725,1
M39,train,cycle,158_1p4_Pr_mc_AKGC417L__8,wheeze_score,0.6188118812,1
M39,train,cycle,158_1p4_Tc_mc_AKGC417L__0,wheeze_score,0.3723188992,0
M39,train,cycle,158_1p4_Tc_mc_AKGC417L__1,wheeze_score,0.5230219043,0
M39,train,cycle,158_1p4_Tc_mc_AKGC417L__2,wheeze_score,0.3502304147,0
M39,train,cycle,158_1p4_Tc_mc_AKGC417L__3,wheeze_score,0.3528319406,0
M39,train,cycle,158_1p4_Tc_mc_AKGC417L__4,wheeze_score,0.2995169082,0
M39,train,cycle,158_1p4_Tc_mc_AKGC417L__5,wheeze_score,0.4112650872,0
M39,train,cycle,158_1p4_Tc_mc_AKGC417L__6,wheeze_score,0.1835748792,0
M39,train,cycle,158_1p4_Tc_mc_AKGC417L__7,wheeze_score,0.2921129503,0
M39,train,cycle,158_1p4_Tc_mc_AKGC417L__8,wheeze_score,0.2722772277,0
M39,train,cycle,158_2p2_Ar_mc_AKGC417L__0,wheeze_score,0.7364685004,0
M39,train,cycle,158_2p2_Ar_mc_AKGC417L__1,wheeze_score,0.8220376038,1
M39,train,cycle,158_2p2_Ar_mc_AKGC417L__2,wheeze_score,0.5885416667,1
M39,train,cycle,158_2p2_Ar_mc_AKGC417L__3,wheeze_score,0.7516339869,0
M39,train,cycle,158_2p2_Ar_mc_AKGC417L__4,wheeze_score,0.5697674419,1
M39,train,cycle,158_2p2_Ar_mc_AKGC417L__5,wheeze_score,0.8056394763,0
M39,train,cycle,158_2p2_Ar_mc_AKGC417L__6,wheeze_score,0.8744038156,0
M39,train,cycle,158_2p2_Ar_mc_AKGC417L__7,wheeze_score,0.7440336921,0
M39,train,cycle,158_2p2_Ar_mc_AKGC417L__8,wheeze_score,0.6273584906,0
M39,train,cycle,158_2p3_Lr_mc_AKGC417L__0,wheeze_score,0.8489722967,0
M39,train,cycle,158_2p3_Lr_mc_AKGC417L__1,wheeze_score,0.790608529,0
M39,train,cycle,158_2p3_Lr_mc_AKGC417L__2,wheeze_score,0.7734204793,1
M39,train,cycle,158_2p3_Lr_mc_AKGC417L__3,wheeze_score,0.782396088,0
M39,train,cycle,158_2p3_Lr_mc_AKGC417L__4,wheeze_score,0.8448928121,0
M39,train,cycle,158_2p3_Lr_mc_AKGC417L__5,wheeze_score,0.5501222494,0
M39,train,cycle,158_2p3_Lr_mc_AKGC417L__6,wheeze_score,0.5608667941,0
M39,train,cycle,158_2p3_Lr_mc_AKGC417L__7,wheeze_score,0.738372093,0
M39,train,cycle,158_2p3_Lr_mc_AKGC417L__8,wheeze_score,0.6191744341,1
M39,train,cycle,158_2p3_Lr_mc_AKGC417L__9,wheeze_score,0.9074074074,1
M39,train,cycle,158_2p3_Lr_mc_AKGC417L__10,wheeze_score,0.8986615679,1
M39,train,cycle,158_2p3_Lr_mc_AKGC417L__11,wheeze_score,0.9114085405,1
M39,train,cycle,158_2p3_Tc_mc_AKGC417L__0,wheeze_score,0.509383378,1
M39,train,cycle,158_2p3_Tc_mc_AKGC417L__1,wheeze_score,0.4408241495,1
M39,train,cycle,158_2p3_Tc_mc_AKGC417L__2,wheeze_score,0.5392156863,1
M39,train,cycle,158_2p3_Tc_mc_AKGC417L__3,wheeze_score,0.5012224939,1
M39,train,cycle,158_2p3_Tc_mc_AKGC417L__4,wheeze_score,0.4161412358,1
M39,train,cycle,158_2p3_Tc_mc_AKGC417L__5,wheeze_score,0.5684596577,1
M39,train,cycle,158_2p3_Tc_mc_AKGC417L__6,wheeze_score,0.2740599108,1
M39,train,cycle,158_2p3_Tc_mc_AKGC417L__7,wheeze_score,0.6220930233,1
M39,train,cycle,158_2p3_Tc_mc_AKGC417L__8,wheeze_score,0.6857523302,1
M39,train,cycle,158_2p3_Tc_mc_AKGC417L__9,wheeze_score,0.6172839506,1
M39,train,cycle,158_2p3_Tc_mc_AKGC417L__10,wheeze_score,0.5863607393,1
M39,train,cycle,158_2p3_Tc_mc_AKGC417L__11,wheeze_score,0.4525175271,1
M39,train,cycle,159_1b1_Al_sc_Meditron__0,wheeze_score,0.8653122649,0
M39,train,cycle,159_1b1_Al_sc_Meditron__1,wheeze_score,0.8388375165,0
M39,train,cycle,159_1b1_Al_sc_Meditron__2,wheeze_score,0.7921866522,1
M39,train,cycle,159_1b1_Al_sc_Meditron__3,wheeze_score,0.8111111111,0
M39,train,cycle,159_1b1_Al_sc_Meditron__4,wheeze_score,0.8385876419,0
M39,train,cycle,159_1b1_Al_sc_Meditron__5,wheeze_score,0.8180628272,0
M39,train,cycle,159_1b1_Al_sc_Meditron__6,wheeze_score,0.8048511577,0
M39,train,cycle,159_1b1_Al_sc_Meditron__7,wheeze_score,0.8662026295,0
M39,train,cycle,159_1b1_Al_sc_Meditron__8,wheeze_score,0.63125,0
M39,train,cycle,159_1b1_Al_sc_Meditron__9,wheeze_score,0.8155812538,0
M39,train,cycle,159_1b1_Al_sc_Meditron__10,wheeze_score,0.946402704,0
M39,train,cycle,159_1b1_Al_sc_Meditron__11,wheeze_score,0.7642276423,0
M39,train,cycle,159_1b1_Ar_sc_Meditron__0,wheeze_score,0.9654561559,0
M39,train,cycle,159_1b1_Ar_sc_Meditron__1,wheeze_score,0.7573149742,0
M39,train,cycle,159_1b1_Ar_sc_Meditron__2,wheeze_score,0.5249204666,0
M39,train,cycle,159_1b1_Ar_sc_Meditron__3,wheeze_score,0.7091561939,0
M39,train,cycle,159_1b1_Ar_sc_Meditron__4,wheeze_score,0.5592377796,0
M39,train,cycle,159_1b1_Ar_sc_Meditron__5,wheeze_score,0.652173913,0
M39,train,cycle,159_1b1_Ar_sc_Meditron__6,wheeze_score,0.6714285714,0
M39,train,cycle,159_1b1_Ar_sc_Meditron__7,wheeze_score,0.5161290323,0
M39,train,cycle,159_1b1_Ar_sc_Meditron__8,wheeze_score,0.4425363276,0
M39,train,cycle,159_1b1_Ll_sc_Meditron__0,wheeze_score,0.7715133531,0
M39,train,cycle,159_1b1_Ll_sc_Meditron__1,wheeze_score,0.613183444,0
M39,train,cycle,159_1b1_Ll_sc_Meditron__2,wheeze_score,0.3882352941,0
M39,train,cycle,159_1b1_Ll_sc_Meditron__3,wheeze_score,0.6310958118,0
M39,train,cycle,159_1b1_Ll_sc_Meditron__4,wheeze_score,0.581257414,0
M39,train,cycle,159_1b1_Ll_sc_Meditron__5,wheeze_score,0.6423611111,0
M39,train,cycle,159_1b1_Ll_sc_Meditron__6,wheeze_score,0.5854643338,0
M39,train,cycle,159_1b1_Ll_sc_Meditron__7,wheeze_score,0.5411764706,0
M39,train,cycle,159_1b1_Ll_sc_Meditron__8,wheeze_score,0.5425935974,0
M39,train,cycle,159_1b1_Ll_sc_Meditron__9,wheeze_score,0.5151175812,0
M39,train,cycle,159_1b1_Ll_sc_Meditron__10,wheeze_score,0.2990033223,0
M39,train,cycle,159_1b1_Ll_sc_Meditron__11,wheeze_score,0.4869251578,0
M39,train,cycle,159_1b1_Pr_sc_Meditron__0,wheeze_score,0.875,0
M39,train,cycle,159_1b1_Pr_sc_Meditron__1,wheeze_score,0.6880189798,0
M39,train,cycle,159_1b1_Pr_sc_Meditron__2,wheeze_score,0.7614579574,0
M39,train,cycle,159_1b1_Pr_sc_Meditron__3,wheeze_score,0.6062099556,0
M39,train,cycle,159_1b1_Pr_sc_Meditron__4,wheeze_score,0.6874736398,0
M39,train,cycle,159_1b1_Pr_sc_Meditron__5,wheeze_score,0.6036745407,0
M39,train,cycle,159_1b1_Pr_sc_Meditron__6,wheeze_score,0.8134358559,0
M39,train,cycle,159_1b1_Pr_sc_Meditron__7,wheeze_score,0.6286672255,0
M39,train,cycle,159_1b1_Pr_sc_Meditron__8,wheeze_score,0.3451492537,0
M39,train,cycle,161_1b1_Al_sc_Meditron__0,wheeze_score,0.7642881299,1
M39,train,cycle,161_1b1_Al_sc_Meditron__1,wheeze_score,0.7002967359,1
M39,train,cycle,161_1b1_Al_sc_Meditron__2,wheeze_score,0.419047619,1
M39,train,cycle,161_1b1_Al_sc_Meditron__3,wheeze_score,0.3977844914,1
M39,train,cycle,161_1b1_Al_sc_Meditron__4,wheeze_score,0.8659549229,0
M39,train,cycle,161_1b1_Al_sc_Meditron__5,wheeze_score,0.6214900786,0
M39,train,cycle,161_1b1_Al_sc_Meditron__6,wheeze_score,0.6420021763,0
M39,train,cycle,161_1b1_Al_sc_Meditron__7,wheeze_score,0.6353194544,0
M39,train,cycle,161_1b1_Al_sc_Meditron__8,wheeze_score,0.3703703704,0
M39,train,cycle,161_1b1_Pl_sc_Meditron__0,wheeze_score,0.5476673428,0
M39,train,cycle,161_1b1_Pl_sc_Meditron__1,wheeze_score,0.3221649485,0
M39,train,cycle,161_1b1_Pl_sc_Meditron__2,wheeze_score,0.41,0
M39,train,cycle,161_1b1_Pl_sc_Meditron__3,wheeze_score,0.4666666667,1
M39,train,cycle,161_1b1_Pl_sc_Meditron__4,wheeze_score,0.6810709253,1
M39,train,cycle,161_1b1_Pl_sc_Meditron__5,wheeze_score,0.5301080803,1
M39,train,cycle,161_1b1_Pl_sc_Meditron__6,wheeze_score,0.6107891217,1
M39,train,cycle,161_1b1_Pl_sc_Meditron__7,wheeze_score,0.4930966469,1
M39,train,cycle,161_1b1_Pl_sc_Meditron__8,wheeze_score,0.4133395961,1
M39,train,cycle,161_1b1_Pl_sc_Meditron__9,wheeze_score,0.5823529412,1
M39,train,cycle,162_1b2_Al_mc_AKGC417L__0,wheeze_score,0.6403068752,0
M39,train,cycle,162_1b2_Al_mc_AKGC417L__1,wheeze_score,0.6414113786,0
M39,train,cycle,162_1b2_Al_mc_AKGC417L__2,wheeze_score,0.6858237548,0
M39,train,cycle,162_1b2_Ar_mc_AKGC417L__0,wheeze_score,0.2862201239,0
M39,train,cycle,162_1b2_Ar_mc_AKGC417L__1,wheeze_score,0.5716630197,1
M39,train,cycle,162_1b2_Ar_mc_AKGC417L__2,wheeze_score,0.4916985951,0
M39,train,cycle,162_1b2_Ll_mc_AKGC417L__0,wheeze_score,0.6816169962,0
M39,train,cycle,162_1b2_Ll_mc_AKGC417L__1,wheeze_score,0.5128555799,0
M39,train,cycle,162_1b2_Ll_mc_AKGC417L__2,wheeze_score,0.6028097063,0
M39,train,cycle,162_1b2_Lr_mc_AKGC417L__0,wheeze_score,0.7612865152,0
M39,train,cycle,162_1b2_Lr_mc_AKGC417L__1,wheeze_score,0.6277352298,0
M39,train,cycle,162_1b2_Lr_mc_AKGC417L__2,wheeze_score,0.6973180077,0
M39,train,cycle,162_1b2_Pl_mc_AKGC417L__0,wheeze_score,0.4012983181,0
M39,train,cycle,162_1b2_Pl_mc_AKGC417L__1,wheeze_score,0.363785558,0
M39,train,cycle,162_1b2_Pl_mc_AKGC417L__2,wheeze_score,0.4227330779,0
M39,train,cycle,162_1b2_Pr_mc_AKGC417L__0,wheeze_score,0.6137503688,0
M39,train,cycle,162_1b2_Pr_mc_AKGC417L__1,wheeze_score,0.45404814,0
M39,train,cycle,162_1b2_Pr_mc_AKGC417L__2,wheeze_score,0.5159642401,0
M39,train,cycle,162_1b2_Tc_mc_AKGC417L__0,wheeze_score,0.1888462673,0
M39,train,cycle,162_1b2_Tc_mc_AKGC417L__1,wheeze_score,0.2338621444,0
M39,train,cycle,162_1b2_Tc_mc_AKGC417L__2,wheeze_score,0.1379310345,0
M39,train,cycle,162_2b2_Al_mc_AKGC417L__0,wheeze_score,0.5754642951,0
M39,train,cycle,162_2b2_Al_mc_AKGC417L__1,wheeze_score,0.6681693769,0
M39,train,cycle,162_2b2_Al_mc_AKGC417L__2,wheeze_score,0.5343166767,0
M39,train,cycle,162_2b2_Al_mc_AKGC417L__3,wheeze_score,0.5177578092,0
M39,train,cycle,162_2b2_Ar_mc_AKGC417L__0,wheeze_score,0.4499084489,0
M39,train,cycle,162_2b2_Ar_mc_AKGC417L__1,wheeze_score,0.5232651747,0
M39,train,cycle,162_2b2_Ar_mc_AKGC417L__2,wheeze_score,0.4364840458,0
M39,train,cycle,162_2b2_Ar_mc_AKGC417L__3,wheeze_score,0.5862216517,0
M39,train,cycle,162_2b2_Pl_mc_AKGC417L__0,wheeze_score,0.4812974104,0
M39,train,cycle,162_2b2_Pl_mc_AKGC417L__1,wheeze_score,0.4379327,0
M39,train,cycle,162_2b2_Pl_mc_AKGC417L__2,wheeze_score,0.3040337146,0
M39,train,cycle,162_2b2_Pl_mc_AKGC417L__3,wheeze_score,0.188275567,0
M39,train,cycle,162_2b2_Pr_mc_AKGC417L__0,wheeze_score,0.217106984,0
M39,train,cycle,162_2b2_Pr_mc_AKGC417L__1,wheeze_score,0.4443728868,0
M39,train,cycle,162_2b2_Pr_mc_AKGC417L__2,wheeze_score,0.3220951234,0
M39,train,cycle,162_2b2_Pr_mc_AKGC417L__3,wheeze_score,0.4364569961,0
M39,train,cycle,162_2b2_Tc_mc_AKGC417L__0,wheeze_score,0.26942192,0
M39,train,cycle,162_2b2_Tc_mc_AKGC417L__1,wheeze_score,0.3139591048,0
M39,train,cycle,162_2b2_Tc_mc_AKGC417L__2,wheeze_score,0.2408187839,0
M39,train,cycle,162_2b2_Tc_mc_AKGC417L__3,wheeze_score,0.487804878,0
M39,train,cycle,162_2b3_Al_mc_AKGC417L__0,wheeze_score,0.4937343358,0
M39,train,cycle,162_2b3_Al_mc_AKGC417L__1,wheeze_score,0.6679646548,0
M39,train,cycle,162_2b3_Al_mc_AKGC417L__2,wheeze_score,0.4539722573,0
M39,train,cycle,162_2b3_Al_mc_AKGC417L__3,wheeze_score,0.2780748663,0
M39,train,cycle,162_2b3_Ar_mc_AKGC417L__0,wheeze_score,0.5513784461,0
M39,train,cycle,162_2b3_Ar_mc_AKGC417L__1,wheeze_score,0.5676201887,0
M39,train,cycle,162_2b3_Ar_mc_AKGC417L__2,wheeze_score,0.6935687264,0
M39,train,cycle,162_2b3_Ar_mc_AKGC417L__3,wheeze_score,0.3636363636,0
M39,train,cycle,162_2b3_Lr_mc_AKGC417L__0,wheeze_score,0.4511278195,0
M39,train,cycle,162_2b3_Lr_mc_AKGC417L__1,wheeze_score,0.4463082223,0
M39,train,cycle,162_2b3_Lr_mc_AKGC417L__2,wheeze_score,0.2994955864,0
M39,train,cycle,162_2b3_Lr_mc_AKGC417L__3,wheeze_score,0.2673796791,0
M39,train,cycle,162_2b3_Pl_mc_AKGC417L__0,wheeze_score,0.343358396,0
M39,train,cycle,162_2b3_Pl_mc_AKGC417L__1,wheeze_score,0.4537966152,0
M39,train,cycle,162_2b3_Pl_mc_AKGC417L__2,wheeze_score,0.3735813367,0
M39,train,cycle,162_2b3_Pl_mc_AKGC417L__3,wheeze_score,0.2459893048,0
M39,train,cycle,162_2b3_Pr_mc_AKGC417L__0,wheeze_score,0.2781954887,0
M39,train,cycle,162_2b3_Pr_mc_AKGC417L__1,wheeze_score,0.4313314363,0
M39,train,cycle,162_2b3_Pr_mc_AKGC417L__2,wheeze_score,0.315258512,0
M39,train,cycle,162_2b3_Pr_mc_AKGC417L__3,wheeze_score,0.1871657754,0
M39,train,cycle,162_2b3_Tc_mc_AKGC417L__0,wheeze_score,0.1804511278,0
M39,train,cycle,162_2b3_Tc_mc_AKGC417L__1,wheeze_score,0.2471169687,0
M39,train,cycle,162_2b3_Tc_mc_AKGC417L__2,wheeze_score,0.2821563682,0
M39,train,cycle,162_2b3_Tc_mc_AKGC417L__3,wheeze_score,0.256684492,0
M39,train,cycle,162_2b4_Al_mc_AKGC417L__0,wheeze_score,0.797044075,0
M39,train,cycle,162_2b4_Al_mc_AKGC417L__1,wheeze_score,0.7553402334,0
M39,train,cycle,162_2b4_Al_mc_AKGC417L__2,wheeze_score,0.7322788518,0
M39,train,cycle,162_2b4_Al_mc_AKGC417L__3,wheeze_score,0.4642857143,0
M39,train,cycle,162_2b4_Ar_mc_AKGC417L__0,wheeze_score,0.4143573502,0
M39,train,cycle,162_2b4_Ar_mc_AKGC417L__1,wheeze_score,0.6540409601,0
M39,train,cycle,162_2b4_Ar_mc_AKGC417L__2,wheeze_score,0.6268306971,0
M39,train,cycle,162_2b4_Ar_mc_AKGC417L__3,wheeze_score,0.6369047619,0
M39,train,cycle,162_2b4_Lr_mc_AKGC417L__0,wheeze_score,0.5595143837,0
M39,train,cycle,162_2b4_Lr_mc_AKGC417L__1,wheeze_score,0.2906848712,0
M39,train,cycle,162_2b4_Lr_mc_AKGC417L__2,wheeze_score,0.3319664128,0
M39,train,cycle,162_2b4_Lr_mc_AKGC417L__3,wheeze_score,0.3571428571,0
M39,train,cycle,162_2b4_Pl_mc_AKGC417L__0,wheeze_score,0.1689100026,0
M39,train,cycle,162_2b4_Pl_mc_AKGC417L__1,wheeze_score,0.345738824,0
M39,train,cycle,162_2b4_Pl_mc_AKGC417L__2,wheeze_score,0.1835578988,0
M39,train,cycle,162_2b4_Pl_mc_AKGC417L__3,wheeze_score,0.3214285714,0
M39,train,cycle,162_2b4_Pr_mc_AKGC417L__0,wheeze_score,0.2876748482,1
M39,train,cycle,162_2b4_Pr_mc_AKGC417L__1,wheeze_score,0.2840783968,0
M39,train,cycle,162_2b4_Pr_mc_AKGC417L__2,wheeze_score,0.3671157977,0
M39,train,cycle,162_2b4_Pr_mc_AKGC417L__3,wheeze_score,0.3452380952,0
M39,train,cycle,162_2b4_Tc_mc_AKGC417L__0,wheeze_score,0.3510160992,0
M39,train,cycle,162_2b4_Tc_mc_AKGC417L__1,wheeze_score,0.1563532262,0
M39,train,cycle,162_2b4_Tc_mc_AKGC417L__2,wheeze_score,0.1113063855,0
M39,train,cycle,162_2b4_Tc_mc_AKGC417L__3,wheeze_score,0,0
M39,train,cycle,163_2b2_Al_mc_AKGC417L__0,wheeze_score,0.4652406417,0
M39,train,cycle,163_2b2_Al_mc_AKGC417L__1,wheeze_score,0.6328320802,0
M39,train,cycle,163_2b2_Al_mc_AKGC417L__2,wheeze_score,0.5208333333,0
M39,train,cycle,163_2b2_Al_mc_AKGC417L__3,wheeze_score,0.5885214008,0
M39,train,cycle,163_2b2_Al_mc_AKGC417L__4,wheeze_score,0.6450366937,0
M39,train,cycle,163_2b2_Ar_mc_AKGC417L__0,wheeze_score,0.5374331551,0
M39,train,cycle,163_2b2_Ar_mc_AKGC417L__1,wheeze_score,0.4385964912,0
M39,train,cycle,163_2b2_Ar_mc_AKGC417L__2,wheeze_score,0.4443027211,0
M39,train,cycle,163_2b2_Ar_mc_AKGC417L__3,wheeze_score,0.5787937743,0
M39,train,cycle,163_2b2_Ar_mc_AKGC417L__4,wheeze_score,0.4441869448,0
M39,train,cycle,163_2b2_Ll_mc_AKGC417L__0,wheeze_score,0.7245989305,0
M39,train,cycle,163_2b2_Ll_mc_AKGC417L__1,wheeze_score,0.5868838764,0
M39,train,cycle,163_2b2_Ll_mc_AKGC417L__2,wheeze_score,0.7227891156,0
M39,train,cycle,163_2b2_Ll_mc_AKGC417L__3,wheeze_score,0.5155642023,0
M39,train,cycle,163_2b2_Ll_mc_AKGC417L__4,wheeze_score,0.4325994593,0
M39,train,cycle,163_2b2_Lr_mc_AKGC417L__0,wheeze_score,0.4679144385,0
M39,train,cycle,163_2b2_Lr_mc_AKGC417L__1,wheeze_score,0.7435254804,0
M39,train,cycle,163_2b2_Lr_mc_AKGC417L__2,wheeze_score,0.5761054422,0
M39,train,cycle,163_2b2_Lr_mc_AKGC417L__3,wheeze_score,0.6298638132,0
M39,train,cycle,163_2b2_Lr_mc_AKGC417L__4,wheeze_score,0.5716492854,0
M39,train,cycle,163_2b2_Pl_mc_AKGC417L__0,wheeze_score,0.4812834225,0
M39,train,cycle,163_2b2_Pl_mc_AKGC417L__1,wheeze_score,0.3759398496,0
M39,train,cycle,163_2b2_Pl_mc_AKGC417L__2,wheeze_score,0.3443877551,0
M39,train,cycle,163_2b2_Pl_mc_AKGC417L__3,wheeze_score,0.5009727626,0
M39,train,cycle,163_2b2_Pl_mc_AKGC417L__4,wheeze_score,0.5677867903,0
M39,train,cycle,163_2b2_Pr_mc_AKGC417L__0,wheeze_score,0.2834224599,0
M39,train,cycle,163_2b2_Pr_mc_AKGC417L__1,wheeze_score,0.3529657477,0
M39,train,cycle,163_2b2_Pr_mc_AKGC417L__2,wheeze_score,0.6781462585,0
M39,train,cycle,163_2b2_Pr_mc_AKGC417L__3,wheeze_score,0.5204280156,0
M39,train,cycle,163_2b2_Pr_mc_AKGC417L__4,wheeze_score,0.7454615682,0
M39,train,cycle,163_2b2_Tc_mc_AKGC417L__0,wheeze_score,0.09625668449,0
M39,train,cycle,163_2b2_Tc_mc_AKGC417L__1,wheeze_score,0.0417710944,0
M39,train,cycle,163_2b2_Tc_mc_AKGC417L__2,wheeze_score,0.1084183673,0
M39,train,cycle,163_2b2_Tc_mc_AKGC417L__3,wheeze_score,0.1240272374,0
M39,train,cycle,163_2b2_Tc_mc_AKGC417L__4,wheeze_score,0,0
M39,train,cycle,163_8b3_Al_mc_AKGC417L__0,wheeze_score,0.8130813081,0
M39,train,cycle,163_8b3_Al_mc_AKGC417L__1,wheeze_score,0.7527236712,0
M39,train,cycle,163_8b3_Al_mc_AKGC417L__2,wheeze_score,0.7517934003,0
M39,train,cycle,163_8b3_Al_mc_AKGC417L__3,wheeze_score,0.8398320336,0
M39,train,cycle,163_8b3_Al_mc_AKGC417L__4,wheeze_score,0.6387665198,0
M39,train,cycle,163_8b3_Al_mc_AKGC417L__5,wheeze_score,0.8423087545,0
M39,train,cycle,163_8b3_Ar_mc_AKGC417L__0,wheeze_score,0.6060606061,0
M39,train,cycle,163_8b3_Ar_mc_AKGC417L__1,wheeze_score,0.7989435457,0
M39,train,cycle,163_8b3_Ar_mc_AKGC417L__2,wheeze_score,0.7862266858,0
M39,train,cycle,163_8b3_Ar_mc_AKGC417L__3,wheeze_score,0.5908818236,0
M39,train,cycle,163_8b3_Ar_mc_AKGC417L__4,wheeze_score,0.6534508076,0
M39,train,cycle,163_8b3_Ar_mc_AKGC417L__5,wheeze_score,0.7815520574,0
M39,train,cycle,163_8b3_Ll_mc_AKGC417L__0,wheeze_score,0.4050405041,0
M39,train,cycle,163_8b3_Ll_mc_AKGC417L__1,wheeze_score,0.4027731925,0
M39,train,cycle,163_8b3_Ll_mc_AKGC417L__2,wheeze_score,0.8149210904,0
M39,train,cycle,163_8b3_Ll_mc_AKGC417L__3,wheeze_score,0.5818836233,0
M39,train,cycle,163_8b3_Ll_mc_AKGC417L__4,wheeze_score,0.2569750367,0
M39,train,cycle,163_8b3_Ll_mc_AKGC417L__5,wheeze_score,0.3175918255,0
M39,train,cycle,163_8b3_Lr_mc_AKGC417L__0,wheeze_score,0.2250225023,0
M39,train,cycle,163_8b3_Lr_mc_AKGC417L__1,wheeze_score,0.194783757,0
M39,train,cycle,163_8b3_Lr_mc_AKGC417L__2,wheeze_score,0.1406025825,0
M39,train,cycle,163_8b3_Lr_mc_AKGC417L__3,wheeze_score,0.3059388122,0
M39,train,cycle,163_8b3_Lr_mc_AKGC417L__4,wheeze_score,0.2900146843,0
M39,train,cycle,163_8b3_Lr_mc_AKGC417L__5,wheeze_score,0.2568351284,0
M39,train,cycle,163_8b3_Pl_mc_AKGC417L__0,wheeze_score,0.399039904,0
M39,train,cycle,163_8b3_Pl_mc_AKGC417L__1,wheeze_score,0.4853086827,0
M39,train,cycle,163_8b3_Pl_mc_AKGC417L__2,wheeze_score,0.4533715925,0
M39,train,cycle,163_8b3_Pl_mc_AKGC417L__3,wheeze_score,0.275944811,0
M39,train,cycle,163_8b3_Pl_mc_AKGC417L__4,wheeze_score,0.6828193833,0
M39,train,cycle,163_8b3_Pl_mc_AKGC417L__5,wheeze_score,0.3673018503,0
M39,train,cycle,163_8b3_Pr_mc_AKGC417L__0,wheeze_score,0.8280828083,0
M39,train,cycle,163_8b3_Pr_mc_AKGC417L__1,wheeze_score,0.822053483,0
M39,train,cycle,163_8b3_Pr_mc_AKGC417L__2,wheeze_score,0.843615495,0
M39,train,cycle,163_8b3_Pr_mc_AKGC417L__3,wheeze_score,0.7588482304,0
M39,train,cycle,163_8b3_Pr_mc_AKGC417L__4,wheeze_score,0.7232011747,0
M39,train,cycle,163_8b3_Pr_mc_AKGC417L__5,wheeze_score,0.8671637669,0
M39,train,cycle,164_1b1_Ll_sc_Meditron__0,wheeze_score,0.7542087542,1
M39,train,cycle,164_1b1_Ll_sc_Meditron__1,wheeze_score,0.6524317912,1
M39,train,cycle,164_1b1_Ll_sc_Meditron__2,wheeze_score,0.5346465002,0
M39,train,cycle,164_1b1_Ll_sc_Meditron__3,wheeze_score,0.3675612602,0
M39,train,cycle,164_1b1_Ll_sc_Meditron__4,wheeze_score,0.7436953165,0
M39,train,cycle,164_1b1_Ll_sc_Meditron__5,wheeze_score,0.4789193614,1
M39,train,cycle,164_1b1_Ll_sc_Meditron__6,wheeze_score,0.3425167535,0
M39,train,cycle,164_1b1_Ll_sc_Meditron__7,wheeze_score,0.5659276546,0
M39,train,cycle,164_1b1_Ll_sc_Meditron__8,wheeze_score,0.5137751303,0
M39,train,cycle,164_1b1_Ll_sc_Meditron__9,wheeze_score,0.6049822064,0
M39,train,cycle,166_1p1_Al_sc_Meditron__0,wheeze_score,0.9592151876,0
M39,train,cycle,166_1p1_Al_sc_Meditron__1,wheeze_score,0.9206887323,0
M39,train,cycle,166_1p1_Al_sc_Meditron__2,wheeze_score,0.9752608048,0
M39,train,cycle,166_1p1_Al_sc_Meditron__3,wheeze_score,0.8089260809,0
M39,train,cycle,166_1p1_Al_sc_Meditron__4,wheeze_score,0.9406713505,0
M39,train,cycle,166_1p1_Al_sc_Meditron__5,wheeze_score,0.8191548599,0
M39,train,cycle,166_1p1_Al_sc_Meditron__6,wheeze_score,0.6850192061,0
M39,train,cycle,166_1p1_Al_sc_Meditron__7,wheeze_score,0.8502906977,0
M39,train,cycle,166_1p1_Al_sc_Meditron__8,wheeze_score,0.7103825137,0
M39,train,cycle,166_1p1_Al_sc_Meditron__9,wheeze_score,0.9071580439,0
M39,train,cycle,166_1p1_Al_sc_Meditron__10,wheeze_score,0.7372754491,0
M39,train,cycle,166_1p1_Al_sc_Meditron__11,wheeze_score,0.7863651704,0
M39,train,cycle,166_1p1_Al_sc_Meditron__12,wheeze_score,0.8280254777,0
M39,train,cycle,166_1p1_Al_sc_Meditron__13,wheeze_score,0.7969151671,0
M39,train,cycle,166_1p1_Al_sc_Meditron__14,wheeze_score,0.8834522596,0
M39,train,cycle,166_1p1_Al_sc_Meditron__15,wheeze_score,0.8345534407,0
M39,train,cycle,166_1p1_Al_sc_Meditron__16,wheeze_score,0.9482758621,0
M39,train,cycle,166_1p1_Ar_sc_Meditron__0,wheeze_score,0.94547408,0
M39,train,cycle,166_1p1_Ar_sc_Meditron__1,wheeze_score,0.8935283631,0
M39,train,cycle,166_1p1_Ar_sc_Meditron__2,wheeze_score,0.9043354907,0
M39,train,cycle,166_1p1_Ar_sc_Meditron__3,wheeze_score,0.9559136516,0
M39,train,cycle,166_1p1_Ar_sc_Meditron__4,wheeze_score,0.7158446093,0
M39,train,cycle,166_1p1_Ar_sc_Meditron__5,wheeze_score,0.8628230616,0
M39,train,cycle,166_1p1_Ar_sc_Meditron__6,wheeze_score,0.8298755187,0
M39,train,cycle,166_1p1_Ar_sc_Meditron__7,wheeze_score,0.8780036969,0
M39,train,cycle,166_1p1_Ar_sc_Meditron__8,wheeze_score,0.8525345622,0
M39,train,cycle,166_1p1_Ar_sc_Meditron__9,wheeze_score,0.5507832239,0
M39,train,cycle,166_1p1_Ar_sc_Meditron__10,wheeze_score,0.6431852986,0
M39,train,cycle,166_1p1_Ar_sc_Meditron__11,wheeze_score,0.8157752566,0
M39,train,cycle,166_1p1_Ar_sc_Meditron__12,wheeze_score,0.6487080814,0
M39,train,cycle,166_1p1_Ar_sc_Meditron__13,wheeze_score,0.7969843834,0
M39,train,cycle,166_1p1_Ar_sc_Meditron__14,wheeze_score,0.6231628454,0
M39,train,cycle,166_1p1_Ar_sc_Meditron__15,wheeze_score,0.6407407407,0
M39,train,cycle,166_1p1_Ar_sc_Meditron__16,wheeze_score,0.5083487941,0
M39,train,cycle,166_1p1_Ar_sc_Meditron__17,wheeze_score,0.5786873677,0
M39,train,cycle,166_1p1_Ar_sc_Meditron__18,wheeze_score,0.6306661411,0
M39,train,cycle,166_1p1_Ar_sc_Meditron__19,wheeze_score,0.6275440977,0
M39,train,cycle,166_1p1_Ar_sc_Meditron__20,wheeze_score,0.7736681371,0
M39,train,cycle,166_1p1_Ar_sc_Meditron__21,wheeze_score,0.8475836431,0
M39,train,cycle,166_1p1_Ar_sc_Meditron__22,wheeze_score,0.5648395722,0
M39,train,cycle,166_1p1_Ar_sc_Meditron__23,wheeze_score,0.6468023256,0
M39,train,cycle,166_1p1_Ar_sc_Meditron__24,wheeze_score,0.5068762279,0
M39,train,cycle,166_1p1_Ll_sc_Meditron__0,wheeze_score,0.8771466314,0
M39,train,cycle,166_1p1_Ll_sc_Meditron__1,wheeze_score,0.9420092567,0
M39,train,cycle,166_1p1_Ll_sc_Meditron__2,wheeze_score,0.9724310777,0
M39,train,cycle,166_1p1_Ll_sc_Meditron__3,wheeze_score,0.8785595709,0
M39,train,cycle,166_1p1_Ll_sc_Meditron__4,wheeze_score,0.8386002775,0
M39,train,cycle,166_1p1_Ll_sc_Meditron__5,wheeze_score,0.8396533044,0
M39,train,cycle,166_1p1_Ll_sc_Meditron__6,wheeze_score,0.9651474531,0
M39,train,cycle,166_1p1_Ll_sc_Meditron__7,wheeze_score,0.8321308321,0
M39,train,cycle,166_1p1_Ll_sc_Meditron__8,wheeze_score,0.8998474835,0
M39,train,cycle,166_1p1_Ll_sc_Meditron__9,wheeze_score,0.9346787042,0
M39,train,cycle,166_1p1_Ll_sc_Meditron__10,wheeze_score,0.9613130129,0
M39,train,cycle,166_1p1_Ll_sc_Meditron__11,wheeze_score,0.8775137112,0
M39,train,cycle,166_1p1_Ll_sc_Meditron__12,wheeze_score,0.9150991357,0
M39,train,cycle,166_1p1_Ll_sc_Meditron__13,wheeze_score,0.9630172098,0
M39,train,cycle,166_1p1_Ll_sc_Meditron__14,wheeze_score,0.846406421,0
M39,train,cycle,166_1p1_Ll_sc_Meditron__15,wheeze_score,0.8770585982,0
M39,train,cycle,166_1p1_Ll_sc_Meditron__16,wheeze_score,0.8177860697,0
M39,train,cycle,166_1p1_Ll_sc_Meditron__17,wheeze_score,0.7939914163,0
M39,train,cycle,166_1p1_Ll_sc_Meditron__18,wheeze_score,0.7301001581,0
M39,train,cycle,166_1p1_Ll_sc_Meditron__19,wheeze_score,0.8508112386,0
M39,train,cycle,166_1p1_Ll_sc_Meditron__20,wheeze_score,0.9522072236,0
M39,train,cycle,166_1p1_Ll_sc_Meditron__21,wheeze_score,0.9844192635,0
M39,train,cycle,166_1p1_Ll_sc_Meditron__22,wheeze_score,0.9357923497,0
M39,train,cycle,166_1p1_Ll_sc_Meditron__23,wheeze_score,0.8820769471,0
M39,train,cycle,166_1p1_Ll_sc_Meditron__24,wheeze_score,0.9407894737,0
M39,train,cycle,166_1p1_Pl_sc_Meditron__0,wheeze_score,0.9366684407,0
M39,train,cycle,166_1p1_Pl_sc_Meditron__1,wheeze_score,0.9459282706,0
M39,train,cycle,166_1p1_Pl_sc_Meditron__2,wheeze_score,0.9083863526,0
M39,train,cycle,166_1p1_Pl_sc_Meditron__3,wheeze_score,0.7165989113,0
M39,train,cycle,166_1p1_Pl_sc_Meditron__4,wheeze_score,0.885341074,0
M39,train,cycle,166_1p1_Pl_sc_Meditron__5,wheeze_score,0.9772226304,0
M39,train,cycle,166_1p1_Pl_sc_Meditron__6,wheeze_score,0.7705934455,0
M39,train,cycle,166_1p1_Pl_sc_Meditron__7,wheeze_score,0.7813998082,0
M39,train,cycle,166_1p1_Pl_sc_Meditron__8,wheeze_score,0.960502693,0
M39,train,cycle,166_1p1_Pl_sc_Meditron__9,wheeze_score,0.8448030375,0
M39,train,cycle,166_1p1_Pl_sc_Meditron__10,wheeze_score,0.8541114058,0
M39,train,cycle,166_1p1_Pl_sc_Meditron__11,wheeze_score,0.7517822424,0
M39,train,cycle,166_1p1_Pl_sc_Meditron__12,wheeze_score,0.8942202835,0
M39,train,cycle,166_1p1_Pl_sc_Meditron__13,wheeze_score,0.9627479439,0
M39,train,cycle,166_1p1_Pl_sc_Meditron__14,wheeze_score,0.9192439863,0
M39,train,cycle,166_1p1_Pl_sc_Meditron__15,wheeze_score,0.8720407552,0
M39,train,cycle,166_1p1_Pl_sc_Meditron__16,wheeze_score,0.8303148509,0
M39,train,cycle,166_1p1_Pl_sc_Meditron__17,wheeze_score,0.8096,0
M39,train,cycle,166_1p1_Pl_sc_Meditron__18,wheeze_score,0.893337317,0
M39,train,cycle,166_1p1_Pl_sc_Meditron__19,wheeze_score,0.8261770802,0
M39,train,cycle,166_1p1_Pl_sc_Meditron__20,wheeze_score,0.862992126,0
M39,train,cycle,166_1p1_Pl_sc_Meditron__21,wheeze_score,0.8188976378,0
M39,train,cycle,166_1p1_Pl_sc_Meditron__22,wheeze_score,0.8819041807,0
M39,train,cycle,166_1p1_Pl_sc_Meditron__23,wheeze_score,0.8573567952,0
M39,train,cycle,166_1p1_Pr_sc_Meditron__0,wheeze_score,0.9771381535,0
M39,train,cycle,166_1p1_Pr_sc_Meditron__1,wheeze_score,0.8972198821,0
M39,train,cycle,166_1p1_Pr_sc_Meditron__2,wheeze_score,0.9378264402,0
M39,train,cycle,166_1p1_Pr_sc_Meditron__3,wheeze_score,0.9443677006,1
M39,train,cycle,166_1p1_Pr_sc_Meditron__4,wheeze_score,0.9809143364,1
M39,train,cycle,166_1p1_Pr_sc_Meditron__5,wheeze_score,0.9414955444,0
M39,train,cycle,166_1p1_Pr_sc_Meditron__6,wheeze_score,0.8629893238,0
M39,train,cycle,166_1p1_Pr_sc_Meditron__7,wheeze_score,0.9442970822,0
M39,train,cycle,166_1p1_Pr_sc_Meditron__8,wheeze_score,0.9629012088,0
M39,train,cycle,166_1p1_Pr_sc_Meditron__9,wheeze_score,0.8780256289,0
M39,train,cycle,166_1p1_Pr_sc_Meditron__10,wheeze_score,0.8525469169,0
M39,train,cycle,166_1p1_Pr_sc_Meditron__11,wheeze_score,0.7345286293,0
M39,train,cycle,166_1p1_Pr_sc_Meditron__12,wheeze_score,0.971659919,0
M39,train,cycle,166_1p1_Pr_sc_Meditron__13,wheeze_score,0.770194114,0
M39,train,cycle,166_1p1_Pr_sc_Meditron__14,wheeze_score,0.9543568465,0
M39,train,cycle,166_1p1_Pr_sc_Meditron__15,wheeze_score,0.9157616672,1
M39,train,cycle,166_1p1_Pr_sc_Meditron__16,wheeze_score,0.90779332,0
M39,train,cycle,166_1p1_Pr_sc_Meditron__17,wheeze_score,0.8835457706,0
M39,train,cycle,166_1p1_Pr_sc_Meditron__18,wheeze_score,0.9598715891,0
M39,train,cycle,166_1p1_Pr_sc_Meditron__19,wheeze_score,0.8940397351,0
M39,train,cycle,166_1p1_Pr_sc_Meditron__20,wheeze_score,0.7978723404,0
M39,train,cycle,166_1p1_Pr_sc_Meditron__21,wheeze_score,0.8432189804,0
M39,train,cycle,166_1p1_Pr_sc_Meditron__22,wheeze_score,0.9286946521,0
M39,train,cycle,166_1p1_Pr_sc_Meditron__23,wheeze_score,0.8699186992,0
M39,train,cycle,167_1b1_Al_sc_Meditron__0,wheeze_score,0.5985319029,0
M39,train,cycle,167_1b1_Al_sc_Meditron__1,wheeze_score,0.516677567,0
M39,train,cycle,167_1b1_Al_sc_Meditron__2,wheeze_score,0.4902723735,0
M39,train,cycle,167_1b1_Al_sc_Meditron__3,wheeze_score,0.4923076923,0
M39,train,cycle,167_1b1_Al_sc_Meditron__4,wheeze_score,0.3499327052,0
M39,train,cycle,167_1b1_Al_sc_Meditron__5,wheeze_score,0.5674281503,0
M39,train,cycle,167_1b1_Al_sc_Meditron__6,wheeze_score,0.5769230769,0
M39,train,cycle,167_1b1_Al_sc_Meditron__7,wheeze_score,0.48,0
M39,train,cycle,167_1b1_Al_sc_Meditron__8,wheeze_score,0.5428571429,0
M39,train,cycle,167_1b1_Al_sc_Meditron__9,wheeze_score,0.5983450032,0
M39,train,cycle,167_1b1_Al_sc_Meditron__10,wheeze_score,0.6798679868,0
M39,train,cycle,167_1b1_Al_sc_Meditron__11,wheeze_score,0.513618677,0
M39,train,cycle,167_1b1_Al_sc_Meditron__12,wheeze_score,0,0
M39,train,cycle,167_1b1_Pr_sc_Meditron__0,wheeze_score,0.1,0
M39,train,cycle,167_1b1_Pr_sc_Meditron__1,wheeze_score,0.07530120482,1
M39,train,cycle,167_1b1_Pr_sc_Meditron__2,wheeze_score,0.3085026336,1
M39,train,cycle,167_1b1_Pr_sc_Meditron__3,wheeze_score,0.3711484594,0
M39,train,cycle,167_1b1_Pr_sc_Meditron__4,wheeze_score,0.56,1
M39,train,cycle,167_1b1_Pr_sc_Meditron__5,wheeze_score,0.353909465,1
M39,train,cycle,167_1b1_Pr_sc_Meditron__6,wheeze_score,0.3201787044,1
M39,train,cycle,167_1b1_Pr_sc_Meditron__7,wheeze_score,0.4548736462,0
M39,train,cycle,167_1b1_Pr_sc_Meditron__8,wheeze_score,0.4790874525,0
M39,train,cycle,167_1b1_Pr_sc_Meditron__9,wheeze_score,0.2899575672,1
M39,train,cycle,167_1b1_Pr_sc_Meditron__10,wheeze_score,0.4376367615,1
M39,train,cycle,167_1b1_Pr_sc_Meditron__11,wheeze_score,0.4268719384,0
M39,train,cycle,167_1b1_Pr_sc_Meditron__12,wheeze_score,0.3066666667,0
M39,train,cycle,167_1b1_Pr_sc_Meditron__13,wheeze_score,0.3209336251,0
M39,train,cycle,167_1b1_Pr_sc_Meditron__14,wheeze_score,0.3,1
M39,train,cycle,168_1b1_Al_sc_Meditron__0,wheeze_score,0.7625,0
M39,train,cycle,168_1b1_Al_sc_Meditron__1,wheeze_score,0.881307747,0
M39,train,cycle,168_1b1_Al_sc_Meditron__2,wheeze_score,0.8638083228,0
M39,train,cycle,168_1b1_Al_sc_Meditron__3,wheeze_score,0.6,0
M39,train,cycle,168_1b1_Al_sc_Meditron__4,wheeze_score,0.7698259188,0
M39,train,cycle,168_1b1_Al_sc_Meditron__5,wheeze_score,0.7933634992,0
M39,train,cycle,168_1b1_Al_sc_Meditron__6,wheeze_score,0.8225411271,0
M39,train,cycle,172_1b3_Al_mc_AKGC417L__0,wheeze_score,0.7766272189,0
M39,train,cycle,172_1b3_Al_mc_AKGC417L__1,wheeze_score,0.799863853,0
M39,train,cycle,172_1b3_Al_mc_AKGC417L__2,wheeze_score,0.912795436,0
M39,train,cycle,172_1b3_Al_mc_AKGC417L__3,wheeze_score,0.8449669361,0
M39,train,cycle,172_1b3_Al_mc_AKGC417L__4,wheeze_score,0.8387799564,0
M39,train,cycle,172_1b3_Al_mc_AKGC417L__5,wheeze_score,0.7355516637,0
M39,train,cycle,172_1b3_Al_mc_AKGC417L__6,wheeze_score,0.8153078203,0
M39,train,cycle,172_1b3_Ar_mc_AKGC417L__0,wheeze_score,0.5362426036,0
M39,train,cycle,172_1b3_Ar_mc_AKGC417L__1,wheeze_score,0.4628999319,0
M39,train,cycle,172_1b3_Ar_mc_AKGC417L__2,wheeze_score,0.6397718011,0
M39,train,cycle,172_1b3_Ar_mc_AKGC417L__3,wheeze_score,0.767817781,0
M39,train,cycle,172_1b3_Ar_mc_AKGC417L__4,wheeze_score,0.58097313,0
M39,train,cycle,172_1b3_Ar_mc_AKGC417L__5,wheeze_score,0.6514886165,0
M39,train,cycle,172_1b3_Ar_mc_AKGC417L__6,wheeze_score,0.8319467554,0
M39,train,cycle,172_1b3_Ll_mc_AKGC417L__0,wheeze_score,0.625,0
M39,train,cycle,172_1b3_Ll_mc_AKGC417L__1,wheeze_score,0.3165418652,0
M39,train,cycle,172_1b3_Ll_mc_AKGC417L__2,wheeze_score,0.2526487368,0
M39,train,cycle,172_1b3_Ll_mc_AKGC417L__3,wheeze_score,0.1947097722,0
M39,train,cycle,172_1b3_Ll_mc_AKGC417L__4,wheeze_score,0.3957879448,0
M39,train,cycle,172_1b3_Ll_mc_AKGC417L__5,wheeze_score,0.2802101576,0
M39,train,cycle,172_1b3_Ll_mc_AKGC417L__6,wheeze_score,0.3785357737,0
M39,train,cycle,172_1b3_Lr_mc_AKGC417L__0,wheeze_score,0.6028106509,0
M39,train,cycle,172_1b3_Lr_mc_AKGC417L__1,wheeze_score,0.565010211,0
M39,train,cycle,172_1b3_Lr_mc_AKGC417L__2,wheeze_score,0.554197229,0
M39,train,cycle,172_1b3_Lr_mc_AKGC417L__3,wheeze_score,0.5143277002,0
M39,train,cycle,172_1b3_Lr_mc_AKGC417L__4,wheeze_score,0.5119825708,0
M39,train,cycle,172_1b3_Lr_mc_AKGC417L__5,wheeze_score,0.4168126095,0
M39,train,cycle,172_1b3_Lr_mc_AKGC417L__6,wheeze_score,0.5490848586,0
M39,train,cycle,172_1b3_Pl_mc_AKGC417L__0,wheeze_score,0.4918639053,0
M39,train,cycle,172_1b3_Pl_mc_AKGC417L__1,wheeze_score,0.5173587474,0
M39,train,cycle,172_1b3_Pl_mc_AKGC417L__2,wheeze_score,0.5256723716,0
M39,train,cycle,172_1b3_Pl_mc_AKGC417L__3,wheeze_score,0.6098457017,0
M39,train,cycle,172_1b3_Pl_mc_AKGC417L__4,wheeze_score,0.5410312273,0
M39,train,cycle,172_1b3_Pl_mc_AKGC417L__5,wheeze_score,0.5078809107,0
M39,train,cycle,172_1b3_Pl_mc_AKGC417L__6,wheeze_score,0.6821963394,0
M39,train,cycle,172_1b3_Pr_mc_AKGC417L__0,wheeze_score,0.04437869822,0
M39,train,cycle,172_1b3_Pr_mc_AKGC417L__1,wheeze_score,0.1803948264,0
M39,train,cycle,172_1b3_Pr_mc_AKGC417L__2,wheeze_score,0.2770986145,0
M39,train,cycle,172_1b3_Pr_mc_AKGC417L__3,wheeze_score,0.1873622337,0
M39,train,cycle,172_1b3_Pr_mc_AKGC417L__4,wheeze_score,0.1198257081,0
M39,train,cycle,172_1b3_Pr_mc_AKGC417L__5,wheeze_score,0.119089317,0
M39,train,cycle,172_1b3_Pr_mc_AKGC417L__6,wheeze_score,0,0
M39,train,cycle,172_1b3_Tc_mc_AKGC417L__0,wheeze_score,0.3402366864,0
M39,train,cycle,172_1b3_Tc_mc_AKGC417L__1,wheeze_score,0.3675970048,0
M39,train,cycle,172_1b3_Tc_mc_AKGC417L__2,wheeze_score,0.5949470253,0
M39,train,cycle,172_1b3_Tc_mc_AKGC417L__3,wheeze_score,0.4518736223,0
M39,train,cycle,172_1b3_Tc_mc_AKGC417L__4,wheeze_score,0.3267973856,0
M39,train,cycle,172_1b3_Tc_mc_AKGC417L__5,wheeze_score,0.4203152364,0
M39,train,cycle,172_1b3_Tc_mc_AKGC417L__6,wheeze_score,0.6073211314,0
M39,train,cycle,172_1b4_Al_mc_AKGC417L__0,wheeze_score,0.7113144759,0
M39,train,cycle,172_1b4_Al_mc_AKGC417L__1,wheeze_score,0.3685220729,1
M39,train,cycle,172_1b4_Al_mc_AKGC417L__2,wheeze_score,0.5677368833,1
M39,train,cycle,172_1b4_Al_mc_AKGC417L__3,wheeze_score,0.407523511,1
M39,train,cycle,172_1b4_Al_mc_AKGC417L__4,wheeze_score,0.8667883212,0
M39,train,cycle,172_1b4_Al_mc_AKGC417L__5,wheeze_score,0.8799134511,0
M39,train,cycle,172_1b4_Ar_mc_AKGC417L__0,wheeze_score,0.7570715474,0
M39,train,cycle,172_1b4_Ar_mc_AKGC417L__1,wheeze_score,0.4952015355,1
M39,train,cycle,172_1b4_Ar_mc_AKGC417L__2,wheeze_score,0.5873140172,1
M39,train,cycle,172_1b4_Ar_mc_AKGC417L__3,wheeze_score,0.6269592476,1
M39,train,cycle,172_1b4_Ar_mc_AKGC417L__4,wheeze_score,0.5991484185,1
M39,train,cycle,172_1b4_Ar_mc_AKGC417L__5,wheeze_score,0.6166606563,0
M39,train,cycle,172_1b4_Ll_mc_AKGC417L__0,wheeze_score,0.3119800333,0
M39,train,cycle,172_1b4_Ll_mc_AKGC417L__1,wheeze_score,0.472168906,1
M39,train,cycle,172_1b4_Ll_mc_AKGC417L__2,wheeze_score,0.4267815192,1
M39,train,cycle,172_1b4_Ll_mc_AKGC417L__3,wheeze_score,0.2647161268,1
M39,train,cycle,172_1b4_Ll_mc_AKGC417L__4,wheeze_score,0.498783455,0
M39,train,cycle,172_1b4_Ll_mc_AKGC417L__5,wheeze_score,0.1983411468,0
M39,train,cycle,172_1b4_Lr_mc_AKGC417L__0,wheeze_score,0.3369384359,0
M39,train,cycle,172_1b4_Lr_mc_AKGC417L__1,wheeze_score,0.3262955854,1
M39,train,cycle,172_1b4_Lr_mc_AKGC417L__2,wheeze_score,0.5833985904,1
M39,train,cycle,172_1b4_Lr_mc_AKGC417L__3,wheeze_score,0.2159526297,1
M39,train,cycle,172_1b4_Lr_mc_AKGC417L__4,wheeze_score,0.4288321168,1
M39,train,cycle,172_1b4_Lr_mc_AKGC417L__5,wheeze_score,0.3750450775,0
M39,train,cycle,172_1b4_Pl_mc_AKGC417L__0,wheeze_score,0.4118136439,0
M39,train,cycle,172_1b4_Pl_mc_AKGC417L__1,wheeze_score,0.5642994242,1
M39,train,cycle,172_1b4_Pl_mc_AKGC417L__2,wheeze_score,0.7204385278,1
M39,train,cycle,172_1b4_Pl_mc_AKGC417L__3,wheeze_score,0.5677464298,1
M39,train,cycle,172_1b4_Pl_mc_AKGC417L__4,wheeze_score,0.4622871046,0
M39,train,cycle,172_1b4_Pl_mc_AKGC417L__5,wheeze_score,0.09736747205,1
M39,train,cycle,172_1b4_Pr_mc_AKGC417L__0,wheeze_score,0.08735440932,0
M39,train,cycle,172_1b4_Pr_mc_AKGC417L__1,wheeze_score,0.4107485605,1
M39,train,cycle,172_1b4_Pr_mc_AKGC417L__2,wheeze_score,0.3602192639,1
M39,train,cycle,172_1b4_Pr_mc_AKGC417L__3,wheeze_score,0.3657262278,1
M39,train,cycle,172_1b4_Pr_mc_AKGC417L__4,wheeze_score,0.447080292,0
M39,train,cycle,172_1b4_Pr_mc_AKGC417L__5,wheeze_score,0.3137396322,0
M39,train,cycle,172_1b4_Tc_mc_AKGC417L__0,wheeze_score,0.6073211314,0
M39,train,cycle,172_1b4_Tc_mc_AKGC417L__1,wheeze_score,0.4491362764,1
M39,train,cycle,172_1b4_Tc_mc_AKGC417L__2,wheeze_score,0.6499608457,1
M39,train,cycle,172_1b4_Tc_mc_AKGC417L__3,wheeze_score,0.6165099269,1
M39,train,cycle,172_1b4_Tc_mc_AKGC417L__4,wheeze_score,0.6386861314,0
M39,train,cycle,172_1b4_Tc_mc_AKGC417L__5,wheeze_score,0.8077893978,0
M39,train,cycle,172_1b5_Al_mc_AKGC417L__0,wheeze_score,0.9062621548,0
M39,train,cycle,172_1b5_Al_mc_AKGC417L__1,wheeze_score,0.7803379416,1
M39,train,cycle,172_1b5_Al_mc_AKGC417L__2,wheeze_score,0.7101865136,0
M39,train,cycle,172_1b5_Al_mc_AKGC417L__3,wheeze_score,0.8301743745,0
M39,train,cycle,172_1b5_Al_mc_AKGC417L__4,wheeze_score,0.813789206,0
M39,train,cycle,172_1b5_Al_mc_AKGC417L__5,wheeze_score,0.7695358985,0
M39,train,cycle,172_1b5_Al_mc_AKGC417L__6,wheeze_score,0.7352941176,0
M39,train,cycle,172_1b5_Ar_mc_AKGC417L__0,wheeze_score,0.6262154804,0
M39,train,cycle,172_1b5_Ar_mc_AKGC417L__1,wheeze_score,0.4915514593,1
M39,train,cycle,172_1b5_Ar_mc_AKGC417L__2,wheeze_score,0.606169297,0
M39,train,cycle,172_1b5_Ar_mc_AKGC417L__3,wheeze_score,0.5041698256,0
M39,train,cycle,172_1b5_Ar_mc_AKGC417L__4,wheeze_score,0.4747103702,0
M39,train,cycle,172_1b5_Ar_mc_AKGC417L__5,wheeze_score,0.3332011107,0
M39,train,cycle,172_1b5_Ar_mc_AKGC417L__6,wheeze_score,0.3466386555,0
M39,train,cycle,172_1b5_Ll_mc_AKGC417L__0,wheeze_score,0.3150525088,0
M39,train,cycle,172_1b5_Ll_mc_AKGC417L__1,wheeze_score,0.6574500768,1
M39,train,cycle,172_1b5_Ll_mc_AKGC417L__2,wheeze_score,0.3766140603,0
M39,train,cycle,172_1b5_Ll_mc_AKGC417L__3,wheeze_score,0.2805155421,0
M39,train,cycle,172_1b5_Ll_mc_AKGC417L__4,wheeze_score,0.243006499,0
M39,train,cycle,172_1b5_Ll_mc_AKGC417L__5,wheeze_score,0.5474018247,0
M39,train,cycle,172_1b5_Ll_mc_AKGC417L__6,wheeze_score,0.2836134454,0
M39,train,cycle,172_1b5_Lr_mc_AKGC417L__0,wheeze_score,0.5562038117,0
M39,train,cycle,172_1b5_Lr_mc_AKGC417L__1,wheeze_score,0.3440860215,1
M39,train,cycle,172_1b5_Lr_mc_AKGC417L__2,wheeze_score,0.3515064562,0
M39,train,cycle,172_1b5_Lr_mc_AKGC417L__3,wheeze_score,0.5420773313,0
M39,train,cycle,172_1b5_Lr_mc_AKGC417L__4,wheeze_score,0.3447301498,0
M39,train,cycle,172_1b5_Lr_mc_AKGC417L__5,wheeze_score,0.6941689806,0
M39,train,cycle,172_1b5_Lr_mc_AKGC417L__6,wheeze_score,0.3361344538,0
M39,train,cycle,172_1b5_Pl_mc_AKGC417L__0,wheeze_score,0.7078957604,0
M39,train,cycle,172_1b5_Pl_mc_AKGC417L__1,wheeze_score,0.4731182796,1
M39,train,cycle,172_1b5_Pl_mc_AKGC417L__2,wheeze_score,0.4806312769,0
M39,train,cycle,172_1b5_Pl_mc_AKGC417L__3,wheeze_score,0.6899166035,0
M39,train,cycle,172_1b5_Pl_mc_AKGC417L__4,wheeze_score,0.6329471602,1
M39,train,cycle,172_1b5_Pl_mc_AKGC417L__5,wheeze_score,0.6307021023,0
M39,train,cycle,172_1b5_Pl_mc_AKGC417L__6,wheeze_score,0.6197478992,0
M39,train,cycle,172_1b5_Pr_mc_AKGC417L__0,wheeze_score,0.1011279658,0
M39,train,cycle,172_1b5_Pr_mc_AKGC417L__1,wheeze_score,0.09831029186,1
M39,train,cycle,172_1b5_Pr_mc_AKGC417L__2,wheeze_score,0.143472023,0
M39,train,cycle,172_1b5_Pr_mc_AKGC417L__3,wheeze_score,0.1895375284,0
M39,train,cycle,172_1b5_Pr_mc_AKGC417L__4,wheeze_score,0.3532071207,1
M39,train,cycle,172_1b5_Pr_mc_AKGC417L__5,wheeze_score,0.1348671162,0
M39,train,cycle,172_1b5_Pr_mc_AKGC417L__6,wheeze_score,0.1155462185,0
M39,train,cycle,172_1b5_Tc_mc_AKGC417L__0,wheeze_score,0.5484247375,0
M39,train,cycle,172_1b5_Tc_mc_AKGC417L__1,wheeze_score,0.6574500768,1
M39,train,cycle,172_1b5_Tc_mc_AKGC417L__2,wheeze_score,0.4662840746,0
M39,train,cycle,172_1b5_Tc_mc_AKGC417L__3,wheeze_score,0.6027293404,0
M39,train,cycle,172_1b5_Tc_mc_AKGC417L__4,wheeze_score,0.5990392766,0
M39,train,cycle,172_1b5_Tc_mc_AKGC417L__5,wheeze_score,0.4799682666,0
M39,train,cycle,172_1b5_Tc_mc_AKGC417L__6,wheeze_score,0.4306722689,0
M39,train,cycle,172_2b5_Al_mc_AKGC417L__0,wheeze_score,0.8844011142,0
M39,train,cycle,172_2b5_Al_mc_AKGC417L__1,wheeze_score,0.9177820268,0
M39,train,cycle,172_2b5_Al_mc_AKGC417L__2,wheeze_score,0.7783357245,0
M39,train,cycle,172_2b5_Al_mc_AKGC417L__3,wheeze_score,0.9110947832,0
M39,train,cycle,172_2b5_Al_mc_AKGC417L__4,wheeze_score,0.8001461454,0
M39,train,cycle,172_2b5_Al_mc_AKGC417L__5,wheeze_score,0.8515283843,1
M39,train,cycle,172_2b5_Ar_mc_AKGC417L__0,wheeze_score,0.7103064067,0
M39,train,cycle,172_2b5_Ar_mc_AKGC417L__1,wheeze_score,0.6469088591,0
M39,train,cycle,172_2b5_Ar_mc_AKGC417L__2,wheeze_score,0.5954088953,0
M39,train,cycle,172_2b5_Ar_mc_AKGC417L__3,wheeze_score,0.6722997796,0
M39,train,cycle,172_2b5_Ar_mc_AKGC417L__4,wheeze_score,0.6759225429,1
M39,train,cycle,172_2b5_Ar_mc_AKGC417L__5,wheeze_score,0.6986899563,1
M39,train,cycle,172_2b5_Lr_mc_AKGC417L__0,wheeze_score,0.7346796657,0
M39,train,cycle,172_2b5_Lr_mc_AKGC417L__1,wheeze_score,0.6150414277,0
M39,train,cycle,172_2b5_Lr_mc_AKGC417L__2,wheeze_score,0.7855093257,0
M39,train,cycle,172_2b5_Lr_mc_AKGC417L__3,wheeze_score,0.8119030125,0
M39,train,cycle,172_2b5_Lr_mc_AKGC417L__4,wheeze_score,0.5991962002,1
M39,train,cycle,172_2b5_Lr_mc_AKGC417L__5,wheeze_score,0.6924516532,0
M39,train,cycle,172_2b5_Pl_mc_AKGC417L__0,wheeze_score,0.6128133705,0
M39,train,cycle,172_2b5_Pl_mc_AKGC417L__1,wheeze_score,0.5481198215,0
M39,train,cycle,172_2b5_Pl_mc_AKGC417L__2,wheeze_score,0.1721664275,0
M39,train,cycle,172_2b5_Pl_mc_AKGC417L__3,wheeze_score,0.4628949302,0
M39,train,cycle,172_2b5_Pl_mc_AKGC417L__4,wheeze_score,0.5297771282,0
M39,train,cycle,172_2b5_Pl_mc_AKGC417L__5,wheeze_score,0.5520898316,1
M39,train,cycle,172_2b5_Pr_mc_AKGC417L__0,wheeze_score,0.2889972145,0
M39,train,cycle,172_2b5_Pr_mc_AKGC417L__1,wheeze_score,0.4174633525,0
M39,train,cycle,172_2b5_Pr_mc_AKGC417L__2,wheeze_score,0.4770444763,0
M39,train,cycle,172_2b5_Pr_mc_AKGC417L__3,wheeze_score,0.4518736223,0
M39,train,cycle,172_2b5_Pr_mc_AKGC417L__4,wheeze_score,0.6174643771,1
M39,train,cycle,172_2b5_Pr_mc_AKGC417L__5,wheeze_score,0.4678727386,0
M39,train,cycle,172_2b5_Tc_mc_AKGC417L__0,wheeze_score,0.6859331476,0
M39,train,cycle,172_2b5_Tc_mc_AKGC417L__1,wheeze_score,0.6469088591,0
M39,train,cycle,172_2b5_Tc_mc_AKGC417L__2,wheeze_score,0.5738880918,0
M39,train,cycle,172_2b5_Tc_mc_AKGC417L__3,wheeze_score,0.6465833946,0
M39,train,cycle,172_2b5_Tc_mc_AKGC417L__4,wheeze_score,0.6576543661,0
M39,train,cycle,172_2b5_Tc_mc_AKGC417L__5,wheeze_score,0.6674984404,1
M39,train,cycle,179_1b1_Al_sc_Meditron__0,wheeze_score,0.7658643326,0
M39,train,cycle,179_1b1_Al_sc_Meditron__1,wheeze_score,0.8234217749,1
M39,train,cycle,179_1b1_Al_sc_Meditron__2,wheeze_score,0.7854091357,0
M39,train,cycle,179_1b1_Al_sc_Meditron__3,wheeze_score,0.8086956522,0
M39,train,cycle,179_1b1_Al_sc_Meditron__4,wheeze_score,0.7571428571,0
M39,train,cycle,179_1b1_Al_sc_Meditron__5,wheeze_score,0.7780082988,0
M39,train,cycle,179_1b1_Al_sc_Meditron__6,wheeze_score,0.7579273009,0
M39,train,cycle,179_1b1_Al_sc_Meditron__7,wheeze_score,0.8486507626,0
M39,train,cycle,179_1b1_Tc_sc_Meditron__0,wheeze_score,0.4512753434,0
M39,train,cycle,179_1b1_Tc_sc_Meditron__1,wheeze_score,0.696735106,0
M39,train,cycle,179_1b1_Tc_sc_Meditron__2,wheeze_score,0.7465007776,0
M39,train,cycle,179_1b1_Tc_sc_Meditron__3,wheeze_score,0.2975495916,0
M39,train,cycle,179_1b1_Tc_sc_Meditron__4,wheeze_score,0.4618376276,1
M39,train,cycle,179_1b1_Tc_sc_Meditron__5,wheeze_score,0.4458268533,0
M39,train,cycle,179_1b1_Tc_sc_Meditron__6,wheeze_score,0.4614549403,0
M39,train,cycle,180_1b4_Al_mc_AKGC417L__0,wheeze_score,0.7668149699,1
M39,train,cycle,180_1b4_Al_mc_AKGC417L__1,wheeze_score,0.4875463699,1
M39,train,cycle,180_1b4_Al_mc_AKGC417L__2,wheeze_score,0.6299659478,1
M39,train,cycle,180_1b4_Al_mc_AKGC417L__3,wheeze_score,0.6447963801,1
M39,train,cycle,180_1b4_Al_mc_AKGC417L__4,wheeze_score,0.6162070906,1
M39,train,cycle,180_1b4_Al_mc_AKGC417L__5,wheeze_score,0.4817708333,1
M39,train,cycle,180_1b4_Ar_mc_AKGC417L__0,wheeze_score,0.3245223763,1
M39,train,cycle,180_1b4_Ar_mc_AKGC417L__1,wheeze_score,0.2914679385,1
M39,train,cycle,180_1b4_Ar_mc_AKGC417L__2,wheeze_score,0.2099886493,1
M39,train,cycle,180_1b4_Ar_mc_AKGC417L__3,wheeze_score,0.2714932127,1
M39,train,cycle,180_1b4_Ar_mc_AKGC417L__4,wheeze_score,0.5317951604,1
M39,train,cycle,180_1b4_Ar_mc_AKGC417L__5,wheeze_score,0,0
M39,train,cycle,180_1b4_Lr_mc_AKGC417L__0,wheeze_score,0.8584140277,1
M39,train,cycle,180_1b4_Lr_mc_AKGC417L__1,wheeze_score,0.747217806,1
M39,train,cycle,180_1b4_Lr_mc_AKGC417L__2,wheeze_score,0.8030646992,1
M39,train,cycle,180_1b4_Lr_mc_AKGC417L__3,wheeze_score,0.6843891403,1
M39,train,cycle,180_1b4_Lr_mc_AKGC417L__4,wheeze_score,0.8159819921,1
M39,train,cycle,180_1b4_Lr_mc_AKGC417L__5,wheeze_score,0.6640625,0
M39,train,cycle,180_1b4_Pl_mc_AKGC417L__0,wheeze_score,0.4056529704,1
M39,train,cycle,180_1b4_Pl_mc_AKGC417L__1,wheeze_score,0.3524112348,1
M39,train,cycle,180_1b4_Pl_mc_AKGC417L__2,wheeze_score,0.4824063564,1
M39,train,cycle,180_1b4_Pl_mc_AKGC417L__3,wheeze_score,0.2912895928,1
M39,train,cycle,180_1b4_Pl_mc_AKGC417L__4,wheeze_score,0.2757456387,1
M39,train,cycle,180_1b4_Pl_mc_AKGC417L__5,wheeze_score,0.2473958333,0
M39,train,cycle,180_1b4_Pr_mc_AKGC417L__0,wheeze_score,0.2355404344,1
M39,train,cycle,180_1b4_Pr_mc_AKGC417L__1,wheeze_score,0.2543720191,1
M39,train,cycle,180_1b4_Pr_mc_AKGC417L__2,wheeze_score,0.2894438138,1
M39,train,cycle,180_1b4_Pr_mc_AKGC417L__3,wheeze_score,0.4242081448,1
M39,train,cycle,180_1b4_Pr_mc_AKGC417L__4,wheeze_score,0.4136184581,1
M39,train,cycle,180_1b4_Pr_mc_AKGC417L__5,wheeze_score,0.3255208333,0
M39,train,cycle,181_1b1_Ar_mc_LittC2SE__0,wheeze_score,0.6800501882,0
M39,train,cycle,181_1b1_Ar_mc_LittC2SE__1,wheeze_score,0.5750440493,0
M39,train,cycle,181_1b1_Ar_mc_LittC2SE__2,wheeze_score,0.6611570248,0
M39,train,cycle,181_1b1_Ar_mc_LittC2SE__3,wheeze_score,0.612033195,0
M39,train,cycle,181_1b1_Tc_mc_LittC2SE__0,wheeze_score,0.2554931017,0
M39,train,cycle,181_1b1_Tc_mc_LittC2SE__1,wheeze_score,0.1044949411,0
M39,train,cycle,181_1b1_Tc_mc_LittC2SE__2,wheeze_score,0.1864573111,0
M39,train,cycle,181_1b1_Tc_mc_LittC2SE__3,wheeze_score,0.1228632479,0
M39,train,cycle,181_1b2_Ar_mc_LittC2SE__0,wheeze_score,0.7190019118,0
M39,train,cycle,181_1b2_Ar_mc_LittC2SE__1,wheeze_score,0.8170037927,0
M39,train,cycle,181_1b2_Ar_mc_LittC2SE__2,wheeze_score,0.6355563294,0
M39,train,cycle,181_1b2_Ar_mc_LittC2SE__3,wheeze_score,0.6143079316,0
M39,train,cycle,181_1b3_Tc_mc_LittC2SE__0,wheeze_score,0.1188903567,0
M39,train,cycle,181_1b3_Tc_mc_LittC2SE__1,wheeze_score,0.1608762622,0
M39,train,cycle,181_1b3_Tc_mc_LittC2SE__2,wheeze_score,0.237037037,0
M39,train,cycle,181_1b3_Tc_mc_LittC2SE__3,wheeze_score,0.06502199273,0
M39,train,cycle,181_1b3_Tc_mc_LittC2SE__4,wheeze_score,0.1909090909,0
M39,train,cycle,183_1b1_Pl_sc_Meditron__0,wheeze_score,0.8239154211,0
M39,train,cycle,183_1b1_Pl_sc_Meditron__1,wheeze_score,0.8162341581,0
M39,train,cycle,183_1b1_Pl_sc_Meditron__2,wheeze_score,0.7556826735,0
M39,train,cycle,183_1b1_Pl_sc_Meditron__3,wheeze_score,0.7769230769,0
M39,train,cycle,183_1b1_Tc_sc_Meditron__0,wheeze_score,0.352122675,0
M39,train,cycle,183_1b1_Tc_sc_Meditron__1,wheeze_score,0.3252162768,0
M39,train,cycle,183_1b1_Tc_sc_Meditron__2,wheeze_score,0.3018140954,0
M39,train,cycle,183_1b1_Tc_sc_Meditron__3,wheeze_score,0.5191873589,0
M39,train,cycle,184_1b1_Ar_sc_Meditron__0,wheeze_score,0.78994614,0
M39,train,cycle,184_1b1_Ar_sc_Meditron__1,wheeze_score,0.8270377734,0
M39,train,cycle,184_1b1_Ar_sc_Meditron__2,wheeze_score,0.7578676943,0
M39,train,cycle,184_1b1_Ar_sc_Meditron__3,wheeze_score,0.8903225806,0
M39,train,cycle,184_1b1_Ar_sc_Meditron__4,wheeze_score,0.6956892872,0
M39,train,cycle,184_1b1_Ar_sc_Meditron__5,wheeze_score,0.7498087223,0
M39,train,cycle,184_1b1_Ar_sc_Meditron__6,wheeze_score,0.8910891089,0
M39,train,cycle,184_1b1_Ar_sc_Meditron__7,wheeze_score,0.8090909091,0
M39,train,cycle,186_2b2_Al_mc_AKGC417L__0,wheeze_score,0.7866023852,1
M39,train,cycle,186_2b2_Al_mc_AKGC417L__1,wheeze_score,0.7092713629,0
M39,train,cycle,186_2b2_Al_mc_AKGC417L__2,wheeze_score,0.6447111359,0
M39,train,cycle,186_2b2_Al_mc_AKGC417L__3,wheeze_score,0.7987375577,0
M39,train,cycle,186_2b2_Al_mc_AKGC417L__4,wheeze_score,0.5326331583,0
M39,train,cycle,186_2b2_Ar_mc_AKGC417L__0,wheeze_score,0.3476275057,0
M39,train,cycle,186_2b2_Ar_mc_AKGC417L__1,wheeze_score,0.6076010651,0
M39,train,cycle,186_2b2_Ar_mc_AKGC417L__2,wheeze_score,0.6586659224,0
M39,train,cycle,186_2b2_Ar_mc_AKGC417L__3,wheeze_score,0.4831269726,0
M39,train,cycle,186_2b2_Ar_mc_AKGC417L__4,wheeze_score,0.4351087772,0
M39,train,cycle,186_2b2_Lr_mc_AKGC417L__0,wheeze_score,0.4922608475,0
M39,train,cycle,186_2b2_Lr_mc_AKGC417L__1,wheeze_score,0.445412733,0
M39,train,cycle,186_2b2_Lr_mc_AKGC417L__2,wheeze_score,0.3628244488,0
M39,train,cycle,186_2b2_Lr_mc_AKGC417L__3,wheeze_score,0.3544549648,0
M39,train,cycle,186_2b2_Lr_mc_AKGC417L__4,wheeze_score,0.3150787697,0
M39,train,cycle,186_2b2_Pl_mc_AKGC417L__0,wheeze_score,0.4973357016,0
M39,train,cycle,186_2b2_Pl_mc_AKGC417L__1,wheeze_score,0.522875817,0
M39,train,cycle,186_2b2_Pl_mc_AKGC417L__2,wheeze_score,0.4270164666,0
M39,train,cycle,186_2b2_Pl_mc_AKGC417L__3,wheeze_score,0.4369992717,0
M39,train,cycle,186_2b2_Pl_mc_AKGC417L__4,wheeze_score,0.4651162791,0
M39,train,cycle,186_2b2_Pr_mc_AKGC417L__0,wheeze_score,0.6851053032,0
M39,train,cycle,186_2b2_Pr_mc_AKGC417L__1,wheeze_score,0.5349794239,0
M39,train,cycle,186_2b2_Pr_mc_AKGC417L__2,wheeze_score,0.3488696623,0
M39,train,cycle,186_2b2_Pr_mc_AKGC417L__3,wheeze_score,0.4005826657,0
M39,train,cycle,186_2b2_Pr_mc_AKGC417L__4,wheeze_score,0.3225806452,0
M39,train,cycle,186_2b2_Tc_mc_AKGC417L__0,wheeze_score,0.8424257803,0
M39,train,cycle,186_2b2_Tc_mc_AKGC417L__1,wheeze_score,0.8375695957,0
M39,train,cycle,186_2b2_Tc_mc_AKGC417L__2,wheeze_score,0.7591403852,0
M39,train,cycle,186_2b2_Tc_mc_AKGC417L__3,wheeze_score,0.7841709153,0
M39,train,cycle,186_2b2_Tc_mc_AKGC417L__4,wheeze_score,0.8252063016,0
M39,train,cycle,186_2b3_Al_mc_AKGC417L__0,wheeze_score,0.6953913281,0
M39,train,cycle,186_2b3_Al_mc_AKGC417L__1,wheeze_score,0.7520120724,0
M39,train,cycle,186_2b3_Al_mc_AKGC417L__2,wheeze_score,0.7711258931,0
M39,train,cycle,186_2b3_Al_mc_AKGC417L__3,wheeze_score,0.8374384236,0
M39,train,cycle,186_2b3_Al_mc_AKGC417L__4,wheeze_score,0.833867864,0
M39,train,cycle,186_2b3_Ar_mc_AKGC417L__0,wheeze_score,0.651758931,0
M39,train,cycle,186_2b3_Ar_mc_AKGC417L__1,wheeze_score,0.7142857143,0
M39,train,cycle,186_2b3_Ar_mc_AKGC417L__2,wheeze_score,0.5420054201,0
M39,train,cycle,186_2b3_Ar_mc_AKGC417L__3,wheeze_score,0.6945812808,0
M39,train,cycle,186_2b3_Ar_mc_AKGC417L__4,wheeze_score,0.904425914,0
M39,train,cycle,186_2b3_Lr_mc_AKGC417L__0,wheeze_score,0.2481592582,0
M39,train,cycle,186_2b3_Lr_mc_AKGC417L__1,wheeze_score,0.3420523139,0
M39,train,cycle,186_2b3_Lr_mc_AKGC417L__2,wheeze_score,0.5395417591,0
M39,train,cycle,186_2b3_Lr_mc_AKGC417L__3,wheeze_score,0.5812807882,0
M39,train,cycle,186_2b3_Lr_mc_AKGC417L__4,wheeze_score,0.2822322001,0
M39,train,cycle,186_2b3_Pl_mc_AKGC417L__0,wheeze_score,0.4335969457,0
M39,train,cycle,186_2b3_Pl_mc_AKGC417L__1,wheeze_score,0.3873239437,0
M39,train,cycle,186_2b3_Pl_mc_AKGC417L__2,wheeze_score,0.5691056911,0
M39,train,cycle,186_2b3_Pl_mc_AKGC417L__3,wheeze_score,0.6354679803,0
M39,train,cycle,186_2b3_Pl_mc_AKGC417L__4,wheeze_score,0.2694034638,0
M39,train,cycle,186_2b3_Pr_mc_AKGC417L__0,wheeze_score,0.4035996728,0
M39,train,cycle,186_2b3_Pr_mc_AKGC417L__1,wheeze_score,0.5407444668,0
M39,train,cycle,186_2b3_Pr_mc_AKGC417L__2,wheeze_score,0.325203252,0
M39,train,cycle,186_2b3_Pr_mc_AKGC417L__3,wheeze_score,0.5172413793,0
M39,train,cycle,186_2b3_Pr_mc_AKGC417L__4,wheeze_score,0.3078896729,0
M39,train,cycle,186_2b3_Tc_mc_AKGC417L__0,wheeze_score,0.7690209981,0
M39,train,cycle,186_2b3_Tc_mc_AKGC417L__1,wheeze_score,0.5935613682,0
M39,train,cycle,186_2b3_Tc_mc_AKGC417L__2,wheeze_score,0.7514166051,0
M39,train,cycle,186_2b3_Tc_mc_AKGC417L__3,wheeze_score,0.7142857143,0
M39,train,cycle,186_2b3_Tc_mc_AKGC417L__4,wheeze_score,0.9429121232,1
M39,train,cycle,186_2b4_Al_mc_AKGC417L__0,wheeze_score,0.7102620622,0
M39,train,cycle,186_2b4_Al_mc_AKGC417L__1,wheeze_score,0.6908548708,0
M39,train,cycle,186_2b4_Al_mc_AKGC417L__2,wheeze_score,0.6879073135,0
M39,train,cycle,186_2b4_Al_mc_AKGC417L__3,wheeze_score,0.7728494624,0
M39,train,cycle,186_2b4_Al_mc_AKGC417L__4,wheeze_score,0.9085252022,0
M39,train,cycle,186_2b4_Ar_mc_AKGC417L__0,wheeze_score,0.6343374969,0
M39,train,cycle,186_2b4_Ar_mc_AKGC417L__1,wheeze_score,0.8001988072,0
M39,train,cycle,186_2b4_Ar_mc_AKGC417L__2,wheeze_score,0.5141202028,0
M39,train,cycle,186_2b4_Ar_mc_AKGC417L__3,wheeze_score,0.6160394265,0
M39,train,cycle,186_2b4_Ar_mc_AKGC417L__4,wheeze_score,0.5289359054,0
M39,train,cycle,186_2b4_Lr_mc_AKGC417L__0,wheeze_score,0.6759735489,0
M39,train,cycle,186_2b4_Lr_mc_AKGC417L__1,wheeze_score,0.4249502982,0
M39,train,cycle,186_2b4_Lr_mc_AKGC417L__2,wheeze_score,0.6372194062,0
M39,train,cycle,186_2b4_Lr_mc_AKGC417L__3,wheeze_score,0.5667562724,0
M39,train,cycle,186_2b4_Lr_mc_AKGC417L__4,wheeze_score,0.416925949,0
M39,train,cycle,186_2b4_Pl_mc_AKGC417L__0,wheeze_score,0.6220915993,0
M39,train,cycle,186_2b4_Pl_mc_AKGC417L__1,wheeze_score,0.4274353877,0
M39,train,cycle,186_2b4_Pl_mc_AKGC417L__2,wheeze_score,0.5865314989,0
M39,train,cycle,186_2b4_Pl_mc_AKGC417L__3,wheeze_score,0.6182795699,0
M39,train,cycle,186_2b4_Pl_mc_AKGC417L__4,wheeze_score,0.4853764779,0
M39,train,cycle,186_2b4_Pr_mc_AKGC417L__0,wheeze_score,0.6686260103,0
M39,train,cycle,186_2b4_Pr_mc_AKGC417L__1,wheeze_score,0.5591451292,0
M39,train,cycle,186_2b4_Pr_mc_AKGC417L__2,wheeze_score,0.4779145547,0
M39,train,cycle,186_2b4_Pr_mc_AKGC417L__3,wheeze_score,0.6765232975,0
M39,train,cycle,186_2b4_Pr_mc_AKGC417L__4,wheeze_score,0.4044803983,0
M39,train,cycle,186_2b4_Tc_mc_AKGC417L__0,wheeze_score,0.7323046779,0
M39,train,cycle,186_2b4_Tc_mc_AKGC417L__1,wheeze_score,0.8772365805,0
M39,train,cycle,186_2b4_Tc_mc_AKGC417L__2,wheeze_score,0.7772145788,0
M39,train,cycle,186_2b4_Tc_mc_AKGC417L__3,wheeze_score,0.6966845878,0
M39,train,cycle,186_2b4_Tc_mc_AKGC417L__4,wheeze_score,0.852520224,0
M39,train,cycle,186_3b3_Al_mc_AKGC417L__0,wheeze_score,0.6313592486,0
M39,train,cycle,186_3b3_Al_mc_AKGC417L__1,wheeze_score,0.8286830357,0
M39,train,cycle,186_3b3_Al_mc_AKGC417L__2,wheeze_score,0.8370436331,0
M39,train,cycle,186_3b3_Al_mc_AKGC417L__3,wheeze_score,0.7738780207,0
M39,train,cycle,186_3b3_Al_mc_AKGC417L__4,wheeze_score,0.8575624082,0
M39,train,cycle,186_3b3_Al_mc_AKGC417L__5,wheeze_score,0.8652246256,0
M39,train,cycle,186_3b3_Ar_mc_AKGC417L__0,wheeze_score,0.693973389,0
M39,train,cycle,186_3b3_Ar_mc_AKGC417L__1,wheeze_score,0.7282366071,0
M39,train,cycle,186_3b3_Ar_mc_AKGC417L__2,wheeze_score,0.8785989908,0
M39,train,cycle,186_3b3_Ar_mc_AKGC417L__3,wheeze_score,0.8745684695,0
M39,train,cycle,186_3b3_Ar_mc_AKGC417L__4,wheeze_score,0.7606461087,0
M39,train,cycle,186_3b3_Ar_mc_AKGC417L__5,wheeze_score,0.5740432612,0
M39,train,cycle,186_3b3_Lr_mc_AKGC417L__0,wheeze_score,0.3104617793,0
M39,train,cycle,186_3b3_Lr_mc_AKGC417L__1,wheeze_score,0.4575892857,0
M39,train,cycle,186_3b3_Lr_mc_AKGC417L__2,wheeze_score,0.3650934996,0
M39,train,cycle,186_3b3_Lr_mc_AKGC417L__3,wheeze_score,0.3711162255,0
M39,train,cycle,186_3b3_Lr_mc_AKGC417L__4,wheeze_score,0.5961820852,0
M39,train,cycle,186_3b3_Lr_mc_AKGC417L__5,wheeze_score,0.3494176373,0
M39,train,cycle,186_3b3_Pl_mc_AKGC417L__0,wheeze_score,0.2452387164,0
M39,train,cycle,186_3b3_Pl_mc_AKGC417L__1,wheeze_score,0.46875,0
M39,train,cycle,186_3b3_Pl_mc_AKGC417L__2,wheeze_score,0.4630454141,0
M39,train,cycle,186_3b3_Pl_mc_AKGC417L__3,wheeze_score,0.4919447641,0
M39,train,cycle,186_3b3_Pl_mc_AKGC417L__4,wheeze_score,0.4522760646,0
M39,train,cycle,186_3b3_Pl_mc_AKGC417L__5,wheeze_score,0.1331114809,0
M39,train,cycle,186_3b3_Pr_mc_AKGC417L__0,wheeze_score,0.4017740673,0
M39,train,cycle,186_3b3_Pr_mc_AKGC417L__1,wheeze_score,0.37109375,0
M39,train,cycle,186_3b3_Pr_mc_AKGC417L__2,wheeze_score,0.4125853369,0
M39,train,cycle,186_3b3_Pr_mc_AKGC417L__3,wheeze_score,0.4228998849,0
M39,train,cycle,186_3b3_Pr_mc_AKGC417L__4,wheeze_score,0.2731277533,0
M39,train,cycle,186_3b3_Pr_mc_AKGC417L__5,wheeze_score,0.2911813644,0
M39,train,cycle,186_3b3_Tc_mc_AKGC417L__0,wheeze_score,0.8348552048,0
M39,train,cycle,186_3b3_Tc_mc_AKGC417L__1,wheeze_score,0.6975446429,0
M39,train,cycle,186_3b3_Tc_mc_AKGC417L__2,wheeze_score,0.7479964381,0
M39,train,cycle,186_3b3_Tc_mc_AKGC417L__3,wheeze_score,0.7220943613,0
M39,train,cycle,186_3b3_Tc_mc_AKGC417L__4,wheeze_score,0.751835536,0
M39,train,cycle,186_3b3_Tc_mc_AKGC417L__5,wheeze_score,0.8236272879,0
M39,train,cycle,188_1b1_Al_sc_Meditron__0,wheeze_score,0.845410628,0
M39,train,cycle,188_1b1_Al_sc_Meditron__1,wheeze_score,0.6618887015,0
M39,train,cycle,188_1b1_Al_sc_Meditron__2,wheeze_score,0.5869872702,0
M39,train,cycle,188_1b1_Al_sc_Meditron__3,wheeze_score,0.6896551724,0
M39,train,cycle,188_1b1_Al_sc_Meditron__4,wheeze_score,0.5071428571,0
M39,train,cycle,188_1b1_Al_sc_Meditron__5,wheeze_score,0.6390748631,0
M39,train,cycle,188_1b1_Al_sc_Meditron__6,wheeze_score,0.5785714286,0
M39,train,cycle,188_1b1_Al_sc_Meditron__7,wheeze_score,0.4183427192,0
M39,train,cycle,188_1b1_Al_sc_Meditron__8,wheeze_score,0.6036745407,0
M39,train,cycle,188_1b1_Al_sc_Meditron__9,wheeze_score,0.5954465849,0
M39,train,cycle,188_1b1_Al_sc_Meditron__10,wheeze_score,0.4587869362,0
M39,train,cycle,188_1b1_Al_sc_Meditron__11,wheeze_score,0.5869074492,0
M39,train,cycle,188_1b1_Al_sc_Meditron__12,wheeze_score,0.5869872702,0
M39,train,cycle,188_1b1_Al_sc_Meditron__13,wheeze_score,0.7076205288,0
M39,train,cycle,188_1b1_Al_sc_Meditron__14,wheeze_score,0.2462121212,0
M39,train,cycle,188_1b1_Ar_sc_Meditron__0,wheeze_score,0.46,0
M39,train,cycle,188_1b1_Ar_sc_Meditron__1,wheeze_score,0.315581854,0
M39,train,cycle,188_1b1_Ar_sc_Meditron__2,wheeze_score,0.1462904911,0
M39,train,cycle,188_1b1_Ar_sc_Meditron__3,wheeze_score,0.1605504587,0
M39,train,cycle,188_1b1_Ar_sc_Meditron__4,wheeze_score,0.2836879433,0
M39,train,cycle,188_1b1_Ar_sc_Meditron__5,wheeze_score,0.4157549234,0
M39,train,cycle,188_1b1_Ar_sc_Meditron__6,wheeze_score,0.3139013453,0
M39,train,cycle,188_1b1_Ar_sc_Meditron__7,wheeze_score,0.5424063116,0
M39,train,cycle,188_1b1_Ar_sc_Meditron__8,wheeze_score,0.4230769231,0
M39,train,cycle,188_1b1_Ar_sc_Meditron__9,wheeze_score,0.6103023516,0
M39,train,cycle,188_1b1_Ar_sc_Meditron__10,wheeze_score,0.2871148459,0
M39,train,cycle,188_1b1_Ar_sc_Meditron__11,wheeze_score,0.4357142857,0
M39,train,cycle,188_1b1_Ar_sc_Meditron__12,wheeze_score,0.5562200957,0
M39,train,cycle,188_1b1_Ar_sc_Meditron__13,wheeze_score,0.3346303502,0
M39,train,cycle,188_1b1_Ar_sc_Meditron__14,wheeze_score,0.4047217538,0
M39,train,cycle,188_1b1_Ar_sc_Meditron__15,wheeze_score,0.3716508211,0
M39,train,cycle,188_1b1_Ar_sc_Meditron__16,wheeze_score,0.353909465,0
M39,train,cycle,188_1b1_Pl_sc_Meditron__0,wheeze_score,0.6995884774,0
M39,train,cycle,188_1b1_Pl_sc_Meditron__1,wheeze_score,0.4510385757,0
M39,train,cycle,188_1b1_Pl_sc_Meditron__2,wheeze_score,0.6166666667,0
M39,train,cycle,188_1b1_Pl_sc_Meditron__3,wheeze_score,0.1324503311,0
M39,train,cycle,188_1b1_Pl_sc_Meditron__4,wheeze_score,0.4181818182,0
M39,train,cycle,188_1b1_Pl_sc_Meditron__5,wheeze_score,0.2679343129,0
M39,train,cycle,188_1b1_Pl_sc_Meditron__6,wheeze_score,0.466613033,0
M39,train,cycle,188_1b1_Pl_sc_Meditron__7,wheeze_score,0.4907481899,0
M39,train,cycle,188_1b1_Pl_sc_Meditron__8,wheeze_score,0.5575905576,0
M39,train,cycle,188_1b1_Pl_sc_Meditron__9,wheeze_score,0.1594331267,0
M39,train,cycle,188_1b1_Pl_sc_Meditron__10,wheeze_score,0.4666666667,0
M39,train,cycle,188_1b1_Pl_sc_Meditron__11,wheeze_score,0.5671946857,0
M39,train,cycle,188_1b1_Pl_sc_Meditron__12,wheeze_score,0.7245867042,0
M39,train,cycle,188_1b1_Pl_sc_Meditron__13,wheeze_score,0.476900149,0
M39,train,cycle,188_1b1_Tc_sc_Meditron__0,wheeze_score,0,0
M39,train,cycle,188_1b1_Tc_sc_Meditron__1,wheeze_score,0.1666666667,0
M39,train,cycle,188_1b1_Tc_sc_Meditron__2,wheeze_score,0.08837525493,0
M39,train,cycle,188_1b1_Tc_sc_Meditron__3,wheeze_score,0.09702009702,0
M39,train,cycle,188_1b1_Tc_sc_Meditron__4,wheeze_score,0,0
M39,train,cycle,188_1b1_Tc_sc_Meditron__5,wheeze_score,0.2271332106,0
M39,train,cycle,188_1b1_Tc_sc_Meditron__6,wheeze_score,0.2307692308,0
M39,train,cycle,188_1b1_Tc_sc_Meditron__7,wheeze_score,0.2255192878,0
M39,train,cycle,188_1b1_Tc_sc_Meditron__8,wheeze_score,0.09166666667,0
M39,train,cycle,188_1b1_Tc_sc_Meditron__9,wheeze_score,0,0
M39,train,cycle,188_1b1_Tc_sc_Meditron__10,wheeze_score,0.346184107,0
M39,train,cycle,188_1b1_Tc_sc_Meditron__11,wheeze_score,0.328836425,0
M39,train,cycle,188_1b1_Tc_sc_Meditron__12,wheeze_score,0.1257861635,0
M39,train,cycle,188_1b1_Tc_sc_Meditron__13,wheeze_score,0.2214285714,0
M39,train,cycle,188_1b1_Tc_sc_Meditron__14,wheeze_score,0.1110162254,0
M39,train,cycle,188_1b1_Tc_sc_Meditron__15,wheeze_score,0.2057613169,0
M39,train,cycle,189_1b2_Lr_mc_LittC2SE__0,wheeze_score,0.6916912695,0
M39,train,cycle,189_1b2_Lr_mc_LittC2SE__1,wheeze_score,0.7659048796,0
M39,train,cycle,189_1b2_Lr_mc_LittC2SE__2,wheeze_score,0.7547169811,0
M39,train,cycle,189_1b2_Lr_mc_LittC2SE__3,wheeze_score,0.7900386432,0
M39,train,cycle,189_1b2_Lr_mc_LittC2SE__4,wheeze_score,0.5322128852,0
M39,train,cycle,190_1b1_Tc_sc_Meditron__0,wheeze_score,0.7199602781,0
M39,train,cycle,190_1b1_Tc_sc_Meditron__1,wheeze_score,0.701919458,0
M39,train,cycle,190_1b1_Tc_sc_Meditron__2,wheeze_score,0.760830648,0
M39,train,cycle,190_1b1_Tc_sc_Meditron__3,wheeze_score,0.5491535069,0
M39,train,cycle,191_2b1_Pl_mc_LittC2SE__0,wheeze_score,0.4696132597,0
M39,train,cycle,191_2b1_Pl_mc_LittC2SE__1,wheeze_score,0.6260083898,0
M39,train,cycle,191_2b1_Pl_mc_LittC2SE__2,wheeze_score,0.4277129728,0
M39,train,cycle,191_2b1_Pl_mc_LittC2SE__3,wheeze_score,0.3298552676,0
M39,train,cycle,191_2b1_Pl_mc_LittC2SE__4,wheeze_score,0.3879622915,0
M39,train,cycle,191_2b1_Pl_mc_LittC2SE__5,wheeze_score,0.8,0
M39,train,cycle,191_2b1_Pl_mc_LittC2SE__6,wheeze_score,0.4194107452,0
M39,train,cycle,191_2b1_Pl_mc_LittC2SE__7,wheeze_score,0,0
M39,train,cycle,191_2b1_Pr_mc_LittC2SE__0,wheeze_score,0.8251561106,0
M39,train,cycle,191_2b1_Pr_mc_LittC2SE__1,wheeze_score,0.7725321888,0
M39,train,cycle,191_2b1_Pr_mc_LittC2SE__2,wheeze_score,0.6891495601,0
M39,train,cycle,191_2b1_Pr_mc_LittC2SE__3,wheeze_score,0.6033333333,0
M39,train,cycle,191_2b1_Pr_mc_LittC2SE__4,wheeze_score,0.9464285714,0
M39,train,cycle,191_2b1_Pr_mc_LittC2SE__5,wheeze_score,0.9281437126,0
M39,train,cycle,191_2b1_Pr_mc_LittC2SE__6,wheeze_score,0.7527259937,0
M39,train,cycle,191_2b1_Pr_mc_LittC2SE__7,wheeze_score,0.6351791531,0
M39,train,cycle,191_2b2_Tc_mc_LittC2SE__0,wheeze_score,0.9304347826,0
M39,train,cycle,191_2b2_Tc_mc_LittC2SE__1,wheeze_score,0.8705526117,0
M39,train,cycle,191_2b2_Tc_mc_LittC2SE__2,wheeze_score,0.962962963,0
M39,train,cycle,191_2b2_Tc_mc_LittC2SE__3,wheeze_score,0.9133589415,0
M39,train,cycle,191_2b2_Tc_mc_LittC2SE__4,wheeze_score,0.9071793331,0
M39,train,cycle,191_2b2_Tc_mc_LittC2SE__5,wheeze_score,0.8345120226,0
M39,train,cycle,191_2b2_Tc_mc_LittC2SE__6,wheeze_score,0.8925925926,0
M39,train,cycle,191_2b2_Tc_mc_LittC2SE__7,wheeze_score,0.8777429467,0
M39,train,cycle,192_2b1_Al_mc_LittC2SE__0,wheeze_score,0.9645282061,0
M39,train,cycle,192_2b1_Al_mc_LittC2SE__1,wheeze_score,0.7185018865,1
M39,train,cycle,192_2b1_Al_mc_LittC2SE__2,wheeze_score,0.8679706601,1
M39,train,cycle,192_2b1_Al_mc_LittC2SE__3,wheeze_score,0.8096280088,1
M39,train,cycle,192_2b1_Al_mc_LittC2SE__4,wheeze_score,0.7421737601,1
M39,train,cycle,192_2b1_Al_mc_LittC2SE__5,wheeze_score,0.5326049846,1
M39,train,cycle,192_2b1_Al_mc_LittC2SE__6,wheeze_score,0.6413793103,1
M39,train,cycle,192_2b1_Al_mc_LittC2SE__7,wheeze_score,0.6416072586,1
M39,train,cycle,192_2b1_Ar_mc_LittC2SE__0,wheeze_score,0.7101727447,0
M39,train,cycle,192_2b1_Ar_mc_LittC2SE__1,wheeze_score,0.9179834462,1
M39,train,cycle,192_2b1_Ar_mc_LittC2SE__2,wheeze_score,0.6964809384,1
M39,train,cycle,192_2b1_Ar_mc_LittC2SE__3,wheeze_score,0.6247866166,1
M39,train,cycle,192_2b1_Ar_mc_LittC2SE__4,wheeze_score,0.6493506494,1
M39,train,cycle,192_2b1_Ar_mc_LittC2SE__5,wheeze_score,0.5908469945,1
M39,train,cycle,192_2b1_Ar_mc_LittC2SE__6,wheeze_score,0.7263123143,1
M39,train,cycle,192_2b1_Ar_mc_LittC2SE__7,wheeze_score,0.6999125109,1
M39,train,cycle,192_2b2_Al_mc_LittC2SE__0,wheeze_score,0.6882911392,1
M39,train,cycle,192_2b2_Al_mc_LittC2SE__1,wheeze_score,0.8866799205,1
M39,train,cycle,192_2b2_Al_mc_LittC2SE__2,wheeze_score,0.8006700168,1
M39,train,cycle,192_2b2_Al_mc_LittC2SE__3,wheeze_score,0.8142758143,1
M39,train,cycle,192_2b2_Al_mc_LittC2SE__4,wheeze_score,0.8941728064,1
M39,train,cycle,192_2b2_Al_mc_LittC2SE__5,wheeze_score,0.5696636925,1
M39,train,cycle,192_2b2_Al_mc_LittC2SE__6,wheeze_score,0.7285714286,1
M39,train,cycle,192_2b2_Al_mc_LittC2SE__7,wheeze_score,0.5414012739,1
M39,train,cycle,192_2b2_Ar_mc_LittC2SE__0,wheeze_score,0.8316693607,0
M39,train,cycle,192_2b2_Ar_mc_LittC2SE__1,wheeze_score,0.946018058,1
M39,train,cycle,192_2b2_Ar_mc_LittC2SE__2,wheeze_score,0.706401766,1
M39,train,cycle,192_2b2_Ar_mc_LittC2SE__3,wheeze_score,0.6174794174,1
M39,train,cycle,192_2b2_Ar_mc_LittC2SE__4,wheeze_score,0.631956912,1
M39,train,cycle,192_2b2_Ar_mc_LittC2SE__5,wheeze_score,0.6362672322,1
M39,train,cycle,192_2b2_Ar_mc_LittC2SE__6,wheeze_score,0.6424982053,1
M39,train,cycle,192_2b2_Ar_mc_LittC2SE__7,wheeze_score,0.5333333333,1
M39,train,cycle,192_2b3_Al_mc_LittC2SE__0,wheeze_score,0.7953603977,0
M39,train,cycle,192_2b3_Al_mc_LittC2SE__1,wheeze_score,0.8010091454,1
M39,train,cycle,192_2b3_Al_mc_LittC2SE__2,wheeze_score,0.8088235294,1
M39,train,cycle,192_2b3_Al_mc_LittC2SE__3,wheeze_score,0.8188922868,1
M39,train,cycle,192_2b3_Al_mc_LittC2SE__4,wheeze_score,0.7956924918,1
M39,train,cycle,192_2b3_Al_mc_LittC2SE__5,wheeze_score,0.8321428571,1
M39,train,cycle,192_2b3_Al_mc_LittC2SE__6,wheeze_score,0.8025042686,1
M39,train,cycle,192_2b3_Ar_mc_LittC2SE__0,wheeze_score,0.8473188702,0
M39,train,cycle,192_2b3_Ar_mc_LittC2SE__1,wheeze_score,0.8013937282,1
M39,train,cycle,192_2b3_Ar_mc_LittC2SE__2,wheeze_score,0.7215228738,1
M39,train,cycle,192_2b3_Ar_mc_LittC2SE__3,wheeze_score,0.9645301805,1
M39,train,cycle,192_2b3_Ar_mc_LittC2SE__4,wheeze_score,0.9502407705,1
M39,train,cycle,192_2b3_Ar_mc_LittC2SE__5,wheeze_score,0.8353060534,1
M39,train,cycle,192_2b3_Ar_mc_LittC2SE__6,wheeze_score,0.6642941874,1
M39,train,cycle,193_1b2_Al_mc_AKGC417L__0,wheeze_score,0.9010011123,0
M39,train,cycle,193_1b2_Al_mc_AKGC417L__1,wheeze_score,0.6593406593,1
M39,train,cycle,193_1b2_Al_mc_AKGC417L__2,wheeze_score,0.813810111,1
M39,train,cycle,193_1b2_Al_mc_AKGC417L__3,wheeze_score,0.8089097304,1
M39,train,cycle,193_1b2_Al_mc_AKGC417L__4,wheeze_score,0.6698564593,1
M39,train,cycle,193_1b2_Al_mc_AKGC417L__5,wheeze_score,0.7285180573,1
M39,train,cycle,193_1b2_Al_mc_AKGC417L__6,wheeze_score,0.7613293051,1
M39,train,cycle,193_1b2_Al_mc_AKGC417L__7,wheeze_score,0.8599088838,1
M39,train,cycle,193_1b2_Al_mc_AKGC417L__8,wheeze_score,0.7200929152,1
M39,train,cycle,193_1b2_Al_mc_AKGC417L__9,wheeze_score,0.8301051467,1
M39,train,cycle,193_1b2_Al_mc_AKGC417L__10,wheeze_score,0.6758373206,1
M39,train,cycle,193_1b2_Al_mc_AKGC417L__11,wheeze_score,0.8384572387,1
M39,train,cycle,193_1b2_Ar_mc_AKGC417L__0,wheeze_score,0.3448275862,0
M39,train,cycle,193_1b2_Ar_mc_AKGC417L__1,wheeze_score,0.409035409,1
M39,train,cycle,193_1b2_Ar_mc_AKGC417L__2,wheeze_score,0.8508014797,1
M39,train,cycle,193_1b2_Ar_mc_AKGC417L__3,wheeze_score,0.6623681125,1
M39,train,cycle,193_1b2_Ar_mc_AKGC417L__4,wheeze_score,0.6399521531,1
M39,train,cycle,193_1b2_Ar_mc_AKGC417L__5,wheeze_score,0.6288916563,1
M39,train,cycle,193_1b2_Ar_mc_AKGC417L__6,wheeze_score,0.7975830816,1
M39,train,cycle,193_1b2_Ar_mc_AKGC417L__7,wheeze_score,0.8200455581,1
M39,train,cycle,193_1b2_Ar_mc_AKGC417L__8,wheeze_score,0.8885017422,1
M39,train,cycle,193_1b2_Ar_mc_AKGC417L__9,wheeze_score,0.7692307692,1
M39,train,cycle,193_1b2_Ar_mc_AKGC417L__10,wheeze_score,0.7236842105,1
M39,train,cycle,193_1b2_Ar_mc_AKGC417L__11,wheeze_score,0.592509782,1
M39,train,cycle,193_1b2_Ll_mc_AKGC417L__0,wheeze_score,0.956618465,0
M39,train,cycle,193_1b2_Ll_mc_AKGC417L__1,wheeze_score,0.9768009768,0
M39,train,cycle,193_1b2_Ll_mc_AKGC417L__2,wheeze_score,0.98027127,0
M39,train,cycle,193_1b2_Ll_mc_AKGC417L__3,wheeze_score,0.978898007,0
M39,train,cycle,193_1b2_Ll_mc_AKGC417L__4,wheeze_score,0.980861244,0
M39,train,cycle,193_1b2_Ll_mc_AKGC417L__5,wheeze_score,0.9775840598,0
M39,train,cycle,193_1b2_Ll_mc_AKGC417L__6,wheeze_score,0.9788519637,0
M39,train,cycle,193_1b2_Ll_mc_AKGC417L__7,wheeze_score,0.979498861,0
M39,train,cycle,193_1b2_Ll_mc_AKGC417L__8,wheeze_score,0.981416957,0
M39,train,cycle,193_1b2_Ll_mc_AKGC417L__9,wheeze_score,0.979524073,0
M39,train,cycle,193_1b2_Ll_mc_AKGC417L__10,wheeze_score,0.980861244,0
M39,train,cycle,193_1b2_Ll_mc_AKGC417L__11,wheeze_score,0.9782001118,0
M39,train,cycle,193_1b2_Pl_mc_AKGC417L__0,wheeze_score,0.3114571746,1
M39,train,cycle,193_1b2_Pl_mc_AKGC417L__1,wheeze_score,0.4151404151,1
M39,train,cycle,193_1b2_Pl_mc_AKGC417L__2,wheeze_score,0.6350184957,1
M39,train,cycle,193_1b2_Pl_mc_AKGC417L__3,wheeze_score,0.3927315358,1
M39,train,cycle,193_1b2_Pl_mc_AKGC417L__4,wheeze_score,0.269138756,1
M39,train,cycle,193_1b2_Pl_mc_AKGC417L__5,wheeze_score,0.7534246575,1
M39,train,cycle,193_1b2_Pl_mc_AKGC417L__6,wheeze_score,0.3746223565,1
M39,train,cycle,193_1b2_Pl_mc_AKGC417L__7,wheeze_score,0.4498861048,1
M39,train,cycle,193_1b2_Pl_mc_AKGC417L__8,wheeze_score,0.4181184669,1
M39,train,cycle,193_1b2_Pl_mc_AKGC417L__9,wheeze_score,0.5312672939,1
M39,train,cycle,193_1b2_Pl_mc_AKGC417L__10,wheeze_score,0.5023923445,1
M39,train,cycle,193_1b2_Pl_mc_AKGC417L__11,wheeze_score,0.5589714925,1
M39,train,cycle,193_1b2_Pr_mc_AKGC417L__0,wheeze_score,0.3559510567,1
M39,train,cycle,193_1b2_Pr_mc_AKGC417L__1,wheeze_score,0.409035409,1
M39,train,cycle,193_1b2_Pr_mc_AKGC417L__2,wheeze_score,0.542540074,1
M39,train,cycle,193_1b2_Pr_mc_AKGC417L__3,wheeze_score,0.8675263775,1
M39,train,cycle,193_1b2_Pr_mc_AKGC417L__4,wheeze_score,0.3528708134,1
M39,train,cycle,193_1b2_Pr_mc_AKGC417L__5,wheeze_score,0.597758406,1
M39,train,cycle,193_1b2_Pr_mc_AKGC417L__6,wheeze_score,0.4229607251,1
M39,train,cycle,193_1b2_Pr_mc_AKGC417L__7,wheeze_score,0.410022779,1
M39,train,cycle,193_1b2_Pr_mc_AKGC417L__8,wheeze_score,0.574912892,1
M39,train,cycle,193_1b2_Pr_mc_AKGC417L__9,wheeze_score,0.586607637,1
M39,train,cycle,193_1b2_Pr_mc_AKGC417L__10,wheeze_score,0.5023923445,1
M39,train,cycle,193_1b2_Pr_mc_AKGC417L__11,wheeze_score,0.4248183343,1
M39,train,cycle,193_1b2_Tc_mc_AKGC417L__0,wheeze_score,0.1557285873,0
M39,train,cycle,193_1b2_Tc_mc_AKGC417L__1,wheeze_score,0.3235653236,1
M39,train,cycle,193_1b2_Tc_mc_AKGC417L__2,wheeze_score,0.3205918619,1
M39,train,cycle,193_1b2_Tc_mc_AKGC417L__3,wheeze_score,0.1465416178,0
M39,train,cycle,193_1b2_Tc_mc_AKGC417L__4,wheeze_score,0.4246411483,0
M39,train,cycle,193_1b2_Tc_mc_AKGC417L__5,wheeze_score,0.5417185554,1
M39,train,cycle,193_1b2_Tc_mc_AKGC417L__6,wheeze_score,0.2658610272,1
M39,train,cycle,193_1b2_Tc_mc_AKGC417L__7,wheeze_score,0.3302961276,1
M39,train,cycle,193_1b2_Tc_mc_AKGC417L__8,wheeze_score,0.5574912892,1
M39,train,cycle,193_1b2_Tc_mc_AKGC417L__9,wheeze_score,0.1715550636,1
M39,train,cycle,193_1b2_Tc_mc_AKGC417L__10,wheeze_score,0.293062201,1
M39,train,cycle,193_1b2_Tc_mc_AKGC417L__11,wheeze_score,0.4248183343,1
M39,train,cycle,193_1b4_Lr_mc_AKGC417L__0,wheeze_score,0.5981308411,1
M39,train,cycle,193_1b4_Lr_mc_AKGC417L__1,wheeze_score,0.5430608886,1
M39,train,cycle,193_1b4_Lr_mc_AKGC417L__2,wheeze_score,0.7256960292,1
M39,train,cycle,193_1b4_Lr_mc_AKGC417L__3,wheeze_score,0.6640281442,1
M39,train,cycle,193_1b4_Lr_mc_AKGC417L__4,wheeze_score,0.5096810934,1
M39,train,cycle,193_1b4_Lr_mc_AKGC417L__5,wheeze_score,0.4703196347,1
M39,train,cycle,193_1b4_Lr_mc_AKGC417L__6,wheeze_score,0.4764318297,1
M39,train,cycle,193_1b4_Lr_mc_AKGC417L__7,wheeze_score,0.3760848602,1
M39,train,cycle,193_1b4_Lr_mc_AKGC417L__8,wheeze_score,0.5632984901,1
M39,train,cycle,193_1b4_Lr_mc_AKGC417L__9,wheeze_score,0.3140096618,1
M39,train,cycle,193_7b3_Al_mc_AKGC417L__0,wheeze_score,0.7349081365,0
M39,train,cycle,193_7b3_Al_mc_AKGC417L__1,wheeze_score,0.8021188044,0
M39,train,cycle,193_7b3_Al_mc_AKGC417L__2,wheeze_score,0.8267370273,0
M39,train,cycle,193_7b3_Al_mc_AKGC417L__3,wheeze_score,0.8764135703,0
M39,train,cycle,193_7b3_Al_mc_AKGC417L__4,wheeze_score,0.7730881738,0
M39,train,cycle,193_7b3_Al_mc_AKGC417L__5,wheeze_score,0.891043398,0
M39,train,cycle,193_7b3_Al_mc_AKGC417L__6,wheeze_score,0.6789413119,0
M39,train,cycle,193_7b3_Al_mc_AKGC417L__7,wheeze_score,0.7712867507,0
M39,train,cycle,193_7b3_Ar_mc_AKGC417L__0,wheeze_score,0.8858267717,0
M39,train,cycle,193_7b3_Ar_mc_AKGC417L__1,wheeze_score,0.7642830117,0
M39,train,cycle,193_7b3_Ar_mc_AKGC417L__2,wheeze_score,0.5848724714,0
M39,train,cycle,193_7b3_Ar_mc_AKGC417L__3,wheeze_score,0.4200323102,0
M39,train,cycle,193_7b3_Ar_mc_AKGC417L__4,wheeze_score,0.4722106143,0
M39,train,cycle,193_7b3_Ar_mc_AKGC417L__5,wheeze_score,0.350877193,0
M39,train,cycle,193_7b3_Ar_mc_AKGC417L__6,wheeze_score,0.6252397392,0
M39,train,cycle,193_7b3_Ar_mc_AKGC417L__7,wheeze_score,0.538373425,0
M39,train,cycle,193_7b3_Ll_mc_AKGC417L__0,wheeze_score,0.2362204724,0
M39,train,cycle,193_7b3_Ll_mc_AKGC417L__1,wheeze_score,0.3291713961,0
M39,train,cycle,193_7b3_Ll_mc_AKGC417L__2,wheeze_score,0.5233069481,0
M39,train,cycle,193_7b3_Ll_mc_AKGC417L__3,wheeze_score,0.2665589661,0
M39,train,cycle,193_7b3_Ll_mc_AKGC417L__4,wheeze_score,0.5557877142,0
M39,train,cycle,193_7b3_Ll_mc_AKGC417L__5,wheeze_score,0.4986149584,0
M39,train,cycle,193_7b3_Ll_mc_AKGC417L__6,wheeze_score,0.303030303,0
M39,train,cycle,193_7b3_Ll_mc_AKGC417L__7,wheeze_score,0.1947308133,0
M39,train,cycle,193_7b3_Lr_mc_AKGC417L__0,wheeze_score,0.5183727034,0
M39,train,cycle,193_7b3_Lr_mc_AKGC417L__1,wheeze_score,0.5751040484,0
M39,train,cycle,193_7b3_Lr_mc_AKGC417L__2,wheeze_score,0.5584872471,0
M39,train,cycle,193_7b3_Lr_mc_AKGC417L__3,wheeze_score,0.549273021,0
M39,train,cycle,193_7b3_Lr_mc_AKGC417L__4,wheeze_score,0.5975762641,0
M39,train,cycle,193_7b3_Lr_mc_AKGC417L__5,wheeze_score,0.595567867,0
M39,train,cycle,193_7b3_Lr_mc_AKGC417L__6,wheeze_score,0.7710011507,0
M39,train,cycle,193_7b3_Lr_mc_AKGC417L__7,wheeze_score,0.6567392134,0
M39,train,cycle,193_7b3_Pl_mc_AKGC417L__0,wheeze_score,0.7874015748,0
M39,train,cycle,193_7b3_Pl_mc_AKGC417L__1,wheeze_score,0.6205069996,0
M39,train,cycle,193_7b3_Pl_mc_AKGC417L__2,wheeze_score,0.63764292,0
M39,train,cycle,193_7b3_Pl_mc_AKGC417L__3,wheeze_score,0.5694668821,0
M39,train,cycle,193_7b3_Pl_mc_AKGC417L__4,wheeze_score,0.3510238195,0
M39,train,cycle,193_7b3_Pl_mc_AKGC417L__5,wheeze_score,0.595567867,0
M39,train,cycle,193_7b3_Pl_mc_AKGC417L__6,wheeze_score,0.5830456463,0
M39,train,cycle,193_7b3_Pl_mc_AKGC417L__7,wheeze_score,0.5536464299,0
M39,train,cycle,193_7b3_Pr_mc_AKGC417L__0,wheeze_score,0.4396325459,0
M39,train,cycle,193_7b3_Pr_mc_AKGC417L__1,wheeze_score,0.7188800605,0
M39,train,cycle,193_7b3_Pr_mc_AKGC417L__2,wheeze_score,0.2594547054,0
M39,train,cycle,193_7b3_Pr_mc_AKGC417L__3,wheeze_score,0.682552504,0
M39,train,cycle,193_7b3_Pr_mc_AKGC417L__4,wheeze_score,0.5808608441,0
M39,train,cycle,193_7b3_Pr_mc_AKGC417L__5,wheeze_score,0.8679593721,0
M39,train,cycle,193_7b3_Pr_mc_AKGC417L__6,wheeze_score,0.7172995781,0
M39,train,cycle,193_7b3_Pr_mc_AKGC417L__7,wheeze_score,0.5727376861,0
M39,train,cycle,193_7b3_Tc_mc_AKGC417L__0,wheeze_score,0.4461942257,0
M39,train,cycle,193_7b3_Tc_mc_AKGC417L__1,wheeze_score,0.2837684449,0
M39,train,cycle,193_7b3_Tc_mc_AKGC417L__2,wheeze_score,0.05716798593,0
M39,train,cycle,193_7b3_Tc_mc_AKGC417L__3,wheeze_score,0.3473344103,0
M39,train,cycle,193_7b3_Tc_mc_AKGC417L__4,wheeze_score,0.1880484747,0
M39,train,cycle,193_7b3_Tc_mc_AKGC417L__5,wheeze_score,0.2631578947,0
M39,train,cycle,193_7b3_Tc_mc_AKGC417L__6,wheeze_score,0.444955888,0
M39,train,cycle,193_7b3_Tc_mc_AKGC417L__7,wheeze_score,0.3436426117,0
M39,train,cycle,196_1b1_Pr_sc_Meditron__0,wheeze_score,0.834797891,0
M39,train,cycle,196_1b1_Pr_sc_Meditron__1,wheeze_score,0.8691910499,0
M39,train,cycle,196_1b1_Pr_sc_Meditron__2,wheeze_score,0.8791208791,0
M39,train,cycle,196_1b1_Pr_sc_Meditron__3,wheeze_score,0.8631512869,0
M39,train,cycle,196_1b1_Pr_sc_Meditron__4,wheeze_score,0.9460737938,0
M39,train,cycle,196_1b1_Pr_sc_Meditron__5,wheeze_score,0.9523809524,0
M39,train,cycle,197_1b1_Al_sc_Meditron__0,wheeze_score,0.7894369149,0
M39,train,cycle,197_1b1_Al_sc_Meditron__1,wheeze_score,0.7882454624,0
M39,train,cycle,197_1b1_Al_sc_Meditron__2,wheeze_score,0.8585714286,0
M39,train,cycle,197_1b1_Tc_sc_Meditron__0,wheeze_score,0.6021204241,0
M39,train,cycle,197_1b1_Tc_sc_Meditron__1,wheeze_score,0.6135105205,0
M39,train,cycle,197_1b1_Tc_sc_Meditron__2,wheeze_score,0.6949023586,0
M39,train,cycle,197_1b1_Tc_sc_Meditron__3,wheeze_score,0.4524886878,0
M39,train,cycle,197_1b1_Tc_sc_Meditron__4,wheeze_score,0.1739499364,1
M39,train,cycle,199_2b1_Ll_mc_LittC2SE__0,wheeze_score,0.9181818182,0
M39,train,cycle,199_2b1_Ll_mc_LittC2SE__1,wheeze_score,0.9620649198,0
M39,train,cycle,199_2b1_Ll_mc_LittC2SE__2,wheeze_score,0.8987090367,0
M39,train,cycle,199_2b1_Ll_mc_LittC2SE__3,wheeze_score,0.8936338474,0
M39,train,cycle,199_2b1_Ll_mc_LittC2SE__4,wheeze_score,0.9706019599,0
M39,train,cycle,199_2b1_Ll_mc_LittC2SE__5,wheeze_score,0.953745395,0
M39,train,cycle,199_2b1_Ll_mc_LittC2SE__6,wheeze_score,0.9503940658,0
M39,train,cycle,199_2b1_Ll_mc_LittC2SE__7,wheeze_score,0.9693454847,0
M39,train,cycle,199_2b1_Ll_mc_LittC2SE__8,wheeze_score,0.9517144857,0
M39,train,cycle,199_2b3_Ll_mc_LittC2SE__0,wheeze_score,0.9331919406,0
M39,train,cycle,199_2b3_Ll_mc_LittC2SE__1,wheeze_score,0.8230801867,0
M39,train,cycle,199_2b3_Ll_mc_LittC2SE__2,wheeze_score,0.9120221096,0
M39,train,cycle,199_2b3_Ll_mc_LittC2SE__3,wheeze_score,0.8772770853,0
M39,train,cycle,199_2b3_Ll_mc_LittC2SE__4,wheeze_score,0.9264853978,0
M39,train,cycle,199_2b3_Ll_mc_LittC2SE__5,wheeze_score,0.8416602613,0
M39,train,cycle,199_2b3_Ll_mc_LittC2SE__6,wheeze_score,0.8355287919,0
M39,train,cycle,199_2b3_Ll_mc_LittC2SE__7,wheeze_score,0.9406858202,0
M39,train,cycle,199_2b3_Ll_mc_LittC2SE__8,wheeze_score,0.7422680412,0
M39,train,cycle,200_2p2_Al_mc_AKGC417L__0,wheeze_score,0.6777437691,0
M39,train,cycle,200_2p2_Al_mc_AKGC417L__1,wheeze_score,0.6016008262,0
M39,train,cycle,200_2p2_Al_mc_AKGC417L__2,wheeze_score,0.5461741425,0
M39,train,cycle,200_2p2_Al_mc_AKGC417L__3,wheeze_score,0.6167846309,0
M39,train,cycle,200_2p2_Al_mc_AKGC417L__4,wheeze_score,0.5527416869,0
M39,train,cycle,200_2p2_Ar_mc_AKGC417L__0,wheeze_score,0.7083515523,0
M39,train,cycle,200_2p2_Ar_mc_AKGC417L__1,wheeze_score,0.6893880713,0
M39,train,cycle,200_2p2_Ar_mc_AKGC417L__2,wheeze_score,0.6306068602,0
M39,train,cycle,200_2p2_Ar_mc_AKGC417L__3,wheeze_score,0.67239636,0
M39,train,cycle,200_2p2_Ar_mc_AKGC417L__4,wheeze_score,0.6936798062,0
M39,train,cycle,200_2p2_Lr_mc_AKGC417L__0,wheeze_score,0.323567993,0
M39,train,cycle,200_2p2_Lr_mc_AKGC417L__1,wheeze_score,0.5189775368,0
M39,train,cycle,200_2p2_Lr_mc_AKGC417L__2,wheeze_score,0.562005277,0
M39,train,cycle,200_2p2_Lr_mc_AKGC417L__3,wheeze_score,0.3109201213,0
M39,train,cycle,200_2p2_Lr_mc_AKGC417L__4,wheeze_score,0.5659546355,0
M39,train,cycle,200_2p2_Pl_mc_AKGC417L__0,wheeze_score,0.3672933975,0
M39,train,cycle,200_2p2_Pl_mc_AKGC417L__1,wheeze_score,0.6248386264,0
M39,train,cycle,200_2p2_Pl_mc_AKGC417L__2,wheeze_score,0.4722955145,0
M39,train,cycle,200_2p2_Pl_mc_AKGC417L__3,wheeze_score,0.6471183013,0
M39,train,cycle,200_2p2_Pl_mc_AKGC417L__4,wheeze_score,0.7134992292,0
M39,train,cycle,200_2p2_Pr_mc_AKGC417L__0,wheeze_score,0.3847835592,0
M39,train,cycle,200_2p2_Pr_mc_AKGC417L__1,wheeze_score,0.4647560031,0
M39,train,cycle,200_2p2_Pr_mc_AKGC417L__2,wheeze_score,0.5672823219,0
M39,train,cycle,200_2p2_Pr_mc_AKGC417L__3,wheeze_score,0.4120323559,0
M39,train,cycle,200_2p2_Pr_mc_AKGC417L__4,wheeze_score,0.4272186743,0
M39,train,cycle,200_2p2_Tc_mc_AKGC417L__0,wheeze_score,0.3760384784,0
M39,train,cycle,200_2p2_Tc_mc_AKGC417L__1,wheeze_score,0.6480764265,0
M39,train,cycle,200_2p2_Tc_mc_AKGC417L__2,wheeze_score,0.5831134565,0
M39,train,cycle,200_2p2_Tc_mc_AKGC417L__3,wheeze_score,0.3437815976,0
M39,train,cycle,200_2p2_Tc_mc_AKGC417L__4,wheeze_score,0.4316229905,0
M39,train,cycle,200_2p3_Al_mc_AKGC417L__0,wheeze_score,0.7814992026,0
M39,train,cycle,200_2p3_Al_mc_AKGC417L__1,wheeze_score,0.4907270638,0
M39,train,cycle,200_2p3_Al_mc_AKGC417L__2,wheeze_score,0.7038269551,0
M39,train,cycle,200_2p3_Ar_mc_AKGC417L__0,wheeze_score,0.6485911749,0
M39,train,cycle,200_2p3_Ar_mc_AKGC417L__1,wheeze_score,0.6909568357,0
M39,train,cycle,200_2p3_Ar_mc_AKGC417L__2,wheeze_score,0.7903494176,0
M39,train,cycle,200_2p3_Lr_mc_AKGC417L__0,wheeze_score,0.5139110402,0
M39,train,cycle,200_2p3_Lr_mc_AKGC417L__1,wheeze_score,0.599048088,0
M39,train,cycle,200_2p3_Lr_mc_AKGC417L__2,wheeze_score,0.3627287854,0
M39,train,cycle,200_2p3_Pl_mc_AKGC417L__0,wheeze_score,0.4696083643,0
M39,train,cycle,200_2p3_Pl_mc_AKGC417L__1,wheeze_score,0.5104217955,0
M39,train,cycle,200_2p3_Pl_mc_AKGC417L__2,wheeze_score,0.5224625624,0
M39,train,cycle,200_2p3_Pr_mc_AKGC417L__0,wheeze_score,0.4288499025,0
M39,train,cycle,200_2p3_Pr_mc_AKGC417L__1,wheeze_score,0.5678647628,0
M39,train,cycle,200_2p3_Pr_mc_AKGC417L__2,wheeze_score,0.5224625624,0
M39,train,cycle,200_2p3_Tc_mc_AKGC417L__0,wheeze_score,0.5369484317,0
M39,train,cycle,200_2p3_Tc_mc_AKGC417L__1,wheeze_score,0.6072542262,0
M39,train,cycle,200_2p3_Tc_mc_AKGC417L__2,wheeze_score,0.7271214642,0
M39,train,cycle,200_2p4_Al_mc_AKGC417L__0,wheeze_score,0.2146060218,0
M39,train,cycle,200_2p4_Al_mc_AKGC417L__1,wheeze_score,0.4081632653,0
M39,train,cycle,200_2p4_Al_mc_AKGC417L__2,wheeze_score,0.4829770388,0
M39,train,cycle,200_2p4_Al_mc_AKGC417L__3,wheeze_score,0.4271123491,0
M39,train,cycle,200_2p4_Al_mc_AKGC417L__4,wheeze_score,0.4242424242,0
M39,train,cycle,200_2p4_Ar_mc_AKGC417L__0,wheeze_score,0.6726457399,0
M39,train,cycle,200_2p4_Ar_mc_AKGC417L__1,wheeze_score,0.2883762201,0
M39,train,cycle,200_2p4_Ar_mc_AKGC417L__2,wheeze_score,0.5331221958,0
M39,train,cycle,200_2p4_Ar_mc_AKGC417L__3,wheeze_score,0.5571030641,0
M39,train,cycle,200_2p4_Ar_mc_AKGC417L__4,wheeze_score,0.3703703704,0
M39,train,cycle,200_2p4_Lr_mc_AKGC417L__0,wheeze_score,0.464445868,0
M39,train,cycle,200_2p4_Lr_mc_AKGC417L__1,wheeze_score,0.5501330967,0
M39,train,cycle,200_2p4_Lr_mc_AKGC417L__2,wheeze_score,0.5647928213,0
M39,train,cycle,200_2p4_Lr_mc_AKGC417L__3,wheeze_score,0.6731662024,0
M39,train,cycle,200_2p4_Lr_mc_AKGC417L__4,wheeze_score,0.7407407407,0
M39,train,cycle,200_2p4_Pl_mc_AKGC417L__0,wheeze_score,0.4099935939,0
M39,train,cycle,200_2p4_Pl_mc_AKGC417L__1,wheeze_score,0.3748890861,0
M39,train,cycle,200_2p4_Pl_mc_AKGC417L__2,wheeze_score,0.3747690684,0
M39,train,cycle,200_2p4_Pl_mc_AKGC417L__3,wheeze_score,0.5153203343,0
M39,train,cycle,200_2p4_Pl_mc_AKGC417L__4,wheeze_score,0.2087542088,0
M39,train,cycle,200_2p4_Pr_mc_AKGC417L__0,wheeze_score,0.5669442665,0
M39,train,cycle,200_2p4_Pr_mc_AKGC417L__1,wheeze_score,0.6277728483,0
M39,train,cycle,200_2p4_Pr_mc_AKGC417L__2,wheeze_score,0.4697809448,0
M39,train,cycle,200_2p4_Pr_mc_AKGC417L__3,wheeze_score,0.6963788301,0
M39,train,cycle,200_2p4_Pr_mc_AKGC417L__4,wheeze_score,0.1750841751,0
M39,train,cycle,200_2p4_Tc_mc_AKGC417L__0,wheeze_score,0.5285073671,0
M39,train,cycle,200_2p4_Tc_mc_AKGC417L__1,wheeze_score,0.6743566992,0
M39,train,cycle,200_2p4_Tc_mc_AKGC417L__2,wheeze_score,0.1847453154,0
M39,train,cycle,200_2p4_Tc_mc_AKGC417L__3,wheeze_score,0.3180129991,0
M39,train,cycle,200_2p4_Tc_mc_AKGC417L__4,wheeze_score,0.228956229,0
M39,train,cycle,200_3p4_Al_mc_AKGC417L__0,wheeze_score,0.6587019696,0
M39,train,cycle,200_3p4_Al_mc_AKGC417L__1,wheeze_score,0.7100849488,0
M39,train,cycle,200_3p4_Al_mc_AKGC417L__2,wheeze_score,0.6791125541,0
M39,train,cycle,200_3p4_Al_mc_AKGC417L__3,wheeze_score,0.6632294352,0
M39,train,cycle,200_3p4_Ar_mc_AKGC417L__0,wheeze_score,0.6231837262,0
M39,train,cycle,200_3p4_Ar_mc_AKGC417L__1,wheeze_score,0.568503594,0
M39,train,cycle,200_3p4_Ar_mc_AKGC417L__2,wheeze_score,0.4734848485,0
M39,train,cycle,200_3p4_Ar_mc_AKGC417L__3,wheeze_score,0.5413639559,0
M39,train,cycle,200_3p4_Pl_mc_AKGC417L__0,wheeze_score,0.5569906361,0
M39,train,cycle,200_3p4_Pl_mc_AKGC417L__1,wheeze_score,0.4007841429,0
M39,train,cycle,200_3p4_Pl_mc_AKGC417L__2,wheeze_score,0.4518398268,0
M39,train,cycle,200_3p4_Pl_mc_AKGC417L__3,wheeze_score,0.6843215374,0
M39,train,cycle,200_3p4_Pr_mc_AKGC417L__0,wheeze_score,0.6038101388,0
M39,train,cycle,200_3p4_Pr_mc_AKGC417L__1,wheeze_score,0.4356349379,0
M39,train,cycle,200_3p4_Pr_mc_AKGC417L__2,wheeze_score,0.3896103896,0
M39,train,cycle,200_3p4_Pr_mc_AKGC417L__3,wheeze_score,0.5296461214,0
M39,train,cycle,200_3p4_Tc_mc_AKGC417L__0,wheeze_score,0.5392315144,0
M39,train,cycle,200_3p4_Tc_mc_AKGC417L__1,wheeze_score,0.3027662819,0
M39,train,cycle,200_3p4_Tc_mc_AKGC417L__2,wheeze_score,0.2489177489,0
M39,train,cycle,200_3p4_Tc_mc_AKGC417L__3,wheeze_score,0.3562221701,0
M39,train,cycle,201_1b1_Al_sc_Meditron__0,wheeze_score,0.761369443,0
M39,train,cycle,201_1b1_Al_sc_Meditron__1,wheeze_score,0.658105939,0
M39,train,cycle,201_1b1_Al_sc_Meditron__2,wheeze_score,0.7579908676,1
M39,train,cycle,201_1b1_Al_sc_Meditron__3,wheeze_score,0.6610828597,1
M39,train,cycle,201_1b1_Al_sc_Meditron__4,wheeze_score,0.6390748631,1
M39,train,cycle,201_1b1_Al_sc_Meditron__5,wheeze_score,0.8535462082,1
M39,train,cycle,201_1b1_Al_sc_Meditron__6,wheeze_score,0.6702253855,0
M39,train,cycle,201_1b1_Ar_sc_Meditron__0,wheeze_score,0.7347876005,0
M39,train,cycle,201_1b1_Ar_sc_Meditron__1,wheeze_score,0.671875,1
M39,train,cycle,201_1b1_Ar_sc_Meditron__2,wheeze_score,0.6271777003,1
M39,train,cycle,201_1b1_Ar_sc_Meditron__3,wheeze_score,0.5394990366,1
M39,train,cycle,201_1b1_Ar_sc_Meditron__4,wheeze_score,0.6371522585,1
M39,train,cycle,201_1b1_Ar_sc_Meditron__5,wheeze_score,0.5529411765,1
M39,train,cycle,201_1b1_Ar_sc_Meditron__6,wheeze_score,0.5803728456,1
M39,train,cycle,201_1b2_Al_sc_Meditron__0,wheeze_score,0.7574598317,1
M39,train,cycle,201_1b2_Al_sc_Meditron__1,wheeze_score,0.5350045858,1
M39,train,cycle,201_1b2_Al_sc_Meditron__2,wheeze_score,0.5903834449,1
M39,train,cycle,201_1b2_Al_sc_Meditron__3,wheeze_score,0.5703077852,1
M39,train,cycle,201_1b2_Al_sc_Meditron__4,wheeze_score,0.6787878788,1
M39,train,cycle,201_1b2_Al_sc_Meditron__5,wheeze_score,0.7055476529,1
M39,train,cycle,201_1b2_Al_sc_Meditron__6,wheeze_score,0.8196721311,0
M39,train,cycle,201_1b2_Ar_sc_Meditron__0,wheeze_score,0.6731287022,0
M39,train,cycle,201_1b2_Ar_sc_Meditron__1,wheeze_score,0.6411764706,1
M39,train,cycle,201_1b2_Ar_sc_Meditron__2,wheeze_score,0.6913367757,1
M39,train,cycle,201_1b2_Ar_sc_Meditron__3,wheeze_score,0.6079214001,1
M39,train,cycle,201_1b2_Ar_sc_Meditron__4,wheeze_score,0.5778969318,1
M39,train,cycle,201_1b2_Ar_sc_Meditron__5,wheeze_score,0.6046664476,1
M39,train,cycle,201_1b2_Ar_sc_Meditron__6,wheeze_score,0.429326288,1
M39,train,cycle,201_1b3_Al_sc_Meditron__0,wheeze_score,0.6882230792,1
M39,train,cycle,201_1b3_Al_sc_Meditron__1,wheeze_score,0.6510416667,1
M39,train,cycle,201_1b3_Al_sc_Meditron__2,wheeze_score,0.7153729072,1
M39,train,cycle,201_1b3_Al_sc_Meditron__3,wheeze_score,0.676993689,1
M39,train,cycle,201_1b3_Al_sc_Meditron__4,wheeze_score,0.7080117115,1
M39,train,cycle,201_1b3_Al_sc_Meditron__5,wheeze_score,0.6323977004,1
M39,train,cycle,201_1b3_Ar_sc_Meditron__0,wheeze_score,0.4143646409,1
M39,train,cycle,201_1b3_Ar_sc_Meditron__1,wheeze_score,0.564254062,1
M39,train,cycle,201_1b3_Ar_sc_Meditron__2,wheeze_score,0.5696969697,1
M39,train,cycle,201_1b3_Ar_sc_Meditron__3,wheeze_score,0.4378909741,1
M39,train,cycle,201_1b3_Ar_sc_Meditron__4,wheeze_score,0.3736754044,1
M39,train,cycle,201_1b3_Ar_sc_Meditron__5,wheeze_score,0.3896103896,1
M39,train,cycle,201_1b3_Ar_sc_Meditron__6,wheeze_score,0.3986387944,1
M39,train,cycle,203_1p2_Al_mc_AKGC417L__0,wheeze_score,0.6958762887,0
M39,train,cycle,203_1p2_Al_mc_AKGC417L__1,wheeze_score,0.6123481781,0
M39,train,cycle,203_1p2_Al_mc_AKGC417L__2,wheeze_score,0.5475638051,0
M39,train,cycle,203_1p2_Al_mc_AKGC417L__3,wheeze_score,0.6136820926,0
M39,train,cycle,203_1p2_Al_mc_AKGC417L__4,wheeze_score,0.572519084,0
M39,train,cycle,203_1p2_Al_mc_AKGC417L__5,wheeze_score,0.7746478873,1
M39,train,cycle,203_1p2_Al_mc_AKGC417L__6,wheeze_score,0.8258612553,0
M39,train,cycle,203_1p2_Al_mc_AKGC417L__7,wheeze_score,0.6370929684,0
M39,train,cycle,203_1p2_Al_mc_AKGC417L__8,wheeze_score,0.705,0
M39,train,cycle,203_1p2_Al_mc_AKGC417L__9,wheeze_score,0.2675159236,0
M39,train,cycle,203_1p2_Ar_mc_AKGC417L__0,wheeze_score,0.7577319588,0
M39,train,cycle,203_1p2_Ar_mc_AKGC417L__1,wheeze_score,0.8502024291,0
M39,train,cycle,203_1p2_Ar_mc_AKGC417L__2,wheeze_score,0.8445475638,0
M39,train,cycle,203_1p2_Ar_mc_AKGC417L__3,wheeze_score,0.7595573441,0
M39,train,cycle,203_1p2_Ar_mc_AKGC417L__4,wheeze_score,0.5438931298,0
M39,train,cycle,203_1p2_Ar_mc_AKGC417L__5,wheeze_score,0.4979879276,0
M39,train,cycle,203_1p2_Ar_mc_AKGC417L__6,wheeze_score,0.6701274186,0
M39,train,cycle,203_1p2_Ar_mc_AKGC417L__7,wheeze_score,0.6418121756,0
M39,train,cycle,203_1p2_Ar_mc_AKGC417L__8,wheeze_score,0.725,0
M39,train,cycle,203_1p2_Ar_mc_AKGC417L__9,wheeze_score,0.2292993631,0
M39,train,cycle,203_1p2_Lr_mc_AKGC417L__0,wheeze_score,0.7835051546,1
M39,train,cycle,203_1p2_Lr_mc_AKGC417L__1,wheeze_score,0.4858299595,1
M39,train,cycle,203_1p2_Lr_mc_AKGC417L__2,wheeze_score,0.4408352668,0
M39,train,cycle,203_1p2_Lr_mc_AKGC417L__3,wheeze_score,0.3420523139,1
M39,train,cycle,203_1p2_Lr_mc_AKGC417L__4,wheeze_score,0.338740458,0
M39,train,cycle,203_1p2_Lr_mc_AKGC417L__5,wheeze_score,0.2716297787,0
M39,train,cycle,203_1p2_Lr_mc_AKGC417L__6,wheeze_score,0.4388862671,1
M39,train,cycle,203_1p2_Lr_mc_AKGC417L__7,wheeze_score,0.353940538,1
M39,train,cycle,203_1p2_Lr_mc_AKGC417L__8,wheeze_score,0.075,0
M39,train,cycle,203_1p2_Lr_mc_AKGC417L__9,wheeze_score,0.152866242,0
M39,train,cycle,203_1p2_Pl_mc_AKGC417L__0,wheeze_score,0.5257731959,0
M39,train,cycle,203_1p2_Pl_mc_AKGC417L__1,wheeze_score,0.3643724696,0
M39,train,cycle,203_1p2_Pl_mc_AKGC417L__2,wheeze_score,0.524361949,0
M39,train,cycle,203_1p2_Pl_mc_AKGC417L__3,wheeze_score,0.407444668,0
M39,train,cycle,203_1p2_Pl_mc_AKGC417L__4,wheeze_score,0.4723282443,0
M39,train,cycle,203_1p2_Pl_mc_AKGC417L__5,wheeze_score,0.3219315895,0
M39,train,cycle,203_1p2_Pl_mc_AKGC417L__6,wheeze_score,0.6040585182,0
M39,train,cycle,203_1p2_Pl_mc_AKGC417L__7,wheeze_score,0.4341670599,0
M39,train,cycle,203_1p2_Pl_mc_AKGC417L__8,wheeze_score,0.325,0
M39,train,cycle,203_1p2_Pl_mc_AKGC417L__9,wheeze_score,0,0
M39,train,cycle,203_1p2_Pr_mc_AKGC417L__0,wheeze_score,0.5979381443,0
M39,train,cycle,203_1p2_Pr_mc_AKGC417L__1,wheeze_score,0.3795546559,0
M39,train,cycle,203_1p2_Pr_mc_AKGC417L__2,wheeze_score,0.4176334107,0
M39,train,cycle,203_1p2_Pr_mc_AKGC417L__3,wheeze_score,0.5784708249,0
M39,train,cycle,203_1p2_Pr_mc_AKGC417L__4,wheeze_score,0.2480916031,0
M39,train,cycle,203_1p2_Pr_mc_AKGC417L__5,wheeze_score,0.4929577465,0
M39,train,cycle,203_1p2_Pr_mc_AKGC417L__6,wheeze_score,0.7267579047,0
M39,train,cycle,203_1p2_Pr_mc_AKGC417L__7,wheeze_score,0.7126002832,0
M39,train,cycle,203_1p2_Pr_mc_AKGC417L__8,wheeze_score,0.695,0
M39,train,cycle,203_1p2_Pr_mc_AKGC417L__9,wheeze_score,0.1656050955,0
M39,train,cycle,203_1p2_Tc_mc_AKGC417L__0,wheeze_score,0.675257732,0
M39,train,cycle,203_1p2_Tc_mc_AKGC417L__1,wheeze_score,0.7894736842,0
M39,train,cycle,203_1p2_Tc_mc_AKGC417L__2,wheeze_score,0.5197215777,0
M39,train,cycle,203_1p2_Tc_mc_AKGC417L__3,wheeze_score,0.3722334004,0
M39,train,cycle,203_1p2_Tc_mc_AKGC417L__4,wheeze_score,0.5916030534,1
M39,train,cycle,203_1p2_Tc_mc_AKGC417L__5,wheeze_score,0.3672032193,1
M39,train,cycle,203_1p2_Tc_mc_AKGC417L__6,wheeze_score,0.5191127891,0
M39,train,cycle,203_1p2_Tc_mc_AKGC417L__7,wheeze_score,0.4577630958,0
M39,train,cycle,203_1p2_Tc_mc_AKGC417L__8,wheeze_score,0.49,0
M39,train,cycle,203_1p2_Tc_mc_AKGC417L__9,wheeze_score,0.5350318471,0
M39,train,cycle,203_1p3_Al_mc_AKGC417L__0,wheeze_score,0.5220667384,0
M39,train,cycle,203_1p3_Al_mc_AKGC417L__1,wheeze_score,0.3286384977,0
M39,train,cycle,203_1p3_Al_mc_AKGC417L__2,wheeze_score,0.5669291339,0
M39,train,cycle,203_1p3_Al_mc_AKGC417L__3,wheeze_score,0.645,0
M39,train,cycle,203_1p3_Al_mc_AKGC417L__4,wheeze_score,0.5632360471,0
M39,train,cycle,203_1p3_Al_mc_AKGC417L__5,wheeze_score,0.6825775656,0
M39,train,cycle,203_1p3_Al_mc_AKGC417L__6,wheeze_score,0.4918032787,0
M39,train,cycle,203_1p3_Al_mc_AKGC417L__7,wheeze_score,0.4633344394,0
M39,train,cycle,203_1p3_Al_mc_AKGC417L__8,wheeze_score,0.3902551006,0
M39,train,cycle,203_1p3_Al_mc_AKGC417L__9,wheeze_score,0.7531865585,0
M39,train,cycle,203_1p3_Ar_mc_AKGC417L__0,wheeze_score,0.5220667384,0
M39,train,cycle,203_1p3_Ar_mc_AKGC417L__1,wheeze_score,0.5633802817,0
M39,train,cycle,203_1p3_Ar_mc_AKGC417L__2,wheeze_score,0.5196850394,0
M39,train,cycle,203_1p3_Ar_mc_AKGC417L__3,wheeze_score,0.48,1
M39,train,cycle,203_1p3_Ar_mc_AKGC417L__4,wheeze_score,0.4198668715,0
M39,train,cycle,203_1p3_Ar_mc_AKGC417L__5,wheeze_score,0.7350835322,0
M39,train,cycle,203_1p3_Ar_mc_AKGC417L__6,wheeze_score,0.4713114754,0
M39,train,cycle,203_1p3_Ar_mc_AKGC417L__7,wheeze_score,0.7336128624,0
M39,train,cycle,203_1p3_Ar_mc_AKGC417L__8,wheeze_score,0.5647220867,0
M39,train,cycle,203_1p3_Ar_mc_AKGC417L__9,wheeze_score,0.4287369641,0
M39,train,cycle,203_1p3_Pl_mc_AKGC417L__0,wheeze_score,0.4574811625,0
M39,train,cycle,203_1p3_Pl_mc_AKGC417L__1,wheeze_score,0.544600939,0
M39,train,cycle,203_1p3_Pl_mc_AKGC417L__2,wheeze_score,0.3254593176,0
M39,train,cycle,203_1p3_Pl_mc_AKGC417L__3,wheeze_score,0.505,0
M39,train,cycle,203_1p3_Pl_mc_AKGC417L__4,wheeze_score,0.5529953917,0
M39,train,cycle,203_1p3_Pl_mc_AKGC417L__5,wheeze_score,0.4343675418,0
M39,train,cycle,203_1p3_Pl_mc_AKGC417L__6,wheeze_score,0.1793032787,0
M39,train,cycle,203_1p3_Pl_mc_AKGC417L__7,wheeze_score,0.4343760369,0
M39,train,cycle,203_1p3_Pl_mc_AKGC417L__8,wheeze_score,0.2708829522,0
M39,train,cycle,203_1p3_Pl_mc_AKGC417L__9,wheeze_score,0.1158748552,0
M39,train,cycle,203_1p3_Pr_mc_AKGC417L__0,wheeze_score,0.5274488698,0
M39,train,cycle,203_1p3_Pr_mc_AKGC417L__1,wheeze_score,0.6150234742,0
M39,train,cycle,203_1p3_Pr_mc_AKGC417L__2,wheeze_score,0.3569553806,0
M39,train,cycle,203_1p3_Pr_mc_AKGC417L__3,wheeze_score,0.515,0
M39,train,cycle,203_1p3_Pr_mc_AKGC417L__4,wheeze_score,0.6451612903,0
M39,train,cycle,203_1p3_Pr_mc_AKGC417L__5,wheeze_score,0.6396181384,1
M39,train,cycle,203_1p3_Pr_mc_AKGC417L__6,wheeze_score,0.4200819672,0
M39,train,cycle,203_1p3_Pr_mc_AKGC417L__7,wheeze_score,0.5791680492,0
M39,train,cycle,203_1p3_Pr_mc_AKGC417L__8,wheeze_score,0.5234009584,0
M39,train,cycle,203_1p3_Pr_mc_AKGC417L__9,wheeze_score,0.4577056779,0
M39,train,cycle,203_1p3_Tc_mc_AKGC417L__0,wheeze_score,0.3390742734,0
M39,train,cycle,203_1p3_Tc_mc_AKGC417L__1,wheeze_score,0.3802816901,1
M39,train,cycle,203_1p3_Tc_mc_AKGC417L__2,wheeze_score,0.3989501312,0
M39,train,cycle,203_1p3_Tc_mc_AKGC417L__3,wheeze_score,0.385,0
M39,train,cycle,203_1p3_Tc_mc_AKGC417L__4,wheeze_score,0.2406554019,0
M39,train,cycle,203_1p3_Tc_mc_AKGC417L__5,wheeze_score,0.5441527446,0
M39,train,cycle,203_1p3_Tc_mc_AKGC417L__6,wheeze_score,0.2407786885,0
M39,train,cycle,203_1p3_Tc_mc_AKGC417L__7,wheeze_score,0.3957648336,0
M39,train,cycle,203_1p3_Tc_mc_AKGC417L__8,wheeze_score,0.3672989182,0
M39,train,cycle,203_1p3_Tc_mc_AKGC417L__9,wheeze_score,0.3765932793,0
M39,train,cycle,203_1p4_Al_mc_AKGC417L__0,wheeze_score,0.5909389363,0
M39,train,cycle,203_1p4_Al_mc_AKGC417L__1,wheeze_score,0.4601097509,0
M39,train,cycle,203_1p4_Al_mc_AKGC417L__2,wheeze_score,0.697868784,0
M39,train,cycle,203_1p4_Al_mc_AKGC417L__3,wheeze_score,0.5333893322,0
M39,train,cycle,203_1p4_Al_mc_AKGC417L__4,wheeze_score,0.644,0
M39,train,cycle,203_1p4_Al_mc_AKGC417L__5,wheeze_score,0.5850396991,0
M39,train,cycle,203_1p4_Al_mc_AKGC417L__6,wheeze_score,0.492,0
M39,train,cycle,203_1p4_Al_mc_AKGC417L__7,wheeze_score,0.5291894162,0
M39,train,cycle,203_1p4_Al_mc_AKGC417L__8,wheeze_score,0.5207100592,0
M39,train,cycle,203_1p4_Ar_mc_AKGC417L__0,wheeze_score,0.3020354563,0
M39,train,cycle,203_1p4_Ar_mc_AKGC417L__1,wheeze_score,0.4263402279,0
M39,train,cycle,203_1p4_Ar_mc_AKGC417L__2,wheeze_score,0.4889260343,0
M39,train,cycle,203_1p4_Ar_mc_AKGC417L__3,wheeze_score,0.5669886602,0
M39,train,cycle,203_1p4_Ar_mc_AKGC417L__4,wheeze_score,0.592,0
M39,train,cycle,203_1p4_Ar_mc_AKGC417L__5,wheeze_score,0.7563727539,0
M39,train,cycle,203_1p4_Ar_mc_AKGC417L__6,wheeze_score,0.604,0
M39,train,cycle,203_1p4_Ar_mc_AKGC417L__7,wheeze_score,0.5627887442,0
M39,train,cycle,203_1p4_Ar_mc_AKGC417L__8,wheeze_score,0.4378698225,0
M39,train,cycle,203_1p4_Pl_mc_AKGC417L__0,wheeze_score,0.4990151018,0
M39,train,cycle,203_1p4_Pl_mc_AKGC417L__1,wheeze_score,0.4812157028,0
M39,train,cycle,203_1p4_Pl_mc_AKGC417L__2,wheeze_score,0.3092352695,0
M39,train,cycle,203_1p4_Pl_mc_AKGC417L__3,wheeze_score,0.4619907602,0
M39,train,cycle,203_1p4_Pl_mc_AKGC417L__4,wheeze_score,0.384,0
M39,train,cycle,203_1p4_Pl_mc_AKGC417L__5,wheeze_score,0.3760969494,0
M39,train,cycle,203_1p4_Pl_mc_AKGC417L__6,wheeze_score,0.388,1
M39,train,cycle,203_1p4_Pl_mc_AKGC417L__7,wheeze_score,0.5165896682,0
M39,train,cycle,203_1p4_Pl_mc_AKGC417L__8,wheeze_score,0,0
M39,train,cycle,203_1p4_Pr_mc_AKGC417L__0,wheeze_score,0.3545633618,0
M39,train,cycle,203_1p4_Pr_mc_AKGC417L__1,wheeze_score,0.6669480794,0
M39,train,cycle,203_1p4_Pr_mc_AKGC417L__2,wheeze_score,0.664437944,0
M39,train,cycle,203_1p4_Pr_mc_AKGC417L__3,wheeze_score,0.5459890802,0
M39,train,cycle,203_1p4_Pr_mc_AKGC417L__4,wheeze_score,0.536,0
M39,train,cycle,203_1p4_Pr_mc_AKGC417L__5,wheeze_score,0.5432511492,0
M39,train,cycle,203_1p4_Pr_mc_AKGC417L__6,wheeze_score,0.504,0
M39,train,cycle,203_1p4_Pr_mc_AKGC417L__7,wheeze_score,0.6425871483,0
M39,train,cycle,203_1p4_Pr_mc_AKGC417L__8,wheeze_score,0.224852071,0
M39,train,cycle,203_1p4_Tc_mc_AKGC417L__0,wheeze_score,0.2495075509,0
M39,train,cycle,203_1p4_Tc_mc_AKGC417L__1,wheeze_score,0.3545799916,0
M39,train,cycle,203_1p4_Tc_mc_AKGC417L__2,wheeze_score,0.3719180944,0
M39,train,cycle,203_1p4_Tc_mc_AKGC417L__3,wheeze_score,0.2687946241,0
M39,train,cycle,203_1p4_Tc_mc_AKGC417L__4,wheeze_score,0.42,0
M39,train,cycle,203_1p4_Tc_mc_AKGC417L__5,wheeze_score,0.5139991642,0
M39,train,cycle,203_1p4_Tc_mc_AKGC417L__6,wheeze_score,0.348,0
M39,train,cycle,203_1p4_Tc_mc_AKGC417L__7,wheeze_score,0.3569928601,1
M39,train,cycle,203_1p4_Tc_mc_AKGC417L__8,wheeze_score,0.7100591716,0
M39,train,cycle,203_2p3_Al_mc_AKGC417L__0,wheeze_score,0.6774941995,0
M39,train,cycle,203_2p3_Al_mc_AKGC417L__1,wheeze_score,0.6880733945,0
M39,train,cycle,203_2p3_Al_mc_AKGC417L__2,wheeze_score,0.6389342034,0
M39,train,cycle,203_2p3_Al_mc_AKGC417L__3,wheeze_score,0.6627314194,0
M39,train,cycle,203_2p3_Al_mc_AKGC417L__4,wheeze_score,0.7253333333,0
M39,train,cycle,203_2p3_Al_mc_AKGC417L__5,wheeze_score,0.1037344398,0
M39,train,cycle,203_2p3_Ar_mc_AKGC417L__0,wheeze_score,0.6774941995,0
M39,train,cycle,203_2p3_Ar_mc_AKGC417L__1,wheeze_score,0.6479357798,0
M39,train,cycle,203_2p3_Ar_mc_AKGC417L__2,wheeze_score,0.7966286025,0
M39,train,cycle,203_2p3_Ar_mc_AKGC417L__3,wheeze_score,0.708344513,0
M39,train,cycle,203_2p3_Ar_mc_AKGC417L__4,wheeze_score,0.6853333333,0
M39,train,cycle,203_2p3_Ar_mc_AKGC417L__5,wheeze_score,0.2904564315,0
M39,train,cycle,203_2p3_Pl_mc_AKGC417L__0,wheeze_score,0.7053364269,0
M39,train,cycle,203_2p3_Pl_mc_AKGC417L__1,wheeze_score,0.6049311927,0
M39,train,cycle,203_2p3_Pl_mc_AKGC417L__2,wheeze_score,0.4703643284,0
M39,train,cycle,203_2p3_Pl_mc_AKGC417L__3,wheeze_score,0.4722296753,0
M39,train,cycle,203_2p3_Pl_mc_AKGC417L__4,wheeze_score,0.528,0
M39,train,cycle,203_2p3_Pl_mc_AKGC417L__5,wheeze_score,0.1452282158,0
M39,train,cycle,203_2p3_Pr_mc_AKGC417L__0,wheeze_score,0.5800464037,0
M39,train,cycle,203_2p3_Pr_mc_AKGC417L__1,wheeze_score,0.5447247706,0
M39,train,cycle,203_2p3_Pr_mc_AKGC417L__2,wheeze_score,0.5818379554,0
M39,train,cycle,203_2p3_Pr_mc_AKGC417L__3,wheeze_score,0.3756372417,0
M39,train,cycle,203_2p3_Pr_mc_AKGC417L__4,wheeze_score,0.5066666667,0
M39,train,cycle,203_2p3_Pr_mc_AKGC417L__5,wheeze_score,0.4149377593,0
M39,train,cycle,203_2p3_Tc_mc_AKGC417L__0,wheeze_score,0.505800464,0
M39,train,cycle,203_2p3_Tc_mc_AKGC417L__1,wheeze_score,0.2236238532,0
M39,train,cycle,203_2p3_Tc_mc_AKGC417L__2,wheeze_score,0.2610114192,0
M39,train,cycle,203_2p3_Tc_mc_AKGC417L__3,wheeze_score,0.2361148377,0
M39,train,cycle,203_2p3_Tc_mc_AKGC417L__4,wheeze_score,0.3013333333,0
M39,train,cycle,203_2p3_Tc_mc_AKGC417L__5,wheeze_score,0.2385892116,0
M39,train,cycle,204_2b5_Al_mc_AKGC417L__0,wheeze_score,0.3018372703,0
M39,train,cycle,204_2b5_Al_mc_AKGC417L__1,wheeze_score,0.6300756091,1
M39,train,cycle,204_2b5_Al_mc_AKGC417L__2,wheeze_score,0.6223564955,1
M39,train,cycle,204_2b5_Al_mc_AKGC417L__3,wheeze_score,0.7391651157,1
M39,train,cycle,204_2b5_Al_mc_AKGC417L__4,wheeze_score,0.7027677497,0
M39,train,cycle,204_2b5_Al_mc_AKGC417L__5,wheeze_score,0.5426892499,1
M39,train,cycle,204_2b5_Al_mc_AKGC417L__6,wheeze_score,0.4133333333,0
M39,train,cycle,204_2b5_Ar_mc_AKGC417L__0,wheeze_score,0.3100775194,0
M39,train,cycle,204_2b5_Ar_mc_AKGC417L__1,wheeze_score,0.4825581395,1
M39,train,cycle,204_2b5_Ar_mc_AKGC417L__2,wheeze_score,0.4171428571,1
M39,train,cycle,204_2b5_Ar_mc_AKGC417L__3,wheeze_score,0.5933727203,0
M39,train,cycle,204_2b5_Ar_mc_AKGC417L__4,wheeze_score,0.4673135853,0
M39,train,cycle,204_2b5_Ar_mc_AKGC417L__5,wheeze_score,0.4842533017,0
M39,train,cycle,204_2b5_Ar_mc_AKGC417L__6,wheeze_score,0.881147541,0
M39,train,cycle,204_2b5_Ll_mc_AKGC417L__0,wheeze_score,0.7377979569,0
M39,train,cycle,204_2b5_Ll_mc_AKGC417L__1,wheeze_score,0.6237870807,0
M39,train,cycle,204_2b5_Ll_mc_AKGC417L__2,wheeze_score,0.5063291139,0
M39,train,cycle,204_2b5_Ll_mc_AKGC417L__3,wheeze_score,0.7480314961,0
M39,train,cycle,204_2b5_Ll_mc_AKGC417L__4,wheeze_score,0.5348291156,0
M39,train,cycle,204_2b5_Ll_mc_AKGC417L__5,wheeze_score,0.619059851,0
M39,train,cycle,204_2b5_Ll_mc_AKGC417L__6,wheeze_score,0.4203539823,0
M39,train,cycle,204_7p5_Al_mc_AKGC417L__0,wheeze_score,0.2251608292,0
M39,train,cycle,204_7p5_Al_mc_AKGC417L__1,wheeze_score,0.3014905149,0
M39,train,cycle,204_7p5_Al_mc_AKGC417L__2,wheeze_score,0.1441554372,0
M39,train,cycle,204_7p5_Al_mc_AKGC417L__3,wheeze_score,0.1686909582,0
M39,train,cycle,204_7p5_Al_mc_AKGC417L__4,wheeze_score,0.03267973856,0
M39,train,cycle,204_7p5_Al_mc_AKGC417L__5,wheeze_score,0.1564995209,0
M39,train,cycle,204_7p5_Al_mc_AKGC417L__6,wheeze_score,0.4033613445,0
M39,train,cycle,204_7p5_Ar_mc_AKGC417L__0,wheeze_score,0.04811250925,0
M39,train,cycle,204_7p5_Ar_mc_AKGC417L__1,wheeze_score,0.1443569554,0
M39,train,cycle,204_7p5_Ar_mc_AKGC417L__2,wheeze_score,0.2335387609,0
M39,train,cycle,204_7p5_Ar_mc_AKGC417L__3,wheeze_score,0.06720430108,0
M39,train,cycle,204_7p5_Ar_mc_AKGC417L__4,wheeze_score,0.2640789055,0
M39,train,cycle,204_7p5_Ar_mc_AKGC417L__5,wheeze_score,0.1778656126,0
M39,train,cycle,204_7p5_Ar_mc_AKGC417L__6,wheeze_score,0.1628151261,0
M39,train,cycle,204_7p5_Ll_mc_AKGC417L__0,wheeze_score,0.4638088545,0
M39,train,cycle,204_7p5_Ll_mc_AKGC417L__1,wheeze_score,0.4640921409,0
M39,train,cycle,204_7p5_Ll_mc_AKGC417L__2,wheeze_score,0.569828722,0
M39,train,cycle,204_7p5_Ll_mc_AKGC417L__3,wheeze_score,0.4184884447,0
M39,train,cycle,204_7p5_Ll_mc_AKGC417L__4,wheeze_score,0.6608072917,0
M39,train,cycle,204_7p5_Ll_mc_AKGC417L__5,wheeze_score,0.3208733047,0
M39,train,cycle,204_7p5_Ll_mc_AKGC417L__6,wheeze_score,0.2013808976,0
M39,train,cycle,204_7p5_Lr_mc_AKGC417L__0,wheeze_score,0.1278305332,0
M39,train,cycle,204_7p5_Lr_mc_AKGC417L__1,wheeze_score,0.2442201237,0
M39,train,cycle,204_7p5_Lr_mc_AKGC417L__2,wheeze_score,0.2263779528,0
M39,train,cycle,204_7p5_Lr_mc_AKGC417L__3,wheeze_score,0.1712439418,0
M39,train,cycle,204_7p5_Lr_mc_AKGC417L__4,wheeze_score,0.114416476,0
M39,train,cycle,204_7p5_Lr_mc_AKGC417L__5,wheeze_score,0.2431906615,0
M39,train,cycle,204_7p5_Lr_mc_AKGC417L__6,wheeze_score,0.2838063439,0
M39,train,cycle,204_7p5_Pr_mc_AKGC417L__0,wheeze_score,0.8984509466,0
M39,train,cycle,204_7p5_Pr_mc_AKGC417L__1,wheeze_score,0.4095800069,0
M39,train,cycle,204_7p5_Pr_mc_AKGC417L__2,wheeze_score,0.5446153846,0
M39,train,cycle,204_7p5_Pr_mc_AKGC417L__3,wheeze_score,0.4456556589,0
M39,train,cycle,204_7p5_Pr_mc_AKGC417L__4,wheeze_score,0.5761888233,0
M39,train,cycle,204_7p5_Pr_mc_AKGC417L__5,wheeze_score,0.8210592291,0
M39,train,cycle,204_7p5_Pr_mc_AKGC417L__6,wheeze_score,0.7255139057,0
M39,train,cycle,204_7p5_Tc_mc_AKGC417L__0,wheeze_score,0.07820469228,0
M39,train,cycle,204_7p5_Tc_mc_AKGC417L__1,wheeze_score,0.09130752374,0
M39,train,cycle,204_7p5_Tc_mc_AKGC417L__2,wheeze_score,0.1155527795,0
M39,train,cycle,204_7p5_Tc_mc_AKGC417L__3,wheeze_score,0.1733333333,0
M39,train,cycle,204_7p5_Tc_mc_AKGC417L__4,wheeze_score,0.07697456493,0
M39,train,cycle,204_7p5_Tc_mc_AKGC417L__5,wheeze_score,0.1759802408,0
M39,train,cycle,204_7p5_Tc_mc_AKGC417L__6,wheeze_score,0.3271291596,0
M39,train,cycle,206_1b1_Ar_sc_Meditron__0,wheeze_score,0.8322324967,0
M39,train,cycle,206_1b1_Ar_sc_Meditron__1,wheeze_score,0.5776636714,0
M39,train,cycle,206_1b1_Ar_sc_Meditron__2,wheeze_score,0.8021390374,1
M39,train,cycle,206_1b1_Ar_sc_Meditron__3,wheeze_score,0.7809694794,1
M39,train,cycle,206_1b1_Ar_sc_Meditron__4,wheeze_score,0.8156370656,1
M39,train,cycle,206_1b1_Ar_sc_Meditron__5,wheeze_score,0.7150595883,1
M39,train,cycle,206_1b1_Ar_sc_Meditron__6,wheeze_score,0.48,1
M39,train,cycle,206_1b1_Ar_sc_Meditron__7,wheeze_score,0.5957230143,1
M39,train,cycle,206_1b1_Ar_sc_Meditron__8,wheeze_score,0.7485191169,0
M39,train,cycle,206_1b1_Ar_sc_Meditron__9,wheeze_score,0.4775413712,1
M39,train,cycle,206_1b1_Ar_sc_Meditron__10,wheeze_score,0.5733432614,0
M39,train,cycle,206_1b1_Lr_sc_Meditron__0,wheeze_score,0.7909090909,0
M39,train,cycle,206_1b1_Lr_sc_Meditron__1,wheeze_score,0.9235255995,1
M39,train,cycle,206_1b1_Lr_sc_Meditron__2,wheeze_score,0.7862223886,1
M39,train,cycle,206_1b1_Lr_sc_Meditron__3,wheeze_score,0.6615384615,1
M39,train,cycle,206_1b1_Lr_sc_Meditron__4,wheeze_score,0.8894044857,1
M39,train,cycle,206_1b1_Lr_sc_Meditron__5,wheeze_score,0.8046407186,1
M39,train,cycle,206_1b1_Lr_sc_Meditron__6,wheeze_score,0.9248341931,1
M39,train,cycle,206_1b1_Lr_sc_Meditron__7,wheeze_score,0.7602574417,1
M39,train,cycle,206_1b1_Pl_sc_Meditron__0,wheeze_score,0.8829863604,1
M39,train,cycle,206_1b1_Pl_sc_Meditron__1,wheeze_score,0.8252202133,1
M39,train,cycle,206_1b1_Pl_sc_Meditron__2,wheeze_score,0.8772652389,1
M39,train,cycle,206_1b1_Pl_sc_Meditron__3,wheeze_score,0.8872393072,1
M39,train,cycle,206_1b1_Pl_sc_Meditron__4,wheeze_score,0.897556391,1
M39,train,cycle,206_1b1_Pl_sc_Meditron__5,wheeze_score,0.9344827586,1
M39,train,cycle,206_1b1_Pl_sc_Meditron__6,wheeze_score,0.9078014184,1
M39,train,cycle,206_1b1_Pl_sc_Meditron__7,wheeze_score,0.9423076923,1
M39,train,cycle,208_1b1_Ll_sc_Meditron__0,wheeze_score,0.905377808,0
M39,train,cycle,208_1b1_Ll_sc_Meditron__1,wheeze_score,0.5448717949,0
M39,train,cycle,208_1b1_Ll_sc_Meditron__2,wheeze_score,0.7930785869,0
M39,train,cycle,208_1b1_Ll_sc_Meditron__3,wheeze_score,0.8946608947,0
M39,train,cycle,208_1b1_Ll_sc_Meditron__4,wheeze_score,0.7751343054,0
M39,train,cycle,208_1b1_Ll_sc_Meditron__5,wheeze_score,0.8135444151,0
M39,train,cycle,208_1b1_Ll_sc_Meditron__6,wheeze_score,0.9619860357,0
M39,train,cycle,208_1b1_Ll_sc_Meditron__7,wheeze_score,0.9704918033,0
M39,train,cycle,208_1b1_Ll_sc_Meditron__8,wheeze_score,0.8323057953,0
M39,train,cycle,208_1b1_Ll_sc_Meditron__9,wheeze_score,0.8399366086,0
M39,train,cycle,208_1b1_Ll_sc_Meditron__10,wheeze_score,0.862170088,0
M39,train,cycle,208_1b1_Ll_sc_Meditron__11,wheeze_score,0.7137809187,0
M39,train,cycle,208_1b1_Ll_sc_Meditron__12,wheeze_score,0.8421052632,0
M39,train,cycle,209_1b1_Tc_sc_Meditron__0,wheeze_score,0.07249660172,0
M39,train,cycle,209_1b1_Tc_sc_Meditron__1,wheeze_score,0.274024024,0
M39,train,cycle,209_1b1_Tc_sc_Meditron__2,wheeze_score,0.2731646748,0
M39,train,cycle,209_1b1_Tc_sc_Meditron__3,wheeze_score,0.3220654778,0
M39,train,cycle,210_1b1_Al_sc_Meditron__0,wheeze_score,0.4198473282,0
M39,train,cycle,210_1b1_Al_sc_Meditron__1,wheeze_score,0.1631477927,0
M39,train,cycle,210_1b1_Al_sc_Meditron__2,wheeze_score,0.1165919283,0
M39,train,cycle,210_1b1_Al_sc_Meditron__3,wheeze_score,0.4123036649,0
M39,train,cycle,210_1b1_Al_sc_Meditron__4,wheeze_score,0.3500343171,0
M39,train,cycle,210_1b1_Al_sc_Meditron__5,wheeze_score,0.6132756133,0
M39,train,cycle,210_1b1_Al_sc_Meditron__6,wheeze_score,0.4446546831,0
M39,train,cycle,210_1b1_Al_sc_Meditron__7,wheeze_score,0.2954898911,0
M39,train,cycle,210_1b1_Al_sc_Meditron__8,wheeze_score,0.370994941,0
M39,train,cycle,210_1b1_Al_sc_Meditron__9,wheeze_score,0.4050632911,0
M39,train,cycle,210_1b1_Al_sc_Meditron__10,wheeze_score,0.5858421481,0
M39,train,cycle,210_1b1_Al_sc_Meditron__11,wheeze_score,0.5561277034,0
M39,train,cycle,210_1b1_Al_sc_Meditron__12,wheeze_score,0.4090419806,0
M39,train,cycle,210_1b1_Al_sc_Meditron__13,wheeze_score,0.550747443,0
M39,train,cycle,210_1b1_Al_sc_Meditron__14,wheeze_score,0.9017496635,0
M39,train,cycle,210_1b1_Al_sc_Meditron__15,wheeze_score,0.3615384615,0
M39,train,cycle,210_1b1_Al_sc_Meditron__16,wheeze_score,0.4181818182,0
M39,train,cycle,210_1b1_Al_sc_Meditron__17,wheeze_score,0,0
M39,train,cycle,210_1b1_Ar_sc_Meditron__0,wheeze_score,0.06464445549,0
M39,train,cycle,210_1b1_Ar_sc_Meditron__1,wheeze_score,0.2706766917,0
M39,train,cycle,210_1b1_Ar_sc_Meditron__2,wheeze_score,0.3953798312,0
M39,train,cycle,210_1b1_Ar_sc_Meditron__3,wheeze_score,0.4063957362,0
M39,train,cycle,210_1b1_Ar_sc_Meditron__4,wheeze_score,0.7008830022,0
M39,train,cycle,210_1b1_Ar_sc_Meditron__5,wheeze_score,0.3448275862,0
M39,train,cycle,210_1b1_Ar_sc_Meditron__6,wheeze_score,0.2067183463,0
M39,train,cycle,210_1b1_Ar_sc_Meditron__7,wheeze_score,0.278372591,0
M39,train,cycle,210_1b1_Ar_sc_Meditron__8,wheeze_score,0.2092871158,0
M39,train,cycle,210_1b1_Ar_sc_Meditron__9,wheeze_score,0.6090133983,0
M39,train,cycle,210_1b1_Ar_sc_Meditron__10,wheeze_score,0.306122449,0
M39,train,cycle,210_1b1_Ar_sc_Meditron__11,wheeze_score,0.5442729488,0
M39,train,cycle,210_1b1_Ar_sc_Meditron__12,wheeze_score,0,0
M39,train,cycle,212_2b2_Tc_mc_LittC2SE__0,wheeze_score,0.9579955785,0
M39,train,cycle,212_2b2_Tc_mc_LittC2SE__1,wheeze_score,0.9755411864,0
M39,train,cycle,212_2b2_Tc_mc_LittC2SE__2,wheeze_score,0.8520475561,0
M39,train,cycle,212_2b2_Tc_mc_LittC2SE__3,wheeze_score,0.9066808059,0
M39,train,cycle,212_2b2_Tc_mc_LittC2SE__4,wheeze_score,0.8538461538,0
M39,train,cycle,212_2b2_Tc_mc_LittC2SE__5,wheeze_score,0.6833333333,0
M39,train,cycle,212_2b2_Tc_mc_LittC2SE__6,wheeze_score,0.5555555556,0
M39,train,cycle,213_1p2_Al_mc_AKGC417L__0,wheeze_score,0.7986309184,0
M39,train,cycle,213_1p2_Al_mc_AKGC417L__1,wheeze_score,0.728828563,0
M39,train,cycle,213_1p2_Al_mc_AKGC417L__2,wheeze_score,0.8176100629,0
M39,train,cycle,213_1p2_Al_mc_AKGC417L__3,wheeze_score,0.7759155804,0
M39,train,cycle,213_1p2_Al_mc_AKGC417L__4,wheeze_score,0.7329317269,0
M39,train,cycle,213_1p2_Al_mc_AKGC417L__5,wheeze_score,0.615640599,0
M39,train,cycle,213_1p2_Ar_mc_AKGC417L__0,wheeze_score,0.7387335995,0
M39,train,cycle,213_1p2_Ar_mc_AKGC417L__1,wheeze_score,0.8704632635,0
M39,train,cycle,213_1p2_Ar_mc_AKGC417L__2,wheeze_score,0.71278826,0
M39,train,cycle,213_1p2_Ar_mc_AKGC417L__3,wheeze_score,0.6797020484,0
M39,train,cycle,213_1p2_Ar_mc_AKGC417L__4,wheeze_score,0.6860776439,0
M39,train,cycle,213_1p2_Ar_mc_AKGC417L__5,wheeze_score,0.7237936772,0
M39,train,cycle,213_1p2_Lr_mc_AKGC417L__0,wheeze_score,0.7644038791,0
M39,train,cycle,213_1p2_Lr_mc_AKGC417L__1,wheeze_score,0.6757155503,0
M39,train,cycle,213_1p2_Lr_mc_AKGC417L__2,wheeze_score,0.6139562743,0
M39,train,cycle,213_1p2_Lr_mc_AKGC417L__3,wheeze_score,0.4189944134,0
M39,train,cycle,213_1p2_Lr_mc_AKGC417L__4,wheeze_score,0.7228915663,0
M39,train,cycle,213_1p2_Lr_mc_AKGC417L__5,wheeze_score,0.7029950083,0
M39,train,cycle,213_1p2_Pl_mc_AKGC417L__0,wheeze_score,0.6674272675,0
M39,train,cycle,213_1p2_Pl_mc_AKGC417L__1,wheeze_score,0.6904691649,0
M39,train,cycle,213_1p2_Pl_mc_AKGC417L__2,wheeze_score,0.6858340821,0
M39,train,cycle,213_1p2_Pl_mc_AKGC417L__3,wheeze_score,0.8162631906,0
M39,train,cycle,213_1p2_Pl_mc_AKGC417L__4,wheeze_score,0.813253012,0
M39,train,cycle,213_1p2_Pl_mc_AKGC417L__5,wheeze_score,0.6239600666,0
M39,train,cycle,213_1p2_Pr_mc_AKGC417L__0,wheeze_score,0.8528237307,0
M39,train,cycle,213_1p2_Pr_mc_AKGC417L__1,wheeze_score,0.8380053113,0
M39,train,cycle,213_1p2_Pr_mc_AKGC417L__2,wheeze_score,0.5929919137,0
M39,train,cycle,213_1p2_Pr_mc_AKGC417L__3,wheeze_score,0.6238361266,0
M39,train,cycle,213_1p2_Pr_mc_AKGC417L__4,wheeze_score,0.7161981258,0
M39,train,cycle,213_1p2_Pr_mc_AKGC417L__5,wheeze_score,0.8569051581,0
M39,train,cycle,213_1p2_Tc_mc_AKGC417L__0,wheeze_score,0.3964632059,0
M39,train,cycle,213_1p2_Tc_mc_AKGC417L__1,wheeze_score,0.3806432576,0
M39,train,cycle,213_1p2_Tc_mc_AKGC417L__2,wheeze_score,0.4013177598,0
M39,train,cycle,213_1p2_Tc_mc_AKGC417L__3,wheeze_score,0.5741775295,0
M39,train,cycle,213_1p2_Tc_mc_AKGC417L__4,wheeze_score,0.4618473896,0
M39,train,cycle,213_1p2_Tc_mc_AKGC417L__5,wheeze_score,0.3036605657,0
M39,train,cycle,213_1p3_Al_mc_AKGC417L__0,wheeze_score,0.9192825112,0
M39,train,cycle,213_1p3_Al_mc_AKGC417L__1,wheeze_score,0.8250694169,0
M39,train,cycle,213_1p3_Al_mc_AKGC417L__2,wheeze_score,0.7787174066,0
M39,train,cycle,213_1p3_Al_mc_AKGC417L__3,wheeze_score,0.8119826567,0
M39,train,cycle,213_1p3_Al_mc_AKGC417L__4,wheeze_score,0.8462132921,0
M39,train,cycle,213_1p3_Al_mc_AKGC417L__5,wheeze_score,0.8199643494,0
M39,train,cycle,213_1p3_Al_mc_AKGC417L__6,wheeze_score,0.8064516129,0
M39,train,cycle,213_1p3_Ar_mc_AKGC417L__0,wheeze_score,0.8039718129,0
M39,train,cycle,213_1p3_Ar_mc_AKGC417L__1,wheeze_score,0.9480364935,0
M39,train,cycle,213_1p3_Ar_mc_AKGC417L__2,wheeze_score,0.8527131783,0
M39,train,cycle,213_1p3_Ar_mc_AKGC417L__3,wheeze_score,0.8986992511,0
M39,train,cycle,213_1p3_Ar_mc_AKGC417L__4,wheeze_score,0.7341576507,0
M39,train,cycle,213_1p3_Ar_mc_AKGC417L__5,wheeze_score,0.9019607843,0
M39,train,cycle,213_1p3_Ar_mc_AKGC417L__6,wheeze_score,0.9101382488,0
M39,train,cycle,213_1p3_Pl_mc_AKGC417L__0,wheeze_score,0.7174887892,0
M39,train,cycle,213_1p3_Pl_mc_AKGC417L__1,wheeze_score,0.7616025387,0
M39,train,cycle,213_1p3_Pl_mc_AKGC417L__2,wheeze_score,0.6835799859,0
M39,train,cycle,213_1p3_Pl_mc_AKGC417L__3,wheeze_score,0.8868742609,0
M39,train,cycle,213_1p3_Pl_mc_AKGC417L__4,wheeze_score,0.7689335394,0
M39,train,cycle,213_1p3_Pl_mc_AKGC417L__5,wheeze_score,0.8021390374,0
M39,train,cycle,213_1p3_Pl_mc_AKGC417L__6,wheeze_score,0.8525345622,0
M39,train,cycle,213_1p3_Pr_mc_AKGC417L__0,wheeze_score,0.7655349135,0
M39,train,cycle,213_1p3_Pr_mc_AKGC417L__1,wheeze_score,0.6386354621,0
M39,train,cycle,213_1p3_Pr_mc_AKGC417L__2,wheeze_score,0.7998590557,0
M39,train,cycle,213_1p3_Pr_mc_AKGC417L__3,wheeze_score,0.6070161608,0
M39,train,cycle,213_1p3_Pr_mc_AKGC417L__4,wheeze_score,0.6955177743,0
M39,train,cycle,213_1p3_Pr_mc_AKGC417L__5,wheeze_score,0.8128342246,0
M39,train,cycle,213_1p3_Pr_mc_AKGC417L__6,wheeze_score,0.668202765,0
M39,train,cycle,213_1p5_Al_mc_AKGC417L__0,wheeze_score,0.4673807205,0
M39,train,cycle,213_1p5_Al_mc_AKGC417L__1,wheeze_score,0.725841714,0
M39,train,cycle,213_1p5_Al_mc_AKGC417L__2,wheeze_score,0.9545454545,0
M39,train,cycle,213_1p5_Al_mc_AKGC417L__3,wheeze_score,0.8734804142,0
M39,train,cycle,213_1p5_Al_mc_AKGC417L__4,wheeze_score,0.683942226,0
M39,train,cycle,213_1p5_Al_mc_AKGC417L__5,wheeze_score,0.8942731278,0
M39,train,cycle,213_1p5_Ar_mc_AKGC417L__0,wheeze_score,0.6621226874,0
M39,train,cycle,213_1p5_Ar_mc_AKGC417L__1,wheeze_score,0.8307826847,0
M39,train,cycle,213_1p5_Ar_mc_AKGC417L__2,wheeze_score,0.5495867769,0
M39,train,cycle,213_1p5_Ar_mc_AKGC417L__3,wheeze_score,0.8779828906,0
M39,train,cycle,213_1p5_Ar_mc_AKGC417L__4,wheeze_score,0.8411214953,0
M39,train,cycle,213_1p5_Ar_mc_AKGC417L__5,wheeze_score,0.5814977974,0
M39,train,cycle,213_1p5_Pl_mc_AKGC417L__0,wheeze_score,0.7156767283,0
M39,train,cycle,213_1p5_Pl_mc_AKGC417L__1,wheeze_score,0.6646261478,0
M39,train,cycle,213_1p5_Pl_mc_AKGC417L__2,wheeze_score,0.8388429752,0
M39,train,cycle,213_1p5_Pl_mc_AKGC417L__3,wheeze_score,0.7924358397,0
M39,train,cycle,213_1p5_Pl_mc_AKGC417L__4,wheeze_score,0.9685641461,0
M39,train,cycle,213_1p5_Pl_mc_AKGC417L__5,wheeze_score,0.6960352423,0
M39,train,cycle,213_1p5_Pr_mc_AKGC417L__0,wheeze_score,0.9152872444,0
M39,train,cycle,213_1p5_Pr_mc_AKGC417L__1,wheeze_score,0.6952339309,0
M39,train,cycle,213_1p5_Pr_mc_AKGC417L__2,wheeze_score,0.8801652893,0
M39,train,cycle,213_1p5_Pr_mc_AKGC417L__3,wheeze_score,0.7609185052,0
M39,train,cycle,213_1p5_Pr_mc_AKGC417L__4,wheeze_score,0.7774001699,0
M39,train,cycle,213_1p5_Pr_mc_AKGC417L__5,wheeze_score,0.7400881057,0
M39,train,cycle,213_1p5_Tc_mc_AKGC417L__0,wheeze_score,0.1460564752,0
M39,train,cycle,213_1p5_Tc_mc_AKGC417L__1,wheeze_score,0.1355487538,0
M39,train,cycle,213_1p5_Tc_mc_AKGC417L__2,wheeze_score,0.09090909091,0
M39,train,cycle,213_1p5_Tc_mc_AKGC417L__3,wheeze_score,0.05402971634,0
M39,train,cycle,213_1p5_Tc_mc_AKGC417L__4,wheeze_score,0.1741716228,0
M39,train,cycle,213_1p5_Tc_mc_AKGC417L__5,wheeze_score,0.1057268722,0
M39,train,cycle,213_2p2_Al_mc_AKGC417L__0,wheeze_score,0.4474918802,0
M39,train,cycle,213_2p2_Al_mc_AKGC417L__1,wheeze_score,0.4413309982,0
M39,train,cycle,213_2p2_Al_mc_AKGC417L__2,wheeze_score,0.5578435043,0
M39,train,cycle,213_2p2_Al_mc_AKGC417L__3,wheeze_score,0.5094664372,0
M39,train,cycle,213_2p2_Al_mc_AKGC417L__4,wheeze_score,0.3642250101,0
M39,train,cycle,213_2p2_Al_mc_AKGC417L__5,wheeze_score,0.4317386231,0
M39,train,cycle,213_2p2_Al_mc_AKGC417L__6,wheeze_score,0.5568356375,0
M39,train,cycle,213_2p2_Ar_mc_AKGC417L__0,wheeze_score,0.6712378203,0
M39,train,cycle,213_2p2_Ar_mc_AKGC417L__1,wheeze_score,0.6935201401,0
M39,train,cycle,213_2p2_Ar_mc_AKGC417L__2,wheeze_score,0.6963684013,0
M39,train,cycle,213_2p2_Ar_mc_AKGC417L__3,wheeze_score,0.6196213425,0
M39,train,cycle,213_2p2_Ar_mc_AKGC417L__4,wheeze_score,0.7244030757,0
M39,train,cycle,213_2p2_Ar_mc_AKGC417L__5,wheeze_score,0.6651108518,0
M39,train,cycle,213_2p2_Ar_mc_AKGC417L__6,wheeze_score,0.8640552995,0
M39,train,cycle,213_2p2_Pl_mc_AKGC417L__0,wheeze_score,0.9238542043,0
M39,train,cycle,213_2p2_Pl_mc_AKGC417L__1,wheeze_score,0.826619965,0
M39,train,cycle,213_2p2_Pl_mc_AKGC417L__2,wheeze_score,0.8835642082,0
M39,train,cycle,213_2p2_Pl_mc_AKGC417L__3,wheeze_score,0.8158347676,0
M39,train,cycle,213_2p2_Pl_mc_AKGC417L__4,wheeze_score,0.9550789154,0
M39,train,cycle,213_2p2_Pl_mc_AKGC417L__5,wheeze_score,0.8945935434,0
M39,train,cycle,213_2p2_Pl_mc_AKGC417L__6,wheeze_score,0.8678955453,0
M39,train,cycle,213_2p2_Pr_mc_AKGC417L__0,wheeze_score,0.8552869,0
M39,train,cycle,213_2p2_Pr_mc_AKGC417L__1,wheeze_score,0.7845884413,0
M39,train,cycle,213_2p2_Pr_mc_AKGC417L__2,wheeze_score,0.8498689629,0
M39,train,cycle,213_2p2_Pr_mc_AKGC417L__3,wheeze_score,0.8158347676,0
M39,train,cycle,213_2p2_Pr_mc_AKGC417L__4,wheeze_score,0.8458114124,0
M39,train,cycle,213_2p2_Pr_mc_AKGC417L__5,wheeze_score,0.7817969662,0
M39,train,cycle,213_2p2_Pr_mc_AKGC417L__6,wheeze_score,0.6643625192,0
M39,train,cycle,213_2p2_Tc_mc_AKGC417L__0,wheeze_score,0.1587874414,0
M39,train,cycle,213_2p2_Tc_mc_AKGC417L__1,wheeze_score,0.2136602452,0
M39,train,cycle,213_2p2_Tc_mc_AKGC417L__2,wheeze_score,0.1834518907,0
M39,train,cycle,213_2p2_Tc_mc_AKGC417L__3,wheeze_score,0.2237521515,0
M39,train,cycle,213_2p2_Tc_mc_AKGC417L__4,wheeze_score,0.1537838932,0
M39,train,cycle,213_2p2_Tc_mc_AKGC417L__5,wheeze_score,0.1011279658,0
M39,train,cycle,213_2p2_Tc_mc_AKGC417L__6,wheeze_score,0.1497695853,0
M39,train,cycle,215_1b2_Ar_sc_Meditron__0,wheeze_score,0.819112628,0
M39,train,cycle,215_1b2_Ar_sc_Meditron__1,wheeze_score,0.8583333333,1
M39,train,cycle,215_1b2_Ar_sc_Meditron__2,wheeze_score,0.9424192212,1
M39,train,cycle,215_1b2_Ar_sc_Meditron__3,wheeze_score,0.9922972361,1
M39,train,cycle,215_1b2_Ar_sc_Meditron__4,wheeze_score,0.9262000423,1
M39,train,cycle,215_1b3_Tc_sc_Meditron__0,wheeze_score,0.05984440455,0
M39,train,cycle,215_1b3_Tc_sc_Meditron__1,wheeze_score,0.08778008778,0
M39,train,cycle,215_1b3_Tc_sc_Meditron__2,wheeze_score,0.08249721293,0
M39,train,cycle,215_1b3_Tc_sc_Meditron__3,wheeze_score,0.06735626654,0
M39,train,cycle,215_1b3_Tc_sc_Meditron__4,wheeze_score,0.1178411501,0
M39,train,cycle,215_1b3_Tc_sc_Meditron__5,wheeze_score,0,0
M39,train,cycle,217_1b1_Tc_sc_Meditron__0,wheeze_score,0.4085603113,0
M39,train,cycle,217_1b1_Tc_sc_Meditron__1,wheeze_score,0.5560882071,0
M39,train,cycle,217_1b1_Tc_sc_Meditron__2,wheeze_score,0.2471395881,0
M39,train,cycle,217_1b1_Tc_sc_Meditron__3,wheeze_score,0.4013065796,0
M39,train,cycle,217_1b1_Tc_sc_Meditron__4,wheeze_score,0.2673796791,0
M39,train,cycle,217_1b1_Tc_sc_Meditron__5,wheeze_score,0.4170661553,0
M39,train,cycle,217_1b1_Tc_sc_Meditron__6,wheeze_score,0.3613906679,0
M39,train,cycle,217_1b1_Tc_sc_Meditron__7,wheeze_score,0.4345726702,0
M39,train,cycle,217_1b1_Tc_sc_Meditron__8,wheeze_score,0.3111327175,0
M39,train,cycle,217_1b1_Tc_sc_Meditron__9,wheeze_score,0.5676483141,0
M39,train,cycle,217_1b1_Tc_sc_Meditron__10,wheeze_score,0,0
M39,train,cycle,218_1b1_Al_sc_Meditron__0,wheeze_score,0.7435335379,0
M39,train,cycle,218_1b1_Al_sc_Meditron__1,wheeze_score,0.7905760057,0
M39,train,cycle,218_1b1_Al_sc_Meditron__2,wheeze_score,0.6209077699,0
M39,train,cycle,218_1b1_Al_sc_Meditron__3,wheeze_score,0.6157760814,0
M39,train,cycle,218_1b1_Al_sc_Meditron__4,wheeze_score,0.3714622642,1
M39,train,cycle,218_1b1_Al_sc_Meditron__5,wheeze_score,0.7675159236,0
M39,train,cycle,218_1b1_Al_sc_Meditron__6,wheeze_score,0.8141009384,0
M39,train,cycle,218_1b1_Al_sc_Meditron__7,wheeze_score,0.6075669705,0
M39,train,cycle,218_1b1_Al_sc_Meditron__8,wheeze_score,0.5481860316,0
M39,train,cycle,218_1b1_Al_sc_Meditron__9,wheeze_score,0.5757271815,1
M39,train,cycle,218_1b1_Al_sc_Meditron__10,wheeze_score,0.5451907131,1
M39,train,cycle,218_1b1_Al_sc_Meditron__11,wheeze_score,0.451889365,1
M39,train,cycle,218_1b1_Al_sc_Meditron__12,wheeze_score,0.5993340733,1
M39,train,cycle,218_1b1_Al_sc_Meditron__13,wheeze_score,0.4992179247,0
M39,train,cycle,218_1b1_Al_sc_Meditron__14,wheeze_score,0.3452384786,1
M39,train,cycle,218_1b1_Ar_sc_Meditron__0,wheeze_score,0.8792079208,1
M39,train,cycle,218_1b1_Ar_sc_Meditron__1,wheeze_score,0.722481938,1
M39,train,cycle,218_1b1_Ar_sc_Meditron__2,wheeze_score,0.7934966,1
M39,train,cycle,218_1b1_Ar_sc_Meditron__3,wheeze_score,0.8751253761,0
M39,train,cycle,218_1b1_Ar_sc_Meditron__4,wheeze_score,0.7657521857,1
M39,train,cycle,218_1b1_Ar_sc_Meditron__5,wheeze_score,0.8171206226,1
M39,train,cycle,218_1b1_Ar_sc_Meditron__6,wheeze_score,0.7574152542,1
M39,train,cycle,218_1b1_Ar_sc_Meditron__7,wheeze_score,0.7812073204,1
M39,train,cycle,218_1b1_Ar_sc_Meditron__8,wheeze_score,0.8053691275,0
M39,train,cycle,218_1b1_Ar_sc_Meditron__9,wheeze_score,0.7216940363,0
M39,train,cycle,218_1b1_Ar_sc_Meditron__10,wheeze_score,0.6210098665,1
M39,train,cycle,218_1b1_Ar_sc_Meditron__11,wheeze_score,0.5839895013,1
M39,train,cycle,218_1b1_Ar_sc_Meditron__12,wheeze_score,0.3214218189,1
M39,train,cycle,218_1b1_Ar_sc_Meditron__13,wheeze_score,0.4404795093,1
M39,train,cycle,218_1b1_Ar_sc_Meditron__14,wheeze_score,0.5234775746,1
M39,train,cycle,218_1b1_Ar_sc_Meditron__15,wheeze_score,0.4956672444,0
M39,train,cycle,218_1b1_Lr_sc_Meditron__0,wheeze_score,0.8020352398,0
M39,train,cycle,218_1b1_Lr_sc_Meditron__1,wheeze_score,0.6845473503,0
M39,train,cycle,218_1b1_Lr_sc_Meditron__2,wheeze_score,0.5677419355,0
M39,train,cycle,218_1b1_Lr_sc_Meditron__3,wheeze_score,0.544033664,0
M39,train,cycle,218_1b1_Lr_sc_Meditron__4,wheeze_score,0.7297139521,0
M39,train,cycle,218_1b1_Lr_sc_Meditron__5,wheeze_score,0.6753878917,0
M39,train,cycle,218_1b1_Lr_sc_Meditron__6,wheeze_score,0.815437286,0
M39,train,cycle,218_1b1_Lr_sc_Meditron__7,wheeze_score,0.6936829559,0
M39,train,cycle,218_1b1_Lr_sc_Meditron__8,wheeze_score,0.697943817,0
M39,train,cycle,218_1b1_Lr_sc_Meditron__9,wheeze_score,0.5555555556,0
M39,train,cycle,218_1b1_Lr_sc_Meditron__10,wheeze_score,0.815018315,0
M39,train,cycle,218_1b1_Lr_sc_Meditron__11,wheeze_score,0.7514761138,0
M39,train,cycle,218_1b1_Lr_sc_Meditron__12,wheeze_score,0.6563421829,1
M39,train,cycle,218_1b1_Lr_sc_Meditron__13,wheeze_score,0.5830610706,1
M39,train,cycle,218_1b1_Lr_sc_Meditron__14,wheeze_score,0.7425742574,1
M39,train,cycle,218_1b1_Lr_sc_Meditron__15,wheeze_score,0.7688214951,1
M39,train,cycle,218_1b1_Lr_sc_Meditron__16,wheeze_score,0.5971061749,1
M39,train,cycle,218_1b1_Lr_sc_Meditron__17,wheeze_score,0.7671392503,1
M39,train,cycle,218_1b1_Lr_sc_Meditron__18,wheeze_score,0.7051456575,0
M39,train,cycle,218_1b1_Pl_sc_Meditron__0,wheeze_score,0.922839366,0
M39,train,cycle,218_1b1_Pl_sc_Meditron__1,wheeze_score,0.887778769,0
M39,train,cycle,218_1b1_Pl_sc_Meditron__2,wheeze_score,0.8067565864,0
M39,train,cycle,218_1b1_Pl_sc_Meditron__3,wheeze_score,0.8390015078,0
M39,train,cycle,218_1b1_Pl_sc_Meditron__4,wheeze_score,0.8641655886,0
M39,train,cycle,218_1b1_Pl_sc_Meditron__5,wheeze_score,0.8771929825,0
M39,train,cycle,218_1b1_Pl_sc_Meditron__6,wheeze_score,0.6990159484,0
M39,train,cycle,218_1b1_Pl_sc_Meditron__7,wheeze_score,0.8754665762,0
M39,train,cycle,218_1b1_Pl_sc_Meditron__8,wheeze_score,0.6777929155,0
M39,train,cycle,218_1b1_Pl_sc_Meditron__9,wheeze_score,0.8967460927,0
M39,train,cycle,218_1b1_Pl_sc_Meditron__10,wheeze_score,0.8227439156,1
M39,train,cycle,218_1b1_Pl_sc_Meditron__11,wheeze_score,0.8179468242,1
M39,train,cycle,218_1b1_Pl_sc_Meditron__12,wheeze_score,0.7292954265,1
M39,train,cycle,218_1b1_Pl_sc_Meditron__13,wheeze_score,0.8497723824,1
M39,train,cycle,218_1b1_Pl_sc_Meditron__14,wheeze_score,0.6845696676,1
M39,train,cycle,218_1b1_Pl_sc_Meditron__15,wheeze_score,0.6697266847,1
M39,train,cycle,218_1b1_Pl_sc_Meditron__16,wheeze_score,0.670678875,1
M39,train,cycle,218_1b1_Pl_sc_Meditron__17,wheeze_score,0.5805909165,0
M39,train,cycle,218_1b1_Pr_sc_Meditron__0,wheeze_score,0.9566668779,0
M39,train,cycle,218_1b1_Pr_sc_Meditron__1,wheeze_score,0.9098318707,1
M39,train,cycle,218_1b1_Pr_sc_Meditron__2,wheeze_score,0.9058551714,1
M39,train,cycle,218_1b1_Pr_sc_Meditron__3,wheeze_score,0.9171745774,1
M39,train,cycle,218_1b1_Pr_sc_Meditron__4,wheeze_score,0.9173596674,0
M39,train,cycle,218_1b1_Pr_sc_Meditron__5,wheeze_score,0.8925619835,1
M39,train,cycle,218_1b1_Pr_sc_Meditron__6,wheeze_score,0.8382815229,1
M39,train,cycle,218_1b1_Pr_sc_Meditron__7,wheeze_score,0.7581348541,0
M39,train,cycle,218_1b1_Pr_sc_Meditron__8,wheeze_score,0.9387351779,1
M39,train,cycle,218_1b1_Pr_sc_Meditron__9,wheeze_score,0.8638743455,1
M39,train,cycle,218_1b1_Pr_sc_Meditron__10,wheeze_score,0.8427436219,1
M39,train,cycle,218_1b1_Pr_sc_Meditron__11,wheeze_score,0.7996909407,1
M39,train,cycle,218_1b1_Pr_sc_Meditron__12,wheeze_score,0.8954071787,1
M39,train,cycle,218_1b1_Pr_sc_Meditron__13,wheeze_score,0.8752860412,1
M39,train,cycle,218_1b1_Pr_sc_Meditron__14,wheeze_score,0.7329958177,1
M39,train,cycle,218_1b1_Pr_sc_Meditron__15,wheeze_score,0.7452123231,1
M39,train,cycle,218_1b1_Pr_sc_Meditron__16,wheeze_score,0.5994442239,0
M39,train,cycle,218_1b1_Pr_sc_Meditron__17,wheeze_score,0.5696798493,0
M39,train,cycle,218_1p1_Ar_sc_Litt3200__0,wheeze_score,0.9205005588,0
M39,train,cycle,218_1p1_Ar_sc_Litt3200__1,wheeze_score,0.8253621208,0
M39,train,cycle,218_1p1_Ar_sc_Litt3200__2,wheeze_score,0.7863395035,0
M39,train,cycle,218_1p1_Ar_sc_Litt3200__3,wheeze_score,0.5810338127,1
M39,train,cycle,218_1p1_Ar_sc_Litt3200__4,wheeze_score,0.5558165023,1
M39,train,cycle,218_1p1_Ar_sc_Litt3200__5,wheeze_score,0.5172992946,1
M39,train,cycle,218_1p1_Pl_sc_Litt3200__0,wheeze_score,0.7674969658,0
M39,train,cycle,218_1p1_Pl_sc_Litt3200__1,wheeze_score,0.8878787879,0
M39,train,cycle,218_1p1_Pl_sc_Litt3200__2,wheeze_score,0.7691243602,0
M39,train,cycle,218_1p1_Pl_sc_Litt3200__3,wheeze_score,0.4557940787,0
M39,train,cycle,218_1p1_Pl_sc_Litt3200__4,wheeze_score,0.8468424873,1
M39,train,cycle,218_1p1_Pl_sc_Litt3200__5,wheeze_score,0.7618675523,1
M39,train,cycle,218_1p1_Pl_sc_Litt3200__6,wheeze_score,0.6665352002,1
M39,train,cycle,218_1p1_Pl_sc_Litt3200__7,wheeze_score,0.6944703035,1
M39,train,cycle,218_1p1_Pr_sc_Litt3200__0,wheeze_score,0.9223244439,0
M39,train,cycle,218_1p1_Pr_sc_Litt3200__1,wheeze_score,0.9229865801,0
M39,train,cycle,218_1p1_Pr_sc_Litt3200__2,wheeze_score,0.8261747172,0
M39,train,cycle,218_1p1_Pr_sc_Litt3200__3,wheeze_score,0.7626912801,1
M39,train,cycle,218_1p1_Pr_sc_Litt3200__4,wheeze_score,0.6252473288,1
M39,train,cycle,218_1p1_Pr_sc_Litt3200__5,wheeze_score,0.8172392763,1
M39,train,cycle,218_1p1_Pr_sc_Litt3200__6,wheeze_score,0.775862069,1
M39,train,cycle,219_2b1_Ar_mc_LittC2SE__0,wheeze_score,0.7604306864,0
M39,train,cycle,219_2b1_Ar_mc_LittC2SE__1,wheeze_score,0.763536379,0
M39,train,cycle,219_2b1_Ar_mc_LittC2SE__2,wheeze_score,0.7642815364,0
M39,train,cycle,219_2b1_Ar_mc_LittC2SE__3,wheeze_score,0.9368421053,0
M39,train,cycle,219_2b1_Ar_mc_LittC2SE__4,wheeze_score,0.6854256854,0
M39,train,cycle,219_2b1_Tc_mc_LittC2SE__0,wheeze_score,0.978125,0
M39,train,cycle,219_2b1_Tc_mc_LittC2SE__1,wheeze_score,0.98,0
M39,train,cycle,219_2b1_Tc_mc_LittC2SE__2,wheeze_score,0.985889683,0
M39,train,cycle,219_2b1_Tc_mc_LittC2SE__3,wheeze_score,0.9339027107,0
M39,train,cycle,219_2b1_Tc_mc_LittC2SE__4,wheeze_score,0.9428571429,0
M39,train,cycle,219_2b2_Ar_mc_LittC2SE__0,wheeze_score,0.8165645961,0
M39,train,cycle,219_2b2_Ar_mc_LittC2SE__1,wheeze_score,0.7021369385,0
M39,train,cycle,219_2b2_Ar_mc_LittC2SE__2,wheeze_score,0.7846715328,0
M39,train,cycle,219_2b2_Ar_mc_LittC2SE__3,wheeze_score,0.8435897436,0
M39,train,cycle,219_2b2_Ar_mc_LittC2SE__4,wheeze_score,0.788565796,0
M39,train,cycle,219_2b2_Tc_mc_LittC2SE__0,wheeze_score,0.966469428,0
M39,train,cycle,219_2b2_Tc_mc_LittC2SE__1,wheeze_score,0.9571428571,0
M39,train,cycle,219_2b2_Tc_mc_LittC2SE__2,wheeze_score,0.9366225431,0
M39,train,cycle,219_2b2_Tc_mc_LittC2SE__3,wheeze_score,0.920754717,0
M39,train,cycle,219_2b2_Tc_mc_LittC2SE__4,wheeze_score,0.9481699828,0
M39,train,cycle,219_2b2_Tc_mc_LittC2SE__5,wheeze_score,0.583090379,0
M39,train,cycle,219_2b3_Tc_mc_LittC2SE__0,wheeze_score,0.9121621622,0
M39,train,cycle,219_2b3_Tc_mc_LittC2SE__1,wheeze_score,0.9640130862,0
M39,train,cycle,219_2b3_Tc_mc_LittC2SE__2,wheeze_score,0.954,0
M39,train,cycle,219_2b3_Tc_mc_LittC2SE__3,wheeze_score,0.9592379265,0
M39,train,cycle,219_2b3_Tc_mc_LittC2SE__4,wheeze_score,0.9359077501,0
M39,train,cycle,220_1b1_Tc_mc_LittC2SE__0,wheeze_score,0.2649006623,0
M39,train,cycle,220_1b1_Tc_mc_LittC2SE__1,wheeze_score,0.196458218,0
M39,train,cycle,220_1b1_Tc_mc_LittC2SE__2,wheeze_score,0.1878787879,0
M39,train,cycle,220_1b1_Tc_mc_LittC2SE__3,wheeze_score,0.2362893816,0
M39,train,cycle,220_1b1_Tc_mc_LittC2SE__4,wheeze_score,0.196969697,0
M39,train,cycle,220_1b1_Tc_mc_LittC2SE__5,wheeze_score,0.07777445408,0
M39,train,cycle,220_1b1_Tc_mc_LittC2SE__6,wheeze_score,0.493107105,0
M39,train,cycle,220_1b2_Al_mc_LittC2SE__0,wheeze_score,0.3,0
M39,train,cycle,220_1b2_Al_mc_LittC2SE__1,wheeze_score,0.647334505,0
M39,train,cycle,220_1b2_Al_mc_LittC2SE__2,wheeze_score,0.5407029138,0
M39,train,cycle,220_1b2_Al_mc_LittC2SE__3,wheeze_score,0.6854130053,0
M39,train,cycle,220_1b2_Al_mc_LittC2SE__4,wheeze_score,0.7295373665,0
M39,train,cycle,220_1b2_Al_mc_LittC2SE__5,wheeze_score,0.645067978,0
M39,train,cycle,220_1b2_Al_mc_LittC2SE__6,wheeze_score,0.5392620624,0
M39,train,cycle,221_2b1_Al_mc_LittC2SE__0,wheeze_score,0.6516853933,1
M39,train,cycle,221_2b1_Al_mc_LittC2SE__1,wheeze_score,0.5736224029,1
M39,train,cycle,221_2b1_Al_mc_LittC2SE__2,wheeze_score,0.592341444,1
M39,train,cycle,221_2b1_Al_mc_LittC2SE__3,wheeze_score,0.3181917928,1
M39,train,cycle,221_2b1_Al_mc_LittC2SE__4,wheeze_score,0.2673232501,1
M39,train,cycle,221_2b1_Ar_mc_LittC2SE__0,wheeze_score,0.6522430799,1
M39,train,cycle,221_2b1_Ar_mc_LittC2SE__1,wheeze_score,0.9230769231,1
M39,train,cycle,221_2b1_Ar_mc_LittC2SE__2,wheeze_score,0.8441424748,1
M39,train,cycle,221_2b1_Ar_mc_LittC2SE__3,wheeze_score,0.7540628386,1
M39,train,cycle,221_2b1_Ar_mc_LittC2SE__4,wheeze_score,0.6859971711,1
M39,train,cycle,221_2b1_Lr_mc_LittC2SE__0,wheeze_score,0.6711409396,1
M39,train,cycle,221_2b1_Lr_mc_LittC2SE__1,wheeze_score,0.5600525049,1
M39,train,cycle,221_2b1_Lr_mc_LittC2SE__2,wheeze_score,0.3489594282,1
M39,train,cycle,221_2b1_Lr_mc_LittC2SE__3,wheeze_score,0.4489361702,1
M39,train,cycle,221_2b1_Lr_mc_LittC2SE__4,wheeze_score,0.6024531025,1
M39,train,cycle,221_2b1_Pl_mc_LittC2SE__0,wheeze_score,0.6767910201,1
M39,train,cycle,221_2b1_Pl_mc_LittC2SE__1,wheeze_score,0.6846925425,1
M39,train,cycle,221_2b1_Pl_mc_LittC2SE__2,wheeze_score,0.4945054945,1
M39,train,cycle,221_2b1_Pl_mc_LittC2SE__3,wheeze_score,0.5338945503,1
M39,train,cycle,221_2b1_Pl_mc_LittC2SE__4,wheeze_score,0.3622933521,1
M39,train,cycle,221_2b2_Al_mc_LittC2SE__0,wheeze_score,0.5783866058,1
M39,train,cycle,221_2b2_Al_mc_LittC2SE__1,wheeze_score,0.4029912754,1
M39,train,cycle,221_2b2_Al_mc_LittC2SE__2,wheeze_score,0.5349988216,1
M39,train,cycle,221_2b2_Al_mc_LittC2SE__3,wheeze_score,0.4879664385,1
M39,train,cycle,221_2b2_Al_mc_LittC2SE__4,wheeze_score,0.4896710023,1
M39,train,cycle,221_2b2_Al_mc_LittC2SE__5,wheeze_score,0.2118644068,0
M39,train,cycle,221_2b2_Ar_mc_LittC2SE__0,wheeze_score,0.700152207,0
M39,train,cycle,221_2b2_Ar_mc_LittC2SE__1,wheeze_score,0.5671515918,1
M39,train,cycle,221_2b2_Ar_mc_LittC2SE__2,wheeze_score,0.7094357293,1
M39,train,cycle,221_2b2_Ar_mc_LittC2SE__3,wheeze_score,0.7929125138,1
M39,train,cycle,221_2b2_Ar_mc_LittC2SE__4,wheeze_score,0.8447444552,1
M39,train,cycle,221_2b2_Ar_mc_LittC2SE__5,wheeze_score,0.6019417476,1
M39,train,cycle,221_2b2_Lr_mc_LittC2SE__0,wheeze_score,0.7608695652,0
M39,train,cycle,221_2b2_Lr_mc_LittC2SE__1,wheeze_score,0.548331166,1
M39,train,cycle,221_2b2_Lr_mc_LittC2SE__2,wheeze_score,0.4496124031,1
M39,train,cycle,221_2b2_Lr_mc_LittC2SE__3,wheeze_score,0.3568181818,1
M39,train,cycle,221_2b2_Lr_mc_LittC2SE__4,wheeze_score,0.5314297045,1
M39,train,cycle,221_2b2_Pl_mc_LittC2SE__0,wheeze_score,0.566318927,1
M39,train,cycle,221_2b2_Pl_mc_LittC2SE__1,wheeze_score,0.6008672311,1
M39,train,cycle,221_2b2_Pl_mc_LittC2SE__2,wheeze_score,0.5170441547,1
M39,train,cycle,221_2b2_Pl_mc_LittC2SE__3,wheeze_score,0.5409090909,1
M39,train,cycle,221_2b2_Pl_mc_LittC2SE__4,wheeze_score,0.6711538462,1
M39,train,cycle,221_2b2_Pl_mc_LittC2SE__5,wheeze_score,0.3909465021,0
M39,train,cycle,221_2b3_Al_mc_LittC2SE__0,wheeze_score,0.2144012945,1
M39,train,cycle,221_2b3_Al_mc_LittC2SE__1,wheeze_score,0.4895931883,1
M39,train,cycle,221_2b3_Al_mc_LittC2SE__2,wheeze_score,0.4014823965,1
M39,train,cycle,221_2b3_Al_mc_LittC2SE__3,wheeze_score,0.425821505,1
M39,train,cycle,221_2b3_Al_mc_LittC2SE__4,wheeze_score,0.5101088647,1
M39,train,cycle,221_2b3_Ar_mc_LittC2SE__0,wheeze_score,0.855505526,1
M39,train,cycle,221_2b3_Ar_mc_LittC2SE__1,wheeze_score,0.8223833258,1
M39,train,cycle,221_2b3_Ar_mc_LittC2SE__2,wheeze_score,0.7323395982,1
M39,train,cycle,221_2b3_Ar_mc_LittC2SE__3,wheeze_score,0.9235294118,1
M39,train,cycle,221_2b3_Ar_mc_LittC2SE__4,wheeze_score,0.6360316494,1
M39,train,cycle,221_2b3_Lr_mc_LittC2SE__0,wheeze_score,0.5419303797,1
M39,train,cycle,221_2b3_Lr_mc_LittC2SE__1,wheeze_score,0.3594080338,1
M39,train,cycle,221_2b3_Lr_mc_LittC2SE__2,wheeze_score,0.5832449629,1
M39,train,cycle,221_2b3_Lr_mc_LittC2SE__3,wheeze_score,0.5054080629,1
M39,train,cycle,221_2b3_Lr_mc_LittC2SE__4,wheeze_score,0.6074622263,1
M39,train,cycle,221_2b3_Pr_mc_LittC2SE__0,wheeze_score,0.3057090239,1
M39,train,cycle,221_2b3_Pr_mc_LittC2SE__1,wheeze_score,0.374619527,1
M39,train,cycle,221_2b3_Pr_mc_LittC2SE__2,wheeze_score,0.2943741823,1
M39,train,cycle,221_2b3_Pr_mc_LittC2SE__3,wheeze_score,0.4849432929,1
M39,train,cycle,221_2b3_Pr_mc_LittC2SE__4,wheeze_score,0.4604853765,1
M39,train,cycle,222_1b1_Ar_sc_Meditron__0,wheeze_score,0.7373694528,0
M39,train,cycle,222_1b1_Ar_sc_Meditron__1,wheeze_score,0.8454564622,0
M39,train,cycle,222_1b1_Ar_sc_Meditron__2,wheeze_score,0.9360189573,0
M39,train,cycle,222_1b1_Ar_sc_Meditron__3,wheeze_score,0.8725945587,0
M39,train,cycle,222_1b1_Ar_sc_Meditron__4,wheeze_score,0.7056579784,0
M39,train,cycle,222_1b1_Ar_sc_Meditron__5,wheeze_score,0.7527272727,0
M39,train,cycle,222_1b1_Ar_sc_Meditron__6,wheeze_score,0.8030734911,0
M39,train,cycle,222_1b1_Ar_sc_Meditron__7,wheeze_score,0.8559550012,0
M39,train,cycle,222_1b1_Ar_sc_Meditron__8,wheeze_score,0.8672153298,0
M39,train,cycle,222_1b1_Ar_sc_Meditron__9,wheeze_score,0.7007419621,0
M39,train,cycle,222_1b1_Lr_sc_Meditron__0,wheeze_score,0.8071001975,0
M39,train,cycle,222_1b1_Lr_sc_Meditron__1,wheeze_score,0.8139851356,0
M39,train,cycle,222_1b1_Lr_sc_Meditron__2,wheeze_score,0.7223979155,0
M39,train,cycle,222_1b1_Lr_sc_Meditron__3,wheeze_score,0.8981092437,0
M39,train,cycle,222_1b1_Lr_sc_Meditron__4,wheeze_score,0.9224091156,0
M39,train,cycle,222_1b1_Lr_sc_Meditron__5,wheeze_score,0.8957018335,0
M39,train,cycle,222_1b1_Lr_sc_Meditron__6,wheeze_score,0.8886971527,0
M39,train,cycle,222_1b1_Lr_sc_Meditron__7,wheeze_score,0.8355091384,0
M39,train,cycle,222_1b1_Lr_sc_Meditron__8,wheeze_score,0.9191000479,0
M39,train,cycle,222_1b1_Lr_sc_Meditron__9,wheeze_score,0.833096389,0
M39,train,cycle,222_1b1_Lr_sc_Meditron__10,wheeze_score,0.8135679674,0
M39,train,cycle,222_1b1_Lr_sc_Meditron__11,wheeze_score,0.7726180945,0
M39,train,cycle,222_1b1_Lr_sc_Meditron__12,wheeze_score,0.6405124099,0
M39,train,cycle,222_1b1_Lr_sc_Meditron__13,wheeze_score,0.8733055266,0
M39,train,cycle,222_1b1_Lr_sc_Meditron__14,wheeze_score,0.88794926,0
M39,train,cycle,222_1b1_Lr_sc_Meditron__15,wheeze_score,0.8960573477,0
M39,train,cycle,222_1b1_Lr_sc_Meditron__16,wheeze_score,0.9090909091,0
M39,train,cycle,222_1b1_Lr_sc_Meditron__17,wheeze_score,0.9065656566,0
M39,train,cycle,222_1b1_Lr_sc_Meditron__18,wheeze_score,0.9049680478,0
M39,train,cycle,222_1b1_Lr_sc_Meditron__19,wheeze_score,0.9153661465,0
M39,train,cycle,222_1b1_Pr_sc_Meditron__0,wheeze_score,0.8860713375,0
M39,train,cycle,222_1b1_Pr_sc_Meditron__1,wheeze_score,0.7913953318,0
M39,train,cycle,222_1b1_Pr_sc_Meditron__2,wheeze_score,0.8177780832,0
M39,train,cycle,222_1b1_Pr_sc_Meditron__3,wheeze_score,0.8728408673,0
M39,train,cycle,222_1b1_Pr_sc_Meditron__4,wheeze_score,0.8422512881,0
M39,train,cycle,222_1b1_Pr_sc_Meditron__5,wheeze_score,0.8975918268,0
M39,train,cycle,222_1b1_Pr_sc_Meditron__6,wheeze_score,0.7330264672,0
M39,train,cycle,222_1b1_Pr_sc_Meditron__7,wheeze_score,0.7514293493,1
M39,train,cycle,222_1b1_Pr_sc_Meditron__8,wheeze_score,0.7623576884,1
M39,train,cycle,222_1b1_Pr_sc_Meditron__9,wheeze_score,0.5585264409,1
M39,train,cycle,222_1b1_Pr_sc_Meditron__10,wheeze_score,0.5023835717,1
M39,train,cycle,222_1b1_Pr_sc_Meditron__11,wheeze_score,0.784597568,1
M39,train,cycle,222_1b1_Pr_sc_Meditron__12,wheeze_score,0.7130124777,1
M39,train,cycle,222_1b1_Pr_sc_Meditron__13,wheeze_score,0.7924604783,1
M39,train,cycle,222_1b1_Pr_sc_Meditron__14,wheeze_score,0.5575868373,1
M39,train,cycle,226_1b1_Al_sc_Meditron__0,wheeze_score,0.8777429467,0
M39,train,cycle,226_1b1_Al_sc_Meditron__1,wheeze_score,0.5198938992,0
M39,train,cycle,226_1b1_Al_sc_Meditron__2,wheeze_score,0.6465726787,0
M39,train,cycle,226_1b1_Al_sc_Meditron__3,wheeze_score,0.5535872453,0
M39,train,cycle,226_1b1_Al_sc_Meditron__4,wheeze_score,0.5563282337,0
M39,train,cycle,226_1b1_Al_sc_Meditron__5,wheeze_score,0.5590666018,0
M39,train,cycle,226_1b1_Al_sc_Meditron__6,wheeze_score,0.5272981801,0
M39,train,cycle,226_1b1_Al_sc_Meditron__7,wheeze_score,0.7085617883,0
M39,train,cycle,226_1b1_Al_sc_Meditron__8,wheeze_score,0.7708333333,0
M39,train,cycle,226_1b1_Al_sc_Meditron__9,wheeze_score,0.4646952323,0
M39,train,cycle,226_1b1_Ll_sc_Meditron__0,wheeze_score,0.6,0
M39,train,cycle,226_1b1_Ll_sc_Meditron__1,wheeze_score,0.3715670436,0
M39,train,cycle,226_1b1_Ll_sc_Meditron__2,wheeze_score,0.4483324221,0
M39,train,cycle,226_1b1_Ll_sc_Meditron__3,wheeze_score,0.3423607563,0
M39,train,cycle,226_1b1_Ll_sc_Meditron__4,wheeze_score,0.635551142,0
M39,train,cycle,226_1b1_Ll_sc_Meditron__5,wheeze_score,0.4386422977,0
M39,train,cycle,226_1b1_Ll_sc_Meditron__6,wheeze_score,0.7914764079,0
M39,train,cycle,226_1b1_Ll_sc_Meditron__7,wheeze_score,0.7318181818,0
M39,train,cycle,226_1b1_Ll_sc_Meditron__8,wheeze_score,0.4716981132,0
M39,train,cycle,226_1b1_Ll_sc_Meditron__9,wheeze_score,0.609264854,0
