model_id,split,unit_type,unit_id,score_name,score,label
M39,test,cycle,101_1b1_Al_sc_Meditron__0,crackle_score,0.9162984746,0
M39,test,cycle,101_1b1_Al_sc_Meditron__1,crackle_score,1,0
M39,test,cycle,101_1b1_Al_sc_Meditron__2,crackle_score,1,0
M39,test,cycle,101_1b1_Al_sc_Meditron__3,crackle_score,1,0
M39,test,cycle,101_1b1_Al_sc_Meditron__4,crackle_score,1,0
M39,test,cycle,101_1b1_Al_sc_Meditron__5,crackle_score,1,0
M39,test,cycle,101_1b1_Al_sc_Meditron__6,crackle_score,1,0
M39,test,cycle,101_1b1_Al_sc_Meditron__7,crackle_score,1,0
M39,test,cycle,101_1b1_Al_sc_Meditron__8,crackle_score,0.9580594473,0
M39,test,cycle,101_1b1_Al_sc_Meditron__9,crackle_score,0.9806310338,0
M39,test,cycle,101_1b1_Al_sc_Meditron__10,crackle_score,0.9794362008,0
M39,test,cycle,101_1b1_Al_sc_Meditron__11,crackle_score,0.8754854997,0
M39,test,cycle,101_1b1_Pr_sc_Meditron__0,crackle_score,0.6929367287,0
M39,test,cycle,101_1b1_Pr_sc_Meditron__1,crackle_score,0.6393788763,0
M39,test,cycle,101_1b1_Pr_sc_Meditron__2,crackle_score,0.7436250273,0
M39,test,cycle,101_1b1_Pr_sc_Meditron__3,crackle_score,0.7361266485,0
M39,test,cycle,101_1b1_Pr_sc_Meditron__4,crackle_score,0.5413867582,0
M39,test,cycle,101_1b1_Pr_sc_Meditron__5,crackle_score,0.530193252,0
M39,test,cycle,101_1b1_Pr_sc_Meditron__6,crackle_score,0.5201104491,0
M39,test,cycle,101_1b1_Pr_sc_Meditron__7,crackle_score,0.3141766405,0
M39,test,cycle,101_1b1_Pr_sc_Meditron__8,crackle_score,0.3636013427,0
M39,test,cycle,101_1b1_Pr_sc_Meditron__9,crackle_score,0.7806855194,0
M39,test,cycle,101_1b1_Pr_sc_Meditron__10,crackle_score,0.5277234765,0
M39,test,cycle,102_1b1_Ar_sc_Meditron__0,crackle_score,0.8476076688,0
M39,test,cycle,102_1b1_Ar_sc_Meditron__1,crackle_score,0.6481388435,0
M39,test,cycle,102_1b1_Ar_sc_Meditron__2,crackle_score,0.6978463142,0
M39,test,cycle,102_1b1_Ar_sc_Meditron__3,crackle_score,0.7576502016,0
M39,test,cycle,102_1b1_Ar_sc_Meditron__4,crackle_score,0.6661891459,0
M39,test,cycle,102_1b1_Ar_sc_Meditron__5,crackle_score,0.7319083302,0
M39,test,cycle,102_1b1_Ar_sc_Meditron__6,crackle_score,0.6669899073,0
M39,test,cycle,102_1b1_Ar_sc_Meditron__7,crackle_score,0.7785963046,0
M39,test,cycle,102_1b1_Ar_sc_Meditron__8,crackle_score,0.906640785,0
M39,test,cycle,102_1b1_Ar_sc_Meditron__9,crackle_score,0.6163535857,0
M39,test,cycle,102_1b1_Ar_sc_Meditron__10,crackle_score,0.6386213055,0
M39,test,cycle,102_1b1_Ar_sc_Meditron__11,crackle_score,0.6813821038,0
M39,test,cycle,102_1b1_Ar_sc_Meditron__12,crackle_score,0.05487841558,0
M39,test,cycle,104_1b1_Al_sc_Litt3200__0,crackle_score,0.7663736556,0
M39,test,cycle,104_1b1_Al_sc_Litt3200__1,crackle_score,0.8728982853,0
M39,test,cycle,104_1b1_Al_sc_Litt3200__2,crackle_score,0.8187674326,0
M39,test,cycle,104_1b1_Al_sc_Litt3200__3,crackle_score,0.7333041703,0
M39,test,cycle,104_1b1_Al_sc_Litt3200__4,crackle_score,0.9124359345,0
M39,test,cycle,104_1b1_Al_sc_Litt3200__5,crackle_score,0.8705991353,0
M39,test,cycle,104_1b1_Ar_sc_Litt3200__0,crackle_score,0.5660207971,0
M39,test,cycle,104_1b1_Ar_sc_Litt3200__1,crackle_score,1,0
M39,test,cycle,104_1b1_Ar_sc_Litt3200__2,crackle_score,0.9427356402,0
M39,test,cycle,104_1b1_Ar_sc_Litt3200__3,crackle_score,0.7134028869,0
M39,test,cycle,104_1b1_Ar_sc_Litt3200__4,crackle_score,0.7335236118,0
M39,test,cycle,104_1b1_Ar_sc_Litt3200__5,crackle_score,0.7286367534,0
M39,test,cycle,104_1b1_Ar_sc_Litt3200__6,crackle_score,0.7063679245,0
M39,test,cycle,104_1b1_Ar_sc_Litt3200__7,crackle_score,0.723880597,0
M39,test,cycle,104_1b1_Ar_sc_Litt3200__8,crackle_score,0.639275766,0
M39,test,cycle,104_1b1_Ar_sc_Litt3200__9,crackle_score,0.69896538,0
M39,test,cycle,104_1b1_Ar_sc_Litt3200__10,crackle_score,0.7562131539,0
M39,test,cycle,104_1b1_Ar_sc_Litt3200__11,crackle_score,0.8209488458,0
M39,test,cycle,104_1b1_Ar_sc_Litt3200__12,crackle_score,0.8506045659,0
M39,test,cycle,104_1b1_Ar_sc_Litt3200__13,crackle_score,0.7559436127,0
M39,test,cycle,104_1b1_Ll_sc_Litt3200__0,crackle_score,0.9032529068,0
M39,test,cycle,104_1b1_Ll_sc_Litt3200__1,crackle_score,0.9497949464,0
M39,test,cycle,104_1b1_Ll_sc_Litt3200__2,crackle_score,0.9472217736,0
M39,test,cycle,104_1b1_Ll_sc_Litt3200__3,crackle_score,0.8534089236,0
M39,test,cycle,104_1b1_Ll_sc_Litt3200__4,crackle_score,0.7548391533,1
M39,test,cycle,104_1b1_Ll_sc_Litt3200__5,crackle_score,0.8440860215,0
M39,test,cycle,104_1b1_Ll_sc_Litt3200__6,crackle_score,0.4630619025,0
M39,test,cycle,104_1b1_Lr_sc_Litt3200__0,crackle_score,0.9762817289,0
M39,test,cycle,104_1b1_Lr_sc_Litt3200__1,crackle_score,1,0
M39,test,cycle,104_1b1_Lr_sc_Litt3200__2,crackle_score,0.8927272642,0
M39,test,cycle,104_1b1_Lr_sc_Litt3200__3,crackle_score,1,0
M39,test,cycle,104_1b1_Lr_sc_Litt3200__4,crackle_score,0.879410904,0
M39,test,cycle,104_1b1_Pl_sc_Litt3200__0,crackle_score,1,0
M39,test,cycle,104_1b1_Pl_sc_Litt3200__1,crackle_score,0.9454915399,0
M39,test,cycle,104_1b1_Pl_sc_Litt3200__2,crackle_score,0.7925374814,0
M39,test,cycle,104_1b1_Pl_sc_Litt3200__3,crackle_score,0.9669695201,0
M39,test,cycle,104_1b1_Pl_sc_Litt3200__4,crackle_score,1,0
M39,test,cycle,104_1b1_Pl_sc_Litt3200__5,crackle_score,0.7212312185,0
M39,test,cycle,104_1b1_Pl_sc_Litt3200__6,crackle_score,0.7659574468,0
M39,test,cycle,104_1b1_Pl_sc_Litt3200__7,crackle_score,0.9475642391,0
M39,test,cycle,104_1b1_Pl_sc_Litt3200__8,crackle_score,0.637090461,0
M39,test,cycle,104_1b1_Pl_sc_Litt3200__9,crackle_score,0.4026367463,0
M39,test,cycle,104_1b1_Pl_sc_Litt3200__10,crackle_score,0.6869547154,0
M39,test,cycle,104_1b1_Pl_sc_Litt3200__11,crackle_score,0.4419591346,0
M39,test,cycle,104_1b1_Pl_sc_Litt3200__12,crackle_score,0.4600744942,0
M39,test,cycle,104_1b1_Pr_sc_Litt3200__0,crackle_score,0.7249763976,0
M39,test,cycle,104_1b1_Pr_sc_Litt3200__1,crackle_score,1,0
M39,test,cycle,104_1b1_Pr_sc_Litt3200__2,crackle_score,0.6058817301,0
M39,test,cycle,104_1b1_Pr_sc_Litt3200__3,crackle_score,0.6718869366,0
M39,test,cycle,104_1b1_Pr_sc_Litt3200__4,crackle_score,0.7740977615,0
M39,test,cycle,104_1b1_Pr_sc_Litt3200__5,crackle_score,0.3928840925,0
M39,test,cycle,104_1b1_Pr_sc_Litt3200__6,crackle_score,0.8605850993,0
M39,test,cycle,104_1b1_Pr_sc_Litt3200__7,crackle_score,0.5932003713,0
M39,test,cycle,104_1b1_Pr_sc_Litt3200__8,crackle_score,0.7568480075,0
M39,test,cycle,104_1b1_Pr_sc_Litt3200__9,crackle_score,0.7622614337,0
M39,test,cycle,109_1b1_Al_sc_Litt3200__0,crackle_score,0.6502952228,0
M39,test,cycle,109_1b1_Al_sc_Litt3200__1,crackle_score,0.585003896,0
M39,test,cycle,109_1b1_Al_sc_Litt3200__2,crackle_score,0.7159993829,0
M39,test,cycle,109_1b1_Al_sc_Litt3200__3,crackle_score,0.631869581,0
M39,test,cycle,109_1b1_Al_sc_Litt3200__4,crackle_score,0.578846217,0
M39,test,cycle,109_1b1_Al_sc_Litt3200__5,crackle_score,0.6077586207,0
M39,test,cycle,109_1b1_Al_sc_Litt3200__6,crackle_score,0.5834260289,0
M39,test,cycle,109_1b1_Al_sc_Litt3200__7,crackle_score,0.5796812749,0
M39,test,cycle,109_1b1_Al_sc_Litt3200__8,crackle_score,0.4471577561,0
M39,test,cycle,109_1b1_Ar_sc_Litt3200__0,crackle_score,0.7816405562,0
M39,test,cycle,109_1b1_Ar_sc_Litt3200__1,crackle_score,0.6484505474,0
M39,test,cycle,109_1b1_Ar_sc_Litt3200__2,crackle_score,0.6739193449,0
M39,test,cycle,109_1b1_Ar_sc_Litt3200__3,crackle_score,0.5577596477,0
M39,test,cycle,109_1b1_Ar_sc_Litt3200__4,crackle_score,0.5290951411,0
M39,test,cycle,109_1b1_Ar_sc_Litt3200__5,crackle_score,0.7028985507,0
M39,test,cycle,109_1b1_Ar_sc_Litt3200__6,crackle_score,0.6888828926,0
M39,test,cycle,109_1b1_Ar_sc_Litt3200__7,crackle_score,0.6412429379,0
M39,test,cycle,109_1b1_Ar_sc_Litt3200__8,crackle_score,0.516294287,0
M39,test,cycle,109_1b1_Ar_sc_Litt3200__9,crackle_score,0.6252861549,0
M39,test,cycle,109_1b1_Ll_sc_Litt3200__0,crackle_score,0.7306213965,0
M39,test,cycle,109_1b1_Ll_sc_Litt3200__1,crackle_score,0.8716143786,1
M39,test,cycle,109_1b1_Ll_sc_Litt3200__2,crackle_score,0.7323301993,1
M39,test,cycle,109_1b1_Ll_sc_Litt3200__3,crackle_score,0.6633542064,1
M39,test,cycle,109_1b1_Ll_sc_Litt3200__4,crackle_score,0.5251319427,1
M39,test,cycle,109_1b1_Ll_sc_Litt3200__5,crackle_score,0.5770836679,1
M39,test,cycle,109_1b1_Ll_sc_Litt3200__6,crackle_score,0.4451545761,1
M39,test,cycle,109_1b1_Ll_sc_Litt3200__7,crackle_score,0.5007934772,1
M39,test,cycle,109_1b1_Lr_sc_Litt3200__0,crackle_score,0.8536940081,1
M39,test,cycle,109_1b1_Lr_sc_Litt3200__1,crackle_score,0.5975728747,1
M39,test,cycle,109_1b1_Lr_sc_Litt3200__2,crackle_score,0.6038556407,1
M39,test,cycle,109_1b1_Lr_sc_Litt3200__3,crackle_score,0.5862068966,1
M39,test,cycle,109_1b1_Lr_sc_Litt3200__4,crackle_score,0.7240582551,1
M39,test,cycle,109_1b1_Lr_sc_Litt3200__5,crackle_score,0.5072045492,1
M39,test,cycle,109_1b1_Lr_sc_Litt3200__6,crackle_score,0.7246785469,1
M39,test,cycle,109_1b1_Lr_sc_Litt3200__7,crackle_score,0.6709581006,1
M39,test,cycle,109_1b1_Pl_sc_Litt3200__0,crackle_score,0.6730665224,0
M39,test,cycle,109_1b1_Pl_sc_Litt3200__1,crackle_score,0.6646768217,0
M39,test,cycle,109_1b1_Pl_sc_Litt3200__2,crackle_score,0.7251998649,0
M39,test,cycle,109_1b1_Pl_sc_Litt3200__3,crackle_score,0.6739177695,0
M39,test,cycle,109_1b1_Pl_sc_Litt3200__4,crackle_score,0.6711148609,0
M39,test,cycle,109_1b1_Pl_sc_Litt3200__5,crackle_score,0.7963362069,0
M39,test,cycle,109_1b1_Pl_sc_Litt3200__6,crackle_score,0.6932633904,0
M39,test,cycle,109_1b1_Pl_sc_Litt3200__7,crackle_score,0.7793296089,0
M39,test,cycle,109_1b1_Pl_sc_Litt3200__8,crackle_score,0.6379944802,0
M39,test,cycle,109_1b1_Pr_sc_Litt3200__0,crackle_score,0.7006521194,0
M39,test,cycle,109_1b1_Pr_sc_Litt3200__1,crackle_score,0.6111111111,0
M39,test,cycle,109_1b1_Pr_sc_Litt3200__2,crackle_score,0.5786807855,0
M39,test,cycle,109_1b1_Pr_sc_Litt3200__3,crackle_score,0.5765428161,0
M39,test,cycle,109_1b1_Pr_sc_Litt3200__4,crackle_score,0.632476651,0
M39,test,cycle,109_1b1_Pr_sc_Litt3200__5,crackle_score,0.5706214689,0
M39,test,cycle,109_1b1_Pr_sc_Litt3200__6,crackle_score,0.5871839582,0
M39,test,cycle,109_1b1_Pr_sc_Litt3200__7,crackle_score,0.8196590304,0
M39,test,cycle,109_1b1_Pr_sc_Litt3200__8,crackle_score,0.588941595,0
M39,test,cycle,109_1b1_Pr_sc_Litt3200__9,crackle_score,0.5698324022,0
M39,test,cycle,109_1b1_Pr_sc_Litt3200__10,crackle_score,0.8038487508,0
M39,test,cycle,109_1b1_Pr_sc_Litt3200__11,crackle_score,0.7159161012,0
M39,test,cycle,109_1b1_Pr_sc_Litt3200__12,crackle_score,1,0
M39,test,cycle,109_1b1_Pr_sc_Litt3200__13,crackle_score,0.7078384798,0
M39,test,cycle,109_1b1_Pr_sc_Litt3200__14,crackle_score,0.6788268956,0
M39,test,cycle,109_1b1_Pr_sc_Litt3200__15,crackle_score,0.8387533875,0
M39,test,cycle,109_1b1_Pr_sc_Litt3200__16,crackle_score,0.6620745543,0
M39,test,cycle,113_1b1_Al_sc_Litt3200__0,crackle_score,0.7953800711,0
M39,test,cycle,113_1b1_Al_sc_Litt3200__1,crackle_score,0.8340524741,0
M39,test,cycle,113_1b1_Al_sc_Litt3200__2,crackle_score,0.8701678375,0
M39,test,cycle,113_1b1_Al_sc_Litt3200__3,crackle_score,0.5407435702,0
M39,test,cycle,113_1b1_Al_sc_Litt3200__4,crackle_score,0.7013997281,0
M39,test,cycle,113_1b1_Al_sc_Litt3200__5,crackle_score,0.5701908313,0
M39,test,cycle,113_1b1_Al_sc_Litt3200__6,crackle_score,0.9878085835,0
M39,test,cycle,113_1b1_Ar_sc_Litt3200__0,crackle_score,1,0
M39,test,cycle,113_1b1_Ar_sc_Litt3200__1,crackle_score,0.6373567412,0
M39,test,cycle,113_1b1_Ar_sc_Litt3200__2,crackle_score,0.7289679346,0
M39,test,cycle,113_1b1_Ar_sc_Litt3200__3,crackle_score,0.8201849958,0
M39,test,cycle,113_1b1_Ar_sc_Litt3200__4,crackle_score,0.7231416485,0
M39,test,cycle,113_1b1_Ar_sc_Litt3200__5,crackle_score,0.8670760977,0
M39,test,cycle,113_1b1_Ar_sc_Litt3200__6,crackle_score,0.8712923505,0
M39,test,cycle,113_1b1_Ar_sc_Litt3200__7,crackle_score,0.7507550208,0
M39,test,cycle,113_1b1_Ll_sc_Litt3200__0,crackle_score,1,0
M39,test,cycle,113_1b1_Ll_sc_Litt3200__1,crackle_score,0.9668911336,0
M39,test,cycle,113_1b1_Ll_sc_Litt3200__2,crackle_score,1,0
M39,test,cycle,113_1b1_Ll_sc_Litt3200__3,crackle_score,1,0
M39,test,cycle,113_1b1_Ll_sc_Litt3200__4,crackle_score,1,0
M39,test,cycle,113_1b1_Ll_sc_Litt3200__5,crackle_score,1,0
M39,test,cycle,113_1b1_Ll_sc_Litt3200__6,crackle_score,0.7453235204,0
M39,test,cycle,113_1b1_Ll_sc_Litt3200__7,crackle_score,1,0
M39,test,cycle,113_1b1_Ll_sc_Litt3200__8,crackle_score,0.8073903391,0
M39,test,cycle,113_1b1_Ll_sc_Litt3200__9,crackle_score,1,0
M39,test,cycle,113_1b1_Ll_sc_Litt3200__10,crackle_score,0.8190805369,0
M39,test,cycle,113_1b1_Lr_sc_Litt3200__0,crackle_score,0.9285666455,0
M39,test,cycle,113_1b1_Lr_sc_Litt3200__1,crackle_score,0.8522936075,0
M39,test,cycle,113_1b1_Lr_sc_Litt3200__2,crackle_score,1,0
M39,test,cycle,113_1b1_Lr_sc_Litt3200__3,crackle_score,0.6383331765,0
M39,test,cycle,113_1b1_Lr_sc_Litt3200__4,crackle_score,0.8879230807,0
M39,test,cycle,113_1b1_Lr_sc_Litt3200__5,crackle_score,0.7885269382,0
M39,test,cycle,113_1b1_Lr_sc_Litt3200__6,crackle_score,0.838411944,0
M39,test,cycle,113_1b1_Pl_sc_Litt3200__0,crackle_score,0.713165829,0
M39,test,cycle,113_1b1_Pl_sc_Litt3200__1,crackle_score,0.8978120338,0
M39,test,cycle,113_1b1_Pl_sc_Litt3200__2,crackle_score,0.7546878482,0
M39,test,cycle,113_1b1_Pl_sc_Litt3200__3,crackle_score,0.9241089634,0
M39,test,cycle,113_1b1_Pl_sc_Litt3200__4,crackle_score,0.6462293712,0
M39,test,cycle,113_1b1_Pl_sc_Litt3200__5,crackle_score,0.7283105023,0
M39,test,cycle,113_1b1_Pl_sc_Litt3200__6,crackle_score,0.634264232,0
M39,test,cycle,113_1b1_Pl_sc_Litt3200__7,crackle_score,1,0
M39,test,cycle,113_1b1_Pr_sc_Litt3200__0,crackle_score,0.9191930534,0
M39,test,cycle,113_1b1_Pr_sc_Litt3200__1,crackle_score,0.757464688,0
M39,test,cycle,113_1b1_Pr_sc_Litt3200__2,crackle_score,0.8471038522,0
M39,test,cycle,113_1b1_Pr_sc_Litt3200__3,crackle_score,0.8021586914,0
M39,test,cycle,113_1b1_Pr_sc_Litt3200__4,crackle_score,0.8667593753,0
M39,test,cycle,113_1b1_Pr_sc_Litt3200__5,crackle_score,0.7179058773,0
M39,test,cycle,113_1b1_Pr_sc_Litt3200__6,crackle_score,0.9862700229,0
M39,test,cycle,113_1b1_Pr_sc_Litt3200__7,crackle_score,0.7,0
M39,test,cycle,113_1b1_Pr_sc_Litt3200__8,crackle_score,0.8128802364,0
M39,test,cycle,118_1b1_Al_sc_Litt3200__0,crackle_score,0.9286096973,0
M39,test,cycle,118_1b1_Al_sc_Litt3200__1,crackle_score,0.580791561,0
M39,test,cycle,118_1b1_Al_sc_Litt3200__2,crackle_score,0.6972094858,0
M39,test,cycle,118_1b1_Al_sc_Litt3200__3,crackle_score,0.8939990269,0
M39,test,cycle,118_1b1_Al_sc_Litt3200__4,crackle_score,0.6480171802,0
M39,test,cycle,118_1b1_Al_sc_Litt3200__5,crackle_score,0.628619076,0
M39,test,cycle,118_1b1_Al_sc_Litt3200__6,crackle_score,0.7515064187,0
M39,test,cycle,118_1b1_Al_sc_Litt3200__7,crackle_score,0.7127342044,0
M39,test,cycle,118_1b1_Al_sc_Litt3200__8,crackle_score,0.7977437038,0
M39,test,cycle,118_1b1_Ar_sc_Litt3200__0,crackle_score,1,0
M39,test,cycle,118_1b1_Ar_sc_Litt3200__1,crackle_score,0.8736433771,0
M39,test,cycle,118_1b1_Ar_sc_Litt3200__2,crackle_score,0.5800181872,0
M39,test,cycle,118_1b1_Ar_sc_Litt3200__3,crackle_score,0.6150015291,0
M39,test,cycle,118_1b1_Ar_sc_Litt3200__4,crackle_score,0.5146465698,0
M39,test,cycle,118_1b1_Ar_sc_Litt3200__5,crackle_score,0.8893625851,0
M39,test,cycle,118_1b1_Ar_sc_Litt3200__6,crackle_score,0.6283408734,0
M39,test,cycle,118_1b1_Ar_sc_Litt3200__7,crackle_score,0.3599503199,0
M39,test,cycle,118_1b1_Ar_sc_Litt3200__8,crackle_score,0.5358230342,0
M39,test,cycle,118_1b1_Ll_sc_Litt3200__0,crackle_score,0.7536753819,0
M39,test,cycle,118_1b1_Ll_sc_Litt3200__1,crackle_score,1,0
M39,test,cycle,118_1b1_Ll_sc_Litt3200__2,crackle_score,0.70285843,0
M39,test,cycle,118_1b1_Ll_sc_Litt3200__3,crackle_score,1,0
M39,test,cycle,118_1b1_Ll_sc_Litt3200__4,crackle_score,0.7919529876,0
M39,test,cycle,118_1b1_Lr_sc_Litt3200__0,crackle_score,0.9117079447,0
M39,test,cycle,118_1b1_Lr_sc_Litt3200__1,crackle_score,0.5665523017,0
M39,test,cycle,118_1b1_Lr_sc_Litt3200__2,crackle_score,0.9060095027,0
M39,test,cycle,118_1b1_Lr_sc_Litt3200__3,crackle_score,0.4264784751,0
M39,test,cycle,118_1b1_Lr_sc_Litt3200__4,crackle_score,0.5707653086,0
M39,test,cycle,118_1b1_Lr_sc_Litt3200__5,crackle_score,0.6777141607,0
M39,test,cycle,118_1b1_Lr_sc_Litt3200__6,crackle_score,0.5475963827,0
M39,test,cycle,118_1b1_Pl_sc_Litt3200__0,crackle_score,0.5681545134,0
M39,test,cycle,118_1b1_Pl_sc_Litt3200__1,crackle_score,0.9769672708,0
M39,test,cycle,118_1b1_Pl_sc_Litt3200__2,crackle_score,0.728252028,0
M39,test,cycle,118_1b1_Pl_sc_Litt3200__3,crackle_score,0.7710715798,0
M39,test,cycle,118_1b1_Pl_sc_Litt3200__4,crackle_score,0.5075920777,0
M39,test,cycle,118_1b1_Pr_sc_Litt3200__0,crackle_score,0.9997644492,0
M39,test,cycle,118_1b1_Pr_sc_Litt3200__1,crackle_score,0.8269910573,0
M39,test,cycle,118_1b1_Pr_sc_Litt3200__2,crackle_score,1,0
M39,test,cycle,118_1b1_Pr_sc_Litt3200__3,crackle_score,0.847739692,0
M39,test,cycle,118_1b1_Pr_sc_Litt3200__4,crackle_score,0.49100573,0
M39,test,cycle,119_1b1_Ar_sc_Meditron__0,crackle_score,0.6457455067,0
M39,test,cycle,119_1b1_Ar_sc_Meditron__1,crackle_score,0.7483795899,0
M39,test,cycle,119_1b1_Ar_sc_Meditron__2,crackle_score,0.7339056476,0
M39,test,cycle,119_1b1_Ar_sc_Meditron__3,crackle_score,0.7807976202,0
M39,test,cycle,119_1b1_Ar_sc_Meditron__4,crackle_score,0.7482848164,0
M39,test,cycle,119_1b1_Ar_sc_Meditron__5,crackle_score,0.7417329076,0
M39,test,cycle,119_1b1_Ar_sc_Meditron__6,crackle_score,0.8679961361,0
M39,test,cycle,119_1b1_Ar_sc_Meditron__7,crackle_score,1,0
M39,test,cycle,119_1b1_Ar_sc_Meditron__8,crackle_score,0.643347826,0
M39,test,cycle,123_1b1_Al_sc_Meditron__0,crackle_score,0.8192589311,0
M39,test,cycle,123_1b1_Al_sc_Meditron__1,crackle_score,0.9303863164,0
M39,test,cycle,123_1b1_Al_sc_Meditron__2,crackle_score,0.8711776813,0
M39,test,cycle,123_1b1_Al_sc_Meditron__3,crackle_score,0.8532099738,0
M39,test,cycle,123_1b1_Al_sc_Meditron__4,crackle_score,0.8636805457,0
M39,test,cycle,123_1b1_Al_sc_Meditron__5,crackle_score,0.7079270087,0
M39,test,cycle,123_1b1_Al_sc_Meditron__6,crackle_score,0.701636011,0
M39,test,cycle,123_1b1_Al_sc_Meditron__7,crackle_score,0.8895936743,0
M39,test,cycle,124_1b1_Al_sc_Litt3200__0,crackle_score,0.9809107768,1
M39,test,cycle,124_1b1_Al_sc_Litt3200__1,crackle_score,0.6532200144,0
M39,test,cycle,124_1b1_Al_sc_Litt3200__2,crackle_score,0.6078991143,0
M39,test,cycle,124_1b1_Al_sc_Litt3200__3,crackle_score,0.6933207675,0
M39,test,cycle,124_1b1_Al_sc_Litt3200__4,crackle_score,0.6117995062,0
M39,test,cycle,124_1b1_Al_sc_Litt3200__5,crackle_score,0.6586121437,0
M39,test,cycle,124_1b1_Al_sc_Litt3200__6,crackle_score,0.6293242806,0
M39,test,cycle,124_1b1_Al_sc_Litt3200__7,crackle_score,0.144502115,0
M39,test,cycle,124_1b1_Ar_sc_Litt3200__0,crackle_score,0.7322430811,0
M39,test,cycle,124_1b1_Ar_sc_Litt3200__1,crackle_score,0.6813236627,0
M39,test,cycle,124_1b1_Ar_sc_Litt3200__2,crackle_score,0.6670233311,0
M39,test,cycle,124_1b1_Ar_sc_Litt3200__3,crackle_score,0.6364411597,0
M39,test,cycle,124_1b1_Ar_sc_Litt3200__4,crackle_score,0.6584001584,0
M39,test,cycle,124_1b1_Ar_sc_Litt3200__5,crackle_score,0.6194345952,0
M39,test,cycle,124_1b1_Ar_sc_Litt3200__6,crackle_score,0.1846393297,0
M39,test,cycle,124_1b1_Ll_sc_Litt3200__0,crackle_score,0.4315688412,0
M39,test,cycle,124_1b1_Ll_sc_Litt3200__1,crackle_score,0.3306632486,0
M39,test,cycle,124_1b1_Ll_sc_Litt3200__2,crackle_score,0.6950838861,0
M39,test,cycle,124_1b1_Ll_sc_Litt3200__3,crackle_score,0.6771773434,0
M39,test,cycle,124_1b1_Ll_sc_Litt3200__4,crackle_score,0.6170503316,0
M39,test,cycle,124_1b1_Ll_sc_Litt3200__5,crackle_score,0.6567782078,0
M39,test,cycle,124_1b1_Ll_sc_Litt3200__6,crackle_score,0.6275849237,0
M39,test,cycle,124_1b1_Ll_sc_Litt3200__7,crackle_score,0.7093897206,0
M39,test,cycle,124_1b1_Ll_sc_Litt3200__8,crackle_score,1,0
M39,test,cycle,124_1b1_Ll_sc_Litt3200__9,crackle_score,0.4397494885,0
M39,test,cycle,124_1b1_Lr_sc_Litt3200__0,crackle_score,0.8922423186,0
M39,test,cycle,124_1b1_Lr_sc_Litt3200__1,crackle_score,1,0
M39,test,cycle,124_1b1_Lr_sc_Litt3200__2,crackle_score,0.9565341449,0
M39,test,cycle,124_1b1_Lr_sc_Litt3200__3,crackle_score,0.9906169508,0
M39,test,cycle,124_1b1_Lr_sc_Litt3200__4,crackle_score,1,0
M39,test,cycle,124_1b1_Lr_sc_Litt3200__5,crackle_score,0.8702418142,0
M39,test,cycle,124_1b1_Lr_sc_Litt3200__6,crackle_score,1,0
M39,test,cycle,124_1b1_Lr_sc_Litt3200__7,crackle_score,0.7259712914,0
M39,test,cycle,124_1b1_Lr_sc_Litt3200__8,crackle_score,0.7302218501,0
M39,test,cycle,124_1b1_Lr_sc_Litt3200__9,crackle_score,0.2019041747,0
M39,test,cycle,124_1b1_Pl_sc_Litt3200__0,crackle_score,1,0
M39,test,cycle,124_1b1_Pl_sc_Litt3200__1,crackle_score,0.7812692274,1
M39,test,cycle,124_1b1_Pl_sc_Litt3200__2,crackle_score,0.7221358361,0
M39,test,cycle,124_1b1_Pl_sc_Litt3200__3,crackle_score,0.6684831254,0
M39,test,cycle,124_1b1_Pl_sc_Litt3200__4,crackle_score,0.6650250116,0
M39,test,cycle,124_1b1_Pl_sc_Litt3200__5,crackle_score,0.676746755,0
M39,test,cycle,124_1b1_Pl_sc_Litt3200__6,crackle_score,0.2091895101,0
M39,test,cycle,124_1b1_Pr_sc_Litt3200__0,crackle_score,0.7600308878,0
M39,test,cycle,124_1b1_Pr_sc_Litt3200__1,crackle_score,0.7241995376,0
M39,test,cycle,124_1b1_Pr_sc_Litt3200__2,crackle_score,0.7562323173,0
M39,test,cycle,124_1b1_Pr_sc_Litt3200__3,crackle_score,0.6997004493,0
M39,test,cycle,124_1b1_Pr_sc_Litt3200__4,crackle_score,0.7584675031,0
M39,test,cycle,124_1b1_Pr_sc_Litt3200__5,crackle_score,0.6553548888,0
M39,test,cycle,126_1b1_Al_sc_Meditron__0,crackle_score,0.9995002988,0
M39,test,cycle,126_1b1_Al_sc_Meditron__1,crackle_score,0.8514436404,0
M39,test,cycle,126_1b1_Al_sc_Meditron__2,crackle_score,0.7674633131,0
M39,test,cycle,126_1b1_Al_sc_Meditron__3,crackle_score,0.9098994086,0
M39,test,cycle,126_1b1_Al_sc_Meditron__4,crackle_score,0.9965243297,0
M39,test,cycle,126_1b1_Al_sc_Meditron__5,crackle_score,0.8803597665,0
M39,test,cycle,126_1b1_Al_sc_Meditron__6,crackle_score,0.9577275175,0
M39,test,cycle,126_1b1_Al_sc_Meditron__7,crackle_score,0.9300205171,0
M39,test,cycle,126_1b1_Al_sc_Meditron__8,crackle_score,0.9507566528,0
M39,test,cycle,126_1b1_Al_sc_Meditron__9,crackle_score,0.7056393975,0
M39,test,cycle,126_1b1_Al_sc_Meditron__10,crackle_score,0.8031588663,0
M39,test,cycle,133_2p2_Al_mc_AKGC417L__0,crackle_score,0.3909202504,0
M39,test,cycle,133_2p2_Al_mc_AKGC417L__1,crackle_score,0.5059148161,0
M39,test,cycle,133_2p2_Al_mc_AKGC417L__2,crackle_score,0.502332087,0
M39,test,cycle,133_2p2_Al_mc_AKGC417L__3,crackle_score,0.3248373369,1
M39,test,cycle,133_2p2_Al_mc_AKGC417L__4,crackle_score,0.5062329998,1
M39,test,cycle,133_2p2_Al_mc_AKGC417L__5,crackle_score,0.5260336099,0
M39,test,cycle,133_2p2_Al_mc_AKGC417L__6,crackle_score,0.5168006214,0
M39,test,cycle,133_2p2_Al_mc_AKGC417L__7,crackle_score,0.4835048595,0
M39,test,cycle,133_2p2_Al_mc_AKGC417L__8,crackle_score,0.5474388647,0
M39,test,cycle,133_2p2_Ar_mc_AKGC417L__0,crackle_score,0.5968723922,0
M39,test,cycle,133_2p2_Ar_mc_AKGC417L__1,crackle_score,0.6186453029,0
M39,test,cycle,133_2p2_Ar_mc_AKGC417L__2,crackle_score,0.7252146978,0
M39,test,cycle,133_2p2_Ar_mc_AKGC417L__3,crackle_score,0.7764651313,0
M39,test,cycle,133_2p2_Ar_mc_AKGC417L__4,crackle_score,0.669610814,0
M39,test,cycle,133_2p2_Ar_mc_AKGC417L__5,crackle_score,0.6365352393,0
M39,test,cycle,133_2p2_Ar_mc_AKGC417L__6,crackle_score,0.7369036421,0
M39,test,cycle,133_2p2_Ar_mc_AKGC417L__7,crackle_score,0.6108660265,0
M39,test,cycle,133_2p2_Ar_mc_AKGC417L__8,crackle_score,0.5305030365,0
M39,test,cycle,133_2p2_Pl_mc_AKGC417L__0,crackle_score,0.6278419546,1
M39,test,cycle,133_2p2_Pl_mc_AKGC417L__1,crackle_score,0.6274628195,1
M39,test,cycle,133_2p2_Pl_mc_AKGC417L__2,crackle_score,0.5435097595,1
M39,test,cycle,133_2p2_Pl_mc_AKGC417L__3,crackle_score,0.4786681568,1
M39,test,cycle,133_2p2_Pl_mc_AKGC417L__4,crackle_score,0.6026205657,1
M39,test,cycle,133_2p2_Pl_mc_AKGC417L__5,crackle_score,0.5104920855,1
M39,test,cycle,133_2p2_Pl_mc_AKGC417L__6,crackle_score,0.532205661,1
M39,test,cycle,133_2p2_Pl_mc_AKGC417L__7,crackle_score,0.6028676272,1
M39,test,cycle,133_2p2_Pl_mc_AKGC417L__8,crackle_score,0.5710196366,0
M39,test,cycle,133_2p2_Tc_mc_AKGC417L__0,crackle_score,0.7933860964,0
M39,test,cycle,133_2p2_Tc_mc_AKGC417L__1,crackle_score,0.7189979719,0
M39,test,cycle,133_2p2_Tc_mc_AKGC417L__2,crackle_score,0.7110595188,1
M39,test,cycle,133_2p2_Tc_mc_AKGC417L__3,crackle_score,0.4869067363,0
M39,test,cycle,133_2p2_Tc_mc_AKGC417L__4,crackle_score,0.6011702069,0
M39,test,cycle,133_2p2_Tc_mc_AKGC417L__5,crackle_score,1,1
M39,test,cycle,133_2p2_Tc_mc_AKGC417L__6,crackle_score,0.8629391615,0
M39,test,cycle,133_2p2_Tc_mc_AKGC417L__7,crackle_score,0.6198740547,0
M39,test,cycle,133_2p2_Tc_mc_AKGC417L__8,crackle_score,0.2585074469,0
M39,test,cycle,133_2p3_Al_mc_AKGC417L__0,crackle_score,0.4536077415,0
M39,test,cycle,133_2p3_Al_mc_AKGC417L__1,crackle_score,0.5027462745,0
M39,test,cycle,133_2p3_Al_mc_AKGC417L__2,crackle_score,0.5145870777,0
M39,test,cycle,133_2p3_Al_mc_AKGC417L__3,crackle_score,0.4461258275,0
M39,test,cycle,133_2p3_Al_mc_AKGC417L__4,crackle_score,0.444043075,0
M39,test,cycle,133_2p3_Al_mc_AKGC417L__5,crackle_score,0.4592499024,0
M39,test,cycle,133_2p3_Al_mc_AKGC417L__6,crackle_score,0.4902361129,0
M39,test,cycle,133_2p3_Al_mc_AKGC417L__7,crackle_score,0.5862576574,0
M39,test,cycle,133_2p3_Ar_mc_AKGC417L__0,crackle_score,0.4908487656,0
M39,test,cycle,133_2p3_Ar_mc_AKGC417L__1,crackle_score,0.5728113057,0
M39,test,cycle,133_2p3_Ar_mc_AKGC417L__2,crackle_score,0.432974649,0
M39,test,cycle,133_2p3_Ar_mc_AKGC417L__3,crackle_score,0.6094092819,0
M39,test,cycle,133_2p3_Ar_mc_AKGC417L__4,crackle_score,0.7246998056,0
M39,test,cycle,133_2p3_Ar_mc_AKGC417L__5,crackle_score,0.7975163026,0
M39,test,cycle,133_2p3_Ar_mc_AKGC417L__6,crackle_score,0.6415644849,0
M39,test,cycle,133_2p3_Ar_mc_AKGC417L__7,crackle_score,0.5709952419,0
M39,test,cycle,133_2p3_Pl_mc_AKGC417L__0,crackle_score,0.6353350415,1
M39,test,cycle,133_2p3_Pl_mc_AKGC417L__1,crackle_score,0.3236232746,1
M39,test,cycle,133_2p3_Pl_mc_AKGC417L__2,crackle_score,0.6348663271,0
M39,test,cycle,133_2p3_Pl_mc_AKGC417L__3,crackle_score,0.5766834725,1
M39,test,cycle,133_2p3_Pl_mc_AKGC417L__4,crackle_score,0.5857257996,1
M39,test,cycle,133_2p3_Pl_mc_AKGC417L__5,crackle_score,0.474126363,1
M39,test,cycle,133_2p3_Pl_mc_AKGC417L__6,crackle_score,0.5502185586,1
M39,test,cycle,133_2p3_Pl_mc_AKGC417L__7,crackle_score,0.5874005622,0
M39,test,cycle,133_2p3_Pr_mc_AKGC417L__0,crackle_score,0.6951723052,0
M39,test,cycle,133_2p3_Pr_mc_AKGC417L__1,crackle_score,0.6542132155,0
M39,test,cycle,133_2p3_Pr_mc_AKGC417L__2,crackle_score,0.6355736551,0
M39,test,cycle,133_2p3_Pr_mc_AKGC417L__3,crackle_score,1,0
M39,test,cycle,133_2p3_Pr_mc_AKGC417L__4,crackle_score,0.6133583508,1
M39,test,cycle,133_2p3_Pr_mc_AKGC417L__5,crackle_score,0.6917647916,0
M39,test,cycle,133_2p3_Pr_mc_AKGC417L__6,crackle_score,0.677551925,0
M39,test,cycle,133_2p3_Pr_mc_AKGC417L__7,crackle_score,0.3829272183,0
M39,test,cycle,133_2p3_Tc_mc_AKGC417L__0,crackle_score,0.7955396703,0
M39,test,cycle,133_2p3_Tc_mc_AKGC417L__1,crackle_score,0.7458729937,0
M39,test,cycle,133_2p3_Tc_mc_AKGC417L__2,crackle_score,0.6712406909,0
M39,test,cycle,133_2p3_Tc_mc_AKGC417L__3,crackle_score,0.7690105038,0
M39,test,cycle,133_2p3_Tc_mc_AKGC417L__4,crackle_score,0.7925926358,1
M39,test,cycle,133_2p3_Tc_mc_AKGC417L__5,crackle_score,0.8338193661,0
M39,test,cycle,133_2p3_Tc_mc_AKGC417L__6,crackle_score,0.864403529,1
M39,test,cycle,133_2p3_Tc_mc_AKGC417L__7,crackle_score,0.6552338963,0
M39,test,cycle,133_2p4_Al_mc_AKGC417L__0,crackle_score,0.5264902425,0
M39,test,cycle,133_2p4_Al_mc_AKGC417L__1,crackle_score,0.3999348565,0
M39,test,cycle,133_2p4_Al_mc_AKGC417L__2,crackle_score,0.5140109127,0
M39,test,cycle,133_2p4_Al_mc_AKGC417L__3,crackle_score,0.5551530804,0
M39,test,cycle,133_2p4_Al_mc_AKGC417L__4,crackle_score,0.5277294168,0
M39,test,cycle,133_2p4_Al_mc_AKGC417L__5,crackle_score,0.4363534082,0
M39,test,cycle,133_2p4_Al_mc_AKGC417L__6,crackle_score,0.530288703,0
M39,test,cycle,133_2p4_Al_mc_AKGC417L__7,crackle_score,0.2565036522,0
M39,test,cycle,133_2p4_Ar_mc_AKGC417L__0,crackle_score,0.45078236,1
M39,test,cycle,133_2p4_Ar_mc_AKGC417L__1,crackle_score,0.4717615014,0
M39,test,cycle,133_2p4_Ar_mc_AKGC417L__2,crackle_score,0.5160929064,0
M39,test,cycle,133_2p4_Ar_mc_AKGC417L__3,crackle_score,0.5447705096,0
M39,test,cycle,133_2p4_Ar_mc_AKGC417L__4,crackle_score,0.5885974351,0
M39,test,cycle,133_2p4_Ar_mc_AKGC417L__5,crackle_score,0.6782199077,0
M39,test,cycle,133_2p4_Ar_mc_AKGC417L__6,crackle_score,0.7601456312,0
M39,test,cycle,133_2p4_Ar_mc_AKGC417L__7,crackle_score,0.613259275,0
M39,test,cycle,133_2p4_Pl_mc_AKGC417L__0,crackle_score,0.5846619034,1
M39,test,cycle,133_2p4_Pl_mc_AKGC417L__1,crackle_score,0.6118010808,1
M39,test,cycle,133_2p4_Pl_mc_AKGC417L__2,crackle_score,0.5855144866,1
M39,test,cycle,133_2p4_Pl_mc_AKGC417L__3,crackle_score,0.5835854008,1
M39,test,cycle,133_2p4_Pl_mc_AKGC417L__4,crackle_score,0.458284307,1
M39,test,cycle,133_2p4_Pl_mc_AKGC417L__5,crackle_score,0.557205248,1
M39,test,cycle,133_2p4_Pl_mc_AKGC417L__6,crackle_score,0.5714421491,1
M39,test,cycle,133_2p4_Pl_mc_AKGC417L__7,crackle_score,0.5900492914,1
M39,test,cycle,133_2p4_Pr_mc_AKGC417L__0,crackle_score,0.6962430312,1
M39,test,cycle,133_2p4_Pr_mc_AKGC417L__1,crackle_score,0.5967647201,0
M39,test,cycle,133_2p4_Pr_mc_AKGC417L__2,crackle_score,0.645113196,0
M39,test,cycle,133_2p4_Pr_mc_AKGC417L__3,crackle_score,0.7433580824,0
M39,test,cycle,133_2p4_Pr_mc_AKGC417L__4,crackle_score,0.7067105667,0
M39,test,cycle,133_2p4_Pr_mc_AKGC417L__5,crackle_score,0.533735603,0
M39,test,cycle,133_2p4_Pr_mc_AKGC417L__6,crackle_score,0.6283588098,0
M39,test,cycle,133_2p4_Pr_mc_AKGC417L__7,crackle_score,0.3575128005,0
M39,test,cycle,133_2p4_Tc_mc_AKGC417L__0,crackle_score,0.6824558651,0
M39,test,cycle,133_2p4_Tc_mc_AKGC417L__1,crackle_score,0.7628227941,1
M39,test,cycle,133_2p4_Tc_mc_AKGC417L__2,crackle_score,0.7110129391,0
M39,test,cycle,133_2p4_Tc_mc_AKGC417L__3,crackle_score,0.7810730673,0
M39,test,cycle,133_2p4_Tc_mc_AKGC417L__4,crackle_score,1,0
M39,test,cycle,133_2p4_Tc_mc_AKGC417L__5,crackle_score,0.7853331877,0
M39,test,cycle,133_2p4_Tc_mc_AKGC417L__6,crackle_score,0.7837919768,0
M39,test,cycle,133_2p4_Tc_mc_AKGC417L__7,crackle_score,0.4621670696,0
M39,test,cycle,133_3p2_Al_mc_AKGC417L__0,crackle_score,0.5618076342,0
M39,test,cycle,133_3p2_Al_mc_AKGC417L__1,crackle_score,0.3724389433,0
M39,test,cycle,133_3p2_Al_mc_AKGC417L__2,crackle_score,0.5723672779,0
M39,test,cycle,133_3p2_Al_mc_AKGC417L__3,crackle_score,0.402365839,0
M39,test,cycle,133_3p2_Al_mc_AKGC417L__4,crackle_score,0.5334436174,0
M39,test,cycle,133_3p2_Al_mc_AKGC417L__5,crackle_score,0.5778074743,0
M39,test,cycle,133_3p2_Al_mc_AKGC417L__6,crackle_score,0.3802511004,0
M39,test,cycle,133_3p2_Al_mc_AKGC417L__7,crackle_score,0.4960900534,0
M39,test,cycle,133_3p2_Ar_mc_AKGC417L__0,crackle_score,0.7073492373,0
M39,test,cycle,133_3p2_Ar_mc_AKGC417L__1,crackle_score,0.5867316044,0
M39,test,cycle,133_3p2_Ar_mc_AKGC417L__2,crackle_score,0.5082335375,0
M39,test,cycle,133_3p2_Ar_mc_AKGC417L__3,crackle_score,0.5659143346,0
M39,test,cycle,133_3p2_Ar_mc_AKGC417L__4,crackle_score,0.6181037,0
M39,test,cycle,133_3p2_Ar_mc_AKGC417L__5,crackle_score,0.6343494473,0
M39,test,cycle,133_3p2_Ar_mc_AKGC417L__6,crackle_score,0.5220450211,0
M39,test,cycle,133_3p2_Ar_mc_AKGC417L__7,crackle_score,0.7670979992,0
M39,test,cycle,133_3p2_Pl_mc_AKGC417L__0,crackle_score,0.7286012066,1
M39,test,cycle,133_3p2_Pl_mc_AKGC417L__1,crackle_score,0.6649293405,0
M39,test,cycle,133_3p2_Pl_mc_AKGC417L__2,crackle_score,0.4551631835,0
M39,test,cycle,133_3p2_Pl_mc_AKGC417L__3,crackle_score,0.7244811718,0
M39,test,cycle,133_3p2_Pl_mc_AKGC417L__4,crackle_score,0.6727505816,0
M39,test,cycle,133_3p2_Pl_mc_AKGC417L__5,crackle_score,0.6558712413,0
M39,test,cycle,133_3p2_Pl_mc_AKGC417L__6,crackle_score,0.9322766571,0
M39,test,cycle,133_3p2_Pl_mc_AKGC417L__7,crackle_score,0.5552972072,0
M39,test,cycle,133_3p2_Pr_mc_AKGC417L__0,crackle_score,0.7728217567,0
M39,test,cycle,133_3p2_Pr_mc_AKGC417L__1,crackle_score,0.9261363636,0
M39,test,cycle,133_3p2_Pr_mc_AKGC417L__2,crackle_score,0.7668724698,1
M39,test,cycle,133_3p2_Pr_mc_AKGC417L__3,crackle_score,0.561368534,0
M39,test,cycle,133_3p2_Pr_mc_AKGC417L__4,crackle_score,0.7059979877,0
M39,test,cycle,133_3p2_Pr_mc_AKGC417L__5,crackle_score,0.7269196831,0
M39,test,cycle,133_3p2_Pr_mc_AKGC417L__6,crackle_score,0.5861527346,1
M39,test,cycle,133_3p2_Pr_mc_AKGC417L__7,crackle_score,0.7179944511,0
M39,test,cycle,133_3p4_Tc_mc_AKGC417L__0,crackle_score,0.8190570107,0
M39,test,cycle,133_3p4_Tc_mc_AKGC417L__1,crackle_score,0.770224659,0
M39,test,cycle,133_3p4_Tc_mc_AKGC417L__2,crackle_score,0.5935694722,0
M39,test,cycle,133_3p4_Tc_mc_AKGC417L__3,crackle_score,0.5912663913,0
M39,test,cycle,133_3p4_Tc_mc_AKGC417L__4,crackle_score,0.9101715894,0
M39,test,cycle,133_3p4_Tc_mc_AKGC417L__5,crackle_score,0.520619655,0
M39,test,cycle,133_3p4_Tc_mc_AKGC417L__6,crackle_score,0.9431599229,0
M39,test,cycle,133_3p4_Tc_mc_AKGC417L__7,crackle_score,0.6700368411,0
M39,test,cycle,136_1b1_Ar_sc_Meditron__0,crackle_score,1,0
M39,test,cycle,136_1b1_Ar_sc_Meditron__1,crackle_score,1,0
M39,test,cycle,136_1b1_Ar_sc_Meditron__2,crackle_score,0.9532324078,0
M39,test,cycle,136_1b1_Ar_sc_Meditron__3,crackle_score,1,0
M39,test,cycle,136_1b1_Ar_sc_Meditron__4,crackle_score,0.9556324322,0
M39,test,cycle,136_1b1_Ar_sc_Meditron__5,crackle_score,1,0
M39,test,cycle,136_1b1_Ar_sc_Meditron__6,crackle_score,0.9462684927,0
M39,test,cycle,136_1b1_Ar_sc_Meditron__7,crackle_score,0.8398124675,0
M39,test,cycle,136_1b1_Ar_sc_Meditron__8,crackle_score,1,0
M39,test,cycle,139_1b1_Al_sc_Litt3200__0,crackle_score,0.7213613724,0
M39,test,cycle,139_1b1_Al_sc_Litt3200__1,crackle_score,0.9669425873,0
M39,test,cycle,139_1b1_Al_sc_Litt3200__2,crackle_score,0.8618569843,0
M39,test,cycle,139_1b1_Al_sc_Litt3200__3,crackle_score,1,0
M39,test,cycle,139_1b1_Al_sc_Litt3200__4,crackle_score,0.9404913172,0
M39,test,cycle,139_1b1_Al_sc_Litt3200__5,crackle_score,0.7997377295,0
M39,test,cycle,139_1b1_Al_sc_Litt3200__6,crackle_score,0.6887979862,0
M39,test,cycle,139_1b1_Al_sc_Litt3200__7,crackle_score,0.7086230876,0
M39,test,cycle,139_1b1_Al_sc_Litt3200__8,crackle_score,1,0
M39,test,cycle,139_1b1_Al_sc_Litt3200__9,crackle_score,0.6779718592,0
M39,test,cycle,139_1b1_Ar_sc_Litt3200__0,crackle_score,0.8040038691,0
M39,test,cycle,139_1b1_Ar_sc_Litt3200__1,crackle_score,1,0
M39,test,cycle,139_1b1_Ar_sc_Litt3200__2,crackle_score,0.8336577228,0
M39,test,cycle,139_1b1_Ar_sc_Litt3200__3,crackle_score,0.8184252424,0
M39,test,cycle,139_1b1_Ar_sc_Litt3200__4,crackle_score,0.7133688948,0
M39,test,cycle,139_1b1_Ar_sc_Litt3200__5,crackle_score,0.7540892488,0
M39,test,cycle,139_1b1_Ar_sc_Litt3200__6,crackle_score,1,0
M39,test,cycle,139_1b1_Ar_sc_Litt3200__7,crackle_score,0.9486885204,0
M39,test,cycle,139_1b1_Ar_sc_Litt3200__8,crackle_score,0.7061043549,0
M39,test,cycle,139_1b1_Ll_sc_Litt3200__0,crackle_score,0.8034613561,1
M39,test,cycle,139_1b1_Ll_sc_Litt3200__1,crackle_score,1,0
M39,test,cycle,139_1b1_Ll_sc_Litt3200__2,crackle_score,1,0
M39,test,cycle,139_1b1_Ll_sc_Litt3200__3,crackle_score,0.8063106965,0
M39,test,cycle,139_1b1_Ll_sc_Litt3200__4,crackle_score,0.7389248382,0
M39,test,cycle,139_1b1_Ll_sc_Litt3200__5,crackle_score,0.6876172608,0
M39,test,cycle,139_1b1_Ll_sc_Litt3200__6,crackle_score,1,0
M39,test,cycle,139_1b1_Ll_sc_Litt3200__7,crackle_score,0.6343759679,0
M39,test,cycle,139_1b1_Lr_sc_Litt3200__0,crackle_score,0.7499431947,0
M39,test,cycle,139_1b1_Lr_sc_Litt3200__1,crackle_score,0.917551063,1
M39,test,cycle,139_1b1_Lr_sc_Litt3200__2,crackle_score,0.9038364462,1
M39,test,cycle,139_1b1_Lr_sc_Litt3200__3,crackle_score,0.9501125281,1
M39,test,cycle,139_1b1_Lr_sc_Litt3200__4,crackle_score,1,0
M39,test,cycle,139_1b1_Lr_sc_Litt3200__5,crackle_score,0.6590475151,0
M39,test,cycle,139_1b1_Pl_sc_Litt3200__0,crackle_score,0.9153973968,0
M39,test,cycle,139_1b1_Pl_sc_Litt3200__1,crackle_score,0.7574831027,0
M39,test,cycle,139_1b1_Pl_sc_Litt3200__2,crackle_score,0.6802381719,0
M39,test,cycle,139_1b1_Pl_sc_Litt3200__3,crackle_score,0.6318210529,0
M39,test,cycle,139_1b1_Pl_sc_Litt3200__4,crackle_score,1,0
M39,test,cycle,139_1b1_Pl_sc_Litt3200__5,crackle_score,0.9588304325,0
M39,test,cycle,139_1b1_Pr_sc_Litt3200__0,crackle_score,0.782985497,0
M39,test,cycle,139_1b1_Pr_sc_Litt3200__1,crackle_score,0.7219667843,0
M39,test,cycle,139_1b1_Pr_sc_Litt3200__2,crackle_score,0.8025614578,0
M39,test,cycle,139_1b1_Pr_sc_Litt3200__3,crackle_score,0.886308763,0
M39,test,cycle,139_1b1_Pr_sc_Litt3200__4,crackle_score,0.7095093988,0
M39,test,cycle,139_1b1_Pr_sc_Litt3200__5,crackle_score,0.9446021048,0
M39,test,cycle,139_1b1_Pr_sc_Litt3200__6,crackle_score,0.5354207555,0
M39,test,cycle,143_1b1_Al_sc_Meditron__0,crackle_score,0.5407982449,0
M39,test,cycle,143_1b1_Al_sc_Meditron__1,crackle_score,0.8533012399,0
M39,test,cycle,143_1b1_Al_sc_Meditron__2,crackle_score,0.8351441886,0
M39,test,cycle,143_1b1_Al_sc_Meditron__3,crackle_score,0.6761556787,0
M39,test,cycle,143_1b1_Al_sc_Meditron__4,crackle_score,0.6697256124,0
M39,test,cycle,143_1b1_Al_sc_Meditron__5,crackle_score,0.9009294627,0
M39,test,cycle,143_1b1_Al_sc_Meditron__6,crackle_score,0.4829368106,0
M39,test,cycle,143_1b1_Al_sc_Meditron__7,crackle_score,0.6795795808,0
M39,test,cycle,143_1b1_Al_sc_Meditron__8,crackle_score,0.7783012953,0
M39,test,cycle,143_1b1_Al_sc_Meditron__9,crackle_score,0.6711428039,0
M39,test,cycle,143_1b1_Al_sc_Meditron__10,crackle_score,0.6191401705,0
M39,test,cycle,143_1b1_Al_sc_Meditron__11,crackle_score,0.683705711,0
M39,test,cycle,143_1b1_Al_sc_Meditron__12,crackle_score,0.8006224536,0
M39,test,cycle,143_1b1_Al_sc_Meditron__13,crackle_score,0.7291600201,0
M39,test,cycle,143_1b1_Al_sc_Meditron__14,crackle_score,0.7735567846,0
M39,test,cycle,143_1b1_Al_sc_Meditron__15,crackle_score,0.7769917677,0
M39,test,cycle,143_1b1_Al_sc_Meditron__16,crackle_score,0.9283514628,0
M39,test,cycle,143_1b1_Al_sc_Meditron__17,crackle_score,0.3701297571,0
M39,test,cycle,144_1b1_Al_sc_Meditron__0,crackle_score,0.9249470356,0
M39,test,cycle,144_1b1_Al_sc_Meditron__1,crackle_score,0.9102133734,0
M39,test,cycle,144_1b1_Al_sc_Meditron__2,crackle_score,1,0
M39,test,cycle,144_1b1_Al_sc_Meditron__3,crackle_score,0.7862850227,0
M39,test,cycle,144_1b1_Al_sc_Meditron__4,crackle_score,0.7517859505,0
M39,test,cycle,144_1b1_Al_sc_Meditron__5,crackle_score,0.8433463175,0
M39,test,cycle,144_1b1_Al_sc_Meditron__6,crackle_score,0.8838828751,0
M39,test,cycle,144_1b1_Al_sc_Meditron__7,crackle_score,0.6494807759,0
M39,test,cycle,144_1b1_Al_sc_Meditron__8,crackle_score,1,0
M39,test,cycle,144_1b1_Al_sc_Meditron__9,crackle_score,0.782001584,0
M39,test,cycle,144_1b1_Tc_sc_Meditron__0,crackle_score,0.1629489309,0
M39,test,cycle,144_1b1_Tc_sc_Meditron__1,crackle_score,0.5777579821,0
M39,test,cycle,144_1b1_Tc_sc_Meditron__2,crackle_score,0.4049200695,0
M39,test,cycle,144_1b1_Tc_sc_Meditron__3,crackle_score,0.664169882,0
M39,test,cycle,144_1b1_Tc_sc_Meditron__4,crackle_score,0.7875348642,0
M39,test,cycle,144_1b1_Tc_sc_Meditron__5,crackle_score,0.6411672223,0
M39,test,cycle,144_1b1_Tc_sc_Meditron__6,crackle_score,0.7522620927,0
M39,test,cycle,144_1b1_Tc_sc_Meditron__7,crackle_score,0.8103500385,0
M39,test,cycle,144_1b1_Tc_sc_Meditron__8,crackle_score,0.5752206177,0
M39,test,cycle,144_1b1_Tc_sc_Meditron__9,crackle_score,0.7318602418,0
M39,test,cycle,145_2b2_Al_mc_AKGC417L__0,crackle_score,1,0
M39,test,cycle,145_2b2_Al_mc_AKGC417L__1,crackle_score,1,0
M39,test,cycle,145_2b2_Al_mc_AKGC417L__2,crackle_score,1,0
M39,test,cycle,145_2b2_Al_mc_AKGC417L__3,crackle_score,1,0
M39,test,cycle,145_2b2_Al_mc_AKGC417L__4,crackle_score,0.598196625,0
M39,test,cycle,145_2b2_Ar_mc_AKGC417L__0,crackle_score,0.9053389367,1
M39,test,cycle,145_2b2_Ar_mc_AKGC417L__1,crackle_score,0.7390259066,0
M39,test,cycle,145_2b2_Ar_mc_AKGC417L__2,crackle_score,0.8634894992,1
M39,test,cycle,145_2b2_Ar_mc_AKGC417L__3,crackle_score,0.9407570651,1
M39,test,cycle,145_2b2_Ar_mc_AKGC417L__4,crackle_score,0.8419081732,0
M39,test,cycle,145_2b2_Lr_mc_AKGC417L__0,crackle_score,1,0
M39,test,cycle,145_2b2_Lr_mc_AKGC417L__1,crackle_score,0.9276827372,0
M39,test,cycle,145_2b2_Lr_mc_AKGC417L__2,crackle_score,0.9846526656,0
M39,test,cycle,145_2b2_Lr_mc_AKGC417L__3,crackle_score,1,0
M39,test,cycle,145_2b2_Lr_mc_AKGC417L__4,crackle_score,0.9558775643,0
M39,test,cycle,145_2b2_Pr_mc_AKGC417L__0,crackle_score,1,0
M39,test,cycle,145_2b2_Pr_mc_AKGC417L__1,crackle_score,0.8308853276,0
M39,test,cycle,145_2b2_Pr_mc_AKGC417L__2,crackle_score,0.9038772213,0
M39,test,cycle,145_2b2_Pr_mc_AKGC417L__3,crackle_score,0.6037075447,0
M39,test,cycle,145_2b2_Pr_mc_AKGC417L__4,crackle_score,1,0
M39,test,cycle,145_3b2_Ar_mc_AKGC417L__0,crackle_score,0.832830104,0
M39,test,cycle,145_3b2_Ar_mc_AKGC417L__1,crackle_score,0.8085370543,0
M39,test,cycle,145_3b2_Ar_mc_AKGC417L__2,crackle_score,0.852454327,0
M39,test,cycle,145_3b2_Ar_mc_AKGC417L__3,crackle_score,0.7683722788,0
M39,test,cycle,145_3b2_Ar_mc_AKGC417L__4,crackle_score,0.7217324132,0
M39,test,cycle,145_3b2_Ar_mc_AKGC417L__5,crackle_score,0.7358127574,0
M39,test,cycle,145_3b2_Lr_mc_AKGC417L__0,crackle_score,0.7270582682,1
M39,test,cycle,145_3b2_Lr_mc_AKGC417L__1,crackle_score,0.6479902752,1
M39,test,cycle,145_3b2_Lr_mc_AKGC417L__2,crackle_score,0.560624071,1
M39,test,cycle,145_3b2_Lr_mc_AKGC417L__3,crackle_score,0.7144320821,1
M39,test,cycle,145_3b2_Lr_mc_AKGC417L__4,crackle_score,0.5407984265,1
M39,test,cycle,145_3b2_Lr_mc_AKGC417L__5,crackle_score,0.4822018677,1
M39,test,cycle,145_3b4_Pl_mc_AKGC417L__0,crackle_score,0.5387970134,0
M39,test,cycle,145_3b4_Pl_mc_AKGC417L__1,crackle_score,0.5697281679,0
M39,test,cycle,145_3b4_Pl_mc_AKGC417L__2,crackle_score,0.5281882811,0
M39,test,cycle,145_3b4_Pl_mc_AKGC417L__3,crackle_score,0.5740960917,0
M39,test,cycle,145_3b4_Pl_mc_AKGC417L__4,crackle_score,0.6119148001,0
M39,test,cycle,146_2b2_Pl_mc_AKGC417L__0,crackle_score,1,0
M39,test,cycle,146_2b2_Pl_mc_AKGC417L__1,crackle_score,1,0
M39,test,cycle,146_2b2_Pl_mc_AKGC417L__2,crackle_score,1,1
M39,test,cycle,146_2b2_Pl_mc_AKGC417L__3,crackle_score,0.9827382057,1
M39,test,cycle,146_2b2_Pl_mc_AKGC417L__4,crackle_score,0.8977453549,1
M39,test,cycle,146_2b4_Al_mc_AKGC417L__0,crackle_score,0.8672272068,0
M39,test,cycle,146_2b4_Al_mc_AKGC417L__1,crackle_score,0.8779768148,0
M39,test,cycle,146_2b4_Al_mc_AKGC417L__2,crackle_score,0.8535688475,0
M39,test,cycle,146_2b4_Al_mc_AKGC417L__3,crackle_score,0.8280883394,0
M39,test,cycle,146_2b4_Al_mc_AKGC417L__4,crackle_score,0.8782935572,0
M39,test,cycle,146_2b4_Al_mc_AKGC417L__5,crackle_score,0.5435118546,0
M39,test,cycle,146_2b4_Ar_mc_AKGC417L__0,crackle_score,0.9760813886,0
M39,test,cycle,146_2b4_Ar_mc_AKGC417L__1,crackle_score,1,0
M39,test,cycle,146_2b4_Ar_mc_AKGC417L__2,crackle_score,0.9297519377,0
M39,test,cycle,146_2b4_Ar_mc_AKGC417L__3,crackle_score,1,0
M39,test,cycle,146_2b4_Ar_mc_AKGC417L__4,crackle_score,1,0
M39,test,cycle,146_2b4_Ar_mc_AKGC417L__5,crackle_score,0.6242769539,0
M39,test,cycle,146_2b4_Ll_mc_AKGC417L__0,crackle_score,0.7024279308,0
M39,test,cycle,146_2b4_Ll_mc_AKGC417L__1,crackle_score,0.6630947956,0
M39,test,cycle,146_2b4_Ll_mc_AKGC417L__2,crackle_score,0.7914524423,0
M39,test,cycle,146_2b4_Ll_mc_AKGC417L__3,crackle_score,0.6960415654,0
M39,test,cycle,146_2b4_Ll_mc_AKGC417L__4,crackle_score,0.6893405771,0
M39,test,cycle,146_2b4_Ll_mc_AKGC417L__5,crackle_score,0.3566765942,0
M39,test,cycle,146_2b4_Lr_mc_AKGC417L__0,crackle_score,0.7673148615,0
M39,test,cycle,146_2b4_Lr_mc_AKGC417L__1,crackle_score,0.8455608719,0
M39,test,cycle,146_2b4_Lr_mc_AKGC417L__2,crackle_score,0.6703600652,0
M39,test,cycle,146_2b4_Lr_mc_AKGC417L__3,crackle_score,1,0
M39,test,cycle,146_2b4_Lr_mc_AKGC417L__4,crackle_score,0.888263316,0
M39,test,cycle,146_2b4_Lr_mc_AKGC417L__5,crackle_score,0.6975377903,0
M39,test,cycle,146_2b4_Pr_mc_AKGC417L__0,crackle_score,0.9824063564,0
M39,test,cycle,146_2b4_Pr_mc_AKGC417L__1,crackle_score,0.9191500085,0
M39,test,cycle,146_2b4_Pr_mc_AKGC417L__2,crackle_score,0.7889885968,0
M39,test,cycle,146_2b4_Pr_mc_AKGC417L__3,crackle_score,0.609547675,0
M39,test,cycle,146_2b4_Pr_mc_AKGC417L__4,crackle_score,0.7295436133,0
M39,test,cycle,146_2b4_Pr_mc_AKGC417L__5,crackle_score,0.4557536186,0
M39,test,cycle,146_8p3_Al_mc_AKGC417L__0,crackle_score,0.9811898513,0
M39,test,cycle,146_8p3_Al_mc_AKGC417L__1,crackle_score,1,0
M39,test,cycle,146_8p3_Al_mc_AKGC417L__2,crackle_score,0.7754741776,0
M39,test,cycle,146_8p3_Al_mc_AKGC417L__3,crackle_score,0.9300049138,0
M39,test,cycle,146_8p3_Al_mc_AKGC417L__4,crackle_score,0.8838306538,0
M39,test,cycle,146_8p3_Al_mc_AKGC417L__5,crackle_score,1,0
M39,test,cycle,146_8p3_Al_mc_AKGC417L__6,crackle_score,0.8970249277,0
M39,test,cycle,146_8p3_Al_mc_AKGC417L__7,crackle_score,1,0
M39,test,cycle,146_8p3_Al_mc_AKGC417L__8,crackle_score,0.538875599,0
M39,test,cycle,146_8p3_Ar_mc_AKGC417L__0,crackle_score,1,0
M39,test,cycle,146_8p3_Ar_mc_AKGC417L__1,crackle_score,1,1
M39,test,cycle,146_8p3_Ar_mc_AKGC417L__2,crackle_score,1,1
M39,test,cycle,146_8p3_Ar_mc_AKGC417L__3,crackle_score,1,1
M39,test,cycle,146_8p3_Ar_mc_AKGC417L__4,crackle_score,1,1
M39,test,cycle,146_8p3_Ar_mc_AKGC417L__5,crackle_score,1,1
M39,test,cycle,146_8p3_Ar_mc_AKGC417L__6,crackle_score,1,1
M39,test,cycle,146_8p3_Ar_mc_AKGC417L__7,crackle_score,1,0
M39,test,cycle,146_8p3_Ar_mc_AKGC417L__8,crackle_score,0.9023176569,0
M39,test,cycle,146_8p3_Lr_mc_AKGC417L__0,crackle_score,0.7710966604,0
M39,test,cycle,146_8p3_Lr_mc_AKGC417L__1,crackle_score,0.9059533134,0
M39,test,cycle,146_8p3_Lr_mc_AKGC417L__2,crackle_score,1,0
M39,test,cycle,146_8p3_Lr_mc_AKGC417L__3,crackle_score,0.8691949221,0
M39,test,cycle,146_8p3_Lr_mc_AKGC417L__4,crackle_score,0.7296365558,0
M39,test,cycle,146_8p3_Lr_mc_AKGC417L__5,crackle_score,0.8361879583,0
M39,test,cycle,146_8p3_Lr_mc_AKGC417L__6,crackle_score,0.7281149768,0
M39,test,cycle,146_8p3_Lr_mc_AKGC417L__7,crackle_score,0.7771242641,0
M39,test,cycle,146_8p3_Lr_mc_AKGC417L__8,crackle_score,0.7216716215,0
M39,test,cycle,146_8p3_Pl_mc_AKGC417L__0,crackle_score,0.3580440038,0
M39,test,cycle,146_8p3_Pl_mc_AKGC417L__1,crackle_score,0.7902253776,0
M39,test,cycle,146_8p3_Pl_mc_AKGC417L__2,crackle_score,0.9963726613,0
M39,test,cycle,146_8p3_Pl_mc_AKGC417L__3,crackle_score,0.8498969399,0
M39,test,cycle,146_8p3_Pl_mc_AKGC417L__4,crackle_score,0.7385616371,0
M39,test,cycle,146_8p3_Pl_mc_AKGC417L__5,crackle_score,0.7352164972,0
M39,test,cycle,146_8p3_Pl_mc_AKGC417L__6,crackle_score,0.8873917726,0
M39,test,cycle,146_8p3_Pl_mc_AKGC417L__7,crackle_score,0.7935747831,0
M39,test,cycle,146_8p3_Pl_mc_AKGC417L__8,crackle_score,0.3427177768,0
M39,test,cycle,146_8p3_Pr_mc_AKGC417L__0,crackle_score,1,0
M39,test,cycle,146_8p3_Pr_mc_AKGC417L__1,crackle_score,1,0
M39,test,cycle,146_8p3_Pr_mc_AKGC417L__2,crackle_score,1,0
M39,test,cycle,146_8p3_Pr_mc_AKGC417L__3,crackle_score,1,0
M39,test,cycle,146_8p3_Pr_mc_AKGC417L__4,crackle_score,0.9395221091,0
M39,test,cycle,146_8p3_Pr_mc_AKGC417L__5,crackle_score,1,0
M39,test,cycle,146_8p3_Pr_mc_AKGC417L__6,crackle_score,1,0
M39,test,cycle,146_8p3_Pr_mc_AKGC417L__7,crackle_score,1,0
M39,test,cycle,146_8p3_Pr_mc_AKGC417L__8,crackle_score,1,0
M39,test,cycle,147_1b2_Tc_mc_AKGC417L__0,crackle_score,0.6699143752,0
M39,test,cycle,147_1b2_Tc_mc_AKGC417L__1,crackle_score,0.5868055556,0
M39,test,cycle,147_1b2_Tc_mc_AKGC417L__2,crackle_score,0.5052738686,0
M39,test,cycle,147_1b2_Tc_mc_AKGC417L__3,crackle_score,0.6986097319,0
M39,test,cycle,147_1b2_Tc_mc_AKGC417L__4,crackle_score,0.7865329513,0
M39,test,cycle,147_1b2_Tc_mc_AKGC417L__5,crackle_score,0.7550786251,0
M39,test,cycle,147_1b2_Tc_mc_AKGC417L__6,crackle_score,0.6342684461,0
M39,test,cycle,147_1b2_Tc_mc_AKGC417L__7,crackle_score,0.3950201461,0
M39,test,cycle,147_1b2_Tc_mc_AKGC417L__8,crackle_score,0.8056102975,0
M39,test,cycle,147_1b2_Tc_mc_AKGC417L__9,crackle_score,0.6281229981,0
M39,test,cycle,147_1b2_Tc_mc_AKGC417L__10,crackle_score,0.296952071,0
M39,test,cycle,147_1b2_Tc_mc_AKGC417L__11,crackle_score,0.2552337379,0
M39,test,cycle,147_1b3_Tc_mc_AKGC417L__0,crackle_score,0.7458943552,0
M39,test,cycle,147_1b3_Tc_mc_AKGC417L__1,crackle_score,0.8117022094,0
M39,test,cycle,147_1b3_Tc_mc_AKGC417L__2,crackle_score,0.7336153168,1
M39,test,cycle,147_1b3_Tc_mc_AKGC417L__3,crackle_score,0.7320053095,1
M39,test,cycle,147_1b3_Tc_mc_AKGC417L__4,crackle_score,0.8145287589,0
M39,test,cycle,147_1b3_Tc_mc_AKGC417L__5,crackle_score,0.649496287,0
M39,test,cycle,147_1b3_Tc_mc_AKGC417L__6,crackle_score,0.6948908906,0
M39,test,cycle,147_1b3_Tc_mc_AKGC417L__7,crackle_score,0.5739516248,0
M39,test,cycle,147_1b3_Tc_mc_AKGC417L__8,crackle_score,0.7411671022,0
M39,test,cycle,147_1b3_Tc_mc_AKGC417L__9,crackle_score,0.7233776151,0
M39,test,cycle,147_1b3_Tc_mc_AKGC417L__10,crackle_score,0.1036325471,0
M39,test,cycle,147_1b4_Tc_mc_AKGC417L__0,crackle_score,0.7132236519,0
M39,test,cycle,147_1b4_Tc_mc_AKGC417L__1,crackle_score,0.5412812779,0
M39,test,cycle,147_1b4_Tc_mc_AKGC417L__2,crackle_score,0.5457696368,0
M39,test,cycle,147_1b4_Tc_mc_AKGC417L__3,crackle_score,0.6525318305,0
M39,test,cycle,147_1b4_Tc_mc_AKGC417L__4,crackle_score,0.7624452133,0
M39,test,cycle,147_1b4_Tc_mc_AKGC417L__5,crackle_score,0.9367144977,0
M39,test,cycle,147_1b4_Tc_mc_AKGC417L__6,crackle_score,0.8802999657,0
M39,test,cycle,147_1b4_Tc_mc_AKGC417L__7,crackle_score,0.8525197042,0
M39,test,cycle,147_1b4_Tc_mc_AKGC417L__8,crackle_score,0.7662444494,0
M39,test,cycle,147_1b4_Tc_mc_AKGC417L__9,crackle_score,0.9950133049,0
M39,test,cycle,147_1b4_Tc_mc_AKGC417L__10,crackle_score,0.7917572064,0
M39,test,cycle,147_1b4_Tc_mc_AKGC417L__11,crackle_score,0.5783139906,0
M39,test,cycle,147_1b4_Tc_mc_AKGC417L__12,crackle_score,0.5784806294,0
M39,test,cycle,147_1b4_Tc_mc_AKGC417L__13,crackle_score,0.8070020012,0
M39,test,cycle,147_1b4_Tc_mc_AKGC417L__14,crackle_score,0.6130429829,0
M39,test,cycle,147_2b2_Al_mc_AKGC417L__0,crackle_score,0.7557156415,0
M39,test,cycle,147_2b2_Al_mc_AKGC417L__1,crackle_score,0.8109798417,0
M39,test,cycle,147_2b2_Al_mc_AKGC417L__2,crackle_score,0.7445033252,0
M39,test,cycle,147_2b2_Al_mc_AKGC417L__3,crackle_score,0.5720196313,0
M39,test,cycle,147_2b2_Al_mc_AKGC417L__4,crackle_score,0.6746743898,0
M39,test,cycle,147_2b2_Ar_mc_AKGC417L__0,crackle_score,0.7142631524,0
M39,test,cycle,147_2b2_Ar_mc_AKGC417L__1,crackle_score,0.5752691242,0
M39,test,cycle,147_2b2_Ar_mc_AKGC417L__2,crackle_score,0.4579846357,0
M39,test,cycle,147_2b2_Ar_mc_AKGC417L__3,crackle_score,0.5131874465,0
M39,test,cycle,147_2b2_Ar_mc_AKGC417L__4,crackle_score,0.4526326703,0
M39,test,cycle,147_2b2_Pl_mc_AKGC417L__0,crackle_score,0.9333694475,0
M39,test,cycle,147_2b2_Pl_mc_AKGC417L__1,crackle_score,1,0
M39,test,cycle,147_2b2_Pl_mc_AKGC417L__2,crackle_score,0.9176072235,0
M39,test,cycle,147_2b2_Pl_mc_AKGC417L__3,crackle_score,1,0
M39,test,cycle,147_2b2_Pl_mc_AKGC417L__4,crackle_score,0.8837471783,0
M39,test,cycle,147_2b3_Al_mc_AKGC417L__0,crackle_score,0.7832054293,0
M39,test,cycle,147_2b3_Al_mc_AKGC417L__1,crackle_score,0.8220397784,0
M39,test,cycle,147_2b3_Al_mc_AKGC417L__2,crackle_score,0.6589811153,0
M39,test,cycle,147_2b3_Al_mc_AKGC417L__3,crackle_score,0.7031721892,0
M39,test,cycle,147_2b3_Al_mc_AKGC417L__4,crackle_score,0.5952019789,0
M39,test,cycle,147_2b3_Ar_mc_AKGC417L__0,crackle_score,0.6176212418,0
M39,test,cycle,147_2b3_Ar_mc_AKGC417L__1,crackle_score,0.6693204144,0
M39,test,cycle,147_2b3_Ar_mc_AKGC417L__2,crackle_score,0.641386884,0
M39,test,cycle,147_2b3_Ar_mc_AKGC417L__3,crackle_score,0.408174295,0
M39,test,cycle,147_2b3_Ar_mc_AKGC417L__4,crackle_score,0.4426032049,0
M39,test,cycle,147_2b3_Ll_mc_AKGC417L__0,crackle_score,0.6209613273,0
M39,test,cycle,147_2b3_Ll_mc_AKGC417L__1,crackle_score,0.6970295813,0
M39,test,cycle,147_2b3_Ll_mc_AKGC417L__2,crackle_score,0.6042423175,0
M39,test,cycle,147_2b3_Ll_mc_AKGC417L__3,crackle_score,0.653823375,0
M39,test,cycle,147_2b3_Ll_mc_AKGC417L__4,crackle_score,0.5619472429,0
M39,test,cycle,147_2b3_Lr_mc_AKGC417L__0,crackle_score,1,0
M39,test,cycle,147_2b3_Lr_mc_AKGC417L__1,crackle_score,1,0
M39,test,cycle,147_2b3_Lr_mc_AKGC417L__2,crackle_score,1,0
M39,test,cycle,147_2b3_Lr_mc_AKGC417L__3,crackle_score,0.6451216789,0
M39,test,cycle,147_2b3_Lr_mc_AKGC417L__4,crackle_score,0.7946954813,0
M39,test,cycle,147_2b3_Pl_mc_AKGC417L__0,crackle_score,0.5208061178,0
M39,test,cycle,147_2b3_Pl_mc_AKGC417L__1,crackle_score,0.5403727208,0
M39,test,cycle,147_2b3_Pl_mc_AKGC417L__2,crackle_score,0.4551327936,0
M39,test,cycle,147_2b3_Pl_mc_AKGC417L__3,crackle_score,0.4874842496,0
M39,test,cycle,147_2b3_Pl_mc_AKGC417L__4,crackle_score,0.3556051508,0
M39,test,cycle,147_2b4_Al_mc_AKGC417L__0,crackle_score,0.7363822065,0
M39,test,cycle,147_2b4_Al_mc_AKGC417L__1,crackle_score,0.7815425203,0
M39,test,cycle,147_2b4_Al_mc_AKGC417L__2,crackle_score,0.7509805119,0
M39,test,cycle,147_2b4_Al_mc_AKGC417L__3,crackle_score,0.7615965793,0
M39,test,cycle,147_2b4_Al_mc_AKGC417L__4,crackle_score,0.8482491236,0
M39,test,cycle,147_2b4_Ar_mc_AKGC417L__0,crackle_score,0.3191997652,0
M39,test,cycle,147_2b4_Ar_mc_AKGC417L__1,crackle_score,0.6478394188,0
M39,test,cycle,147_2b4_Ar_mc_AKGC417L__2,crackle_score,0.609821355,0
M39,test,cycle,147_2b4_Ar_mc_AKGC417L__3,crackle_score,0.5638910634,0
M39,test,cycle,147_2b4_Ar_mc_AKGC417L__4,crackle_score,0.6124098798,0
M39,test,cycle,147_2b4_Ll_mc_AKGC417L__0,crackle_score,0.7101529087,0
M39,test,cycle,147_2b4_Ll_mc_AKGC417L__1,crackle_score,0.7432322829,0
M39,test,cycle,147_2b4_Ll_mc_AKGC417L__2,crackle_score,0.7108067559,0
M39,test,cycle,147_2b4_Ll_mc_AKGC417L__3,crackle_score,0.6582614342,0
M39,test,cycle,147_2b4_Ll_mc_AKGC417L__4,crackle_score,0.6925468242,0
M39,test,cycle,147_2b4_Lr_mc_AKGC417L__0,crackle_score,0.7887897086,0
M39,test,cycle,147_2b4_Lr_mc_AKGC417L__1,crackle_score,1,0
M39,test,cycle,147_2b4_Lr_mc_AKGC417L__2,crackle_score,0.8757288972,0
M39,test,cycle,147_2b4_Lr_mc_AKGC417L__3,crackle_score,1,0
M39,test,cycle,147_2b4_Lr_mc_AKGC417L__4,crackle_score,0.8214494448,0
M39,test,cycle,147_2b4_Pl_mc_AKGC417L__0,crackle_score,0.8213069037,0
M39,test,cycle,147_2b4_Pl_mc_AKGC417L__1,crackle_score,0.8611661434,0
M39,test,cycle,147_2b4_Pl_mc_AKGC417L__2,crackle_score,0.7581020624,0
M39,test,cycle,147_2b4_Pl_mc_AKGC417L__3,crackle_score,0.9069412619,0
M39,test,cycle,147_2b4_Pl_mc_AKGC417L__4,crackle_score,0.559247207,0
M39,test,cycle,149_1b1_Al_sc_Meditron__0,crackle_score,0.655444956,0
M39,test,cycle,149_1b1_Al_sc_Meditron__1,crackle_score,0.8951451069,0
M39,test,cycle,149_1b1_Al_sc_Meditron__2,crackle_score,0.7306461351,0
M39,test,cycle,149_1b1_Al_sc_Meditron__3,crackle_score,0.8777226749,0
M39,test,cycle,149_1b1_Al_sc_Meditron__4,crackle_score,1,1
M39,test,cycle,149_1b1_Al_sc_Meditron__5,crackle_score,1,0
M39,test,cycle,149_1b1_Al_sc_Meditron__6,crackle_score,0.9455281135,0
M39,test,cycle,149_1b1_Al_sc_Meditron__7,crackle_score,0.9259239658,1
M39,test,cycle,149_1b1_Al_sc_Meditron__8,crackle_score,1,0
M39,test,cycle,149_1b1_Al_sc_Meditron__9,crackle_score,1,0
M39,test,cycle,149_1b1_Al_sc_Meditron__10,crackle_score,0.8184946095,0
M39,test,cycle,149_1b1_Al_sc_Meditron__11,crackle_score,0.8973748775,0
M39,test,cycle,149_1b1_Al_sc_Meditron__12,crackle_score,0.9677649336,0
M39,test,cycle,149_1b1_Al_sc_Meditron__13,crackle_score,1,0
M39,test,cycle,149_1b1_Al_sc_Meditron__14,crackle_score,1,0
M39,test,cycle,149_1b1_Al_sc_Meditron__15,crackle_score,1,0
M39,test,cycle,149_1b1_Al_sc_Meditron__16,crackle_score,0.8658167645,1
M39,test,cycle,149_1b1_Al_sc_Meditron__17,crackle_score,0.7182712116,0
M39,test,cycle,149_1b1_Lr_sc_Meditron__0,crackle_score,0.7068471126,0
M39,test,cycle,149_1b1_Lr_sc_Meditron__1,crackle_score,0.8783102144,0
M39,test,cycle,149_1b1_Lr_sc_Meditron__2,crackle_score,0.8238124811,0
M39,test,cycle,149_1b1_Lr_sc_Meditron__3,crackle_score,0.9608830113,0
M39,test,cycle,149_1b1_Lr_sc_Meditron__4,crackle_score,0.9818777449,0
M39,test,cycle,149_1b1_Lr_sc_Meditron__5,crackle_score,0.7677617934,0
M39,test,cycle,149_1b1_Lr_sc_Meditron__6,crackle_score,0.966562986,0
M39,test,cycle,149_1b1_Lr_sc_Meditron__7,crackle_score,0.7251256258,0
M39,test,cycle,149_1b1_Lr_sc_Meditron__8,crackle_score,0.7570026396,1
M39,test,cycle,149_1b1_Lr_sc_Meditron__9,crackle_score,0.7319306387,1
M39,test,cycle,149_1b1_Lr_sc_Meditron__10,crackle_score,0.9744958482,0
M39,test,cycle,149_1b1_Lr_sc_Meditron__11,crackle_score,0.5911645545,0
M39,test,cycle,149_1b1_Lr_sc_Meditron__12,crackle_score,0.7058166369,0
M39,test,cycle,149_1b1_Lr_sc_Meditron__13,crackle_score,0.9704197712,0
M39,test,cycle,149_1b1_Lr_sc_Meditron__14,crackle_score,0.9047810657,0
M39,test,cycle,149_1b1_Lr_sc_Meditron__15,crackle_score,0.9725236262,0
M39,test,cycle,149_1b1_Pl_sc_Meditron__0,crackle_score,0.5361630912,0
M39,test,cycle,149_1b1_Pl_sc_Meditron__1,crackle_score,0.7480833588,0
M39,test,cycle,149_1b1_Pl_sc_Meditron__2,crackle_score,0.7688764924,0
M39,test,cycle,149_1b1_Pl_sc_Meditron__3,crackle_score,0.6712566949,0
M39,test,cycle,149_1b1_Pl_sc_Meditron__4,crackle_score,0.6160341469,0
M39,test,cycle,149_1b1_Pl_sc_Meditron__5,crackle_score,0.603903119,0
M39,test,cycle,149_1b1_Pl_sc_Meditron__6,crackle_score,0.7515092376,0
M39,test,cycle,149_1b1_Pl_sc_Meditron__7,crackle_score,0.7512889726,0
M39,test,cycle,149_1b1_Pl_sc_Meditron__8,crackle_score,0.8780424742,0
M39,test,cycle,149_1b1_Pl_sc_Meditron__9,crackle_score,0.6776769972,1
M39,test,cycle,149_1b1_Pl_sc_Meditron__10,crackle_score,0.7026592019,0
M39,test,cycle,149_1b1_Pl_sc_Meditron__11,crackle_score,0.7505010318,0
M39,test,cycle,149_1b1_Pl_sc_Meditron__12,crackle_score,0.6014979598,0
M39,test,cycle,149_1b1_Pl_sc_Meditron__13,crackle_score,0.71939599,0
M39,test,cycle,149_1b1_Pl_sc_Meditron__14,crackle_score,0.7109332157,0
M39,test,cycle,149_1b1_Pl_sc_Meditron__15,crackle_score,0.661354894,0
M39,test,cycle,149_1b1_Pl_sc_Meditron__16,crackle_score,0.5858567357,0
M39,test,cycle,150_1b2_Al_sc_Meditron__0,crackle_score,0.519208295,1
M39,test,cycle,150_1b2_Al_sc_Meditron__1,crackle_score,0.7433126664,1
M39,test,cycle,150_1b2_Al_sc_Meditron__2,crackle_score,1,1
M39,test,cycle,150_1b2_Al_sc_Meditron__3,crackle_score,0.8141831239,1
M39,test,cycle,150_1b2_Al_sc_Meditron__4,crackle_score,0.6978439464,0
M39,test,cycle,150_1b2_Al_sc_Meditron__5,crackle_score,0.9154735436,1
M39,test,cycle,150_1b2_Al_sc_Meditron__6,crackle_score,1,1
M39,test,cycle,150_1b2_Al_sc_Meditron__7,crackle_score,1,1
M39,test,cycle,150_1b2_Al_sc_Meditron__8,crackle_score,0.9863749776,1
M39,test,cycle,150_1b2_Al_sc_Meditron__9,crackle_score,0.7323278905,0
M39,test,cycle,150_1b2_Al_sc_Meditron__10,crackle_score,1,1
M39,test,cycle,150_1b2_Al_sc_Meditron__11,crackle_score,1,0
M39,test,cycle,150_1b2_Al_sc_Meditron__12,crackle_score,1,0
M39,test,cycle,150_1b2_Al_sc_Meditron__13,crackle_score,1,0
M39,test,cycle,150_1b2_Al_sc_Meditron__14,crackle_score,1,0
M39,test,cycle,150_1b2_Al_sc_Meditron__15,crackle_score,1,0
M39,test,cycle,150_1b2_Al_sc_Meditron__16,crackle_score,1,0
M39,test,cycle,151_2p2_Al_mc_AKGC417L__0,crackle_score,0.7784134363,1
M39,test,cycle,151_2p2_Al_mc_AKGC417L__1,crackle_score,0.9129553976,0
M39,test,cycle,151_2p2_Al_mc_AKGC417L__2,crackle_score,0.8574555735,1
M39,test,cycle,151_2p2_Al_mc_AKGC417L__3,crackle_score,0.9144477302,0
M39,test,cycle,151_2p2_Al_mc_AKGC417L__4,crackle_score,0.8062080941,1
M39,test,cycle,151_2p2_Al_mc_AKGC417L__5,crackle_score,0.9321895662,0
M39,test,cycle,151_2p2_Ar_mc_AKGC417L__0,crackle_score,0.6795792671,0
M39,test,cycle,151_2p2_Ar_mc_AKGC417L__1,crackle_score,1,0
M39,test,cycle,151_2p2_Ar_mc_AKGC417L__2,crackle_score,0.7740044036,0
M39,test,cycle,151_2p2_Ar_mc_AKGC417L__3,crackle_score,0.6336798693,0
M39,test,cycle,151_2p2_Ar_mc_AKGC417L__4,crackle_score,0.7030790328,0
M39,test,cycle,151_2p2_Ar_mc_AKGC417L__5,crackle_score,0.6912997132,0
M39,test,cycle,151_2p2_Ll_mc_AKGC417L__0,crackle_score,0.5892733437,0
M39,test,cycle,151_2p2_Ll_mc_AKGC417L__1,crackle_score,0.5679894533,1
M39,test,cycle,151_2p2_Ll_mc_AKGC417L__2,crackle_score,0.5862376512,1
M39,test,cycle,151_2p2_Ll_mc_AKGC417L__3,crackle_score,0.8472941909,1
M39,test,cycle,151_2p2_Ll_mc_AKGC417L__4,crackle_score,0.7089650186,1
M39,test,cycle,151_2p2_Ll_mc_AKGC417L__5,crackle_score,0.5937067616,1
M39,test,cycle,151_2p2_Lr_mc_AKGC417L__0,crackle_score,0.7333433645,0
M39,test,cycle,151_2p2_Lr_mc_AKGC417L__1,crackle_score,0.9226097016,0
M39,test,cycle,151_2p2_Lr_mc_AKGC417L__2,crackle_score,0.9475359114,0
M39,test,cycle,151_2p2_Lr_mc_AKGC417L__3,crackle_score,0.8527438446,1
M39,test,cycle,151_2p2_Lr_mc_AKGC417L__4,crackle_score,0.7917223137,0
M39,test,cycle,151_2p2_Lr_mc_AKGC417L__5,crackle_score,0.9340277778,0
M39,test,cycle,151_2p2_Pl_mc_AKGC417L__0,crackle_score,0.9441185734,0
M39,test,cycle,151_2p2_Pl_mc_AKGC417L__1,crackle_score,1,0
M39,test,cycle,151_2p2_Pl_mc_AKGC417L__2,crackle_score,0.9270172064,0
M39,test,cycle,151_2p2_Pl_mc_AKGC417L__3,crackle_score,1,0
M39,test,cycle,151_2p2_Pl_mc_AKGC417L__4,crackle_score,1,0
M39,test,cycle,151_2p2_Pl_mc_AKGC417L__5,crackle_score,0.9584543235,0
M39,test,cycle,151_2p2_Pr_mc_AKGC417L__0,crackle_score,0.8660795607,0
M39,test,cycle,151_2p2_Pr_mc_AKGC417L__1,crackle_score,0.8077723068,0
M39,test,cycle,151_2p2_Pr_mc_AKGC417L__2,crackle_score,0.919483417,0
M39,test,cycle,151_2p2_Pr_mc_AKGC417L__3,crackle_score,0.8132377983,0
M39,test,cycle,151_2p2_Pr_mc_AKGC417L__4,crackle_score,0.9281448801,0
M39,test,cycle,151_2p2_Pr_mc_AKGC417L__5,crackle_score,0.9209023327,0
M39,test,cycle,151_2p2_Tc_mc_AKGC417L__0,crackle_score,0.4081525794,0
M39,test,cycle,151_2p2_Tc_mc_AKGC417L__1,crackle_score,0.8562697279,0
M39,test,cycle,151_2p2_Tc_mc_AKGC417L__2,crackle_score,0.9391492371,0
M39,test,cycle,151_2p2_Tc_mc_AKGC417L__3,crackle_score,0.62599888,0
M39,test,cycle,151_2p2_Tc_mc_AKGC417L__4,crackle_score,0.7402425436,0
M39,test,cycle,151_2p2_Tc_mc_AKGC417L__5,crackle_score,0.7638017746,0
M39,test,cycle,151_2p3_Al_mc_AKGC417L__0,crackle_score,0.5203281185,1
M39,test,cycle,151_2p3_Al_mc_AKGC417L__1,crackle_score,0.5287936137,1
M39,test,cycle,151_2p3_Al_mc_AKGC417L__2,crackle_score,0.5266340585,1
M39,test,cycle,151_2p3_Al_mc_AKGC417L__3,crackle_score,0.5375868738,0
M39,test,cycle,151_2p3_Al_mc_AKGC417L__4,crackle_score,0.5409652534,0
M39,test,cycle,151_2p3_Al_mc_AKGC417L__5,crackle_score,0.5300390475,0
M39,test,cycle,151_2p3_Ar_mc_AKGC417L__0,crackle_score,0.8200974866,0
M39,test,cycle,151_2p3_Ar_mc_AKGC417L__1,crackle_score,0.7706878326,1
M39,test,cycle,151_2p3_Ar_mc_AKGC417L__2,crackle_score,0.7249985451,0
M39,test,cycle,151_2p3_Ar_mc_AKGC417L__3,crackle_score,0.885460773,1
M39,test,cycle,151_2p3_Ar_mc_AKGC417L__4,crackle_score,0.8737008761,1
M39,test,cycle,151_2p3_Ar_mc_AKGC417L__5,crackle_score,0.7963001538,1
M39,test,cycle,151_2p3_Ll_mc_AKGC417L__0,crackle_score,0.5442644556,0
M39,test,cycle,151_2p3_Ll_mc_AKGC417L__1,crackle_score,0.5636135288,0
M39,test,cycle,151_2p3_Ll_mc_AKGC417L__2,crackle_score,0.5717739679,0
M39,test,cycle,151_2p3_Ll_mc_AKGC417L__3,crackle_score,0.5730732287,0
M39,test,cycle,151_2p3_Ll_mc_AKGC417L__4,crackle_score,0.6336451976,1
M39,test,cycle,151_2p3_Ll_mc_AKGC417L__5,crackle_score,0.650369881,1
M39,test,cycle,151_2p3_Lr_mc_AKGC417L__0,crackle_score,0.5860209776,0
M39,test,cycle,151_2p3_Lr_mc_AKGC417L__1,crackle_score,0.6320652264,0
M39,test,cycle,151_2p3_Lr_mc_AKGC417L__2,crackle_score,0.5843667795,0
M39,test,cycle,151_2p3_Lr_mc_AKGC417L__3,crackle_score,0.7187436237,0
M39,test,cycle,151_2p3_Lr_mc_AKGC417L__4,crackle_score,0.869162079,0
M39,test,cycle,151_2p3_Lr_mc_AKGC417L__5,crackle_score,0.7848656548,0
M39,test,cycle,151_2p3_Pl_mc_AKGC417L__0,crackle_score,0.7653085393,0
M39,test,cycle,151_2p3_Pl_mc_AKGC417L__1,crackle_score,0.9046902407,0
M39,test,cycle,151_2p3_Pl_mc_AKGC417L__2,crackle_score,0.9578600811,0
M39,test,cycle,151_2p3_Pl_mc_AKGC417L__3,crackle_score,1,0
M39,test,cycle,151_2p3_Pl_mc_AKGC417L__4,crackle_score,1,0
M39,test,cycle,151_2p3_Pl_mc_AKGC417L__5,crackle_score,1,0
M39,test,cycle,151_2p3_Pr_mc_AKGC417L__0,crackle_score,0.7035191266,0
M39,test,cycle,151_2p3_Pr_mc_AKGC417L__1,crackle_score,0.5396256095,0
M39,test,cycle,151_2p3_Pr_mc_AKGC417L__2,crackle_score,0.6371220463,0
M39,test,cycle,151_2p3_Pr_mc_AKGC417L__3,crackle_score,0.7552792917,0
M39,test,cycle,151_2p3_Pr_mc_AKGC417L__4,crackle_score,0.6209254395,0
M39,test,cycle,151_2p3_Pr_mc_AKGC417L__5,crackle_score,0.7392295977,0
M39,test,cycle,151_2p3_Tc_mc_AKGC417L__0,crackle_score,0.4679825658,0
M39,test,cycle,151_2p3_Tc_mc_AKGC417L__1,crackle_score,0.6546709244,0
M39,test,cycle,151_2p3_Tc_mc_AKGC417L__2,crackle_score,0.735614441,0
M39,test,cycle,151_2p3_Tc_mc_AKGC417L__3,crackle_score,0.6272815884,0
M39,test,cycle,151_2p3_Tc_mc_AKGC417L__4,crackle_score,0.7732828778,0
M39,test,cycle,151_2p3_Tc_mc_AKGC417L__5,crackle_score,0.9164095849,0
M39,test,cycle,151_2p4_Al_mc_AKGC417L__0,crackle_score,0.5015966487,0
M39,test,cycle,151_2p4_Al_mc_AKGC417L__1,crackle_score,0.6040501148,0
M39,test,cycle,151_2p4_Al_mc_AKGC417L__2,crackle_score,0.6592177361,1
M39,test,cycle,151_2p4_Al_mc_AKGC417L__3,crackle_score,0.6911170576,1
M39,test,cycle,151_2p4_Al_mc_AKGC417L__4,crackle_score,0.6832165339,0
M39,test,cycle,151_2p4_Al_mc_AKGC417L__5,crackle_score,0.6702862646,0
M39,test,cycle,151_2p4_Ar_mc_AKGC417L__0,crackle_score,0.6636085406,1
M39,test,cycle,151_2p4_Ar_mc_AKGC417L__1,crackle_score,0.6846385143,0
M39,test,cycle,151_2p4_Ar_mc_AKGC417L__2,crackle_score,0.7936906859,0
M39,test,cycle,151_2p4_Ar_mc_AKGC417L__3,crackle_score,0.7526200731,0
M39,test,cycle,151_2p4_Ar_mc_AKGC417L__4,crackle_score,0.8587061991,0
M39,test,cycle,151_2p4_Ar_mc_AKGC417L__5,crackle_score,0.7528284915,0
M39,test,cycle,151_2p4_Ll_mc_AKGC417L__0,crackle_score,0.5039092723,1
M39,test,cycle,151_2p4_Ll_mc_AKGC417L__1,crackle_score,0.5270990576,1
M39,test,cycle,151_2p4_Ll_mc_AKGC417L__2,crackle_score,0.5797341135,1
M39,test,cycle,151_2p4_Ll_mc_AKGC417L__3,crackle_score,0.5883173321,1
M39,test,cycle,151_2p4_Ll_mc_AKGC417L__4,crackle_score,0.5765352282,0
M39,test,cycle,151_2p4_Ll_mc_AKGC417L__5,crackle_score,0.8672983365,1
M39,test,cycle,151_2p4_Lr_mc_AKGC417L__0,crackle_score,0.4240589982,0
M39,test,cycle,151_2p4_Lr_mc_AKGC417L__1,crackle_score,0.5437115382,0
M39,test,cycle,151_2p4_Lr_mc_AKGC417L__2,crackle_score,0.6466031916,0
M39,test,cycle,151_2p4_Lr_mc_AKGC417L__3,crackle_score,0.6098254125,0
M39,test,cycle,151_2p4_Lr_mc_AKGC417L__4,crackle_score,0.6657854425,0
M39,test,cycle,151_2p4_Lr_mc_AKGC417L__5,crackle_score,0.6651391854,0
M39,test,cycle,151_2p4_Pl_mc_AKGC417L__0,crackle_score,0.6051147679,1
M39,test,cycle,151_2p4_Pl_mc_AKGC417L__1,crackle_score,0.6632682708,1
M39,test,cycle,151_2p4_Pl_mc_AKGC417L__2,crackle_score,0.7943026445,1
M39,test,cycle,151_2p4_Pl_mc_AKGC417L__3,crackle_score,1,1
M39,test,cycle,151_2p4_Pl_mc_AKGC417L__4,crackle_score,0.7968956471,0
M39,test,cycle,151_2p4_Pl_mc_AKGC417L__5,crackle_score,1,0
M39,test,cycle,151_2p4_Pr_mc_AKGC417L__0,crackle_score,0.8074851338,0
M39,test,cycle,151_2p4_Pr_mc_AKGC417L__1,crackle_score,0.6600465378,0
M39,test,cycle,151_2p4_Pr_mc_AKGC417L__2,crackle_score,1,0
M39,test,cycle,151_2p4_Pr_mc_AKGC417L__3,crackle_score,0.8730144025,0
M39,test,cycle,151_2p4_Pr_mc_AKGC417L__4,crackle_score,0.8162625174,0
M39,test,cycle,151_2p4_Pr_mc_AKGC417L__5,crackle_score,0.7450577607,0
M39,test,cycle,151_2p4_Tc_mc_AKGC417L__0,crackle_score,0.2296145786,0
M39,test,cycle,151_2p4_Tc_mc_AKGC417L__1,crackle_score,0.3998349487,0
M39,test,cycle,151_2p4_Tc_mc_AKGC417L__2,crackle_score,0.5974542286,0
M39,test,cycle,151_2p4_Tc_mc_AKGC417L__3,crackle_score,0.4727902571,0
M39,test,cycle,151_2p4_Tc_mc_AKGC417L__4,crackle_score,0.6048517308,0
M39,test,cycle,151_2p4_Tc_mc_AKGC417L__5,crackle_score,0.5345602581,0
M39,test,cycle,151_3p2_Al_mc_AKGC417L__0,crackle_score,0.6848833669,1
M39,test,cycle,151_3p2_Al_mc_AKGC417L__1,crackle_score,0.6255978543,1
M39,test,cycle,151_3p2_Al_mc_AKGC417L__2,crackle_score,0.6316928739,1
M39,test,cycle,151_3p2_Al_mc_AKGC417L__3,crackle_score,0.5502013396,1
M39,test,cycle,151_3p2_Al_mc_AKGC417L__4,crackle_score,0.7446268379,1
M39,test,cycle,151_3p2_Al_mc_AKGC417L__5,crackle_score,0.6497934808,0
M39,test,cycle,151_3p2_Ar_mc_AKGC417L__0,crackle_score,0.7135616301,1
M39,test,cycle,151_3p2_Ar_mc_AKGC417L__1,crackle_score,0.7995161114,1
M39,test,cycle,151_3p2_Ar_mc_AKGC417L__2,crackle_score,0.8048563227,1
M39,test,cycle,151_3p2_Ar_mc_AKGC417L__3,crackle_score,0.8865478404,1
M39,test,cycle,151_3p2_Ar_mc_AKGC417L__4,crackle_score,0.8623266266,1
M39,test,cycle,151_3p2_Ar_mc_AKGC417L__5,crackle_score,0.9141387274,0
M39,test,cycle,151_3p2_Lr_mc_AKGC417L__0,crackle_score,0.5862210061,0
M39,test,cycle,151_3p2_Lr_mc_AKGC417L__1,crackle_score,0.6970985455,1
M39,test,cycle,151_3p2_Lr_mc_AKGC417L__2,crackle_score,0.7511246873,0
M39,test,cycle,151_3p2_Lr_mc_AKGC417L__3,crackle_score,0.7143232716,0
M39,test,cycle,151_3p2_Lr_mc_AKGC417L__4,crackle_score,0.5184362799,0
M39,test,cycle,151_3p2_Lr_mc_AKGC417L__5,crackle_score,0.5520335627,0
M39,test,cycle,151_3p2_Pl_mc_AKGC417L__0,crackle_score,1,1
M39,test,cycle,151_3p2_Pl_mc_AKGC417L__1,crackle_score,0.9529441369,1
M39,test,cycle,151_3p2_Pl_mc_AKGC417L__2,crackle_score,0.9596678529,1
M39,test,cycle,151_3p2_Pl_mc_AKGC417L__3,crackle_score,0.7224199288,1
M39,test,cycle,151_3p2_Pl_mc_AKGC417L__4,crackle_score,1,1
M39,test,cycle,151_3p2_Pl_mc_AKGC417L__5,crackle_score,0.8824091778,1
M39,test,cycle,151_3p2_Pr_mc_AKGC417L__0,crackle_score,0.6253237258,1
M39,test,cycle,151_3p2_Pr_mc_AKGC417L__1,crackle_score,0.6494328484,1
M39,test,cycle,151_3p2_Pr_mc_AKGC417L__2,crackle_score,0.6616040993,0
M39,test,cycle,151_3p2_Pr_mc_AKGC417L__3,crackle_score,0.6616381217,0
M39,test,cycle,151_3p2_Pr_mc_AKGC417L__4,crackle_score,0.4340279069,0
M39,test,cycle,151_3p2_Pr_mc_AKGC417L__5,crackle_score,0.5534479462,0
M39,test,cycle,151_3p2_Tc_mc_AKGC417L__0,crackle_score,0.5783997202,0
M39,test,cycle,151_3p2_Tc_mc_AKGC417L__1,crackle_score,0.8985041539,0
M39,test,cycle,151_3p2_Tc_mc_AKGC417L__2,crackle_score,0.3538303527,0
M39,test,cycle,151_3p2_Tc_mc_AKGC417L__3,crackle_score,0.5906287257,0
M39,test,cycle,151_3p2_Tc_mc_AKGC417L__4,crackle_score,0.6163680294,0
M39,test,cycle,151_3p2_Tc_mc_AKGC417L__5,crackle_score,0.3329114897,0
M39,test,cycle,151_3p3_Ll_mc_AKGC417L__0,crackle_score,0.6923767991,1
M39,test,cycle,151_3p3_Ll_mc_AKGC417L__1,crackle_score,0.9535430829,1
M39,test,cycle,151_3p3_Ll_mc_AKGC417L__2,crackle_score,0.8507828547,1
M39,test,cycle,151_3p3_Ll_mc_AKGC417L__3,crackle_score,0.7821885064,1
M39,test,cycle,151_3p3_Ll_mc_AKGC417L__4,crackle_score,0.8383969596,1
M39,test,cycle,151_3p3_Ll_mc_AKGC417L__5,crackle_score,0.4943455154,0
M39,test,cycle,160_1b2_Al_mc_AKGC417L__0,crackle_score,0.8009310343,1
M39,test,cycle,160_1b2_Al_mc_AKGC417L__1,crackle_score,0.8123142274,1
M39,test,cycle,160_1b2_Ar_mc_AKGC417L__0,crackle_score,0.4082450469,0
M39,test,cycle,160_1b2_Ar_mc_AKGC417L__1,crackle_score,0.2419588554,0
M39,test,cycle,160_1b2_Lr_mc_AKGC417L__0,crackle_score,0.6348191379,1
M39,test,cycle,160_1b2_Lr_mc_AKGC417L__1,crackle_score,0.6118695166,0
M39,test,cycle,160_1b2_Pl_mc_AKGC417L__0,crackle_score,0.7448344157,0
M39,test,cycle,160_1b2_Pl_mc_AKGC417L__1,crackle_score,0.6345050215,0
M39,test,cycle,160_1b2_Pr_mc_AKGC417L__0,crackle_score,1,1
M39,test,cycle,160_1b2_Pr_mc_AKGC417L__1,crackle_score,0.56276901,0
M39,test,cycle,160_1b2_Tc_mc_AKGC417L__0,crackle_score,0.5182601682,0
M39,test,cycle,160_1b2_Tc_mc_AKGC417L__1,crackle_score,0.5437983445,0
M39,test,cycle,160_1b3_Al_mc_AKGC417L__0,crackle_score,0.7892166006,0
M39,test,cycle,160_1b3_Al_mc_AKGC417L__1,crackle_score,0.9091726252,1
M39,test,cycle,160_1b3_Al_mc_AKGC417L__2,crackle_score,0.7084075893,0
M39,test,cycle,160_1b3_Al_mc_AKGC417L__3,crackle_score,0.7410303107,0
M39,test,cycle,160_1b3_Al_mc_AKGC417L__4,crackle_score,0.6832176424,0
M39,test,cycle,160_1b3_Ar_mc_AKGC417L__0,crackle_score,0.3396819576,0
M39,test,cycle,160_1b3_Ar_mc_AKGC417L__1,crackle_score,0.5162196861,0
M39,test,cycle,160_1b3_Ar_mc_AKGC417L__2,crackle_score,0.4915717354,0
M39,test,cycle,160_1b3_Ar_mc_AKGC417L__3,crackle_score,0.6298092435,0
M39,test,cycle,160_1b3_Ar_mc_AKGC417L__4,crackle_score,0.39846583,0
M39,test,cycle,160_1b3_Lr_mc_AKGC417L__0,crackle_score,0.649272665,0
M39,test,cycle,160_1b3_Lr_mc_AKGC417L__1,crackle_score,0.6498533448,0
M39,test,cycle,160_1b3_Lr_mc_AKGC417L__2,crackle_score,0.6446141081,0
M39,test,cycle,160_1b3_Lr_mc_AKGC417L__3,crackle_score,0.6023985826,0
M39,test,cycle,160_1b3_Lr_mc_AKGC417L__4,crackle_score,0.5948876833,0
M39,test,cycle,160_1b3_Pl_mc_AKGC417L__0,crackle_score,0.8280957607,0
M39,test,cycle,160_1b3_Pl_mc_AKGC417L__1,crackle_score,0.8025703492,1
M39,test,cycle,160_1b3_Pl_mc_AKGC417L__2,crackle_score,0.8075607343,1
M39,test,cycle,160_1b3_Pl_mc_AKGC417L__3,crackle_score,0.6951068311,0
M39,test,cycle,160_1b3_Pl_mc_AKGC417L__4,crackle_score,0.5367503031,0
M39,test,cycle,160_1b3_Pr_mc_AKGC417L__0,crackle_score,0.9408713693,1
M39,test,cycle,160_1b3_Pr_mc_AKGC417L__1,crackle_score,0.9991265286,1
M39,test,cycle,160_1b3_Pr_mc_AKGC417L__2,crackle_score,0.9041277648,1
M39,test,cycle,160_1b3_Pr_mc_AKGC417L__3,crackle_score,1,1
M39,test,cycle,160_1b3_Pr_mc_AKGC417L__4,crackle_score,0.6960377374,1
M39,test,cycle,160_1b3_Tc_mc_AKGC417L__0,crackle_score,0.5978089677,0
M39,test,cycle,160_1b3_Tc_mc_AKGC417L__1,crackle_score,0.5552218372,0
M39,test,cycle,160_1b3_Tc_mc_AKGC417L__2,crackle_score,0.5470760093,0
M39,test,cycle,160_1b3_Tc_mc_AKGC417L__3,crackle_score,0.5607911304,0
M39,test,cycle,160_1b3_Tc_mc_AKGC417L__4,crackle_score,0.5554247189,0
M39,test,cycle,160_1b4_Al_mc_AKGC417L__0,crackle_score,0.8530173033,1
M39,test,cycle,160_1b4_Al_mc_AKGC417L__1,crackle_score,0.8554775018,1
M39,test,cycle,160_1b4_Al_mc_AKGC417L__2,crackle_score,0.6520190532,1
M39,test,cycle,160_1b4_Al_mc_AKGC417L__3,crackle_score,0.7935163599,1
M39,test,cycle,160_1b4_Ar_mc_AKGC417L__0,crackle_score,0.6145677772,0
M39,test,cycle,160_1b4_Ar_mc_AKGC417L__1,crackle_score,0.5574703301,0
M39,test,cycle,160_1b4_Ar_mc_AKGC417L__2,crackle_score,0.4683592013,1
M39,test,cycle,160_1b4_Ar_mc_AKGC417L__3,crackle_score,0.4959261958,1
M39,test,cycle,160_1b4_Lr_mc_AKGC417L__0,crackle_score,0.6551902485,0
M39,test,cycle,160_1b4_Lr_mc_AKGC417L__1,crackle_score,0.7026683955,0
M39,test,cycle,160_1b4_Lr_mc_AKGC417L__2,crackle_score,0.7282516152,0
M39,test,cycle,160_1b4_Lr_mc_AKGC417L__3,crackle_score,0.6558112072,0
M39,test,cycle,160_1b4_Pl_mc_AKGC417L__0,crackle_score,1,0
M39,test,cycle,160_1b4_Pl_mc_AKGC417L__1,crackle_score,0.6554898321,1
M39,test,cycle,160_1b4_Pl_mc_AKGC417L__2,crackle_score,0.7656082877,0
M39,test,cycle,160_1b4_Pl_mc_AKGC417L__3,crackle_score,0.7303990207,0
M39,test,cycle,160_1b4_Pr_mc_AKGC417L__0,crackle_score,1,1
M39,test,cycle,160_1b4_Pr_mc_AKGC417L__1,crackle_score,0.9883872368,1
M39,test,cycle,160_1b4_Pr_mc_AKGC417L__2,crackle_score,0.9951662344,1
M39,test,cycle,160_1b4_Pr_mc_AKGC417L__3,crackle_score,0.8487216581,1
M39,test,cycle,160_1b4_Tc_mc_AKGC417L__0,crackle_score,0.5187754019,0
M39,test,cycle,160_1b4_Tc_mc_AKGC417L__1,crackle_score,0.5477847211,0
M39,test,cycle,160_1b4_Tc_mc_AKGC417L__2,crackle_score,0.5453006708,0
M39,test,cycle,160_1b4_Tc_mc_AKGC417L__3,crackle_score,0.5798805521,0
M39,test,cycle,160_2b3_Lr_mc_AKGC417L__0,crackle_score,0.4860845952,0
M39,test,cycle,160_2b3_Lr_mc_AKGC417L__1,crackle_score,0.8099472802,0
M39,test,cycle,160_2b3_Lr_mc_AKGC417L__2,crackle_score,0.7503526536,0
M39,test,cycle,160_2b3_Lr_mc_AKGC417L__3,crackle_score,0.6524808471,1
M39,test,cycle,160_2b3_Lr_mc_AKGC417L__4,crackle_score,0.6723869659,0
M39,test,cycle,160_2b3_Lr_mc_AKGC417L__5,crackle_score,0.7822762031,0
M39,test,cycle,160_2b3_Lr_mc_AKGC417L__6,crackle_score,0.6139024174,0
M39,test,cycle,160_2b4_Ar_mc_AKGC417L__0,crackle_score,0.6921884272,1
M39,test,cycle,160_2b4_Ar_mc_AKGC417L__1,crackle_score,0.6660334569,1
M39,test,cycle,160_2b4_Ar_mc_AKGC417L__2,crackle_score,0.7263729313,1
M39,test,cycle,160_2b4_Ar_mc_AKGC417L__3,crackle_score,0.7714353488,1
M39,test,cycle,160_2b4_Ar_mc_AKGC417L__4,crackle_score,0.7359881243,1
M39,test,cycle,160_2b4_Ar_mc_AKGC417L__5,crackle_score,0.6654402687,1
M39,test,cycle,160_2b4_Ar_mc_AKGC417L__6,crackle_score,0.6909498225,1
M39,test,cycle,160_2b4_Pl_mc_AKGC417L__0,crackle_score,0.5720863365,1
M39,test,cycle,160_2b4_Pl_mc_AKGC417L__1,crackle_score,0.5628986911,1
M39,test,cycle,160_2b4_Pl_mc_AKGC417L__2,crackle_score,0.5386158676,1
M39,test,cycle,160_2b4_Pl_mc_AKGC417L__3,crackle_score,0.7312138437,1
M39,test,cycle,160_2b4_Pl_mc_AKGC417L__4,crackle_score,0.6877644024,1
M39,test,cycle,160_2b4_Pl_mc_AKGC417L__5,crackle_score,0.5161222509,1
M39,test,cycle,160_2b4_Pl_mc_AKGC417L__6,crackle_score,0.6723228691,1
M39,test,cycle,160_2b4_Pr_mc_AKGC417L__0,crackle_score,0.7319218336,1
M39,test,cycle,160_2b4_Pr_mc_AKGC417L__1,crackle_score,0.6466830344,1
M39,test,cycle,160_2b4_Pr_mc_AKGC417L__2,crackle_score,0.7291444112,1
M39,test,cycle,160_2b4_Pr_mc_AKGC417L__3,crackle_score,0.7652609449,1
M39,test,cycle,160_2b4_Pr_mc_AKGC417L__4,crackle_score,0.726750819,1
M39,test,cycle,160_2b4_Pr_mc_AKGC417L__5,crackle_score,0.9083537462,1
M39,test,cycle,160_2b4_Pr_mc_AKGC417L__6,crackle_score,0.76238723,1
M39,test,cycle,160_2b4_Tc_mc_AKGC417L__0,crackle_score,0.6639728424,0
M39,test,cycle,160_2b4_Tc_mc_AKGC417L__1,crackle_score,0.8906684668,0
M39,test,cycle,160_2b4_Tc_mc_AKGC417L__2,crackle_score,0.9325096311,0
M39,test,cycle,160_2b4_Tc_mc_AKGC417L__3,crackle_score,1,0
M39,test,cycle,160_2b4_Tc_mc_AKGC417L__4,crackle_score,0.8687838889,0
M39,test,cycle,160_2b4_Tc_mc_AKGC417L__5,crackle_score,0.488748554,0
M39,test,cycle,160_2b4_Tc_mc_AKGC417L__6,crackle_score,0.5966866083,0
M39,test,cycle,165_1b1_Ar_sc_Meditron__0,crackle_score,0.7909595677,0
M39,test,cycle,165_1b1_Ar_sc_Meditron__1,crackle_score,1,0
M39,test,cycle,165_1b1_Ar_sc_Meditron__2,crackle_score,1,1
M39,test,cycle,165_1b1_Ar_sc_Meditron__3,crackle_score,1,1
M39,test,cycle,165_1b1_Ar_sc_Meditron__4,crackle_score,1,0
M39,test,cycle,165_1b1_Ar_sc_Meditron__5,crackle_score,1,0
M39,test,cycle,165_1b1_Ar_sc_Meditron__6,crackle_score,1,0
M39,test,cycle,165_1b1_Pl_sc_Meditron__0,crackle_score,0.7313107538,0
M39,test,cycle,165_1b1_Pl_sc_Meditron__1,crackle_score,0.6739486933,0
M39,test,cycle,165_1b1_Pl_sc_Meditron__2,crackle_score,0.6692975907,0
M39,test,cycle,165_1b1_Pl_sc_Meditron__3,crackle_score,0.6157431787,0
M39,test,cycle,165_1b1_Pl_sc_Meditron__4,crackle_score,1,0
M39,test,cycle,165_1b1_Pl_sc_Meditron__5,crackle_score,0.7140520817,0
M39,test,cycle,165_1b1_Pl_sc_Meditron__6,crackle_score,0.678895106,0
M39,test,cycle,165_1b1_Pl_sc_Meditron__7,crackle_score,0.5730511609,0
M39,test,cycle,165_1b1_Pr_sc_Meditron__0,crackle_score,0.9514672686,0
M39,test,cycle,165_1b1_Pr_sc_Meditron__1,crackle_score,0.7922415161,1
M39,test,cycle,165_1b1_Pr_sc_Meditron__2,crackle_score,0.7763077375,0
M39,test,cycle,165_1b1_Pr_sc_Meditron__3,crackle_score,1,0
M39,test,cycle,165_1b1_Pr_sc_Meditron__4,crackle_score,1,0
M39,test,cycle,165_1b1_Pr_sc_Meditron__5,crackle_score,0.6897027857,0
M39,test,cycle,165_1b1_Pr_sc_Meditron__6,crackle_score,0.7107762902,0
M39,test,cycle,165_1b1_Pr_sc_Meditron__7,crackle_score,0.7682928059,0
M39,test,cycle,169_1b1_Lr_sc_Meditron__0,crackle_score,1,1
M39,test,cycle,169_1b1_Lr_sc_Meditron__1,crackle_score,1,1
M39,test,cycle,169_1b1_Lr_sc_Meditron__2,crackle_score,0.9550115465,0
M39,test,cycle,169_1b1_Lr_sc_Meditron__3,crackle_score,0.9158004158,1
M39,test,cycle,169_1b1_Lr_sc_Meditron__4,crackle_score,1,1
M39,test,cycle,169_1b1_Lr_sc_Meditron__5,crackle_score,1,1
M39,test,cycle,169_1b1_Lr_sc_Meditron__6,crackle_score,0.9413619168,0
M39,test,cycle,169_1b2_Ll_sc_Meditron__0,crackle_score,0.752616384,1
M39,test,cycle,169_1b2_Ll_sc_Meditron__1,crackle_score,0.5714285714,1
M39,test,cycle,169_1b2_Ll_sc_Meditron__2,crackle_score,0.627597521,1
M39,test,cycle,169_1b2_Ll_sc_Meditron__3,crackle_score,0.8711558855,1
M39,test,cycle,169_1b2_Ll_sc_Meditron__4,crackle_score,0.6256732496,0
M39,test,cycle,169_1b2_Ll_sc_Meditron__5,crackle_score,0.5660283922,1
M39,test,cycle,169_1b2_Ll_sc_Meditron__6,crackle_score,0.5870776733,1
M39,test,cycle,170_1b2_Al_mc_AKGC417L__0,crackle_score,1,0
M39,test,cycle,170_1b2_Al_mc_AKGC417L__1,crackle_score,0.9185447521,0
M39,test,cycle,170_1b2_Al_mc_AKGC417L__2,crackle_score,0.9916420846,0
M39,test,cycle,170_1b2_Al_mc_AKGC417L__3,crackle_score,0.9709576138,0
M39,test,cycle,170_1b2_Al_mc_AKGC417L__4,crackle_score,1,0
M39,test,cycle,170_1b2_Ar_mc_AKGC417L__0,crackle_score,1,0
M39,test,cycle,170_1b2_Ar_mc_AKGC417L__1,crackle_score,1,0
M39,test,cycle,170_1b2_Ar_mc_AKGC417L__2,crackle_score,1,0
M39,test,cycle,170_1b2_Ar_mc_AKGC417L__3,crackle_score,1,0
M39,test,cycle,170_1b2_Ar_mc_AKGC417L__4,crackle_score,1,0
M39,test,cycle,170_1b2_Lr_mc_AKGC417L__0,crackle_score,1,0
M39,test,cycle,170_1b2_Lr_mc_AKGC417L__1,crackle_score,1,0
M39,test,cycle,170_1b2_Lr_mc_AKGC417L__2,crackle_score,1,0
M39,test,cycle,170_1b2_Lr_mc_AKGC417L__3,crackle_score,1,0
M39,test,cycle,170_1b2_Lr_mc_AKGC417L__4,crackle_score,1,0
M39,test,cycle,170_1b2_Pl_mc_AKGC417L__0,crackle_score,1,1
M39,test,cycle,170_1b2_Pl_mc_AKGC417L__1,crackle_score,0.9081209057,1
M39,test,cycle,170_1b2_Pl_mc_AKGC417L__2,crackle_score,1,1
M39,test,cycle,170_1b2_Pl_mc_AKGC417L__3,crackle_score,1,1
M39,test,cycle,170_1b2_Pl_mc_AKGC417L__4,crackle_score,1,0
M39,test,cycle,170_1b2_Pr_mc_AKGC417L__0,crackle_score,1,0
M39,test,cycle,170_1b2_Pr_mc_AKGC417L__1,crackle_score,0.7917819981,0
M39,test,cycle,170_1b2_Pr_mc_AKGC417L__2,crackle_score,0.8536844796,0
M39,test,cycle,170_1b2_Pr_mc_AKGC417L__3,crackle_score,1,0
M39,test,cycle,170_1b2_Pr_mc_AKGC417L__4,crackle_score,1,0
M39,test,cycle,170_1b2_Tc_mc_AKGC417L__0,crackle_score,1,0
M39,test,cycle,170_1b2_Tc_mc_AKGC417L__1,crackle_score,1,0
M39,test,cycle,170_1b2_Tc_mc_AKGC417L__2,crackle_score,1,0
M39,test,cycle,170_1b2_Tc_mc_AKGC417L__3,crackle_score,1,0
M39,test,cycle,170_1b2_Tc_mc_AKGC417L__4,crackle_score,1,0
M39,test,cycle,170_1b3_Al_mc_AKGC417L__0,crackle_score,1,0
M39,test,cycle,170_1b3_Al_mc_AKGC417L__1,crackle_score,0.9871887405,0
M39,test,cycle,170_1b3_Al_mc_AKGC417L__2,crackle_score,0.8808864266,0
M39,test,cycle,170_1b3_Al_mc_AKGC417L__3,crackle_score,0.9159733777,0
M39,test,cycle,170_1b3_Al_mc_AKGC417L__4,crackle_score,1,0
M39,test,cycle,170_1b3_Al_mc_AKGC417L__5,crackle_score,0.9747991234,0
M39,test,cycle,170_1b3_Ar_mc_AKGC417L__0,crackle_score,1,0
M39,test,cycle,170_1b3_Ar_mc_AKGC417L__1,crackle_score,1,0
M39,test,cycle,170_1b3_Ar_mc_AKGC417L__2,crackle_score,1,0
M39,test,cycle,170_1b3_Ar_mc_AKGC417L__3,crackle_score,1,0
M39,test,cycle,170_1b3_Ar_mc_AKGC417L__4,crackle_score,1,0
M39,test,cycle,170_1b3_Ar_mc_AKGC417L__5,crackle_score,1,0
M39,test,cycle,170_1b3_Ll_mc_AKGC417L__0,crackle_score,0.6383797352,0
M39,test,cycle,170_1b3_Ll_mc_AKGC417L__1,crackle_score,0.6669629136,0
M39,test,cycle,170_1b3_Ll_mc_AKGC417L__2,crackle_score,0.7183712213,0
M39,test,cycle,170_1b3_Ll_mc_AKGC417L__3,crackle_score,0.632200979,0
M39,test,cycle,170_1b3_Ll_mc_AKGC417L__4,crackle_score,0.6667611105,0
M39,test,cycle,170_1b3_Ll_mc_AKGC417L__5,crackle_score,0.7706828795,0
M39,test,cycle,170_1b3_Lr_mc_AKGC417L__0,crackle_score,1,0
M39,test,cycle,170_1b3_Lr_mc_AKGC417L__1,crackle_score,1,0
M39,test,cycle,170_1b3_Lr_mc_AKGC417L__2,crackle_score,1,0
M39,test,cycle,170_1b3_Lr_mc_AKGC417L__3,crackle_score,1,1
M39,test,cycle,170_1b3_Lr_mc_AKGC417L__4,crackle_score,1,0
M39,test,cycle,170_1b3_Lr_mc_AKGC417L__5,crackle_score,1,0
M39,test,cycle,170_1b3_Pl_mc_AKGC417L__0,crackle_score,1,1
M39,test,cycle,170_1b3_Pl_mc_AKGC417L__1,crackle_score,1,1
M39,test,cycle,170_1b3_Pl_mc_AKGC417L__2,crackle_score,1,1
M39,test,cycle,170_1b3_Pl_mc_AKGC417L__3,crackle_score,0.9685401624,1
M39,test,cycle,170_1b3_Pl_mc_AKGC417L__4,crackle_score,0.8684919084,1
M39,test,cycle,170_1b3_Pl_mc_AKGC417L__5,crackle_score,0.9017531045,1
M39,test,cycle,170_1b3_Pr_mc_AKGC417L__0,crackle_score,1,1
M39,test,cycle,170_1b3_Pr_mc_AKGC417L__1,crackle_score,0.9132819566,0
M39,test,cycle,170_1b3_Pr_mc_AKGC417L__2,crackle_score,0.7613762421,0
M39,test,cycle,170_1b3_Pr_mc_AKGC417L__3,crackle_score,0.8015983435,0
M39,test,cycle,170_1b3_Pr_mc_AKGC417L__4,crackle_score,0.829069641,0
M39,test,cycle,170_1b3_Pr_mc_AKGC417L__5,crackle_score,0.9467821276,0
M39,test,cycle,170_1b3_Tc_mc_AKGC417L__0,crackle_score,0.8604396926,0
M39,test,cycle,170_1b3_Tc_mc_AKGC417L__1,crackle_score,0.9664367724,0
M39,test,cycle,170_1b3_Tc_mc_AKGC417L__2,crackle_score,0.888169768,0
M39,test,cycle,170_1b3_Tc_mc_AKGC417L__3,crackle_score,0.8682991354,0
M39,test,cycle,170_1b3_Tc_mc_AKGC417L__4,crackle_score,0.9606078999,0
M39,test,cycle,170_1b3_Tc_mc_AKGC417L__5,crackle_score,0.909579722,0
M39,test,cycle,170_1b4_Al_mc_AKGC417L__0,crackle_score,1,0
M39,test,cycle,170_1b4_Al_mc_AKGC417L__1,crackle_score,0.8327787022,0
M39,test,cycle,170_1b4_Al_mc_AKGC417L__2,crackle_score,1,0
M39,test,cycle,170_1b4_Al_mc_AKGC417L__3,crackle_score,1,0
M39,test,cycle,170_1b4_Al_mc_AKGC417L__4,crackle_score,0.9137702747,0
M39,test,cycle,170_1b4_Al_mc_AKGC417L__5,crackle_score,0.9990642545,0
M39,test,cycle,170_1b4_Ar_mc_AKGC417L__0,crackle_score,1,1
M39,test,cycle,170_1b4_Ar_mc_AKGC417L__1,crackle_score,1,1
M39,test,cycle,170_1b4_Ar_mc_AKGC417L__2,crackle_score,1,1
M39,test,cycle,170_1b4_Ar_mc_AKGC417L__3,crackle_score,0.922590479,1
M39,test,cycle,170_1b4_Ar_mc_AKGC417L__4,crackle_score,1,0
M39,test,cycle,170_1b4_Ar_mc_AKGC417L__5,crackle_score,1,1
M39,test,cycle,170_1b4_Lr_mc_AKGC417L__0,crackle_score,1,0
M39,test,cycle,170_1b4_Lr_mc_AKGC417L__1,crackle_score,1,0
M39,test,cycle,170_1b4_Lr_mc_AKGC417L__2,crackle_score,1,0
M39,test,cycle,170_1b4_Lr_mc_AKGC417L__3,crackle_score,1,0
M39,test,cycle,170_1b4_Lr_mc_AKGC417L__4,crackle_score,1,0
M39,test,cycle,170_1b4_Lr_mc_AKGC417L__5,crackle_score,1,0
M39,test,cycle,170_1b4_Pl_mc_AKGC417L__0,crackle_score,1,1
M39,test,cycle,170_1b4_Pl_mc_AKGC417L__1,crackle_score,0.9991680532,1
M39,test,cycle,170_1b4_Pl_mc_AKGC417L__2,crackle_score,1,1
M39,test,cycle,170_1b4_Pl_mc_AKGC417L__3,crackle_score,1,1
M39,test,cycle,170_1b4_Pl_mc_AKGC417L__4,crackle_score,0.8806686528,1
M39,test,cycle,170_1b4_Pl_mc_AKGC417L__5,crackle_score,1,1
M39,test,cycle,170_1b4_Pr_mc_AKGC417L__0,crackle_score,0.7642893425,0
M39,test,cycle,170_1b4_Pr_mc_AKGC417L__1,crackle_score,0.8289274253,1
M39,test,cycle,170_1b4_Pr_mc_AKGC417L__2,crackle_score,1,0
M39,test,cycle,170_1b4_Pr_mc_AKGC417L__3,crackle_score,0.9409037328,0
M39,test,cycle,170_1b4_Pr_mc_AKGC417L__4,crackle_score,0.8222476569,1
M39,test,cycle,170_1b4_Pr_mc_AKGC417L__5,crackle_score,1,0
M39,test,cycle,170_1b4_Tc_mc_AKGC417L__0,crackle_score,0.9903536632,0
M39,test,cycle,170_1b4_Tc_mc_AKGC417L__1,crackle_score,0.8996692729,0
M39,test,cycle,170_1b4_Tc_mc_AKGC417L__2,crackle_score,0.8832759642,0
M39,test,cycle,170_1b4_Tc_mc_AKGC417L__3,crackle_score,0.9712195987,0
M39,test,cycle,170_1b4_Tc_mc_AKGC417L__4,crackle_score,0.9759469444,0
M39,test,cycle,170_1b4_Tc_mc_AKGC417L__5,crackle_score,1,0
M39,test,cycle,170_2b2_Al_mc_AKGC417L__0,crackle_score,0.8807106599,0
M39,test,cycle,170_2b2_Al_mc_AKGC417L__1,crackle_score,1,0
M39,test,cycle,170_2b2_Al_mc_AKGC417L__2,crackle_score,1,0
M39,test,cycle,170_2b2_Al_mc_AKGC417L__3,crackle_score,1,0
M39,test,cycle,170_2b2_Al_mc_AKGC417L__4,crackle_score,1,0
M39,test,cycle,170_2b2_Al_mc_AKGC417L__5,crackle_score,1,0
M39,test,cycle,170_2b2_Al_mc_AKGC417L__6,crackle_score,0.9074165505,0
M39,test,cycle,170_2b2_Ar_mc_AKGC417L__0,crackle_score,1,0
M39,test,cycle,170_2b2_Ar_mc_AKGC417L__1,crackle_score,1,1
M39,test,cycle,170_2b2_Ar_mc_AKGC417L__2,crackle_score,1,1
M39,test,cycle,170_2b2_Ar_mc_AKGC417L__3,crackle_score,1,1
M39,test,cycle,170_2b2_Ar_mc_AKGC417L__4,crackle_score,1,0
M39,test,cycle,170_2b2_Ar_mc_AKGC417L__5,crackle_score,1,0
M39,test,cycle,170_2b2_Ar_mc_AKGC417L__6,crackle_score,1,0
M39,test,cycle,170_2b2_Lr_mc_AKGC417L__0,crackle_score,0.8789376833,0
M39,test,cycle,170_2b2_Lr_mc_AKGC417L__1,crackle_score,0.9864700517,0
M39,test,cycle,170_2b2_Lr_mc_AKGC417L__2,crackle_score,1,0
M39,test,cycle,170_2b2_Lr_mc_AKGC417L__3,crackle_score,0.9042472759,0
M39,test,cycle,170_2b2_Lr_mc_AKGC417L__4,crackle_score,1,0
M39,test,cycle,170_2b2_Lr_mc_AKGC417L__5,crackle_score,0.9453986099,0
M39,test,cycle,170_2b2_Lr_mc_AKGC417L__6,crackle_score,0.6882667996,0
M39,test,cycle,170_2b2_Pl_mc_AKGC417L__0,crackle_score,0.6110378735,0
M39,test,cycle,170_2b2_Pl_mc_AKGC417L__1,crackle_score,0.6084515627,0
M39,test,cycle,170_2b2_Pl_mc_AKGC417L__2,crackle_score,0.5552200923,0
M39,test,cycle,170_2b2_Pl_mc_AKGC417L__3,crackle_score,0.6080824685,0
M39,test,cycle,170_2b2_Pl_mc_AKGC417L__4,crackle_score,0.5755765207,0
M39,test,cycle,170_2b2_Pl_mc_AKGC417L__5,crackle_score,0.5623717525,0
M39,test,cycle,170_2b2_Pl_mc_AKGC417L__6,crackle_score,0.5895530989,0
M39,test,cycle,170_2b2_Pr_mc_AKGC417L__0,crackle_score,0.9568527919,0
M39,test,cycle,170_2b2_Pr_mc_AKGC417L__1,crackle_score,1,0
M39,test,cycle,170_2b2_Pr_mc_AKGC417L__2,crackle_score,1,0
M39,test,cycle,170_2b2_Pr_mc_AKGC417L__3,crackle_score,1,0
M39,test,cycle,170_2b2_Pr_mc_AKGC417L__4,crackle_score,1,0
M39,test,cycle,170_2b2_Pr_mc_AKGC417L__5,crackle_score,1,0
M39,test,cycle,170_2b2_Pr_mc_AKGC417L__6,crackle_score,0.9495504496,0
M39,test,cycle,170_2b2_Tc_mc_AKGC417L__0,crackle_score,0.7284263959,0
M39,test,cycle,170_2b2_Tc_mc_AKGC417L__1,crackle_score,1,0
M39,test,cycle,170_2b2_Tc_mc_AKGC417L__2,crackle_score,1,0
M39,test,cycle,170_2b2_Tc_mc_AKGC417L__3,crackle_score,0.8844154396,0
M39,test,cycle,170_2b2_Tc_mc_AKGC417L__4,crackle_score,0.9981313538,0
M39,test,cycle,170_2b2_Tc_mc_AKGC417L__5,crackle_score,1,0
M39,test,cycle,170_2b2_Tc_mc_AKGC417L__6,crackle_score,1,0
M39,test,cycle,171_1b1_Al_sc_Meditron__0,crackle_score,0.6348832902,0
M39,test,cycle,171_1b1_Al_sc_Meditron__1,crackle_score,1,0
M39,test,cycle,171_1b1_Al_sc_Meditron__2,crackle_score,0.8329311834,0
M39,test,cycle,171_1b1_Al_sc_Meditron__3,crackle_score,0.96,0
M39,test,cycle,171_1b1_Al_sc_Meditron__4,crackle_score,1,0
M39,test,cycle,171_1b1_Al_sc_Meditron__5,crackle_score,1,0
M39,test,cycle,171_1b1_Al_sc_Meditron__6,crackle_score,0.9328384276,0
M39,test,cycle,171_1b1_Al_sc_Meditron__7,crackle_score,0.8035033353,0
M39,test,cycle,171_1b1_Al_sc_Meditron__8,crackle_score,0.9722222222,0
M39,test,cycle,173_1b1_Al_sc_Meditron__0,crackle_score,0.6359522589,0
M39,test,cycle,173_1b1_Al_sc_Meditron__1,crackle_score,0.8108827891,0
M39,test,cycle,173_1b1_Al_sc_Meditron__2,crackle_score,0.9506104124,1
M39,test,cycle,173_1b1_Al_sc_Meditron__3,crackle_score,0.941229339,0
M39,test,cycle,173_1b1_Al_sc_Meditron__4,crackle_score,0.8629972683,1
M39,test,cycle,173_1b1_Al_sc_Meditron__5,crackle_score,0.8527661691,0
M39,test,cycle,173_1b1_Al_sc_Meditron__6,crackle_score,0.9896736142,0
M39,test,cycle,173_1b1_Al_sc_Meditron__7,crackle_score,0.9134694051,1
M39,test,cycle,173_1b1_Al_sc_Meditron__8,crackle_score,1,1
M39,test,cycle,173_1b1_Al_sc_Meditron__9,crackle_score,0.9787705674,1
M39,test,cycle,173_1b1_Al_sc_Meditron__10,crackle_score,1,0
M39,test,cycle,173_1b1_Al_sc_Meditron__11,crackle_score,0.8763681538,0
M39,test,cycle,173_1b1_Al_sc_Meditron__12,crackle_score,0.8883303022,0
M39,test,cycle,174_1p2_Ar_mc_AKGC417L__0,crackle_score,0.6755694611,0
M39,test,cycle,174_1p2_Ar_mc_AKGC417L__1,crackle_score,0.7086664192,0
M39,test,cycle,174_1p2_Ar_mc_AKGC417L__2,crackle_score,0.7498493625,1
M39,test,cycle,174_1p2_Ar_mc_AKGC417L__3,crackle_score,0.8310216303,0
M39,test,cycle,174_1p2_Ar_mc_AKGC417L__4,crackle_score,0.9020204223,0
M39,test,cycle,174_1p2_Ll_mc_AKGC417L__0,crackle_score,0.5304290899,0
M39,test,cycle,174_1p2_Ll_mc_AKGC417L__1,crackle_score,0.6782081182,1
M39,test,cycle,174_1p2_Ll_mc_AKGC417L__2,crackle_score,0.6884401173,1
M39,test,cycle,174_1p2_Ll_mc_AKGC417L__3,crackle_score,0.6037371412,1
M39,test,cycle,174_1p2_Ll_mc_AKGC417L__4,crackle_score,0.6433160548,1
M39,test,cycle,174_1p2_Lr_mc_AKGC417L__0,crackle_score,0.6509810131,0
M39,test,cycle,174_1p2_Lr_mc_AKGC417L__1,crackle_score,0.5609554547,1
M39,test,cycle,174_1p2_Lr_mc_AKGC417L__2,crackle_score,0.5524442654,1
M39,test,cycle,174_1p2_Lr_mc_AKGC417L__3,crackle_score,0.3438954521,1
M39,test,cycle,174_1p2_Lr_mc_AKGC417L__4,crackle_score,0.5545770258,1
M39,test,cycle,174_1p2_Pl_mc_AKGC417L__0,crackle_score,0.6121623758,0
M39,test,cycle,174_1p2_Pl_mc_AKGC417L__1,crackle_score,0.6103341446,1
M39,test,cycle,174_1p2_Pl_mc_AKGC417L__2,crackle_score,0.6681809863,1
M39,test,cycle,174_1p2_Pl_mc_AKGC417L__3,crackle_score,0.6516097256,1
M39,test,cycle,174_1p2_Pl_mc_AKGC417L__4,crackle_score,0.6444291971,1
M39,test,cycle,174_1p2_Pr_mc_AKGC417L__0,crackle_score,0.5967373527,0
M39,test,cycle,174_1p2_Pr_mc_AKGC417L__1,crackle_score,0.4284876738,1
M39,test,cycle,174_1p2_Pr_mc_AKGC417L__2,crackle_score,0.6384161901,1
M39,test,cycle,174_1p2_Pr_mc_AKGC417L__3,crackle_score,0.5614098165,1
M39,test,cycle,174_1p2_Pr_mc_AKGC417L__4,crackle_score,0.483912954,1
M39,test,cycle,174_1p2_Tc_mc_AKGC417L__0,crackle_score,1,1
M39,test,cycle,174_1p2_Tc_mc_AKGC417L__1,crackle_score,0.7313390947,1
M39,test,cycle,174_1p2_Tc_mc_AKGC417L__2,crackle_score,0.5175038952,0
M39,test,cycle,174_1p2_Tc_mc_AKGC417L__3,crackle_score,0.737771634,1
M39,test,cycle,174_1p2_Tc_mc_AKGC417L__4,crackle_score,0.6739260934,1
M39,test,cycle,174_1p3_Ar_mc_AKGC417L__0,crackle_score,0.7957499738,1
M39,test,cycle,174_1p3_Ar_mc_AKGC417L__1,crackle_score,0.8954411699,1
M39,test,cycle,174_1p3_Ar_mc_AKGC417L__2,crackle_score,0.9399022825,1
M39,test,cycle,174_1p3_Ar_mc_AKGC417L__3,crackle_score,0.8248291419,1
M39,test,cycle,174_1p3_Ar_mc_AKGC417L__4,crackle_score,0.8452461336,1
M39,test,cycle,174_1p3_Ll_mc_AKGC417L__0,crackle_score,0.6792324471,1
M39,test,cycle,174_1p3_Ll_mc_AKGC417L__1,crackle_score,0.6775492053,1
M39,test,cycle,174_1p3_Ll_mc_AKGC417L__2,crackle_score,0.6853136712,1
M39,test,cycle,174_1p3_Ll_mc_AKGC417L__3,crackle_score,0.7519826833,1
M39,test,cycle,174_1p3_Ll_mc_AKGC417L__4,crackle_score,0.4739738211,1
M39,test,cycle,174_1p3_Lr_mc_AKGC417L__0,crackle_score,0.6423715267,1
M39,test,cycle,174_1p3_Lr_mc_AKGC417L__1,crackle_score,0.4719673595,1
M39,test,cycle,174_1p3_Lr_mc_AKGC417L__2,crackle_score,0.3688214293,1
M39,test,cycle,174_1p3_Lr_mc_AKGC417L__3,crackle_score,0.5908543522,1
M39,test,cycle,174_1p3_Lr_mc_AKGC417L__4,crackle_score,0.4832736479,1
M39,test,cycle,174_1p3_Pl_mc_AKGC417L__0,crackle_score,0.6074359583,1
M39,test,cycle,174_1p3_Pl_mc_AKGC417L__1,crackle_score,0.6045509471,1
M39,test,cycle,174_1p3_Pl_mc_AKGC417L__2,crackle_score,0.6144373548,1
M39,test,cycle,174_1p3_Pl_mc_AKGC417L__3,crackle_score,0.6296165371,1
M39,test,cycle,174_1p3_Pl_mc_AKGC417L__4,crackle_score,0.6317287464,1
M39,test,cycle,174_1p3_Pr_mc_AKGC417L__0,crackle_score,0.5351387777,1
M39,test,cycle,174_1p3_Pr_mc_AKGC417L__1,crackle_score,0.5938393131,1
M39,test,cycle,174_1p3_Pr_mc_AKGC417L__2,crackle_score,0.5959524466,1
M39,test,cycle,174_1p3_Pr_mc_AKGC417L__3,crackle_score,0.5888719362,1
M39,test,cycle,174_1p3_Pr_mc_AKGC417L__4,crackle_score,0.5726351465,1
M39,test,cycle,174_1p3_Tc_mc_AKGC417L__0,crackle_score,0.4927944069,0
M39,test,cycle,174_1p3_Tc_mc_AKGC417L__1,crackle_score,0.8481403336,1
M39,test,cycle,174_1p3_Tc_mc_AKGC417L__2,crackle_score,0.8146322495,1
M39,test,cycle,174_1p3_Tc_mc_AKGC417L__3,crackle_score,0.6662976183,1
M39,test,cycle,174_1p3_Tc_mc_AKGC417L__4,crackle_score,0.6791537181,0
M39,test,cycle,174_1p4_Ar_mc_AKGC417L__0,crackle_score,0.9211589275,0
M39,test,cycle,174_1p4_Ar_mc_AKGC417L__1,crackle_score,0.908913785,0
M39,test,cycle,174_1p4_Ar_mc_AKGC417L__2,crackle_score,0.7626599946,1
M39,test,cycle,174_1p4_Ar_mc_AKGC417L__3,crackle_score,0.9695395732,1
M39,test,cycle,174_1p4_Ar_mc_AKGC417L__4,crackle_score,0.6788631196,1
M39,test,cycle,174_1p4_Ll_mc_AKGC417L__0,crackle_score,0.9053068606,0
M39,test,cycle,174_1p4_Ll_mc_AKGC417L__1,crackle_score,0.6364701285,1
M39,test,cycle,174_1p4_Ll_mc_AKGC417L__2,crackle_score,0.6403860578,1
M39,test,cycle,174_1p4_Ll_mc_AKGC417L__3,crackle_score,0.5901169445,1
M39,test,cycle,174_1p4_Ll_mc_AKGC417L__4,crackle_score,0.6783147188,1
M39,test,cycle,174_1p4_Lr_mc_AKGC417L__0,crackle_score,0.8092488406,0
M39,test,cycle,174_1p4_Lr_mc_AKGC417L__1,crackle_score,0.7178672039,1
M39,test,cycle,174_1p4_Lr_mc_AKGC417L__2,crackle_score,0.6606129906,1
M39,test,cycle,174_1p4_Lr_mc_AKGC417L__3,crackle_score,0.4211052898,1
M39,test,cycle,174_1p4_Lr_mc_AKGC417L__4,crackle_score,0.6398374053,1
M39,test,cycle,174_1p4_Pl_mc_AKGC417L__0,crackle_score,0.6776718351,1
M39,test,cycle,174_1p4_Pl_mc_AKGC417L__1,crackle_score,0.66219704,1
M39,test,cycle,174_1p4_Pl_mc_AKGC417L__2,crackle_score,0.6440242898,1
M39,test,cycle,174_1p4_Pl_mc_AKGC417L__3,crackle_score,0.6322535471,1
M39,test,cycle,174_1p4_Pl_mc_AKGC417L__4,crackle_score,0.6254392337,1
M39,test,cycle,174_1p4_Pr_mc_AKGC417L__0,crackle_score,0.566669419,1
M39,test,cycle,174_1p4_Pr_mc_AKGC417L__1,crackle_score,0.5834652866,1
M39,test,cycle,174_1p4_Pr_mc_AKGC417L__2,crackle_score,0.6508250677,1
M39,test,cycle,174_1p4_Pr_mc_AKGC417L__3,crackle_score,0.587378913,1
M39,test,cycle,174_1p4_Pr_mc_AKGC417L__4,crackle_score,0.6067844764,1
M39,test,cycle,174_1p4_Tc_mc_AKGC417L__0,crackle_score,0.4767504077,1
M39,test,cycle,174_1p4_Tc_mc_AKGC417L__1,crackle_score,1,0
M39,test,cycle,174_1p4_Tc_mc_AKGC417L__2,crackle_score,0.5507614213,1
M39,test,cycle,174_1p4_Tc_mc_AKGC417L__3,crackle_score,0.597394692,1
M39,test,cycle,174_1p4_Tc_mc_AKGC417L__4,crackle_score,0.4773606463,0
M39,test,cycle,174_2p3_Al_mc_AKGC417L__0,crackle_score,0.690363793,1
M39,test,cycle,174_2p3_Al_mc_AKGC417L__1,crackle_score,0.7596585758,0
M39,test,cycle,174_2p3_Al_mc_AKGC417L__2,crackle_score,0.677176611,0
M39,test,cycle,174_2p3_Al_mc_AKGC417L__3,crackle_score,0.6612546382,0
M39,test,cycle,174_2p3_Ar_mc_AKGC417L__0,crackle_score,0.9005560926,1
M39,test,cycle,174_2p3_Ar_mc_AKGC417L__1,crackle_score,0.9972875226,1
M39,test,cycle,174_2p3_Ar_mc_AKGC417L__2,crackle_score,0.9843126505,1
M39,test,cycle,174_2p3_Ar_mc_AKGC417L__3,crackle_score,0.6938590091,1
M39,test,cycle,174_2p3_Pl_mc_AKGC417L__0,crackle_score,0.5938392886,1
M39,test,cycle,174_2p3_Pl_mc_AKGC417L__1,crackle_score,0.5998725318,1
M39,test,cycle,174_2p3_Pl_mc_AKGC417L__2,crackle_score,0.6027942304,1
M39,test,cycle,174_2p3_Pl_mc_AKGC417L__3,crackle_score,0.3860027565,1
M39,test,cycle,174_2p3_Pr_mc_AKGC417L__0,crackle_score,0.6544981442,1
M39,test,cycle,174_2p3_Pr_mc_AKGC417L__1,crackle_score,0.6566095604,1
M39,test,cycle,174_2p3_Pr_mc_AKGC417L__2,crackle_score,0.7657724809,1
M39,test,cycle,174_2p3_Pr_mc_AKGC417L__3,crackle_score,0.6948057139,1
M39,test,cycle,174_2p3_Tc_mc_AKGC417L__0,crackle_score,0.5979285568,1
M39,test,cycle,174_2p3_Tc_mc_AKGC417L__1,crackle_score,0.637967868,1
M39,test,cycle,174_2p3_Tc_mc_AKGC417L__2,crackle_score,0.4450209729,0
M39,test,cycle,174_2p3_Tc_mc_AKGC417L__3,crackle_score,0.4248646467,1
M39,test,cycle,175_1b1_Al_sc_Litt3200__0,crackle_score,1,0
M39,test,cycle,175_1b1_Al_sc_Litt3200__1,crackle_score,1,1
M39,test,cycle,175_1b1_Al_sc_Litt3200__2,crackle_score,1,1
M39,test,cycle,175_1b1_Al_sc_Litt3200__3,crackle_score,0.6266891892,1
M39,test,cycle,175_1b1_Ar_sc_Litt3200__0,crackle_score,0.9101741011,0
M39,test,cycle,175_1b1_Ar_sc_Litt3200__1,crackle_score,1,0
M39,test,cycle,175_1b1_Ar_sc_Litt3200__2,crackle_score,0.5698440876,0
M39,test,cycle,175_1b1_Ll_sc_Litt3200__0,crackle_score,1,0
M39,test,cycle,175_1b1_Ll_sc_Litt3200__1,crackle_score,1,0
M39,test,cycle,175_1b1_Ll_sc_Litt3200__2,crackle_score,0.9917214091,0
M39,test,cycle,175_1b1_Ll_sc_Litt3200__3,crackle_score,0.5931125789,1
M39,test,cycle,175_1b1_Lr_sc_Litt3200__0,crackle_score,0.9536480894,0
M39,test,cycle,175_1b1_Lr_sc_Litt3200__1,crackle_score,1,1
M39,test,cycle,175_1b1_Lr_sc_Litt3200__2,crackle_score,0.994641385,0
M39,test,cycle,175_1b1_Lr_sc_Litt3200__3,crackle_score,0.6606425703,0
M39,test,cycle,175_1b1_Pl_sc_Litt3200__0,crackle_score,1,0
M39,test,cycle,175_1b1_Pl_sc_Litt3200__1,crackle_score,0.8455149502,0
M39,test,cycle,175_1b1_Pl_sc_Litt3200__2,crackle_score,0.8211169284,0
M39,test,cycle,175_1b1_Pl_sc_Litt3200__3,crackle_score,0.9068568949,0
M39,test,cycle,175_1b1_Pr_sc_Litt3200__0,crackle_score,1,0
M39,test,cycle,175_1b1_Pr_sc_Litt3200__1,crackle_score,1,0
M39,test,cycle,175_1b1_Pr_sc_Litt3200__2,crackle_score,0.7958447263,0
M39,test,cycle,175_1b1_Pr_sc_Litt3200__3,crackle_score,0.7492824391,0
M39,test,cycle,176_1b3_Al_mc_AKGC417L__0,crackle_score,0.9322766571,0
M39,test,cycle,176_1b3_Al_mc_AKGC417L__1,crackle_score,0.9495747266,1
M39,test,cycle,176_1b3_Al_mc_AKGC417L__2,crackle_score,1,1
M39,test,cycle,176_1b3_Al_mc_AKGC417L__3,crackle_score,1,1
M39,test,cycle,176_1b3_Al_mc_AKGC417L__4,crackle_score,1,1
M39,test,cycle,176_1b3_Al_mc_AKGC417L__5,crackle_score,1,1
M39,test,cycle,176_1b3_Ar_mc_AKGC417L__0,crackle_score,0.7914159565,1
M39,test,cycle,176_1b3_Ar_mc_AKGC417L__1,crackle_score,0.758667308,1
M39,test,cycle,176_1b3_Ar_mc_AKGC417L__2,crackle_score,0.968021528,1
M39,test,cycle,176_1b3_Ar_mc_AKGC417L__3,crackle_score,0.7768165355,1
M39,test,cycle,176_1b3_Ar_mc_AKGC417L__4,crackle_score,1,1
M39,test,cycle,176_1b3_Ar_mc_AKGC417L__5,crackle_score,0.7304272352,1
M39,test,cycle,176_1b3_Ll_mc_AKGC417L__0,crackle_score,0.4768938576,0
M39,test,cycle,176_1b3_Ll_mc_AKGC417L__1,crackle_score,0.817214178,1
M39,test,cycle,176_1b3_Ll_mc_AKGC417L__2,crackle_score,0.7322536289,1
M39,test,cycle,176_1b3_Ll_mc_AKGC417L__3,crackle_score,0.6006944359,1
M39,test,cycle,176_1b3_Ll_mc_AKGC417L__4,crackle_score,0.7634659246,1
M39,test,cycle,176_1b3_Ll_mc_AKGC417L__5,crackle_score,0.9551941885,1
M39,test,cycle,176_1b3_Lr_mc_AKGC417L__0,crackle_score,0.6753035296,0
M39,test,cycle,176_1b3_Lr_mc_AKGC417L__1,crackle_score,0.4922974684,1
M39,test,cycle,176_1b3_Lr_mc_AKGC417L__2,crackle_score,0.4317718472,1
M39,test,cycle,176_1b3_Lr_mc_AKGC417L__3,crackle_score,0.7000474743,1
M39,test,cycle,176_1b3_Lr_mc_AKGC417L__4,crackle_score,0.7143810491,1
M39,test,cycle,176_1b3_Lr_mc_AKGC417L__5,crackle_score,0.8158852165,1
M39,test,cycle,176_1b3_Pl_mc_AKGC417L__0,crackle_score,0.6477846264,0
M39,test,cycle,176_1b3_Pl_mc_AKGC417L__1,crackle_score,0.9112614601,1
M39,test,cycle,176_1b3_Pl_mc_AKGC417L__2,crackle_score,0.8719294023,1
M39,test,cycle,176_1b3_Pl_mc_AKGC417L__3,crackle_score,0.8103893155,1
M39,test,cycle,176_1b3_Pl_mc_AKGC417L__4,crackle_score,1,1
M39,test,cycle,176_1b3_Pl_mc_AKGC417L__5,crackle_score,1,1
M39,test,cycle,176_1b3_Pr_mc_AKGC417L__0,crackle_score,0.5724657969,0
M39,test,cycle,176_1b3_Pr_mc_AKGC417L__1,crackle_score,0.9459217788,1
M39,test,cycle,176_1b3_Pr_mc_AKGC417L__2,crackle_score,1,1
M39,test,cycle,176_1b3_Pr_mc_AKGC417L__3,crackle_score,0.8990751734,1
M39,test,cycle,176_1b3_Pr_mc_AKGC417L__4,crackle_score,0.8477352489,1
M39,test,cycle,176_1b3_Pr_mc_AKGC417L__5,crackle_score,0.9501368978,1
M39,test,cycle,176_1b3_Tc_mc_AKGC417L__0,crackle_score,0.7180399605,1
M39,test,cycle,176_1b3_Tc_mc_AKGC417L__1,crackle_score,0.8545586758,1
M39,test,cycle,176_1b3_Tc_mc_AKGC417L__2,crackle_score,0.8881341835,1
M39,test,cycle,176_1b3_Tc_mc_AKGC417L__3,crackle_score,0.7032937634,1
M39,test,cycle,176_1b3_Tc_mc_AKGC417L__4,crackle_score,0.9653567735,1
M39,test,cycle,176_1b3_Tc_mc_AKGC417L__5,crackle_score,0.7831616164,1
M39,test,cycle,176_1b4_Al_mc_AKGC417L__0,crackle_score,0.8809869376,0
M39,test,cycle,176_1b4_Al_mc_AKGC417L__1,crackle_score,1,1
M39,test,cycle,176_1b4_Al_mc_AKGC417L__2,crackle_score,1,1
M39,test,cycle,176_1b4_Al_mc_AKGC417L__3,crackle_score,1,1
M39,test,cycle,176_1b4_Al_mc_AKGC417L__4,crackle_score,1,1
M39,test,cycle,176_1b4_Al_mc_AKGC417L__5,crackle_score,1,1
M39,test,cycle,176_1b4_Ar_mc_AKGC417L__0,crackle_score,0.9898403483,1
M39,test,cycle,176_1b4_Ar_mc_AKGC417L__1,crackle_score,1,1
M39,test,cycle,176_1b4_Ar_mc_AKGC417L__2,crackle_score,1,1
M39,test,cycle,176_1b4_Ar_mc_AKGC417L__3,crackle_score,0.9494056248,1
M39,test,cycle,176_1b4_Ar_mc_AKGC417L__4,crackle_score,0.8970032409,1
M39,test,cycle,176_1b4_Ar_mc_AKGC417L__5,crackle_score,1,1
M39,test,cycle,176_1b4_Ll_mc_AKGC417L__0,crackle_score,0.573387431,1
M39,test,cycle,176_1b4_Ll_mc_AKGC417L__1,crackle_score,0.7942087334,1
M39,test,cycle,176_1b4_Ll_mc_AKGC417L__2,crackle_score,0.7207180695,1
M39,test,cycle,176_1b4_Ll_mc_AKGC417L__3,crackle_score,0.7319512902,1
M39,test,cycle,176_1b4_Ll_mc_AKGC417L__4,crackle_score,0.7342649024,1
M39,test,cycle,176_1b4_Ll_mc_AKGC417L__5,crackle_score,0.7160374015,1
M39,test,cycle,176_1b4_Lr_mc_AKGC417L__0,crackle_score,0.7409057104,1
M39,test,cycle,176_1b4_Lr_mc_AKGC417L__1,crackle_score,0.6990452751,1
M39,test,cycle,176_1b4_Lr_mc_AKGC417L__2,crackle_score,0.5000592521,1
M39,test,cycle,176_1b4_Lr_mc_AKGC417L__3,crackle_score,0.4208392827,1
M39,test,cycle,176_1b4_Lr_mc_AKGC417L__4,crackle_score,0.6913275836,1
M39,test,cycle,176_1b4_Lr_mc_AKGC417L__5,crackle_score,0.7748270139,1
M39,test,cycle,176_1b4_Pl_mc_AKGC417L__0,crackle_score,0.6669620441,1
M39,test,cycle,176_1b4_Pl_mc_AKGC417L__1,crackle_score,0.8501547421,1
M39,test,cycle,176_1b4_Pl_mc_AKGC417L__2,crackle_score,0.7362248275,1
M39,test,cycle,176_1b4_Pl_mc_AKGC417L__3,crackle_score,0.8369183302,1
M39,test,cycle,176_1b4_Pl_mc_AKGC417L__4,crackle_score,0.7549469534,1
M39,test,cycle,176_1b4_Pl_mc_AKGC417L__5,crackle_score,0.8276324256,1
M39,test,cycle,176_1b4_Pr_mc_AKGC417L__0,crackle_score,0.6989578918,1
M39,test,cycle,176_1b4_Pr_mc_AKGC417L__1,crackle_score,0.7052808343,1
M39,test,cycle,176_1b4_Pr_mc_AKGC417L__2,crackle_score,0.7350815414,1
M39,test,cycle,176_1b4_Pr_mc_AKGC417L__3,crackle_score,0.7559622013,1
M39,test,cycle,176_1b4_Pr_mc_AKGC417L__4,crackle_score,1,1
M39,test,cycle,176_1b4_Pr_mc_AKGC417L__5,crackle_score,0.7882067532,1
M39,test,cycle,176_1b4_Tc_mc_AKGC417L__0,crackle_score,0.8468880223,1
M39,test,cycle,176_1b4_Tc_mc_AKGC417L__1,crackle_score,0.8823271095,1
M39,test,cycle,176_1b4_Tc_mc_AKGC417L__2,crackle_score,0.8237198352,1
M39,test,cycle,176_1b4_Tc_mc_AKGC417L__3,crackle_score,0.8428480357,0
M39,test,cycle,176_1b4_Tc_mc_AKGC417L__4,crackle_score,0.8504923385,1
M39,test,cycle,176_1b4_Tc_mc_AKGC417L__5,crackle_score,0.8538603824,1
M39,test,cycle,176_2b3_Al_mc_AKGC417L__0,crackle_score,0.8832306544,0
M39,test,cycle,176_2b3_Al_mc_AKGC417L__1,crackle_score,1,1
M39,test,cycle,176_2b3_Al_mc_AKGC417L__2,crackle_score,1,1
M39,test,cycle,176_2b3_Al_mc_AKGC417L__3,crackle_score,1,1
M39,test,cycle,176_2b3_Al_mc_AKGC417L__4,crackle_score,1,1
M39,test,cycle,176_2b3_Al_mc_AKGC417L__5,crackle_score,0.9609579155,1
M39,test,cycle,176_2b3_Al_mc_AKGC417L__6,crackle_score,0.8066524247,1
M39,test,cycle,176_2b3_Ar_mc_AKGC417L__0,crackle_score,0.8198580099,0
M39,test,cycle,176_2b3_Ar_mc_AKGC417L__1,crackle_score,0.9591622666,1
M39,test,cycle,176_2b3_Ar_mc_AKGC417L__2,crackle_score,0.9272515171,1
M39,test,cycle,176_2b3_Ar_mc_AKGC417L__3,crackle_score,1,1
M39,test,cycle,176_2b3_Ar_mc_AKGC417L__4,crackle_score,0.9080093353,1
M39,test,cycle,176_2b3_Ar_mc_AKGC417L__5,crackle_score,1,1
M39,test,cycle,176_2b3_Ar_mc_AKGC417L__6,crackle_score,0.958124657,1
M39,test,cycle,176_2b3_Ll_mc_AKGC417L__0,crackle_score,0.6986202858,1
M39,test,cycle,176_2b3_Ll_mc_AKGC417L__1,crackle_score,0.7087060313,1
M39,test,cycle,176_2b3_Ll_mc_AKGC417L__2,crackle_score,0.7819273248,1
M39,test,cycle,176_2b3_Ll_mc_AKGC417L__3,crackle_score,0.805688254,1
M39,test,cycle,176_2b3_Ll_mc_AKGC417L__4,crackle_score,0.8124055488,1
M39,test,cycle,176_2b3_Ll_mc_AKGC417L__5,crackle_score,0.8422695737,1
M39,test,cycle,176_2b3_Ll_mc_AKGC417L__6,crackle_score,0.8345130341,1
M39,test,cycle,176_2b3_Lr_mc_AKGC417L__0,crackle_score,0.7550272016,0
M39,test,cycle,176_2b3_Lr_mc_AKGC417L__1,crackle_score,0.8496720435,1
M39,test,cycle,176_2b3_Lr_mc_AKGC417L__2,crackle_score,0.8309300803,1
M39,test,cycle,176_2b3_Lr_mc_AKGC417L__3,crackle_score,0.7829556928,1
M39,test,cycle,176_2b3_Lr_mc_AKGC417L__4,crackle_score,0.8017060895,1
M39,test,cycle,176_2b3_Lr_mc_AKGC417L__5,crackle_score,0.8144173932,1
M39,test,cycle,176_2b3_Lr_mc_AKGC417L__6,crackle_score,0.7301485256,1
M39,test,cycle,176_2b3_Pl_mc_AKGC417L__0,crackle_score,0.7529521348,1
M39,test,cycle,176_2b3_Pl_mc_AKGC417L__1,crackle_score,0.7640530975,1
M39,test,cycle,176_2b3_Pl_mc_AKGC417L__2,crackle_score,0.7296369067,1
M39,test,cycle,176_2b3_Pl_mc_AKGC417L__3,crackle_score,0.7840522637,1
M39,test,cycle,176_2b3_Pl_mc_AKGC417L__4,crackle_score,0.6727430559,1
M39,test,cycle,176_2b3_Pl_mc_AKGC417L__5,crackle_score,0.7771326938,1
M39,test,cycle,176_2b3_Pl_mc_AKGC417L__6,crackle_score,0.6416884307,1
M39,test,cycle,176_2b3_Pr_mc_AKGC417L__0,crackle_score,0.6604115971,0
M39,test,cycle,176_2b3_Pr_mc_AKGC417L__1,crackle_score,0.7576062815,1
M39,test,cycle,176_2b3_Pr_mc_AKGC417L__2,crackle_score,1,1
M39,test,cycle,176_2b3_Pr_mc_AKGC417L__3,crackle_score,0.9884507025,1
M39,test,cycle,176_2b3_Pr_mc_AKGC417L__4,crackle_score,0.8111266579,1
M39,test,cycle,176_2b3_Pr_mc_AKGC417L__5,crackle_score,0.8369644035,1
M39,test,cycle,176_2b3_Pr_mc_AKGC417L__6,crackle_score,0.7410467948,1
M39,test,cycle,176_2b3_Tc_mc_AKGC417L__0,crackle_score,0.8120845357,1
M39,test,cycle,176_2b3_Tc_mc_AKGC417L__1,crackle_score,0.7424242424,1
M39,test,cycle,176_2b3_Tc_mc_AKGC417L__2,crackle_score,0.9467353952,1
M39,test,cycle,176_2b3_Tc_mc_AKGC417L__3,crackle_score,0.7303008535,1
M39,test,cycle,176_2b3_Tc_mc_AKGC417L__4,crackle_score,0.8655712721,1
M39,test,cycle,176_2b3_Tc_mc_AKGC417L__5,crackle_score,1,1
M39,test,cycle,176_2b3_Tc_mc_AKGC417L__6,crackle_score,0.8368741424,1
M39,test,cycle,177_1b2_Al_mc_AKGC417L__0,crackle_score,0.8409108103,1
M39,test,cycle,177_1b2_Al_mc_AKGC417L__1,crackle_score,0.8009063656,1
M39,test,cycle,177_1b2_Al_mc_AKGC417L__2,crackle_score,1,1
M39,test,cycle,177_1b2_Al_mc_AKGC417L__3,crackle_score,0.7633084579,1
M39,test,cycle,177_1b2_Ar_mc_AKGC417L__0,crackle_score,0.9913430042,1
M39,test,cycle,177_1b2_Ar_mc_AKGC417L__1,crackle_score,0.994641385,0
M39,test,cycle,177_1b2_Ar_mc_AKGC417L__2,crackle_score,1,0
M39,test,cycle,177_1b2_Ar_mc_AKGC417L__3,crackle_score,1,1
M39,test,cycle,177_1b2_Lr_mc_AKGC417L__0,crackle_score,1,1
M39,test,cycle,177_1b2_Lr_mc_AKGC417L__1,crackle_score,1,1
M39,test,cycle,177_1b2_Lr_mc_AKGC417L__2,crackle_score,1,0
M39,test,cycle,177_1b2_Lr_mc_AKGC417L__3,crackle_score,0.7941901494,0
M39,test,cycle,177_1b2_Pl_mc_AKGC417L__0,crackle_score,1,1
M39,test,cycle,177_1b2_Pl_mc_AKGC417L__1,crackle_score,1,1
M39,test,cycle,177_1b2_Pl_mc_AKGC417L__2,crackle_score,1,1
M39,test,cycle,177_1b2_Pl_mc_AKGC417L__3,crackle_score,1,1
M39,test,cycle,177_1b2_Pr_mc_AKGC417L__0,crackle_score,1,1
M39,test,cycle,177_1b2_Pr_mc_AKGC417L__1,crackle_score,1,0
M39,test,cycle,177_1b2_Pr_mc_AKGC417L__2,crackle_score,1,0
M39,test,cycle,177_1b2_Pr_mc_AKGC417L__3,crackle_score,1,0
M39,test,cycle,177_1b2_Tc_mc_AKGC417L__0,crackle_score,0.9757448136,0
M39,test,cycle,177_1b2_Tc_mc_AKGC417L__1,crackle_score,0.9259411926,0
M39,test,cycle,177_1b2_Tc_mc_AKGC417L__2,crackle_score,1,0
M39,test,cycle,177_1b2_Tc_mc_AKGC417L__3,crackle_score,1,0
M39,test,cycle,177_1b4_Al_mc_AKGC417L__0,crackle_score,0.8494176373,1
M39,test,cycle,177_1b4_Al_mc_AKGC417L__1,crackle_score,1,1
M39,test,cycle,177_1b4_Al_mc_AKGC417L__2,crackle_score,0.7855646444,1
M39,test,cycle,177_1b4_Al_mc_AKGC417L__3,crackle_score,1,1
M39,test,cycle,177_1b4_Al_mc_AKGC417L__4,crackle_score,1,1
M39,test,cycle,177_1b4_Ar_mc_AKGC417L__0,crackle_score,1,0
M39,test,cycle,177_1b4_Ar_mc_AKGC417L__1,crackle_score,1,0
M39,test,cycle,177_1b4_Ar_mc_AKGC417L__2,crackle_score,1,0
M39,test,cycle,177_1b4_Ar_mc_AKGC417L__3,crackle_score,0.9771290627,0
M39,test,cycle,177_1b4_Ar_mc_AKGC417L__4,crackle_score,1,0
M39,test,cycle,177_1b4_Lr_mc_AKGC417L__0,crackle_score,0.1509948912,0
M39,test,cycle,177_1b4_Lr_mc_AKGC417L__1,crackle_score,0.5110324371,0
M39,test,cycle,177_1b4_Lr_mc_AKGC417L__2,crackle_score,0.3184133793,0
M39,test,cycle,177_1b4_Lr_mc_AKGC417L__3,crackle_score,0.5,0
M39,test,cycle,177_1b4_Lr_mc_AKGC417L__4,crackle_score,0.324753428,0
M39,test,cycle,177_1b4_Pl_mc_AKGC417L__0,crackle_score,0.7371599717,1
M39,test,cycle,177_1b4_Pl_mc_AKGC417L__1,crackle_score,1,1
M39,test,cycle,177_1b4_Pl_mc_AKGC417L__2,crackle_score,1,1
M39,test,cycle,177_1b4_Pl_mc_AKGC417L__3,crackle_score,1,1
M39,test,cycle,177_1b4_Pl_mc_AKGC417L__4,crackle_score,1,1
M39,test,cycle,177_1b4_Pr_mc_AKGC417L__0,crackle_score,1,0
M39,test,cycle,177_1b4_Pr_mc_AKGC417L__1,crackle_score,1,0
M39,test,cycle,177_1b4_Pr_mc_AKGC417L__2,crackle_score,1,1
M39,test,cycle,177_1b4_Pr_mc_AKGC417L__3,crackle_score,1,0
M39,test,cycle,177_1b4_Pr_mc_AKGC417L__4,crackle_score,1,1
M39,test,cycle,177_1b4_Tc_mc_AKGC417L__0,crackle_score,0.911947602,0
M39,test,cycle,177_1b4_Tc_mc_AKGC417L__1,crackle_score,0.942086649,0
M39,test,cycle,177_1b4_Tc_mc_AKGC417L__2,crackle_score,1,0
M39,test,cycle,177_1b4_Tc_mc_AKGC417L__3,crackle_score,0.9378531073,0
M39,test,cycle,177_1b4_Tc_mc_AKGC417L__4,crackle_score,0.8143083603,0
M39,test,cycle,177_2b4_Al_mc_AKGC417L__0,crackle_score,0.6039476461,0
M39,test,cycle,177_2b4_Al_mc_AKGC417L__1,crackle_score,0.6287753064,1
M39,test,cycle,177_2b4_Al_mc_AKGC417L__2,crackle_score,0.789866362,1
M39,test,cycle,177_2b4_Al_mc_AKGC417L__3,crackle_score,0.8306210892,1
M39,test,cycle,177_2b4_Al_mc_AKGC417L__4,crackle_score,0.865630175,0
M39,test,cycle,177_2b4_Lr_mc_AKGC417L__0,crackle_score,1,1
M39,test,cycle,177_2b4_Lr_mc_AKGC417L__1,crackle_score,1,0
M39,test,cycle,177_2b4_Lr_mc_AKGC417L__2,crackle_score,0.9522852876,1
M39,test,cycle,177_2b4_Lr_mc_AKGC417L__3,crackle_score,1,1
M39,test,cycle,177_2b4_Lr_mc_AKGC417L__4,crackle_score,0.8344691248,1
M39,test,cycle,177_2b4_Pl_mc_AKGC417L__0,crackle_score,1,1
M39,test,cycle,177_2b4_Pl_mc_AKGC417L__1,crackle_score,1,1
M39,test,cycle,177_2b4_Pl_mc_AKGC417L__2,crackle_score,1,1
M39,test,cycle,177_2b4_Pl_mc_AKGC417L__3,crackle_score,1,1
M39,test,cycle,177_2b4_Pl_mc_AKGC417L__4,crackle_score,0.8854044727,1
M39,test,cycle,177_2b4_Pr_mc_AKGC417L__0,crackle_score,1,1
M39,test,cycle,177_2b4_Pr_mc_AKGC417L__1,crackle_score,1,1
M39,test,cycle,177_2b4_Pr_mc_AKGC417L__2,crackle_score,1,1
M39,test,cycle,177_2b4_Pr_mc_AKGC417L__3,crackle_score,0.9037210655,1
M39,test,cycle,177_2b4_Pr_mc_AKGC417L__4,crackle_score,0.5442516456,1
M39,test,cycle,177_2b4_Tc_mc_AKGC417L__0,crackle_score,0.9716139571,0
M39,test,cycle,177_2b4_Tc_mc_AKGC417L__1,crackle_score,0.9097922912,0
M39,test,cycle,177_2b4_Tc_mc_AKGC417L__2,crackle_score,0.9055884907,0
M39,test,cycle,177_2b4_Tc_mc_AKGC417L__3,crackle_score,1,0
M39,test,cycle,177_2b4_Tc_mc_AKGC417L__4,crackle_score,0.8657971196,0
M39,test,cycle,178_1b2_Al_mc_AKGC417L__0,crackle_score,0.6413043321,0
M39,test,cycle,178_1b2_Al_mc_AKGC417L__1,crackle_score,0.6828910994,0
M39,test,cycle,178_1b2_Al_mc_AKGC417L__2,crackle_score,0.8819709702,0
M39,test,cycle,178_1b2_Al_mc_AKGC417L__3,crackle_score,0.3905373625,0
M39,test,cycle,178_1b2_Al_mc_AKGC417L__4,crackle_score,0.8855897451,0
M39,test,cycle,178_1b2_Al_mc_AKGC417L__5,crackle_score,0.8100338219,0
M39,test,cycle,178_1b2_Al_mc_AKGC417L__6,crackle_score,1,0
M39,test,cycle,178_1b2_Al_mc_AKGC417L__7,crackle_score,0.6563743588,0
M39,test,cycle,178_1b2_Al_mc_AKGC417L__8,crackle_score,0.7649639113,0
M39,test,cycle,178_1b2_Al_mc_AKGC417L__9,crackle_score,0.8074176314,0
M39,test,cycle,178_1b2_Al_mc_AKGC417L__10,crackle_score,0.8337041157,0
M39,test,cycle,178_1b2_Al_mc_AKGC417L__11,crackle_score,0.6493798546,0
M39,test,cycle,178_1b2_Ar_mc_AKGC417L__0,crackle_score,0.4813186561,1
M39,test,cycle,178_1b2_Ar_mc_AKGC417L__1,crackle_score,0.6934596441,0
M39,test,cycle,178_1b2_Ar_mc_AKGC417L__2,crackle_score,0.6805798644,0
M39,test,cycle,178_1b2_Ar_mc_AKGC417L__3,crackle_score,0.4381104698,0
M39,test,cycle,178_1b2_Ar_mc_AKGC417L__4,crackle_score,0.5439410269,0
M39,test,cycle,178_1b2_Ar_mc_AKGC417L__5,crackle_score,0.8100338219,0
M39,test,cycle,178_1b2_Ar_mc_AKGC417L__6,crackle_score,0.6722567585,0
M39,test,cycle,178_1b2_Ar_mc_AKGC417L__7,crackle_score,0.5284340509,0
M39,test,cycle,178_1b2_Ar_mc_AKGC417L__8,crackle_score,0.7299342094,1
M39,test,cycle,178_1b2_Ar_mc_AKGC417L__9,crackle_score,0.79781037,0
M39,test,cycle,178_1b2_Ar_mc_AKGC417L__10,crackle_score,0.8893214683,0
M39,test,cycle,178_1b2_Ar_mc_AKGC417L__11,crackle_score,0.5740131363,1
M39,test,cycle,178_1b2_Lr_mc_AKGC417L__0,crackle_score,1,0
M39,test,cycle,178_1b2_Lr_mc_AKGC417L__1,crackle_score,0.6251822381,1
M39,test,cycle,178_1b2_Lr_mc_AKGC417L__2,crackle_score,0.8802728451,1
M39,test,cycle,178_1b2_Lr_mc_AKGC417L__3,crackle_score,0.5816089351,0
M39,test,cycle,178_1b2_Lr_mc_AKGC417L__4,crackle_score,0.7473355195,0
M39,test,cycle,178_1b2_Lr_mc_AKGC417L__5,crackle_score,0.6127395716,0
M39,test,cycle,178_1b2_Lr_mc_AKGC417L__6,crackle_score,0.962633452,1
M39,test,cycle,178_1b2_Lr_mc_AKGC417L__7,crackle_score,0.6460633899,1
M39,test,cycle,178_1b2_Lr_mc_AKGC417L__8,crackle_score,0.7809058671,1
M39,test,cycle,178_1b2_Lr_mc_AKGC417L__9,crackle_score,0.7418430628,1
M39,test,cycle,178_1b2_Lr_mc_AKGC417L__10,crackle_score,0.6870698178,1
M39,test,cycle,178_1b2_Lr_mc_AKGC417L__11,crackle_score,1,1
M39,test,cycle,178_1b2_Pl_mc_AKGC417L__0,crackle_score,0.7019386107,1
M39,test,cycle,178_1b2_Pl_mc_AKGC417L__1,crackle_score,0.852858151,1
M39,test,cycle,178_1b2_Pl_mc_AKGC417L__2,crackle_score,0.9201680672,1
M39,test,cycle,178_1b2_Pl_mc_AKGC417L__3,crackle_score,0.7666666667,1
M39,test,cycle,178_1b2_Pl_mc_AKGC417L__4,crackle_score,1,1
M39,test,cycle,178_1b2_Pl_mc_AKGC417L__5,crackle_score,0.9227733935,1
M39,test,cycle,178_1b2_Pl_mc_AKGC417L__6,crackle_score,1,1
M39,test,cycle,178_1b2_Pl_mc_AKGC417L__7,crackle_score,0.9667444574,1
M39,test,cycle,178_1b2_Pl_mc_AKGC417L__8,crackle_score,0.8142857143,1
M39,test,cycle,178_1b2_Pl_mc_AKGC417L__9,crackle_score,0.796176629,1
M39,test,cycle,178_1b2_Pl_mc_AKGC417L__10,crackle_score,0.7780867631,1
M39,test,cycle,178_1b2_Pl_mc_AKGC417L__11,crackle_score,0.9983388704,1
M39,test,cycle,178_1b2_Pr_mc_AKGC417L__0,crackle_score,0.6181766528,0
M39,test,cycle,178_1b2_Pr_mc_AKGC417L__1,crackle_score,0.6093454351,0
M39,test,cycle,178_1b2_Pr_mc_AKGC417L__2,crackle_score,0.3567099978,1
M39,test,cycle,178_1b2_Pr_mc_AKGC417L__3,crackle_score,0.490463481,0
M39,test,cycle,178_1b2_Pr_mc_AKGC417L__4,crackle_score,0.7379323003,0
M39,test,cycle,178_1b2_Pr_mc_AKGC417L__5,crackle_score,0.6972942503,0
M39,test,cycle,178_1b2_Pr_mc_AKGC417L__6,crackle_score,0.5003730961,0
M39,test,cycle,178_1b2_Pr_mc_AKGC417L__7,crackle_score,0.4937265729,0
M39,test,cycle,178_1b2_Pr_mc_AKGC417L__8,crackle_score,0.5327622933,0
M39,test,cycle,178_1b2_Pr_mc_AKGC417L__9,crackle_score,0.6900908611,0
M39,test,cycle,178_1b2_Pr_mc_AKGC417L__10,crackle_score,0.8537608894,0
M39,test,cycle,178_1b2_Pr_mc_AKGC417L__11,crackle_score,0.5247754409,0
M39,test,cycle,178_1b2_Tc_mc_AKGC417L__0,crackle_score,0.7017483922,0
M39,test,cycle,178_1b2_Tc_mc_AKGC417L__1,crackle_score,0.715295788,0
M39,test,cycle,178_1b2_Tc_mc_AKGC417L__2,crackle_score,0.6030593682,0
M39,test,cycle,178_1b2_Tc_mc_AKGC417L__3,crackle_score,0.5804462202,0
M39,test,cycle,178_1b2_Tc_mc_AKGC417L__4,crackle_score,0.7338507271,0
M39,test,cycle,178_1b2_Tc_mc_AKGC417L__5,crackle_score,0.7259037061,0
M39,test,cycle,178_1b2_Tc_mc_AKGC417L__6,crackle_score,0.5130960437,0
M39,test,cycle,178_1b2_Tc_mc_AKGC417L__7,crackle_score,0.7349045268,0
M39,test,cycle,178_1b2_Tc_mc_AKGC417L__8,crackle_score,0.8528836153,0
M39,test,cycle,178_1b2_Tc_mc_AKGC417L__9,crackle_score,0.6600476062,0
M39,test,cycle,178_1b2_Tc_mc_AKGC417L__10,crackle_score,0.7464792308,0
M39,test,cycle,178_1b2_Tc_mc_AKGC417L__11,crackle_score,0.8626191668,0
M39,test,cycle,178_1b3_Al_mc_AKGC417L__0,crackle_score,0.9446138211,1
M39,test,cycle,178_1b3_Al_mc_AKGC417L__1,crackle_score,0.5786440782,1
M39,test,cycle,178_1b3_Al_mc_AKGC417L__2,crackle_score,0.9724847137,0
M39,test,cycle,178_1b3_Al_mc_AKGC417L__3,crackle_score,0.8444417759,0
M39,test,cycle,178_1b3_Al_mc_AKGC417L__4,crackle_score,0.8631082062,0
M39,test,cycle,178_1b3_Ar_mc_AKGC417L__0,crackle_score,0.7094629851,1
M39,test,cycle,178_1b3_Ar_mc_AKGC417L__1,crackle_score,0.7667682927,1
M39,test,cycle,178_1b3_Ar_mc_AKGC417L__2,crackle_score,0.7873771374,1
M39,test,cycle,178_1b3_Ar_mc_AKGC417L__3,crackle_score,0.7252241433,1
M39,test,cycle,178_1b3_Ar_mc_AKGC417L__4,crackle_score,0.6293585097,1
M39,test,cycle,178_1b3_Lr_mc_AKGC417L__0,crackle_score,0.8834315314,0
M39,test,cycle,178_1b3_Lr_mc_AKGC417L__1,crackle_score,0.8172562508,0
M39,test,cycle,178_1b3_Lr_mc_AKGC417L__2,crackle_score,0.9264601182,0
M39,test,cycle,178_1b3_Lr_mc_AKGC417L__3,crackle_score,0.6938088149,0
M39,test,cycle,178_1b3_Lr_mc_AKGC417L__4,crackle_score,0.7451519476,0
M39,test,cycle,178_1b3_Pl_mc_AKGC417L__0,crackle_score,0.6778455285,0
M39,test,cycle,178_1b3_Pl_mc_AKGC417L__1,crackle_score,0.6905487805,0
M39,test,cycle,178_1b3_Pl_mc_AKGC417L__2,crackle_score,0.5416898277,0
M39,test,cycle,178_1b3_Pl_mc_AKGC417L__3,crackle_score,0.6732283465,0
M39,test,cycle,178_1b3_Pl_mc_AKGC417L__4,crackle_score,0.8994190269,0
M39,test,cycle,178_1b3_Pr_mc_AKGC417L__0,crackle_score,0.6399017883,0
M39,test,cycle,178_1b3_Pr_mc_AKGC417L__1,crackle_score,0.512703252,0
M39,test,cycle,178_1b3_Pr_mc_AKGC417L__2,crackle_score,0.5390046592,0
M39,test,cycle,178_1b3_Pr_mc_AKGC417L__3,crackle_score,0.5030706453,0
M39,test,cycle,178_1b3_Pr_mc_AKGC417L__4,crackle_score,0.4847827848,0
M39,test,cycle,178_1b3_Tc_mc_AKGC417L__0,crackle_score,0.5643600883,0
M39,test,cycle,178_1b3_Tc_mc_AKGC417L__1,crackle_score,0.8048723328,0
M39,test,cycle,178_1b3_Tc_mc_AKGC417L__2,crackle_score,0.7173277136,1
M39,test,cycle,178_1b3_Tc_mc_AKGC417L__3,crackle_score,0.5844622958,0
M39,test,cycle,178_1b3_Tc_mc_AKGC417L__4,crackle_score,0.5168995657,0
M39,test,cycle,178_1b6_Al_mc_AKGC417L__0,crackle_score,0.6245853397,0
M39,test,cycle,178_1b6_Al_mc_AKGC417L__1,crackle_score,0.4600691021,0
M39,test,cycle,178_1b6_Al_mc_AKGC417L__2,crackle_score,0.7505829721,0
M39,test,cycle,178_1b6_Al_mc_AKGC417L__3,crackle_score,0.4583521981,0
M39,test,cycle,178_1b6_Al_mc_AKGC417L__4,crackle_score,0.7279096115,0
M39,test,cycle,178_1b6_Al_mc_AKGC417L__5,crackle_score,0.942282176,0
M39,test,cycle,178_1b6_Al_mc_AKGC417L__6,crackle_score,0.6875384283,0
M39,test,cycle,178_1b6_Al_mc_AKGC417L__7,crackle_score,0.7388535032,0
M39,test,cycle,178_1b6_Ar_mc_AKGC417L__0,crackle_score,0.4701577683,1
M39,test,cycle,178_1b6_Ar_mc_AKGC417L__1,crackle_score,0.5184120877,1
M39,test,cycle,178_1b6_Ar_mc_AKGC417L__2,crackle_score,0.6767966959,1
M39,test,cycle,178_1b6_Ar_mc_AKGC417L__3,crackle_score,0.5895379829,1
M39,test,cycle,178_1b6_Ar_mc_AKGC417L__4,crackle_score,0.7529730963,1
M39,test,cycle,178_1b6_Ar_mc_AKGC417L__5,crackle_score,0.6279138581,1
M39,test,cycle,178_1b6_Ar_mc_AKGC417L__6,crackle_score,0.4073486885,1
M39,test,cycle,178_1b6_Ar_mc_AKGC417L__7,crackle_score,0.6267850276,1
M39,test,cycle,178_1b6_Ll_mc_AKGC417L__0,crackle_score,0.4396451582,0
M39,test,cycle,178_1b6_Ll_mc_AKGC417L__1,crackle_score,0.3148647489,0
M39,test,cycle,178_1b6_Ll_mc_AKGC417L__2,crackle_score,0.3257221256,0
M39,test,cycle,178_1b6_Ll_mc_AKGC417L__3,crackle_score,0.6,0
M39,test,cycle,178_1b6_Ll_mc_AKGC417L__4,crackle_score,0.3547208473,0
M39,test,cycle,178_1b6_Ll_mc_AKGC417L__5,crackle_score,0.3343541634,0
M39,test,cycle,178_1b6_Ll_mc_AKGC417L__6,crackle_score,0.323297687,0
M39,test,cycle,178_1b6_Ll_mc_AKGC417L__7,crackle_score,0.5330598561,0
M39,test,cycle,178_1b6_Lr_mc_AKGC417L__0,crackle_score,0.5357566135,0
M39,test,cycle,178_1b6_Lr_mc_AKGC417L__1,crackle_score,0.7137992218,0
M39,test,cycle,178_1b6_Lr_mc_AKGC417L__2,crackle_score,0.7750266245,0
M39,test,cycle,178_1b6_Lr_mc_AKGC417L__3,crackle_score,0.807650706,0
M39,test,cycle,178_1b6_Lr_mc_AKGC417L__4,crackle_score,0.5776586594,0
M39,test,cycle,178_1b6_Lr_mc_AKGC417L__5,crackle_score,0.6632539249,0
M39,test,cycle,178_1b6_Lr_mc_AKGC417L__6,crackle_score,0.7912095173,0
M39,test,cycle,178_1b6_Lr_mc_AKGC417L__7,crackle_score,1,0
M39,test,cycle,178_1b6_Pl_mc_AKGC417L__0,crackle_score,0.5861193863,0
M39,test,cycle,178_1b6_Pl_mc_AKGC417L__1,crackle_score,0.677423464,0
M39,test,cycle,178_1b6_Pl_mc_AKGC417L__2,crackle_score,0.6010304888,0
M39,test,cycle,178_1b6_Pl_mc_AKGC417L__3,crackle_score,0.7122795369,0
M39,test,cycle,178_1b6_Pl_mc_AKGC417L__4,crackle_score,0.545472013,0
M39,test,cycle,178_1b6_Pl_mc_AKGC417L__5,crackle_score,0.6183157746,0
M39,test,cycle,178_1b6_Pl_mc_AKGC417L__6,crackle_score,0.5957089807,0
M39,test,cycle,178_1b6_Pl_mc_AKGC417L__7,crackle_score,0.7170099399,0
M39,test,cycle,178_1b6_Pr_mc_AKGC417L__0,crackle_score,0.8171213145,0
M39,test,cycle,178_1b6_Pr_mc_AKGC417L__1,crackle_score,0.5279210487,0
M39,test,cycle,178_1b6_Pr_mc_AKGC417L__2,crackle_score,0.62779711,0
M39,test,cycle,178_1b6_Pr_mc_AKGC417L__3,crackle_score,0.4853458216,0
M39,test,cycle,178_1b6_Pr_mc_AKGC417L__4,crackle_score,0.4055944168,0
M39,test,cycle,178_1b6_Pr_mc_AKGC417L__5,crackle_score,0.5393003499,0
M39,test,cycle,178_1b6_Pr_mc_AKGC417L__6,crackle_score,0.4682515286,0
M39,test,cycle,178_1b6_Pr_mc_AKGC417L__7,crackle_score,0.6355143088,0
M39,test,cycle,178_1b6_Tc_mc_AKGC417L__0,crackle_score,0.9228010136,0
M39,test,cycle,178_1b6_Tc_mc_AKGC417L__1,crackle_score,0.6514974587,0
M39,test,cycle,178_1b6_Tc_mc_AKGC417L__2,crackle_score,0.8362540717,0
M39,test,cycle,178_1b6_Tc_mc_AKGC417L__3,crackle_score,0.6357408715,0
M39,test,cycle,178_1b6_Tc_mc_AKGC417L__4,crackle_score,0.6907399626,0
M39,test,cycle,178_1b6_Tc_mc_AKGC417L__5,crackle_score,0.7323080544,0
M39,test,cycle,178_1b6_Tc_mc_AKGC417L__6,crackle_score,0.8030451889,0
M39,test,cycle,178_1b6_Tc_mc_AKGC417L__7,crackle_score,0.7367051539,0
M39,test,cycle,178_2b2_Al_mc_AKGC417L__0,crackle_score,0.682592818,1
M39,test,cycle,178_2b2_Al_mc_AKGC417L__1,crackle_score,0.8564154786,1
M39,test,cycle,178_2b2_Al_mc_AKGC417L__2,crackle_score,0.7145387373,1
M39,test,cycle,178_2b2_Al_mc_AKGC417L__3,crackle_score,0.5674860183,0
M39,test,cycle,178_2b2_Al_mc_AKGC417L__4,crackle_score,0.7111684655,1
M39,test,cycle,178_2b2_Al_mc_AKGC417L__5,crackle_score,0.5311714888,0
M39,test,cycle,178_2b2_Al_mc_AKGC417L__6,crackle_score,0.6787310098,1
M39,test,cycle,178_2b2_Al_mc_AKGC417L__7,crackle_score,0.8244266861,1
M39,test,cycle,178_2b2_Al_mc_AKGC417L__8,crackle_score,0.7920035939,1
M39,test,cycle,178_2b2_Al_mc_AKGC417L__9,crackle_score,0.635501355,0
M39,test,cycle,178_2b2_Ar_mc_AKGC417L__0,crackle_score,0.9605210253,0
M39,test,cycle,178_2b2_Ar_mc_AKGC417L__1,crackle_score,0.6971216221,0
M39,test,cycle,178_2b2_Ar_mc_AKGC417L__2,crackle_score,0.5666666667,0
M39,test,cycle,178_2b2_Ar_mc_AKGC417L__3,crackle_score,1,1
M39,test,cycle,178_2b2_Ar_mc_AKGC417L__4,crackle_score,0.6628452458,0
M39,test,cycle,178_2b2_Ar_mc_AKGC417L__5,crackle_score,0.6392111369,1
M39,test,cycle,178_2b2_Ar_mc_AKGC417L__6,crackle_score,0.6563896336,1
M39,test,cycle,178_2b2_Ar_mc_AKGC417L__7,crackle_score,1,1
M39,test,cycle,178_2b2_Ar_mc_AKGC417L__8,crackle_score,0.5224618149,1
M39,test,cycle,178_2b2_Ar_mc_AKGC417L__9,crackle_score,0.7032520325,1
M39,test,cycle,178_2b2_Lr_mc_AKGC417L__0,crackle_score,0.7667710054,0
M39,test,cycle,178_2b2_Lr_mc_AKGC417L__1,crackle_score,0.9765610203,0
M39,test,cycle,178_2b2_Lr_mc_AKGC417L__2,crackle_score,0.5666666667,0
M39,test,cycle,178_2b2_Lr_mc_AKGC417L__3,crackle_score,0.6267180187,0
M39,test,cycle,178_2b2_Lr_mc_AKGC417L__4,crackle_score,0.8021698225,0
M39,test,cycle,178_2b2_Lr_mc_AKGC417L__5,crackle_score,0.5557035222,0
M39,test,cycle,178_2b2_Lr_mc_AKGC417L__6,crackle_score,0.6989118251,0
M39,test,cycle,178_2b2_Lr_mc_AKGC417L__7,crackle_score,0.707116205,0
M39,test,cycle,178_2b2_Lr_mc_AKGC417L__8,crackle_score,0.6744586734,0
M39,test,cycle,178_2b2_Lr_mc_AKGC417L__9,crackle_score,0.5856379645,0
M39,test,cycle,178_2b2_Pr_mc_AKGC417L__0,crackle_score,0.5238023804,0
M39,test,cycle,178_2b2_Pr_mc_AKGC417L__1,crackle_score,0.4437259574,0
M39,test,cycle,178_2b2_Pr_mc_AKGC417L__2,crackle_score,0.4899812212,0
M39,test,cycle,178_2b2_Pr_mc_AKGC417L__3,crackle_score,0.5556581402,0
M39,test,cycle,178_2b2_Pr_mc_AKGC417L__4,crackle_score,0.6290182242,0
M39,test,cycle,178_2b2_Pr_mc_AKGC417L__5,crackle_score,0.5071951498,0
M39,test,cycle,178_2b2_Pr_mc_AKGC417L__6,crackle_score,0.4456111734,0
M39,test,cycle,178_2b2_Pr_mc_AKGC417L__7,crackle_score,0.3776786329,0
M39,test,cycle,178_2b2_Pr_mc_AKGC417L__8,crackle_score,0.6347708895,0
M39,test,cycle,178_2b2_Pr_mc_AKGC417L__9,crackle_score,0.6387711405,0
M39,test,cycle,178_2b2_Tc_mc_AKGC417L__0,crackle_score,0.510820024,0
M39,test,cycle,178_2b2_Tc_mc_AKGC417L__1,crackle_score,0.932790224,0
M39,test,cycle,178_2b2_Tc_mc_AKGC417L__2,crackle_score,0.9222222222,0
M39,test,cycle,178_2b2_Tc_mc_AKGC417L__3,crackle_score,0.8390714658,0
M39,test,cycle,178_2b2_Tc_mc_AKGC417L__4,crackle_score,0.5765065539,0
M39,test,cycle,178_2b2_Tc_mc_AKGC417L__5,crackle_score,0.7784222738,0
M39,test,cycle,178_2b2_Tc_mc_AKGC417L__6,crackle_score,0.6563545805,0
M39,test,cycle,178_2b2_Tc_mc_AKGC417L__7,crackle_score,0.7829037105,0
M39,test,cycle,178_2b2_Tc_mc_AKGC417L__8,crackle_score,0.8432280139,0
M39,test,cycle,178_2b2_Tc_mc_AKGC417L__9,crackle_score,0.7702421722,0
M39,test,cycle,182_1b1_Tc_sc_Meditron__0,crackle_score,1,1
M39,test,cycle,182_1b1_Tc_sc_Meditron__1,crackle_score,0.8080369644,1
M39,test,cycle,182_1b1_Tc_sc_Meditron__2,crackle_score,0.7424242424,0
M39,test,cycle,182_1b1_Tc_sc_Meditron__3,crackle_score,0.9960125884,1
M39,test,cycle,182_1b1_Tc_sc_Meditron__4,crackle_score,1,0
M39,test,cycle,182_1b1_Tc_sc_Meditron__5,crackle_score,0.8676470588,1
M39,test,cycle,182_1b1_Tc_sc_Meditron__6,crackle_score,0.8759398496,1
M39,test,cycle,185_1b1_Al_sc_Litt3200__0,crackle_score,0.7702702703,0
M39,test,cycle,185_1b1_Al_sc_Litt3200__1,crackle_score,0.9422708909,0
M39,test,cycle,185_1b1_Al_sc_Litt3200__2,crackle_score,1,0
M39,test,cycle,185_1b1_Al_sc_Litt3200__3,crackle_score,0.6234425028,0
M39,test,cycle,185_1b1_Al_sc_Litt3200__4,crackle_score,0.548639118,0
M39,test,cycle,185_1b1_Al_sc_Litt3200__5,crackle_score,0.7329136036,0
M39,test,cycle,185_1b1_Al_sc_Litt3200__6,crackle_score,0.8764133395,0
M39,test,cycle,185_1b1_Ar_sc_Litt3200__0,crackle_score,0.7392140111,0
M39,test,cycle,185_1b1_Ar_sc_Litt3200__1,crackle_score,0.706494244,0
M39,test,cycle,185_1b1_Ar_sc_Litt3200__2,crackle_score,0.7092962414,0
M39,test,cycle,185_1b1_Ar_sc_Litt3200__3,crackle_score,0.6265759618,0
M39,test,cycle,185_1b1_Ar_sc_Litt3200__4,crackle_score,0.7821869489,0
M39,test,cycle,185_1b1_Ar_sc_Litt3200__5,crackle_score,0.698000198,0
M39,test,cycle,185_1b1_Ar_sc_Litt3200__6,crackle_score,0.9724409449,0
M39,test,cycle,185_1b1_Ar_sc_Litt3200__7,crackle_score,0.7588757396,0
M39,test,cycle,185_1b1_Ar_sc_Litt3200__8,crackle_score,0.7029769959,0
M39,test,cycle,185_1b1_Ar_sc_Litt3200__9,crackle_score,0.88966139,0
M39,test,cycle,185_1b1_Ar_sc_Litt3200__10,crackle_score,0.8461206005,0
M39,test,cycle,185_1b1_Ll_sc_Litt3200__0,crackle_score,0.7214379628,0
M39,test,cycle,185_1b1_Ll_sc_Litt3200__1,crackle_score,0.5991653582,0
M39,test,cycle,185_1b1_Ll_sc_Litt3200__2,crackle_score,0.6846153846,0
M39,test,cycle,185_1b1_Ll_sc_Litt3200__3,crackle_score,0.6975146079,0
M39,test,cycle,185_1b1_Ll_sc_Litt3200__4,crackle_score,0.6804375611,0
M39,test,cycle,185_1b1_Ll_sc_Litt3200__5,crackle_score,1,0
M39,test,cycle,185_1b1_Ll_sc_Litt3200__6,crackle_score,0.7642960115,0
M39,test,cycle,185_1b1_Ll_sc_Litt3200__7,crackle_score,0.8233629749,0
M39,test,cycle,185_1b1_Ll_sc_Litt3200__8,crackle_score,0.8492839679,0
M39,test,cycle,185_1b1_Ll_sc_Litt3200__9,crackle_score,0.6560557859,0
M39,test,cycle,185_1b1_Lr_sc_Litt3200__0,crackle_score,0.5839917058,0
M39,test,cycle,185_1b1_Lr_sc_Litt3200__1,crackle_score,0.6351899419,0
M39,test,cycle,185_1b1_Lr_sc_Litt3200__2,crackle_score,0.8600475777,0
M39,test,cycle,185_1b1_Lr_sc_Litt3200__3,crackle_score,1,0
M39,test,cycle,185_1b1_Lr_sc_Litt3200__4,crackle_score,0.6021972407,0
M39,test,cycle,185_1b1_Lr_sc_Litt3200__5,crackle_score,0.601010101,0
M39,test,cycle,185_1b1_Lr_sc_Litt3200__6,crackle_score,0.725284173,0
M39,test,cycle,185_1b1_Pl_sc_Litt3200__0,crackle_score,0.6863238308,0
M39,test,cycle,185_1b1_Pl_sc_Litt3200__1,crackle_score,0.7402814726,0
M39,test,cycle,185_1b1_Pl_sc_Litt3200__2,crackle_score,0.7193669696,0
M39,test,cycle,185_1b1_Pl_sc_Litt3200__3,crackle_score,0.6384562132,0
M39,test,cycle,185_1b1_Pl_sc_Litt3200__4,crackle_score,1,0
M39,test,cycle,185_1b1_Pl_sc_Litt3200__5,crackle_score,0.6212121212,0
M39,test,cycle,185_1b1_Pl_sc_Litt3200__6,crackle_score,1,0
M39,test,cycle,185_1b1_Pl_sc_Litt3200__7,crackle_score,0.635215375,0
M39,test,cycle,185_1b1_Pl_sc_Litt3200__8,crackle_score,1,0
M39,test,cycle,185_1b1_Pr_sc_Litt3200__0,crackle_score,0.6618908855,0
M39,test,cycle,185_1b1_Pr_sc_Litt3200__1,crackle_score,0.7186090996,0
M39,test,cycle,185_1b1_Pr_sc_Litt3200__2,crackle_score,0.6665209608,0
M39,test,cycle,185_1b1_Pr_sc_Litt3200__3,crackle_score,0.769541779,0
M39,test,cycle,185_1b1_Pr_sc_Litt3200__4,crackle_score,0.7096619202,0
M39,test,cycle,185_1b1_Pr_sc_Litt3200__5,crackle_score,0.7299098322,0
M39,test,cycle,185_1b1_Pr_sc_Litt3200__6,crackle_score,0.8612825531,0
M39,test,cycle,185_1b1_Pr_sc_Litt3200__7,crackle_score,0.5876040298,0
M39,test,cycle,185_1b1_Pr_sc_Litt3200__8,crackle_score,0.7490949887,0
M39,test,cycle,185_1b1_Pr_sc_Litt3200__9,crackle_score,0.8232325288,0
M39,test,cycle,185_1b1_Pr_sc_Litt3200__10,crackle_score,1,0
M39,test,cycle,187_1b1_Ll_sc_Meditron__0,crackle_score,0.4977380819,0
M39,test,cycle,187_1b1_Ll_sc_Meditron__1,crackle_score,0.699221547,0
M39,test,cycle,187_1b1_Ll_sc_Meditron__2,crackle_score,0.1515281614,0
M39,test,cycle,187_1b1_Ll_sc_Meditron__3,crackle_score,0.2160746587,0
M39,test,cycle,187_1b1_Ll_sc_Meditron__4,crackle_score,0.6312943573,0
M39,test,cycle,187_1b1_Ll_sc_Meditron__5,crackle_score,0.5997688375,0
M39,test,cycle,187_1b1_Ll_sc_Meditron__6,crackle_score,0.5696521275,0
M39,test,cycle,187_1b1_Ll_sc_Meditron__7,crackle_score,0.349744955,0
M39,test,cycle,187_1b1_Ll_sc_Meditron__8,crackle_score,0.4490287942,0
M39,test,cycle,187_1b1_Ll_sc_Meditron__9,crackle_score,0.5753659031,0
M39,test,cycle,187_1b1_Ll_sc_Meditron__10,crackle_score,0.4624314624,0
M39,test,cycle,187_1b1_Ll_sc_Meditron__11,crackle_score,0.6520918258,0
M39,test,cycle,187_1b1_Ll_sc_Meditron__12,crackle_score,0.6639082386,0
M39,test,cycle,187_1b1_Ll_sc_Meditron__13,crackle_score,0.7248679402,0
M39,test,cycle,187_1b1_Ll_sc_Meditron__14,crackle_score,0.6744805693,0
M39,test,cycle,187_1b1_Ll_sc_Meditron__15,crackle_score,0.6212114259,0
M39,test,cycle,187_1b1_Ll_sc_Meditron__16,crackle_score,1,0
M39,test,cycle,194_1b1_Lr_sc_Meditron__0,crackle_score,0.6697965286,0
M39,test,cycle,194_1b1_Lr_sc_Meditron__1,crackle_score,0.243767388,0
M39,test,cycle,194_1b1_Lr_sc_Meditron__2,crackle_score,0.1794971706,0
M39,test,cycle,194_1b1_Lr_sc_Meditron__3,crackle_score,0.3482611106,0
M39,test,cycle,194_1b1_Lr_sc_Meditron__4,crackle_score,0.90721314,0
M39,test,cycle,194_1b1_Lr_sc_Meditron__5,crackle_score,0.6350824744,0
M39,test,cycle,194_1b1_Lr_sc_Meditron__6,crackle_score,0.6267559528,0
M39,test,cycle,194_1b1_Lr_sc_Meditron__7,crackle_score,0.7442649547,0
M39,test,cycle,194_1b1_Lr_sc_Meditron__8,crackle_score,0.6757798109,0
M39,test,cycle,194_1b1_Pr_sc_Meditron__0,crackle_score,0.6737253606,0
M39,test,cycle,194_1b1_Pr_sc_Meditron__1,crackle_score,1,0
M39,test,cycle,194_1b1_Pr_sc_Meditron__2,crackle_score,0.6836097274,0
M39,test,cycle,194_1b1_Pr_sc_Meditron__3,crackle_score,0.5651695615,0
M39,test,cycle,194_1b1_Pr_sc_Meditron__4,crackle_score,0.6944323005,0
M39,test,cycle,194_1b1_Pr_sc_Meditron__5,crackle_score,0.6698374873,0
M39,test,cycle,194_1b1_Pr_sc_Meditron__6,crackle_score,0.6576777991,0
M39,test,cycle,194_1b1_Pr_sc_Meditron__7,crackle_score,0.6134933707,0
M39,test,cycle,194_1b1_Pr_sc_Meditron__8,crackle_score,0.4074604128,0
M39,test,cycle,195_1b1_Al_sc_Litt3200__0,crackle_score,0.7115203022,0
M39,test,cycle,195_1b1_Al_sc_Litt3200__1,crackle_score,0.6920408104,0
M39,test,cycle,195_1b1_Al_sc_Litt3200__2,crackle_score,0.7055850608,0
M39,test,cycle,195_1b1_Al_sc_Litt3200__3,crackle_score,0.5935927934,0
M39,test,cycle,195_1b1_Al_sc_Litt3200__4,crackle_score,0.7473091083,0
M39,test,cycle,195_1b1_Al_sc_Litt3200__5,crackle_score,0.6577287066,0
M39,test,cycle,195_1b1_Al_sc_Litt3200__6,crackle_score,0.6325673884,0
M39,test,cycle,195_1b1_Al_sc_Litt3200__7,crackle_score,0.5641436818,0
M39,test,cycle,195_1b1_Al_sc_Litt3200__8,crackle_score,0.5727096461,0
M39,test,cycle,195_1b1_Al_sc_Litt3200__9,crackle_score,0.6988510826,0
M39,test,cycle,195_1b1_Al_sc_Litt3200__10,crackle_score,0.8078982597,0
M39,test,cycle,195_1b1_Al_sc_Litt3200__11,crackle_score,0.8544784203,0
M39,test,cycle,195_1b1_Ar_sc_Litt3200__0,crackle_score,0.8933910307,0
M39,test,cycle,195_1b1_Ar_sc_Litt3200__1,crackle_score,0.7502111156,0
M39,test,cycle,195_1b1_Ar_sc_Litt3200__2,crackle_score,0.8160709944,0
M39,test,cycle,195_1b1_Ar_sc_Litt3200__3,crackle_score,0.7152794596,0
M39,test,cycle,195_1b1_Ar_sc_Litt3200__4,crackle_score,0.6942124684,0
M39,test,cycle,195_1b1_Ar_sc_Litt3200__5,crackle_score,0.6524390244,0
M39,test,cycle,195_1b1_Ar_sc_Litt3200__6,crackle_score,0.7078384798,0
M39,test,cycle,195_1b1_Ar_sc_Litt3200__7,crackle_score,0.7358490566,0
M39,test,cycle,195_1b1_Ar_sc_Litt3200__8,crackle_score,0.7431118314,0
M39,test,cycle,195_1b1_Ar_sc_Litt3200__9,crackle_score,0.7894954508,0
M39,test,cycle,195_1b1_Ar_sc_Litt3200__10,crackle_score,0.7510460251,0
M39,test,cycle,195_1b1_Ar_sc_Litt3200__11,crackle_score,0.6901140684,0
M39,test,cycle,195_1b1_Ar_sc_Litt3200__12,crackle_score,0.8162888772,0
M39,test,cycle,195_1b1_Ar_sc_Litt3200__13,crackle_score,0.7117148906,0
M39,test,cycle,195_1b1_Ar_sc_Litt3200__14,crackle_score,0.6831501832,0
M39,test,cycle,195_1b1_Ar_sc_Litt3200__15,crackle_score,0.4835093183,0
M39,test,cycle,195_1b1_Ar_sc_Litt3200__16,crackle_score,0.653873157,0
M39,test,cycle,195_1b1_Ll_sc_Litt3200__0,crackle_score,0.6901040291,0
M39,test,cycle,195_1b1_Ll_sc_Litt3200__1,crackle_score,0.9813698021,0
M39,test,cycle,195_1b1_Ll_sc_Litt3200__2,crackle_score,0.6782272447,1
M39,test,cycle,195_1b1_Ll_sc_Litt3200__3,crackle_score,0.9519166106,1
M39,test,cycle,195_1b1_Ll_sc_Litt3200__4,crackle_score,0.9244482173,1
M39,test,cycle,195_1b1_Ll_sc_Litt3200__5,crackle_score,0.7602934217,0
M39,test,cycle,195_1b1_Ll_sc_Litt3200__6,crackle_score,0.7963976288,1
M39,test,cycle,195_1b1_Ll_sc_Litt3200__7,crackle_score,0.7248454188,1
M39,test,cycle,195_1b1_Ll_sc_Litt3200__8,crackle_score,0.5,0
M39,test,cycle,195_1b1_Ll_sc_Litt3200__9,crackle_score,0.5099098007,0
M39,test,cycle,195_1b1_Ll_sc_Litt3200__10,crackle_score,0.4600538066,1
M39,test,cycle,195_1b1_Lr_sc_Litt3200__0,crackle_score,0.7286585366,1
M39,test,cycle,195_1b1_Lr_sc_Litt3200__1,crackle_score,0.7125640539,0
M39,test,cycle,195_1b1_Lr_sc_Litt3200__2,crackle_score,0.6915066788,0
M39,test,cycle,195_1b1_Lr_sc_Litt3200__3,crackle_score,0.8670616178,1
M39,test,cycle,195_1b1_Lr_sc_Litt3200__4,crackle_score,0.9857316333,0
M39,test,cycle,195_1b1_Lr_sc_Litt3200__5,crackle_score,1,0
M39,test,cycle,195_1b1_Lr_sc_Litt3200__6,crackle_score,0.6546619532,0
M39,test,cycle,195_1b1_Lr_sc_Litt3200__7,crackle_score,0.5481512201,1
M39,test,cycle,195_1b1_Lr_sc_Litt3200__8,crackle_score,0.6495712785,1
M39,test,cycle,195_1b1_Pl_sc_Litt3200__0,crackle_score,1,0
M39,test,cycle,195_1b1_Pl_sc_Litt3200__1,crackle_score,0.9887395518,0
M39,test,cycle,195_1b1_Pl_sc_Litt3200__2,crackle_score,1,0
M39,test,cycle,195_1b1_Pl_sc_Litt3200__3,crackle_score,0.7582218556,0
M39,test,cycle,195_1b1_Pl_sc_Litt3200__4,crackle_score,0.9205928742,0
M39,test,cycle,195_1b1_Pl_sc_Litt3200__5,crackle_score,0.9566982409,0
M39,test,cycle,195_1b1_Pl_sc_Litt3200__6,crackle_score,0.5877577885,0
M39,test,cycle,195_1b1_Pl_sc_Litt3200__7,crackle_score,0.6765893037,0
M39,test,cycle,195_1b1_Pl_sc_Litt3200__8,crackle_score,0.4383183856,0
M39,test,cycle,195_1b1_Pr_sc_Litt3200__0,crackle_score,0.8155971106,0
M39,test,cycle,195_1b1_Pr_sc_Litt3200__1,crackle_score,1,0
M39,test,cycle,195_1b1_Pr_sc_Litt3200__2,crackle_score,0.9970406462,0
M39,test,cycle,195_1b1_Pr_sc_Litt3200__3,crackle_score,0.9355848634,0
M39,test,cycle,195_1b1_Pr_sc_Litt3200__4,crackle_score,0.7102733554,0
M39,test,cycle,195_1b1_Pr_sc_Litt3200__5,crackle_score,0.8934039275,0
M39,test,cycle,195_1b1_Pr_sc_Litt3200__6,crackle_score,0.7926856725,0
M39,test,cycle,195_1b1_Pr_sc_Litt3200__7,crackle_score,0.6542257866,0
M39,test,cycle,195_1b1_Pr_sc_Litt3200__8,crackle_score,0.8403014098,0
M39,test,cycle,195_1b1_Pr_sc_Litt3200__9,crackle_score,0.7169197397,0
M39,test,cycle,195_1b1_Pr_sc_Litt3200__10,crackle_score,0.6450957632,0
M39,test,cycle,195_1b1_Pr_sc_Litt3200__11,crackle_score,1,0
M39,test,cycle,195_1b1_Pr_sc_Litt3200__12,crackle_score,0.8575100275,0
M39,test,cycle,195_1b1_Pr_sc_Litt3200__13,crackle_score,0.788538874,0
M39,test,cycle,195_1b1_Pr_sc_Litt3200__14,crackle_score,0.6310370648,0
M39,test,cycle,195_1b1_Pr_sc_Litt3200__15,crackle_score,0.6291828259,0
M39,test,cycle,195_1b1_Pr_sc_Litt3200__16,crackle_score,0.5028235675,0
M39,test,cycle,198_1b5_Al_mc_AKGC417L__0,crackle_score,0.7707660892,0
M39,test,cycle,198_1b5_Al_mc_AKGC417L__1,crackle_score,0.6442721396,0
M39,test,cycle,198_1b5_Al_mc_AKGC417L__2,crackle_score,0.6657844255,0
M39,test,cycle,198_1b5_Al_mc_AKGC417L__3,crackle_score,0.4829998384,0
M39,test,cycle,198_1b5_Al_mc_AKGC417L__4,crackle_score,0.6614106524,0
M39,test,cycle,198_1b5_Al_mc_AKGC417L__5,crackle_score,0.8712154085,0
M39,test,cycle,198_1b5_Al_mc_AKGC417L__6,crackle_score,0.4553004758,0
M39,test,cycle,198_1b5_Ar_mc_AKGC417L__0,crackle_score,0.73722993,0
M39,test,cycle,198_1b5_Ar_mc_AKGC417L__1,crackle_score,0.780213327,0
M39,test,cycle,198_1b5_Ar_mc_AKGC417L__2,crackle_score,0.8589047179,0
M39,test,cycle,198_1b5_Ar_mc_AKGC417L__3,crackle_score,0.8156018605,0
M39,test,cycle,198_1b5_Ar_mc_AKGC417L__4,crackle_score,0.7498683909,0
M39,test,cycle,198_1b5_Ar_mc_AKGC417L__5,crackle_score,1,0
M39,test,cycle,198_1b5_Ar_mc_AKGC417L__6,crackle_score,0.6209315466,0
M39,test,cycle,198_1b5_Ll_mc_AKGC417L__0,crackle_score,0.6441531519,0
M39,test,cycle,198_1b5_Ll_mc_AKGC417L__1,crackle_score,0.8432534627,0
M39,test,cycle,198_1b5_Ll_mc_AKGC417L__2,crackle_score,1,0
M39,test,cycle,198_1b5_Ll_mc_AKGC417L__3,crackle_score,0.8499025199,0
M39,test,cycle,198_1b5_Ll_mc_AKGC417L__4,crackle_score,0.8306688477,0
M39,test,cycle,198_1b5_Ll_mc_AKGC417L__5,crackle_score,0.9229126845,0
M39,test,cycle,198_1b5_Ll_mc_AKGC417L__6,crackle_score,0.3862321216,0
M39,test,cycle,198_1b5_Lr_mc_AKGC417L__0,crackle_score,0.8972604654,0
M39,test,cycle,198_1b5_Lr_mc_AKGC417L__1,crackle_score,1,0
M39,test,cycle,198_1b5_Lr_mc_AKGC417L__2,crackle_score,1,0
M39,test,cycle,198_1b5_Lr_mc_AKGC417L__3,crackle_score,0.9534815682,0
M39,test,cycle,198_1b5_Lr_mc_AKGC417L__4,crackle_score,1,0
M39,test,cycle,198_1b5_Lr_mc_AKGC417L__5,crackle_score,1,0
M39,test,cycle,198_1b5_Lr_mc_AKGC417L__6,crackle_score,0.6675333078,0
M39,test,cycle,198_1b5_Pl_mc_AKGC417L__0,crackle_score,0.6117312346,0
M39,test,cycle,198_1b5_Pl_mc_AKGC417L__1,crackle_score,0.5417150056,0
M39,test,cycle,198_1b5_Pl_mc_AKGC417L__2,crackle_score,0.4983086978,0
M39,test,cycle,198_1b5_Pl_mc_AKGC417L__3,crackle_score,0.4856303854,0
M39,test,cycle,198_1b5_Pl_mc_AKGC417L__4,crackle_score,0.5367502655,0
M39,test,cycle,198_1b5_Pl_mc_AKGC417L__5,crackle_score,0.5416593596,0
M39,test,cycle,198_1b5_Pl_mc_AKGC417L__6,crackle_score,0.5479974981,0
M39,test,cycle,198_1b5_Pr_mc_AKGC417L__0,crackle_score,0.4569270049,0
M39,test,cycle,198_1b5_Pr_mc_AKGC417L__1,crackle_score,0.7133659412,0
M39,test,cycle,198_1b5_Pr_mc_AKGC417L__2,crackle_score,0.5730385721,0
M39,test,cycle,198_1b5_Pr_mc_AKGC417L__3,crackle_score,0.6864673954,0
M39,test,cycle,198_1b5_Pr_mc_AKGC417L__4,crackle_score,0.6562534315,0
M39,test,cycle,198_1b5_Pr_mc_AKGC417L__5,crackle_score,0.7174102562,0
M39,test,cycle,198_1b5_Pr_mc_AKGC417L__6,crackle_score,0.6533125497,0
M39,test,cycle,198_1b5_Tc_mc_AKGC417L__0,crackle_score,0.6685165767,0
M39,test,cycle,198_1b5_Tc_mc_AKGC417L__1,crackle_score,0.6112316078,0
M39,test,cycle,198_1b5_Tc_mc_AKGC417L__2,crackle_score,0.5164187325,0
M39,test,cycle,198_1b5_Tc_mc_AKGC417L__3,crackle_score,0.4907472236,0
M39,test,cycle,198_1b5_Tc_mc_AKGC417L__4,crackle_score,0.4819450579,0
M39,test,cycle,198_1b5_Tc_mc_AKGC417L__5,crackle_score,0.565901266,0
M39,test,cycle,198_1b5_Tc_mc_AKGC417L__6,crackle_score,0.4979680405,0
M39,test,cycle,198_6p1_Al_mc_AKGC417L__0,crackle_score,0.7253756878,0
M39,test,cycle,198_6p1_Al_mc_AKGC417L__1,crackle_score,0.8298574585,0
M39,test,cycle,198_6p1_Al_mc_AKGC417L__2,crackle_score,1,0
M39,test,cycle,198_6p1_Al_mc_AKGC417L__3,crackle_score,0.8020407286,0
M39,test,cycle,198_6p1_Al_mc_AKGC417L__4,crackle_score,0.796091591,0
M39,test,cycle,198_6p1_Al_mc_AKGC417L__5,crackle_score,0.8951267698,0
M39,test,cycle,198_6p1_Al_mc_AKGC417L__6,crackle_score,0.7224199288,0
M39,test,cycle,198_6p1_Ar_mc_AKGC417L__0,crackle_score,0.8680083651,1
M39,test,cycle,198_6p1_Ar_mc_AKGC417L__1,crackle_score,0.9054480827,1
M39,test,cycle,198_6p1_Ar_mc_AKGC417L__2,crackle_score,0.8220924664,1
M39,test,cycle,198_6p1_Ar_mc_AKGC417L__3,crackle_score,0.7758665474,1
M39,test,cycle,198_6p1_Ar_mc_AKGC417L__4,crackle_score,0.8018833653,1
M39,test,cycle,198_6p1_Ar_mc_AKGC417L__5,crackle_score,0.7302196862,1
M39,test,cycle,198_6p1_Ll_mc_AKGC417L__0,crackle_score,0.5317117251,0
M39,test,cycle,198_6p1_Ll_mc_AKGC417L__1,crackle_score,0.5477266415,1
M39,test,cycle,198_6p1_Ll_mc_AKGC417L__2,crackle_score,0.5132470912,0
M39,test,cycle,198_6p1_Ll_mc_AKGC417L__3,crackle_score,0.6246732328,0
M39,test,cycle,198_6p1_Ll_mc_AKGC417L__4,crackle_score,0.6320263221,0
M39,test,cycle,198_6p1_Ll_mc_AKGC417L__5,crackle_score,0.5825287994,0
M39,test,cycle,198_6p1_Ll_mc_AKGC417L__6,crackle_score,0.616161282,0
M39,test,cycle,198_6p1_Lr_mc_AKGC417L__0,crackle_score,0.4204888361,1
M39,test,cycle,198_6p1_Lr_mc_AKGC417L__1,crackle_score,0.7980071135,1
M39,test,cycle,198_6p1_Lr_mc_AKGC417L__2,crackle_score,0.7684700356,1
M39,test,cycle,198_6p1_Lr_mc_AKGC417L__3,crackle_score,0.8612632378,1
M39,test,cycle,198_6p1_Lr_mc_AKGC417L__4,crackle_score,0.7883086031,1
M39,test,cycle,198_6p1_Lr_mc_AKGC417L__5,crackle_score,0.8591258311,1
M39,test,cycle,198_6p1_Lr_mc_AKGC417L__6,crackle_score,0.866278078,1
M39,test,cycle,198_6p1_Pl_mc_AKGC417L__0,crackle_score,0.4588362151,1
M39,test,cycle,198_6p1_Pl_mc_AKGC417L__1,crackle_score,0.5938324771,1
M39,test,cycle,198_6p1_Pl_mc_AKGC417L__2,crackle_score,0.5106215081,1
M39,test,cycle,198_6p1_Pl_mc_AKGC417L__3,crackle_score,0.6074555334,1
M39,test,cycle,198_6p1_Pl_mc_AKGC417L__4,crackle_score,0.4399312364,1
M39,test,cycle,198_6p1_Pl_mc_AKGC417L__5,crackle_score,0.5906254923,0
M39,test,cycle,198_6p1_Pl_mc_AKGC417L__6,crackle_score,0.3880057749,1
M39,test,cycle,198_6p1_Pr_mc_AKGC417L__0,crackle_score,0.6191253433,1
M39,test,cycle,198_6p1_Pr_mc_AKGC417L__1,crackle_score,0.8579554101,1
M39,test,cycle,198_6p1_Pr_mc_AKGC417L__2,crackle_score,0.7794087892,1
M39,test,cycle,198_6p1_Pr_mc_AKGC417L__3,crackle_score,0.8759231566,0
M39,test,cycle,198_6p1_Pr_mc_AKGC417L__4,crackle_score,0.8951964283,1
M39,test,cycle,198_6p1_Pr_mc_AKGC417L__5,crackle_score,0.7155063624,1
M39,test,cycle,198_6p1_Pr_mc_AKGC417L__6,crackle_score,0.6917038271,0
M39,test,cycle,198_6p1_Tc_mc_AKGC417L__0,crackle_score,0.8972441189,0
M39,test,cycle,198_6p1_Tc_mc_AKGC417L__1,crackle_score,1,1
M39,test,cycle,198_6p1_Tc_mc_AKGC417L__2,crackle_score,1,1
M39,test,cycle,198_6p1_Tc_mc_AKGC417L__3,crackle_score,1,1
M39,test,cycle,198_6p1_Tc_mc_AKGC417L__4,crackle_score,1,0
M39,test,cycle,198_6p1_Tc_mc_AKGC417L__5,crackle_score,0.7361918605,0
M39,test,cycle,198_6p1_Tc_mc_AKGC417L__6,crackle_score,0.8496503497,0
M39,test,cycle,198_6p1_Tc_mc_AKGC417L__7,crackle_score,0.7980625931,0
M39,test,cycle,202_1b1_Ar_sc_Meditron__0,crackle_score,0.7160457457,0
M39,test,cycle,202_1b1_Ar_sc_Meditron__1,crackle_score,0.9269228469,0
M39,test,cycle,202_1b1_Ar_sc_Meditron__2,crackle_score,0.9198216146,0
M39,test,cycle,202_1b1_Ar_sc_Meditron__3,crackle_score,0.8307930217,0
M39,test,cycle,202_1b1_Ar_sc_Meditron__4,crackle_score,0.6019708018,0
M39,test,cycle,202_1b1_Ar_sc_Meditron__5,crackle_score,0.6610771893,0
M39,test,cycle,202_1b1_Ar_sc_Meditron__6,crackle_score,0.9614390281,0
M39,test,cycle,202_1b1_Ar_sc_Meditron__7,crackle_score,0.7112967494,0
M39,test,cycle,202_1b1_Ar_sc_Meditron__8,crackle_score,0.7707009627,0
M39,test,cycle,202_1b1_Ar_sc_Meditron__9,crackle_score,0.2605547351,0
M39,test,cycle,205_1b3_Al_mc_AKGC417L__0,crackle_score,0.9799419996,0
M39,test,cycle,205_1b3_Al_mc_AKGC417L__1,crackle_score,0.9398410897,0
M39,test,cycle,205_1b3_Al_mc_AKGC417L__2,crackle_score,0.6729858499,0
M39,test,cycle,205_1b3_Al_mc_AKGC417L__3,crackle_score,0.9020564157,1
M39,test,cycle,205_1b3_Al_mc_AKGC417L__4,crackle_score,0.8514964553,0
M39,test,cycle,205_1b3_Al_mc_AKGC417L__5,crackle_score,0.4947238138,0
M39,test,cycle,205_1b3_Ar_mc_AKGC417L__0,crackle_score,0.8818508535,1
M39,test,cycle,205_1b3_Ar_mc_AKGC417L__1,crackle_score,0.8348435217,1
M39,test,cycle,205_1b3_Ar_mc_AKGC417L__2,crackle_score,0.9635942187,1
M39,test,cycle,205_1b3_Ar_mc_AKGC417L__3,crackle_score,0.8143830233,1
M39,test,cycle,205_1b3_Ar_mc_AKGC417L__4,crackle_score,0.8978176858,1
M39,test,cycle,205_1b3_Ar_mc_AKGC417L__5,crackle_score,0.8083135074,1
M39,test,cycle,205_1b3_Ll_mc_AKGC417L__0,crackle_score,0.8194773923,0
M39,test,cycle,205_1b3_Ll_mc_AKGC417L__1,crackle_score,0.6758994979,1
M39,test,cycle,205_1b3_Ll_mc_AKGC417L__2,crackle_score,1,1
M39,test,cycle,205_1b3_Ll_mc_AKGC417L__3,crackle_score,1,1
M39,test,cycle,205_1b3_Ll_mc_AKGC417L__4,crackle_score,0.9432825642,1
M39,test,cycle,205_1b3_Ll_mc_AKGC417L__5,crackle_score,0.5398704338,1
M39,test,cycle,205_1b3_Lr_mc_AKGC417L__0,crackle_score,1,0
M39,test,cycle,205_1b3_Lr_mc_AKGC417L__1,crackle_score,0.9682179342,1
M39,test,cycle,205_1b3_Lr_mc_AKGC417L__2,crackle_score,0.9828263961,1
M39,test,cycle,205_1b3_Lr_mc_AKGC417L__3,crackle_score,1,0
M39,test,cycle,205_1b3_Lr_mc_AKGC417L__4,crackle_score,0.977381223,0
M39,test,cycle,205_1b3_Lr_mc_AKGC417L__5,crackle_score,0.8913448016,0
M39,test,cycle,205_1b3_Pl_mc_AKGC417L__0,crackle_score,1,0
M39,test,cycle,205_1b3_Pl_mc_AKGC417L__1,crackle_score,0.8440752408,1
M39,test,cycle,205_1b3_Pl_mc_AKGC417L__2,crackle_score,1,1
M39,test,cycle,205_1b3_Pl_mc_AKGC417L__3,crackle_score,0.8131474045,1
M39,test,cycle,205_1b3_Pl_mc_AKGC417L__4,crackle_score,0.9432825642,1
M39,test,cycle,205_1b3_Pl_mc_AKGC417L__5,crackle_score,0.6778540885,0
M39,test,cycle,205_1b3_Pr_mc_AKGC417L__0,crackle_score,0.9716981132,1
M39,test,cycle,205_1b3_Pr_mc_AKGC417L__1,crackle_score,0.931196576,1
M39,test,cycle,205_1b3_Pr_mc_AKGC417L__2,crackle_score,0.9026449543,1
M39,test,cycle,205_1b3_Pr_mc_AKGC417L__3,crackle_score,1,0
M39,test,cycle,205_1b3_Pr_mc_AKGC417L__4,crackle_score,0.8147431523,1
M39,test,cycle,205_1b3_Pr_mc_AKGC417L__5,crackle_score,0.6507923965,0
M39,test,cycle,205_2b2_Pr_mc_AKGC417L__0,crackle_score,0.6956424254,0
M39,test,cycle,205_2b2_Pr_mc_AKGC417L__1,crackle_score,0.7530265718,0
M39,test,cycle,205_2b2_Pr_mc_AKGC417L__2,crackle_score,0.7220491252,0
M39,test,cycle,205_2b2_Pr_mc_AKGC417L__3,crackle_score,0.8205541672,0
M39,test,cycle,205_2b2_Pr_mc_AKGC417L__4,crackle_score,0.7504510356,0
M39,test,cycle,205_2b3_Al_mc_AKGC417L__0,crackle_score,0.9496840058,0
M39,test,cycle,205_2b3_Al_mc_AKGC417L__1,crackle_score,0.9561581348,0
M39,test,cycle,205_2b3_Al_mc_AKGC417L__2,crackle_score,0.8619767076,1
M39,test,cycle,205_2b3_Al_mc_AKGC417L__3,crackle_score,0.8278001078,1
M39,test,cycle,205_2b3_Al_mc_AKGC417L__4,crackle_score,0.7933755581,0
M39,test,cycle,205_2b3_Ar_mc_AKGC417L__0,crackle_score,0.8518217305,1
M39,test,cycle,205_2b3_Ar_mc_AKGC417L__1,crackle_score,0.8191926013,1
M39,test,cycle,205_2b3_Ar_mc_AKGC417L__2,crackle_score,0.8725412448,1
M39,test,cycle,205_2b3_Ar_mc_AKGC417L__3,crackle_score,0.7965792752,1
M39,test,cycle,205_2b3_Ar_mc_AKGC417L__4,crackle_score,0.593712643,0
M39,test,cycle,205_2b3_Ll_mc_AKGC417L__0,crackle_score,0.7054384751,1
M39,test,cycle,205_2b3_Ll_mc_AKGC417L__1,crackle_score,0.7819179361,1
M39,test,cycle,205_2b3_Ll_mc_AKGC417L__2,crackle_score,0.8293048475,1
M39,test,cycle,205_2b3_Ll_mc_AKGC417L__3,crackle_score,0.7734683104,0
M39,test,cycle,205_2b3_Ll_mc_AKGC417L__4,crackle_score,0.6720751904,0
M39,test,cycle,205_2b4_Pl_mc_AKGC417L__0,crackle_score,0.8635084428,1
M39,test,cycle,205_2b4_Pl_mc_AKGC417L__1,crackle_score,0.8073484213,1
M39,test,cycle,205_2b4_Pl_mc_AKGC417L__2,crackle_score,0.9829806808,1
M39,test,cycle,205_2b4_Pl_mc_AKGC417L__3,crackle_score,1,1
M39,test,cycle,205_2b4_Pl_mc_AKGC417L__4,crackle_score,0.8521753152,1
M39,test,cycle,205_3b4_Al_mc_AKGC417L__0,crackle_score,0.9753143208,1
M39,test,cycle,205_3b4_Al_mc_AKGC417L__1,crackle_score,0.9792665139,1
M39,test,cycle,205_3b4_Al_mc_AKGC417L__2,crackle_score,0.9898169631,1
M39,test,cycle,205_3b4_Al_mc_AKGC417L__3,crackle_score,0.8948555957,1
M39,test,cycle,205_3b4_Ar_mc_AKGC417L__0,crackle_score,1,0
M39,test,cycle,205_3b4_Ar_mc_AKGC417L__1,crackle_score,1,0
M39,test,cycle,205_3b4_Ar_mc_AKGC417L__2,crackle_score,0.8640223157,1
M39,test,cycle,205_3b4_Ar_mc_AKGC417L__3,crackle_score,1,0
M39,test,cycle,205_3b4_Pl_mc_AKGC417L__0,crackle_score,0.577979109,0
M39,test,cycle,205_3b4_Pl_mc_AKGC417L__1,crackle_score,0.5705512431,1
M39,test,cycle,205_3b4_Pl_mc_AKGC417L__2,crackle_score,0.6201343297,0
M39,test,cycle,205_3b4_Pl_mc_AKGC417L__3,crackle_score,0.6367025238,1
M39,test,cycle,205_3b4_Pr_mc_AKGC417L__0,crackle_score,1,0
M39,test,cycle,205_3b4_Pr_mc_AKGC417L__1,crackle_score,1,0
M39,test,cycle,205_3b4_Pr_mc_AKGC417L__2,crackle_score,1,0
M39,test,cycle,205_3b4_Pr_mc_AKGC417L__3,crackle_score,1,0
M39,test,cycle,205_4b2_Al_mc_AKGC417L__0,crackle_score,0.7718076764,1
M39,test,cycle,205_4b2_Al_mc_AKGC417L__1,crackle_score,0.7810333473,1
M39,test,cycle,205_4b2_Al_mc_AKGC417L__2,crackle_score,0.7786068052,1
M39,test,cycle,205_4b2_Al_mc_AKGC417L__3,crackle_score,0.8430285328,1
M39,test,cycle,205_4b2_Al_mc_AKGC417L__4,crackle_score,0.8027640177,1
M39,test,cycle,205_4b2_Ar_mc_AKGC417L__0,crackle_score,0.8834065169,1
M39,test,cycle,205_4b2_Ar_mc_AKGC417L__1,crackle_score,0.6500150015,1
M39,test,cycle,205_4b2_Ar_mc_AKGC417L__2,crackle_score,0.7238020011,1
M39,test,cycle,205_4b2_Ar_mc_AKGC417L__3,crackle_score,0.2795343281,0
M39,test,cycle,205_4b2_Ar_mc_AKGC417L__4,crackle_score,0.6082837033,1
M39,test,cycle,205_4b2_Lr_mc_AKGC417L__0,crackle_score,0.6414314051,1
M39,test,cycle,205_4b2_Lr_mc_AKGC417L__1,crackle_score,0.6738181435,0
M39,test,cycle,205_4b2_Lr_mc_AKGC417L__2,crackle_score,0.6581558708,0
M39,test,cycle,205_4b2_Lr_mc_AKGC417L__3,crackle_score,0.6681085689,0
M39,test,cycle,205_4b2_Lr_mc_AKGC417L__4,crackle_score,0.6626736997,0
M39,test,cycle,205_4b2_Pl_mc_AKGC417L__0,crackle_score,0.6946700369,0
M39,test,cycle,205_4b2_Pl_mc_AKGC417L__1,crackle_score,0.7165741706,0
M39,test,cycle,205_4b2_Pl_mc_AKGC417L__2,crackle_score,0.5197254285,0
M39,test,cycle,205_4b2_Pl_mc_AKGC417L__3,crackle_score,0.6327190432,0
M39,test,cycle,205_4b2_Pl_mc_AKGC417L__4,crackle_score,0.5482003313,0
M39,test,cycle,205_4b2_Pr_mc_AKGC417L__0,crackle_score,0.944512569,1
M39,test,cycle,205_4b2_Pr_mc_AKGC417L__1,crackle_score,0.995049505,1
M39,test,cycle,205_4b2_Pr_mc_AKGC417L__2,crackle_score,0.9344391785,0
M39,test,cycle,205_4b2_Pr_mc_AKGC417L__3,crackle_score,0.9910829672,1
M39,test,cycle,205_4b2_Pr_mc_AKGC417L__4,crackle_score,0.960205739,1
M39,test,cycle,207_2b2_Al_mc_AKGC417L__0,crackle_score,0.6365338221,0
M39,test,cycle,207_2b2_Al_mc_AKGC417L__1,crackle_score,1,0
M39,test,cycle,207_2b2_Al_mc_AKGC417L__2,crackle_score,1,0
M39,test,cycle,207_2b2_Al_mc_AKGC417L__3,crackle_score,1,0
M39,test,cycle,207_2b2_Al_mc_AKGC417L__4,crackle_score,1,0
M39,test,cycle,207_2b2_Al_mc_AKGC417L__5,crackle_score,1,0
M39,test,cycle,207_2b2_Ar_mc_AKGC417L__0,crackle_score,0.3346623845,0
M39,test,cycle,207_2b2_Ar_mc_AKGC417L__1,crackle_score,0.6185706376,0
M39,test,cycle,207_2b2_Ar_mc_AKGC417L__2,crackle_score,0.6010801787,0
M39,test,cycle,207_2b2_Ar_mc_AKGC417L__3,crackle_score,0.6328076661,0
M39,test,cycle,207_2b2_Ar_mc_AKGC417L__4,crackle_score,0.6876523969,0
M39,test,cycle,207_2b2_Ar_mc_AKGC417L__5,crackle_score,0.5942349072,0
M39,test,cycle,207_2b2_Pl_mc_AKGC417L__0,crackle_score,0.6337980359,0
M39,test,cycle,207_2b2_Pl_mc_AKGC417L__1,crackle_score,0.8077825518,1
M39,test,cycle,207_2b2_Pl_mc_AKGC417L__2,crackle_score,0.8563163505,0
M39,test,cycle,207_2b2_Pl_mc_AKGC417L__3,crackle_score,0.8486371348,1
M39,test,cycle,207_2b2_Pl_mc_AKGC417L__4,crackle_score,0.6168782002,0
M39,test,cycle,207_2b2_Pl_mc_AKGC417L__5,crackle_score,0.734210265,0
M39,test,cycle,207_2b2_Pr_mc_AKGC417L__0,crackle_score,0.8542241636,0
M39,test,cycle,207_2b2_Pr_mc_AKGC417L__1,crackle_score,0.6814701969,0
M39,test,cycle,207_2b2_Pr_mc_AKGC417L__2,crackle_score,0.8274137418,0
M39,test,cycle,207_2b2_Pr_mc_AKGC417L__3,crackle_score,0.7879608886,0
M39,test,cycle,207_2b2_Pr_mc_AKGC417L__4,crackle_score,0.7599597525,0
M39,test,cycle,207_2b2_Pr_mc_AKGC417L__5,crackle_score,0.7833980458,0
M39,test,cycle,207_2b2_Tc_mc_AKGC417L__0,crackle_score,0.7996005326,0
M39,test,cycle,207_2b2_Tc_mc_AKGC417L__1,crackle_score,0.7618657938,0
M39,test,cycle,207_2b2_Tc_mc_AKGC417L__2,crackle_score,0.7234803337,0
M39,test,cycle,207_2b2_Tc_mc_AKGC417L__3,crackle_score,0.8138373752,0
M39,test,cycle,207_2b2_Tc_mc_AKGC417L__4,crackle_score,0.9363609006,0
M39,test,cycle,207_2b2_Tc_mc_AKGC417L__5,crackle_score,0.7789963474,0
M39,test,cycle,207_2b3_Al_mc_AKGC417L__0,crackle_score,1,0
M39,test,cycle,207_2b3_Al_mc_AKGC417L__1,crackle_score,1,1
M39,test,cycle,207_2b3_Al_mc_AKGC417L__2,crackle_score,1,1
M39,test,cycle,207_2b3_Al_mc_AKGC417L__3,crackle_score,1,0
M39,test,cycle,207_2b3_Al_mc_AKGC417L__4,crackle_score,1,0
M39,test,cycle,207_2b3_Al_mc_AKGC417L__5,crackle_score,0.9181184395,0
M39,test,cycle,207_2b3_Ar_mc_AKGC417L__0,crackle_score,0.7113758079,0
M39,test,cycle,207_2b3_Ar_mc_AKGC417L__1,crackle_score,0.7503778555,0
M39,test,cycle,207_2b3_Ar_mc_AKGC417L__2,crackle_score,0.7889022624,1
M39,test,cycle,207_2b3_Ar_mc_AKGC417L__3,crackle_score,0.7295910335,0
M39,test,cycle,207_2b3_Ar_mc_AKGC417L__4,crackle_score,0.7297045146,0
M39,test,cycle,207_2b3_Ar_mc_AKGC417L__5,crackle_score,0.6643652873,0
M39,test,cycle,207_2b3_Pl_mc_AKGC417L__0,crackle_score,0.8548112404,0
M39,test,cycle,207_2b3_Pl_mc_AKGC417L__1,crackle_score,0.9157161356,0
M39,test,cycle,207_2b3_Pl_mc_AKGC417L__2,crackle_score,0.8538349315,0
M39,test,cycle,207_2b3_Pl_mc_AKGC417L__3,crackle_score,0.9381009668,1
M39,test,cycle,207_2b3_Pl_mc_AKGC417L__4,crackle_score,0.699436414,0
M39,test,cycle,207_2b3_Pl_mc_AKGC417L__5,crackle_score,0.824028234,1
M39,test,cycle,207_2b3_Pr_mc_AKGC417L__0,crackle_score,0.7513220733,0
M39,test,cycle,207_2b3_Pr_mc_AKGC417L__1,crackle_score,0.7068880592,0
M39,test,cycle,207_2b3_Pr_mc_AKGC417L__2,crackle_score,0.8098538074,0
M39,test,cycle,207_2b3_Pr_mc_AKGC417L__3,crackle_score,0.7839105102,0
M39,test,cycle,207_2b3_Pr_mc_AKGC417L__4,crackle_score,0.7037909709,0
M39,test,cycle,207_2b3_Pr_mc_AKGC417L__5,crackle_score,0.4130849505,0
M39,test,cycle,207_2b3_Tc_mc_AKGC417L__0,crackle_score,1,0
M39,test,cycle,207_2b3_Tc_mc_AKGC417L__1,crackle_score,1,0
M39,test,cycle,207_2b3_Tc_mc_AKGC417L__2,crackle_score,1,0
M39,test,cycle,207_2b3_Tc_mc_AKGC417L__3,crackle_score,1,0
M39,test,cycle,207_2b3_Tc_mc_AKGC417L__4,crackle_score,1,0
M39,test,cycle,207_2b3_Tc_mc_AKGC417L__5,crackle_score,0.9689732565,0
M39,test,cycle,207_2b4_Al_mc_AKGC417L__0,crackle_score,1,1
M39,test,cycle,207_2b4_Al_mc_AKGC417L__1,crackle_score,1,1
M39,test,cycle,207_2b4_Al_mc_AKGC417L__2,crackle_score,1,0
M39,test,cycle,207_2b4_Al_mc_AKGC417L__3,crackle_score,1,1
M39,test,cycle,207_2b4_Al_mc_AKGC417L__4,crackle_score,1,1
M39,test,cycle,207_2b4_Ar_mc_AKGC417L__0,crackle_score,0.6791458247,1
M39,test,cycle,207_2b4_Ar_mc_AKGC417L__1,crackle_score,0.8149330644,1
M39,test,cycle,207_2b4_Ar_mc_AKGC417L__2,crackle_score,0.8503883735,1
M39,test,cycle,207_2b4_Ar_mc_AKGC417L__3,crackle_score,0.8170148447,1
M39,test,cycle,207_2b4_Ar_mc_AKGC417L__4,crackle_score,0.8342715585,1
M39,test,cycle,207_2b4_Pl_mc_AKGC417L__0,crackle_score,0.7241532745,0
M39,test,cycle,207_2b4_Pl_mc_AKGC417L__1,crackle_score,0.7495094405,1
M39,test,cycle,207_2b4_Pl_mc_AKGC417L__2,crackle_score,0.6655158484,1
M39,test,cycle,207_2b4_Pl_mc_AKGC417L__3,crackle_score,0.6863980582,1
M39,test,cycle,207_2b4_Pl_mc_AKGC417L__4,crackle_score,0.6694118609,0
M39,test,cycle,207_2b4_Pr_mc_AKGC417L__0,crackle_score,0.7053236484,1
M39,test,cycle,207_2b4_Pr_mc_AKGC417L__1,crackle_score,0.8934073446,1
M39,test,cycle,207_2b4_Pr_mc_AKGC417L__2,crackle_score,0.6292968426,1
M39,test,cycle,207_2b4_Pr_mc_AKGC417L__3,crackle_score,0.6933431619,0
M39,test,cycle,207_2b4_Pr_mc_AKGC417L__4,crackle_score,0.633881853,0
M39,test,cycle,207_2b4_Tc_mc_AKGC417L__0,crackle_score,0.8869467934,0
M39,test,cycle,207_2b4_Tc_mc_AKGC417L__1,crackle_score,1,0
M39,test,cycle,207_2b4_Tc_mc_AKGC417L__2,crackle_score,1,0
M39,test,cycle,207_2b4_Tc_mc_AKGC417L__3,crackle_score,1,0
M39,test,cycle,207_2b4_Tc_mc_AKGC417L__4,crackle_score,0.7326257633,0
M39,test,cycle,207_3b2_Al_mc_AKGC417L__0,crackle_score,0.585505787,0
M39,test,cycle,207_3b2_Al_mc_AKGC417L__1,crackle_score,0.5244238519,0
M39,test,cycle,207_3b2_Al_mc_AKGC417L__2,crackle_score,0.5451776215,0
M39,test,cycle,207_3b2_Al_mc_AKGC417L__3,crackle_score,0.479464588,0
M39,test,cycle,207_3b2_Al_mc_AKGC417L__4,crackle_score,0.5710737806,0
M39,test,cycle,207_3b2_Al_mc_AKGC417L__5,crackle_score,0.5603769977,0
M39,test,cycle,207_3b2_Al_mc_AKGC417L__6,crackle_score,0.3851748213,0
M39,test,cycle,207_3b2_Al_mc_AKGC417L__7,crackle_score,0.4452548079,0
M39,test,cycle,207_3b2_Al_mc_AKGC417L__8,crackle_score,0.3004096674,0
M39,test,cycle,207_3b2_Ar_mc_AKGC417L__0,crackle_score,0.9888486725,0
M39,test,cycle,207_3b2_Ar_mc_AKGC417L__1,crackle_score,1,0
M39,test,cycle,207_3b2_Ar_mc_AKGC417L__2,crackle_score,0.9275115454,0
M39,test,cycle,207_3b2_Ar_mc_AKGC417L__3,crackle_score,1,0
M39,test,cycle,207_3b2_Ar_mc_AKGC417L__4,crackle_score,1,0
M39,test,cycle,207_3b2_Ar_mc_AKGC417L__5,crackle_score,1,0
M39,test,cycle,207_3b2_Ar_mc_AKGC417L__6,crackle_score,1,0
M39,test,cycle,207_3b2_Ar_mc_AKGC417L__7,crackle_score,1,0
M39,test,cycle,207_3b2_Ar_mc_AKGC417L__8,crackle_score,0.6647255131,0
M39,test,cycle,207_3b2_Lr_mc_AKGC417L__0,crackle_score,0.6214968928,0
M39,test,cycle,207_3b2_Lr_mc_AKGC417L__1,crackle_score,0.490489281,0
M39,test,cycle,207_3b2_Lr_mc_AKGC417L__2,crackle_score,0.3158126052,0
M39,test,cycle,207_3b2_Lr_mc_AKGC417L__3,crackle_score,0.6191003855,0
M39,test,cycle,207_3b2_Lr_mc_AKGC417L__4,crackle_score,0.4423140312,0
M39,test,cycle,207_3b2_Lr_mc_AKGC417L__5,crackle_score,0.3012767678,0
M39,test,cycle,207_3b2_Lr_mc_AKGC417L__6,crackle_score,0.2381480818,0
M39,test,cycle,207_3b2_Lr_mc_AKGC417L__7,crackle_score,0.5872527245,0
M39,test,cycle,207_3b2_Lr_mc_AKGC417L__8,crackle_score,0.2039086867,0
M39,test,cycle,207_3b2_Pl_mc_AKGC417L__0,crackle_score,0.7929918376,0
M39,test,cycle,207_3b2_Pl_mc_AKGC417L__1,crackle_score,0.7368680119,0
M39,test,cycle,207_3b2_Pl_mc_AKGC417L__2,crackle_score,1,0
M39,test,cycle,207_3b2_Pl_mc_AKGC417L__3,crackle_score,0.6760782711,0
M39,test,cycle,207_3b2_Pl_mc_AKGC417L__4,crackle_score,0.7782889804,0
M39,test,cycle,207_3b2_Pl_mc_AKGC417L__5,crackle_score,0.6550555212,0
M39,test,cycle,207_3b2_Pl_mc_AKGC417L__6,crackle_score,0.6939859707,0
M39,test,cycle,207_3b2_Pl_mc_AKGC417L__7,crackle_score,0.6527630479,0
M39,test,cycle,207_3b2_Pl_mc_AKGC417L__8,crackle_score,0.398918431,0
M39,test,cycle,207_3b2_Pr_mc_AKGC417L__0,crackle_score,0.7547387384,0
M39,test,cycle,207_3b2_Pr_mc_AKGC417L__1,crackle_score,0.6749380371,0
M39,test,cycle,207_3b2_Pr_mc_AKGC417L__2,crackle_score,0.8773584906,0
M39,test,cycle,207_3b2_Pr_mc_AKGC417L__3,crackle_score,0.6178231374,0
M39,test,cycle,207_3b2_Pr_mc_AKGC417L__4,crackle_score,0.781471887,0
M39,test,cycle,207_3b2_Pr_mc_AKGC417L__5,crackle_score,0.6854456826,0
M39,test,cycle,207_3b2_Pr_mc_AKGC417L__6,crackle_score,0.75187227,0
M39,test,cycle,207_3b2_Pr_mc_AKGC417L__7,crackle_score,0.7042002893,0
M39,test,cycle,207_3b2_Pr_mc_AKGC417L__8,crackle_score,0.628648353,0
M39,test,cycle,207_3b2_Tc_mc_AKGC417L__0,crackle_score,1,0
M39,test,cycle,207_3b2_Tc_mc_AKGC417L__1,crackle_score,0.8754764083,0
M39,test,cycle,207_3b2_Tc_mc_AKGC417L__2,crackle_score,0.538964204,0
M39,test,cycle,207_3b2_Tc_mc_AKGC417L__3,crackle_score,0.8857434736,0
M39,test,cycle,207_3b2_Tc_mc_AKGC417L__4,crackle_score,1,0
M39,test,cycle,207_3b2_Tc_mc_AKGC417L__5,crackle_score,1,0
M39,test,cycle,207_3b2_Tc_mc_AKGC417L__6,crackle_score,0.8876942428,0
M39,test,cycle,207_3b2_Tc_mc_AKGC417L__7,crackle_score,0.8127750729,0
M39,test,cycle,207_3b2_Tc_mc_AKGC417L__8,crackle_score,0.6970009891,0
M39,test,cycle,211_1p2_Ar_mc_AKGC417L__0,crackle_score,0.8885291447,0
M39,test,cycle,211_1p2_Ar_mc_AKGC417L__1,crackle_score,0.7905099028,0
M39,test,cycle,211_1p2_Ar_mc_AKGC417L__2,crackle_score,0.7943870043,0
M39,test,cycle,211_1p2_Ar_mc_AKGC417L__3,crackle_score,0.7101403744,0
M39,test,cycle,211_1p2_Ar_mc_AKGC417L__4,crackle_score,0.75209814,0
M39,test,cycle,211_1p2_Ar_mc_AKGC417L__5,crackle_score,0.7423844465,0
M39,test,cycle,211_1p2_Ar_mc_AKGC417L__6,crackle_score,0.7820532264,0
M39,test,cycle,211_1p2_Ar_mc_AKGC417L__7,crackle_score,0.7368166628,0
M39,test,cycle,211_1p2_Ar_mc_AKGC417L__8,crackle_score,0.9112405757,0
M39,test,cycle,211_1p2_Ar_mc_AKGC417L__9,crackle_score,0.7667276169,0
M39,test,cycle,211_1p2_Ar_mc_AKGC417L__10,crackle_score,0.9380655061,0
M39,test,cycle,211_1p2_Ar_mc_AKGC417L__11,crackle_score,0.8336750913,0
M39,test,cycle,211_1p2_Ar_mc_AKGC417L__12,crackle_score,0.8367765824,0
M39,test,cycle,211_1p2_Pl_mc_AKGC417L__0,crackle_score,0.5081653193,0
M39,test,cycle,211_1p2_Pl_mc_AKGC417L__1,crackle_score,0.5072288936,1
M39,test,cycle,211_1p2_Pl_mc_AKGC417L__2,crackle_score,0.481654033,1
M39,test,cycle,211_1p2_Pl_mc_AKGC417L__3,crackle_score,0.5,1
M39,test,cycle,211_1p2_Pl_mc_AKGC417L__4,crackle_score,0.5018955514,1
M39,test,cycle,211_1p2_Pl_mc_AKGC417L__5,crackle_score,0.3419314616,1
M39,test,cycle,211_1p2_Pl_mc_AKGC417L__6,crackle_score,0.5,1
M39,test,cycle,211_1p2_Pl_mc_AKGC417L__7,crackle_score,0.3724632497,0
M39,test,cycle,211_1p2_Pl_mc_AKGC417L__8,crackle_score,0.2182821089,1
M39,test,cycle,211_1p2_Pl_mc_AKGC417L__9,crackle_score,0.4576823996,0
M39,test,cycle,211_1p2_Pl_mc_AKGC417L__10,crackle_score,0.2654137981,0
M39,test,cycle,211_1p2_Pl_mc_AKGC417L__11,crackle_score,0.3770977436,1
M39,test,cycle,211_1p2_Pl_mc_AKGC417L__12,crackle_score,0.525783832,1
M39,test,cycle,211_1p2_Pr_mc_AKGC417L__0,crackle_score,0.8779606766,0
M39,test,cycle,211_1p2_Pr_mc_AKGC417L__1,crackle_score,0.9394036393,0
M39,test,cycle,211_1p2_Pr_mc_AKGC417L__2,crackle_score,0.9326294864,0
M39,test,cycle,211_1p2_Pr_mc_AKGC417L__3,crackle_score,1,0
M39,test,cycle,211_1p2_Pr_mc_AKGC417L__4,crackle_score,0.9941970539,0
M39,test,cycle,211_1p2_Pr_mc_AKGC417L__5,crackle_score,0.6473358262,0
M39,test,cycle,211_1p2_Pr_mc_AKGC417L__6,crackle_score,0.9820203055,0
M39,test,cycle,211_1p2_Pr_mc_AKGC417L__7,crackle_score,0.8437019322,0
M39,test,cycle,211_1p2_Pr_mc_AKGC417L__8,crackle_score,0.6470463566,0
M39,test,cycle,211_1p2_Pr_mc_AKGC417L__9,crackle_score,0.7291139078,0
M39,test,cycle,211_1p2_Pr_mc_AKGC417L__10,crackle_score,0.770566857,0
M39,test,cycle,211_1p2_Pr_mc_AKGC417L__11,crackle_score,0.92728421,0
M39,test,cycle,211_1p2_Pr_mc_AKGC417L__12,crackle_score,0.85863762,0
M39,test,cycle,211_1p3_Ar_mc_AKGC417L__0,crackle_score,0.6971958804,0
M39,test,cycle,211_1p3_Ar_mc_AKGC417L__1,crackle_score,0.8413116868,0
M39,test,cycle,211_1p3_Ar_mc_AKGC417L__2,crackle_score,0.8496487658,0
M39,test,cycle,211_1p3_Ar_mc_AKGC417L__3,crackle_score,0.5512880587,0
M39,test,cycle,211_1p3_Ar_mc_AKGC417L__4,crackle_score,0.9539285074,0
M39,test,cycle,211_1p3_Ar_mc_AKGC417L__5,crackle_score,0.7393440248,0
M39,test,cycle,211_1p3_Ar_mc_AKGC417L__6,crackle_score,0.8185706069,0
M39,test,cycle,211_1p3_Ar_mc_AKGC417L__7,crackle_score,0.7900285092,0
M39,test,cycle,211_1p3_Ar_mc_AKGC417L__8,crackle_score,0.7457914006,0
M39,test,cycle,211_1p3_Ar_mc_AKGC417L__9,crackle_score,0.834119193,0
M39,test,cycle,211_1p3_Ar_mc_AKGC417L__10,crackle_score,0.8253784174,0
M39,test,cycle,211_1p3_Ar_mc_AKGC417L__11,crackle_score,0.7360371887,0
M39,test,cycle,211_1p3_Ar_mc_AKGC417L__12,crackle_score,1,0
M39,test,cycle,211_1p3_Ar_mc_AKGC417L__13,crackle_score,0.4161849057,0
M39,test,cycle,211_1p5_Ar_mc_AKGC417L__0,crackle_score,0.8019307724,0
M39,test,cycle,211_1p5_Ar_mc_AKGC417L__1,crackle_score,0.879102457,0
M39,test,cycle,211_1p5_Ar_mc_AKGC417L__2,crackle_score,0.7202557136,0
M39,test,cycle,211_1p5_Ar_mc_AKGC417L__3,crackle_score,0.7968425559,0
M39,test,cycle,211_1p5_Ar_mc_AKGC417L__4,crackle_score,0.8636740926,0
M39,test,cycle,211_1p5_Ar_mc_AKGC417L__5,crackle_score,0.8801159418,0
M39,test,cycle,211_1p5_Ar_mc_AKGC417L__6,crackle_score,0.9794975555,0
M39,test,cycle,211_1p5_Ar_mc_AKGC417L__7,crackle_score,0.8886688171,0
M39,test,cycle,211_1p5_Ar_mc_AKGC417L__8,crackle_score,0.8324850302,0
M39,test,cycle,211_1p5_Ar_mc_AKGC417L__9,crackle_score,0.8223012319,0
M39,test,cycle,211_1p5_Ar_mc_AKGC417L__10,crackle_score,0.8357814693,0
M39,test,cycle,211_1p5_Ar_mc_AKGC417L__11,crackle_score,0.7214792623,0
M39,test,cycle,211_1p5_Ar_mc_AKGC417L__12,crackle_score,0.8562222914,0
M39,test,cycle,211_1p5_Ar_mc_AKGC417L__13,crackle_score,0.7895677927,0
M39,test,cycle,211_2p2_Tc_mc_AKGC417L__0,crackle_score,0.3752962124,0
M39,test,cycle,211_2p2_Tc_mc_AKGC417L__1,crackle_score,0.6514632754,0
M39,test,cycle,211_2p2_Tc_mc_AKGC417L__2,crackle_score,0.6792866213,0
M39,test,cycle,211_2p2_Tc_mc_AKGC417L__3,crackle_score,0.673307617,0
M39,test,cycle,211_2p2_Tc_mc_AKGC417L__4,crackle_score,0.3656975384,0
M39,test,cycle,211_2p2_Tc_mc_AKGC417L__5,crackle_score,0.3228991659,0
M39,test,cycle,211_2p2_Tc_mc_AKGC417L__6,crackle_score,0.478227723,0
M39,test,cycle,211_2p2_Tc_mc_AKGC417L__7,crackle_score,0.5416320576,0
M39,test,cycle,211_2p2_Tc_mc_AKGC417L__8,crackle_score,0.3011514729,0
M39,test,cycle,211_2p2_Tc_mc_AKGC417L__9,crackle_score,0.6024681434,0
M39,test,cycle,211_2p2_Tc_mc_AKGC417L__10,crackle_score,0.6553767873,0
M39,test,cycle,211_2p2_Tc_mc_AKGC417L__11,crackle_score,0.6041644287,0
M39,test,cycle,211_2p2_Tc_mc_AKGC417L__12,crackle_score,0.46101286,0
M39,test,cycle,211_2p3_Tc_mc_AKGC417L__0,crackle_score,0.3510414433,0
M39,test,cycle,211_2p3_Tc_mc_AKGC417L__1,crackle_score,0.585328392,0
M39,test,cycle,211_2p3_Tc_mc_AKGC417L__2,crackle_score,0.4031914469,0
M39,test,cycle,211_2p3_Tc_mc_AKGC417L__3,crackle_score,0.4309511508,0
M39,test,cycle,211_2p3_Tc_mc_AKGC417L__4,crackle_score,0.5942040939,0
M39,test,cycle,211_2p3_Tc_mc_AKGC417L__5,crackle_score,0.4524642302,0
M39,test,cycle,211_2p3_Tc_mc_AKGC417L__6,crackle_score,0.547186044,0
M39,test,cycle,211_2p3_Tc_mc_AKGC417L__7,crackle_score,0.2411515739,0
M39,test,cycle,211_2p3_Tc_mc_AKGC417L__8,crackle_score,0.5799189964,0
M39,test,cycle,211_2p3_Tc_mc_AKGC417L__9,crackle_score,0.5415025508,0
M39,test,cycle,211_2p3_Tc_mc_AKGC417L__10,crackle_score,0.5466711297,0
M39,test,cycle,211_2p3_Tc_mc_AKGC417L__11,crackle_score,0.5711714338,0
M39,test,cycle,211_2p3_Tc_mc_AKGC417L__12,crackle_score,0.577555421,0
M39,test,cycle,211_2p3_Tc_mc_AKGC417L__13,crackle_score,0.5956793243,0
M39,test,cycle,211_2p3_Tc_mc_AKGC417L__14,crackle_score,0.5877457762,0
M39,test,cycle,211_2p3_Tc_mc_AKGC417L__15,crackle_score,0.4412368186,0
M39,test,cycle,211_2p4_Tc_mc_AKGC417L__0,crackle_score,0.6158108521,0
M39,test,cycle,211_2p4_Tc_mc_AKGC417L__1,crackle_score,0.5793837077,0
M39,test,cycle,211_2p4_Tc_mc_AKGC417L__2,crackle_score,0.6504972823,0
M39,test,cycle,211_2p4_Tc_mc_AKGC417L__3,crackle_score,0.5705428647,0
M39,test,cycle,211_2p4_Tc_mc_AKGC417L__4,crackle_score,0.3113856082,0
M39,test,cycle,211_2p4_Tc_mc_AKGC417L__5,crackle_score,0.17565868,0
M39,test,cycle,211_2p4_Tc_mc_AKGC417L__6,crackle_score,0.6653978112,0
M39,test,cycle,211_2p4_Tc_mc_AKGC417L__7,crackle_score,0.5745205574,0
M39,test,cycle,211_2p4_Tc_mc_AKGC417L__8,crackle_score,0.5509299917,0
M39,test,cycle,211_2p4_Tc_mc_AKGC417L__9,crackle_score,0.4618576651,0
M39,test,cycle,211_2p4_Tc_mc_AKGC417L__10,crackle_score,0.4666021597,0
M39,test,cycle,211_2p4_Tc_mc_AKGC417L__11,crackle_score,0.4811365866,0
M39,test,cycle,211_2p4_Tc_mc_AKGC417L__12,crackle_score,0.6035978277,0
M39,test,cycle,211_2p4_Tc_mc_AKGC417L__13,crackle_score,0.5795030495,0
M39,test,cycle,211_2p4_Tc_mc_AKGC417L__14,crackle_score,0.3901705805,0
M39,test,cycle,214_1b1_Ar_sc_Meditron__0,crackle_score,0.6344854798,0
M39,test,cycle,214_1b1_Ar_sc_Meditron__1,crackle_score,0.7141472725,0
M39,test,cycle,214_1b1_Ar_sc_Meditron__2,crackle_score,0.7769959027,0
M39,test,cycle,214_1b1_Ar_sc_Meditron__3,crackle_score,0.7571718557,0
M39,test,cycle,214_1b1_Ar_sc_Meditron__4,crackle_score,0.8348479207,0
M39,test,cycle,214_1b1_Ar_sc_Meditron__5,crackle_score,0.5426216989,0
M39,test,cycle,214_1b1_Ar_sc_Meditron__6,crackle_score,0.6827305815,0
M39,test,cycle,216_1b1_Al_sc_Meditron__0,crackle_score,1,1
M39,test,cycle,216_1b1_Al_sc_Meditron__1,crackle_score,1,0
M39,test,cycle,216_1b1_Al_sc_Meditron__2,crackle_score,1,1
M39,test,cycle,216_1b1_Al_sc_Meditron__3,crackle_score,1,1
M39,test,cycle,216_1b1_Al_sc_Meditron__4,crackle_score,1,1
M39,test,cycle,216_1b1_Al_sc_Meditron__5,crackle_score,0.9706449826,0
M39,test,cycle,216_1b1_Al_sc_Meditron__6,crackle_score,1,0
M39,test,cycle,216_1b1_Al_sc_Meditron__7,crackle_score,1,0
M39,test,cycle,216_1b1_Al_sc_Meditron__8,crackle_score,0.9811886619,0
M39,test,cycle,216_1b1_Al_sc_Meditron__9,crackle_score,0.9916236768,0
M39,test,cycle,216_1b1_Al_sc_Meditron__10,crackle_score,0.9732731398,0
M39,test,cycle,216_1b1_Al_sc_Meditron__11,crackle_score,0.7639117687,0
M39,test,cycle,216_1b1_Pl_sc_Meditron__0,crackle_score,0.6754690418,0
M39,test,cycle,216_1b1_Pl_sc_Meditron__1,crackle_score,0.2405232274,0
M39,test,cycle,216_1b1_Pl_sc_Meditron__2,crackle_score,0.6761873192,0
M39,test,cycle,216_1b1_Pl_sc_Meditron__3,crackle_score,0.6435771692,0
M39,test,cycle,216_1b1_Pl_sc_Meditron__4,crackle_score,0.698328349,0
M39,test,cycle,216_1b1_Pl_sc_Meditron__5,crackle_score,0.457232827,0
M39,test,cycle,216_1b1_Pl_sc_Meditron__6,crackle_score,0.8215098292,0
M39,test,cycle,216_1b1_Pl_sc_Meditron__7,crackle_score,0.7481464684,0
M39,test,cycle,216_1b1_Pl_sc_Meditron__8,crackle_score,0.7629505456,0
M39,test,cycle,216_1b1_Pl_sc_Meditron__9,crackle_score,0.7613132589,0
M39,test,cycle,223_1b1_Al_sc_Meditron__0,crackle_score,0.4383996794,0
M39,test,cycle,223_1b1_Al_sc_Meditron__1,crackle_score,0.7227626394,0
M39,test,cycle,223_1b1_Al_sc_Meditron__2,crackle_score,0.6573096138,0
M39,test,cycle,223_1b1_Al_sc_Meditron__3,crackle_score,0.7620357609,0
M39,test,cycle,223_1b1_Al_sc_Meditron__4,crackle_score,0.2858244917,0
M39,test,cycle,223_1b1_Al_sc_Meditron__5,crackle_score,0.4962820769,0
M39,test,cycle,223_1b1_Al_sc_Meditron__6,crackle_score,0.424255998,0
M39,test,cycle,223_1b1_Al_sc_Meditron__7,crackle_score,0.6985346602,0
M39,test,cycle,223_1b1_Al_sc_Meditron__8,crackle_score,0.6507570732,0
M39,test,cycle,223_1b1_Al_sc_Meditron__9,crackle_score,0.6726941284,0
M39,test,cycle,223_1b1_Ar_sc_Meditron__0,crackle_score,0.6248707146,0
M39,test,cycle,223_1b1_Ar_sc_Meditron__1,crackle_score,0.7130460794,0
M39,test,cycle,223_1b1_Ar_sc_Meditron__2,crackle_score,0.7518940024,0
M39,test,cycle,223_1b1_Ar_sc_Meditron__3,crackle_score,0.572916916,0
M39,test,cycle,223_1b1_Ar_sc_Meditron__4,crackle_score,0.5582135109,0
M39,test,cycle,223_1b1_Ar_sc_Meditron__5,crackle_score,0.5960513486,0
M39,test,cycle,223_1b1_Ar_sc_Meditron__6,crackle_score,0.3526455585,0
M39,test,cycle,223_1b1_Ar_sc_Meditron__7,crackle_score,0.5860692193,0
M39,test,cycle,223_1b1_Ar_sc_Meditron__8,crackle_score,0.7309775526,0
M39,test,cycle,223_1b1_Ar_sc_Meditron__9,crackle_score,0.4686298449,0
M39,test,cycle,223_1b1_Ll_sc_Meditron__0,crackle_score,0.2857042936,1
M39,test,cycle,223_1b1_Ll_sc_Meditron__1,crackle_score,0.2500414134,0
M39,test,cycle,223_1b1_Ll_sc_Meditron__2,crackle_score,0.6364979655,1
M39,test,cycle,223_1b1_Ll_sc_Meditron__3,crackle_score,0.4262252818,1
M39,test,cycle,223_1b1_Ll_sc_Meditron__4,crackle_score,0.5934149112,1
M39,test,cycle,223_1b1_Ll_sc_Meditron__5,crackle_score,0.6605520688,1
M39,test,cycle,223_1b1_Ll_sc_Meditron__6,crackle_score,0.6582770555,1
M39,test,cycle,223_1b1_Ll_sc_Meditron__7,crackle_score,0.3227207964,1
M39,test,cycle,223_1b1_Ll_sc_Meditron__8,crackle_score,0.714728156,1
M39,test,cycle,223_1b1_Ll_sc_Meditron__9,crackle_score,0.707489032,1
M39,test,cycle,223_1b1_Lr_sc_Meditron__0,crackle_score,0.6001622604,1
M39,test,cycle,223_1b1_Lr_sc_Meditron__1,crackle_score,0.1895347557,1
M39,test,cycle,223_1b1_Lr_sc_Meditron__2,crackle_score,0.3623984726,1
M39,test,cycle,223_1b1_Lr_sc_Meditron__3,crackle_score,0.768849125,1
M39,test,cycle,223_1b1_Lr_sc_Meditron__4,crackle_score,0.2942020653,1
M39,test,cycle,223_1b1_Lr_sc_Meditron__5,crackle_score,0.6423764086,1
M39,test,cycle,223_1b1_Lr_sc_Meditron__6,crackle_score,0.7861587903,1
M39,test,cycle,223_1b1_Lr_sc_Meditron__7,crackle_score,0.3861923615,1
M39,test,cycle,223_1b1_Lr_sc_Meditron__8,crackle_score,0.4693207429,1
M39,test,cycle,223_1b1_Lr_sc_Meditron__9,crackle_score,0.1872846201,1
M39,test,cycle,223_1b1_Pl_sc_Meditron__0,crackle_score,0.2559029685,0
M39,test,cycle,223_1b1_Pl_sc_Meditron__1,crackle_score,0.2237107951,0
M39,test,cycle,223_1b1_Pl_sc_Meditron__2,crackle_score,0.357186709,0
M39,test,cycle,223_1b1_Pl_sc_Meditron__3,crackle_score,0.5662178857,0
M39,test,cycle,223_1b1_Pl_sc_Meditron__4,crackle_score,0.3273091499,0
M39,test,cycle,223_1b1_Pl_sc_Meditron__5,crackle_score,0.6299124608,0
M39,test,cycle,223_1b1_Pl_sc_Meditron__6,crackle_score,0.8322084468,0
M39,test,cycle,223_1b1_Pl_sc_Meditron__7,crackle_score,0.6181255364,0
M39,test,cycle,223_1b1_Pl_sc_Meditron__8,crackle_score,0.6437601112,0
M39,test,cycle,223_1b1_Pl_sc_Meditron__9,crackle_score,0.6457737234,0
M39,test,cycle,223_1b1_Pl_sc_Meditron__10,crackle_score,0.6989556621,0
M39,test,cycle,223_1b1_Pr_sc_Meditron__0,crackle_score,0.5111287028,0
M39,test,cycle,223_1b1_Pr_sc_Meditron__1,crackle_score,0.57285589,0
M39,test,cycle,223_1b1_Pr_sc_Meditron__2,crackle_score,0.1631412781,0
M39,test,cycle,223_1b1_Pr_sc_Meditron__3,crackle_score,0.5896749299,0
M39,test,cycle,223_1b1_Pr_sc_Meditron__4,crackle_score,0.3248616378,0
M39,test,cycle,223_1b1_Pr_sc_Meditron__5,crackle_score,0.551084306,0
M39,test,cycle,223_1b1_Pr_sc_Meditron__6,crackle_score,0.2394549906,0
M39,test,cycle,223_1b1_Pr_sc_Meditron__7,crackle_score,0.1160049786,0
M39,test,cycle,223_1b1_Pr_sc_Meditron__8,crackle_score,0.5729807036,0
M39,test,cycle,223_1b1_Pr_sc_Meditron__9,crackle_score,0.339992763,0
M39,test,cycle,224_1b1_Tc_sc_Meditron__0,crackle_score,0.7614802907,0
M39,test,cycle,224_1b1_Tc_sc_Meditron__1,crackle_score,1,0
M39,test,cycle,224_1b1_Tc_sc_Meditron__2,crackle_score,0.8497614242,0
M39,test,cycle,224_1b1_Tc_sc_Meditron__3,crackle_score,0.8182686187,0
M39,test,cycle,224_1b1_Tc_sc_Meditron__4,crackle_score,0.8979776971,0
M39,test,cycle,224_1b1_Tc_sc_Meditron__5,crackle_score,0.667261889,0
M39,test,cycle,224_1b1_Tc_sc_Meditron__6,crackle_score,0.8114080156,0
M39,test,cycle,224_1b2_Al_sc_Meditron__0,crackle_score,0.8931337798,0
M39,test,cycle,224_1b2_Al_sc_Meditron__1,crackle_score,0.3610741551,0
M39,test,cycle,224_1b2_Al_sc_Meditron__2,crackle_score,0.7648333676,0
M39,test,cycle,224_1b2_Al_sc_Meditron__3,crackle_score,0.7534051315,0
M39,test,cycle,224_1b2_Al_sc_Meditron__4,crackle_score,1,0
M39,test,cycle,224_1b2_Al_sc_Meditron__5,crackle_score,1,0
M39,test,cycle,224_1b2_Al_sc_Meditron__6,crackle_score,0.6176452019,0
M39,test,cycle,225_1b1_Pl_sc_Meditron__0,crackle_score,0.244573717,0
M39,test,cycle,225_1b1_Pl_sc_Meditron__1,crackle_score,0.6634822296,0
M39,test,cycle,225_1b1_Pl_sc_Meditron__2,crackle_score,0.5725791866,0
M39,test,cycle,225_1b1_Pl_sc_Meditron__3,crackle_score,0.7174974447,0
M39,test,cycle,225_1b1_Pl_sc_Meditron__4,crackle_score,0.6578462067,0
M39,test,cycle,225_1b1_Pl_sc_Meditron__5,crackle_score,0.5783422472,0
M39,test,cycle,225_1b1_Pl_sc_Meditron__6,crackle_score,0.7688148759,0
M39,test,cycle,225_1b1_Pl_sc_Meditron__7,crackle_score,0.9816955684,0
M39,test,cycle,225_1b1_Pl_sc_Meditron__8,crackle_score,0.8022810755,0
M39,test,cycle,225_1b1_Pl_sc_Meditron__9,crackle_score,0.6525848829,0
M39,test,cycle,225_1b1_Pl_sc_Meditron__10,crackle_score,0.7277588157,0
M39,test,cycle,225_1b1_Pl_sc_Meditron__11,crackle_score,0.6558142045,0
M39,test,cycle,225_1b1_Pl_sc_Meditron__12,crackle_score,1,0
M39,test,cycle,225_1b1_Pl_sc_Meditron__13,crackle_score,0.2606716415,0
M39,train,cycle,103_2b2_Ar_mc_LittC2SE__0,crackle_score,0.7774194849,0
M39,train,cycle,103_2b2_Ar_mc_LittC2SE__1,crackle_score,0.3155373794,0
M39,train,cycle,103_2b2_Ar_mc_LittC2SE__2,crackle_score,0.3004798828,0
M39,train,cycle,103_2b2_Ar_mc_LittC2SE__3,crackle_score,0.7005904864,0
M39,train,cycle,103_2b2_Ar_mc_LittC2SE__4,crackle_score,0.2640790291,0
M39,train,cycle,103_2b2_Ar_mc_LittC2SE__5,crackle_score,0.4099238428,0
M39,train,cycle,105_1b1_Tc_sc_Meditron__0,crackle_score,0.2318462251,0
M39,train,cycle,105_1b1_Tc_sc_Meditron__1,crackle_score,0.4502116484,0
M39,train,cycle,105_1b1_Tc_sc_Meditron__2,crackle_score,0.4062778614,0
M39,train,cycle,105_1b1_Tc_sc_Meditron__3,crackle_score,0.2808846384,0
M39,train,cycle,105_1b1_Tc_sc_Meditron__4,crackle_score,0.5825627477,0
M39,train,cycle,105_1b1_Tc_sc_Meditron__5,crackle_score,0.4827635089,0
M39,train,cycle,105_1b1_Tc_sc_Meditron__6,crackle_score,0.4185831909,0
M39,train,cycle,105_1b1_Tc_sc_Meditron__7,crackle_score,0.4588669304,0
M39,train,cycle,106_2b1_Pl_mc_LittC2SE__0,crackle_score,1,1
M39,train,cycle,106_2b1_Pl_mc_LittC2SE__1,crackle_score,1,1
M39,train,cycle,106_2b1_Pl_mc_LittC2SE__2,crackle_score,0.988663018,0
M39,train,cycle,106_2b1_Pl_mc_LittC2SE__3,crackle_score,1,1
M39,train,cycle,106_2b1_Pl_mc_LittC2SE__4,crackle_score,1,1
M39,train,cycle,106_2b1_Pl_mc_LittC2SE__5,crackle_score,0.9390848605,1
M39,train,cycle,106_2b1_Pl_mc_LittC2SE__6,crackle_score,1,1
M39,train,cycle,106_2b1_Pl_mc_LittC2SE__7,crackle_score,0.8901311295,1
M39,train,cycle,106_2b1_Pl_mc_LittC2SE__8,crackle_score,0.3166950776,1
M39,train,cycle,106_2b1_Pr_mc_LittC2SE__0,crackle_score,0.5866158763,0
M39,train,cycle,106_2b1_Pr_mc_LittC2SE__1,crackle_score,0.8012460793,0
M39,train,cycle,106_2b1_Pr_mc_LittC2SE__2,crackle_score,0.6209463106,0
M39,train,cycle,106_2b1_Pr_mc_LittC2SE__3,crackle_score,0.711487431,0
M39,train,cycle,106_2b1_Pr_mc_LittC2SE__4,crackle_score,0.8005665382,0
M39,train,cycle,106_2b1_Pr_mc_LittC2SE__5,crackle_score,0.5002568863,0
M39,train,cycle,106_2b1_Pr_mc_LittC2SE__6,crackle_score,0.7735557269,0
M39,train,cycle,106_2b1_Pr_mc_LittC2SE__7,crackle_score,0.7357490164,0
M39,train,cycle,106_2b1_Pr_mc_LittC2SE__8,crackle_score,0.5553487627,0
M39,train,cycle,107_2b3_Al_mc_AKGC417L__0,crackle_score,0.4560400818,1
M39,train,cycle,107_2b3_Al_mc_AKGC417L__1,crackle_score,0.5724878449,1
M39,train,cycle,107_2b3_Al_mc_AKGC417L__2,crackle_score,0.3936385534,1
M39,train,cycle,107_2b3_Al_mc_AKGC417L__3,crackle_score,0.5002127888,1
M39,train,cycle,107_2b3_Al_mc_AKGC417L__4,crackle_score,0.5594411722,1
M39,train,cycle,107_2b3_Al_mc_AKGC417L__5,crackle_score,0.4922938585,1
M39,train,cycle,107_2b3_Al_mc_AKGC417L__6,crackle_score,0.5077521115,1
M39,train,cycle,107_2b3_Al_mc_AKGC417L__7,crackle_score,0.5896750042,0
M39,train,cycle,107_2b3_Ar_mc_AKGC417L__0,crackle_score,0.5319360526,1
M39,train,cycle,107_2b3_Ar_mc_AKGC417L__1,crackle_score,0.574780887,1
M39,train,cycle,107_2b3_Ar_mc_AKGC417L__2,crackle_score,0.4536493948,1
M39,train,cycle,107_2b3_Ar_mc_AKGC417L__3,crackle_score,0.5680440372,1
M39,train,cycle,107_2b3_Ar_mc_AKGC417L__4,crackle_score,0.5621439624,1
M39,train,cycle,107_2b3_Ar_mc_AKGC417L__5,crackle_score,0.558248325,1
M39,train,cycle,107_2b3_Ar_mc_AKGC417L__6,crackle_score,0.5764956495,1
M39,train,cycle,107_2b3_Ar_mc_AKGC417L__7,crackle_score,0.649646136,1
M39,train,cycle,107_2b3_Ll_mc_AKGC417L__0,crackle_score,0.8643634703,1
M39,train,cycle,107_2b3_Ll_mc_AKGC417L__1,crackle_score,1,1
M39,train,cycle,107_2b3_Ll_mc_AKGC417L__2,crackle_score,1,1
M39,train,cycle,107_2b3_Ll_mc_AKGC417L__3,crackle_score,0.8486017235,1
M39,train,cycle,107_2b3_Ll_mc_AKGC417L__4,crackle_score,1,1
M39,train,cycle,107_2b3_Ll_mc_AKGC417L__5,crackle_score,0.8975045375,1
M39,train,cycle,107_2b3_Ll_mc_AKGC417L__6,crackle_score,1,1
M39,train,cycle,107_2b3_Ll_mc_AKGC417L__7,crackle_score,0.7287119562,1
M39,train,cycle,107_2b3_Lr_mc_AKGC417L__0,crackle_score,0.5533165768,0
M39,train,cycle,107_2b3_Lr_mc_AKGC417L__1,crackle_score,0.6519757994,1
M39,train,cycle,107_2b3_Lr_mc_AKGC417L__2,crackle_score,0.7204407354,1
M39,train,cycle,107_2b3_Lr_mc_AKGC417L__3,crackle_score,0.7314424573,1
M39,train,cycle,107_2b3_Lr_mc_AKGC417L__4,crackle_score,0.7151767498,1
M39,train,cycle,107_2b3_Lr_mc_AKGC417L__5,crackle_score,0.5786505584,1
M39,train,cycle,107_2b3_Lr_mc_AKGC417L__6,crackle_score,0.6144964404,1
M39,train,cycle,107_2b3_Lr_mc_AKGC417L__7,crackle_score,0.6078997903,1
M39,train,cycle,107_2b3_Pl_mc_AKGC417L__0,crackle_score,0.2148183946,0
M39,train,cycle,107_2b3_Pl_mc_AKGC417L__1,crackle_score,0.6440780296,0
M39,train,cycle,107_2b3_Pl_mc_AKGC417L__2,crackle_score,0.4283262988,0
M39,train,cycle,107_2b3_Pl_mc_AKGC417L__3,crackle_score,0.6267471353,0
M39,train,cycle,107_2b3_Pl_mc_AKGC417L__4,crackle_score,0.595911611,0
M39,train,cycle,107_2b3_Pl_mc_AKGC417L__5,crackle_score,0.1559619883,0
M39,train,cycle,107_2b3_Pl_mc_AKGC417L__6,crackle_score,0.6057150287,0
M39,train,cycle,107_2b3_Pl_mc_AKGC417L__7,crackle_score,0.2884851366,0
M39,train,cycle,107_2b3_Pr_mc_AKGC417L__0,crackle_score,0.5770903556,0
M39,train,cycle,107_2b3_Pr_mc_AKGC417L__1,crackle_score,0.5854465488,1
M39,train,cycle,107_2b3_Pr_mc_AKGC417L__2,crackle_score,0.5802305667,1
M39,train,cycle,107_2b3_Pr_mc_AKGC417L__3,crackle_score,0.5824212278,0
M39,train,cycle,107_2b3_Pr_mc_AKGC417L__4,crackle_score,0.5854295085,1
M39,train,cycle,107_2b3_Pr_mc_AKGC417L__5,crackle_score,0.5583293158,1
M39,train,cycle,107_2b3_Pr_mc_AKGC417L__6,crackle_score,0.5750099668,1
M39,train,cycle,107_2b3_Pr_mc_AKGC417L__7,crackle_score,0.4940437416,1
M39,train,cycle,107_2b3_Tc_mc_AKGC417L__0,crackle_score,0.757980936,0
M39,train,cycle,107_2b3_Tc_mc_AKGC417L__1,crackle_score,0.7249784956,0
M39,train,cycle,107_2b3_Tc_mc_AKGC417L__2,crackle_score,0.6952545541,0
M39,train,cycle,107_2b3_Tc_mc_AKGC417L__3,crackle_score,0.3792583778,1
M39,train,cycle,107_2b3_Tc_mc_AKGC417L__4,crackle_score,0.6882763831,0
M39,train,cycle,107_2b3_Tc_mc_AKGC417L__5,crackle_score,0.643052325,0
M39,train,cycle,107_2b3_Tc_mc_AKGC417L__6,crackle_score,0.6934857293,0
M39,train,cycle,107_2b3_Tc_mc_AKGC417L__7,crackle_score,0.9163847184,1
M39,train,cycle,107_2b4_Al_mc_AKGC417L__0,crackle_score,0.4819798912,1
M39,train,cycle,107_2b4_Al_mc_AKGC417L__1,crackle_score,0.578142468,1
M39,train,cycle,107_2b4_Al_mc_AKGC417L__2,crackle_score,0.5817285627,1
M39,train,cycle,107_2b4_Al_mc_AKGC417L__3,crackle_score,0.4368993657,1
M39,train,cycle,107_2b4_Al_mc_AKGC417L__4,crackle_score,0.5004580859,0
M39,train,cycle,107_2b4_Al_mc_AKGC417L__5,crackle_score,0.5047136444,1
M39,train,cycle,107_2b4_Al_mc_AKGC417L__6,crackle_score,0.3715501059,1
M39,train,cycle,107_2b4_Al_mc_AKGC417L__7,crackle_score,0.6530041017,1
M39,train,cycle,107_2b4_Ar_mc_AKGC417L__0,crackle_score,0.5452580665,1
M39,train,cycle,107_2b4_Ar_mc_AKGC417L__1,crackle_score,0.5495211234,1
M39,train,cycle,107_2b4_Ar_mc_AKGC417L__2,crackle_score,0.5700360537,1
M39,train,cycle,107_2b4_Ar_mc_AKGC417L__3,crackle_score,0.5617212796,1
M39,train,cycle,107_2b4_Ar_mc_AKGC417L__4,crackle_score,0.563129149,1
M39,train,cycle,107_2b4_Ar_mc_AKGC417L__5,crackle_score,0.5722754271,1
M39,train,cycle,107_2b4_Ar_mc_AKGC417L__6,crackle_score,0.551746078,1
M39,train,cycle,107_2b4_Ar_mc_AKGC417L__7,crackle_score,0.6032561349,1
M39,train,cycle,107_2b4_Ll_mc_AKGC417L__0,crackle_score,0.9178854994,1
M39,train,cycle,107_2b4_Ll_mc_AKGC417L__1,crackle_score,1,1
M39,train,cycle,107_2b4_Ll_mc_AKGC417L__2,crackle_score,0.9179936306,1
M39,train,cycle,107_2b4_Ll_mc_AKGC417L__3,crackle_score,0.9318367271,1
M39,train,cycle,107_2b4_Ll_mc_AKGC417L__4,crackle_score,1,1
M39,train,cycle,107_2b4_Ll_mc_AKGC417L__5,crackle_score,1,1
M39,train,cycle,107_2b4_Ll_mc_AKGC417L__6,crackle_score,0.9352146606,1
M39,train,cycle,107_2b4_Ll_mc_AKGC417L__7,crackle_score,1,1
M39,train,cycle,107_2b4_Lr_mc_AKGC417L__0,crackle_score,0.669356682,1
M39,train,cycle,107_2b4_Lr_mc_AKGC417L__1,crackle_score,0.6510231676,1
M39,train,cycle,107_2b4_Lr_mc_AKGC417L__2,crackle_score,0.6896304497,1
M39,train,cycle,107_2b4_Lr_mc_AKGC417L__3,crackle_score,0.6423458787,1
M39,train,cycle,107_2b4_Lr_mc_AKGC417L__4,crackle_score,0.6368513001,1
M39,train,cycle,107_2b4_Lr_mc_AKGC417L__5,crackle_score,0.6793441787,1
M39,train,cycle,107_2b4_Lr_mc_AKGC417L__6,crackle_score,0.6917916734,1
M39,train,cycle,107_2b4_Lr_mc_AKGC417L__7,crackle_score,0.4426176026,1
M39,train,cycle,107_2b4_Pl_mc_AKGC417L__0,crackle_score,0.6213907395,1
M39,train,cycle,107_2b4_Pl_mc_AKGC417L__1,crackle_score,0.7003836185,0
M39,train,cycle,107_2b4_Pl_mc_AKGC417L__2,crackle_score,0.6958745649,1
M39,train,cycle,107_2b4_Pl_mc_AKGC417L__3,crackle_score,0.7038156343,0
M39,train,cycle,107_2b4_Pl_mc_AKGC417L__4,crackle_score,0.7267985337,0
M39,train,cycle,107_2b4_Pl_mc_AKGC417L__5,crackle_score,0.7037639965,1
M39,train,cycle,107_2b4_Pl_mc_AKGC417L__6,crackle_score,0.6821685926,0
M39,train,cycle,107_2b4_Pl_mc_AKGC417L__7,crackle_score,0.5717010491,0
M39,train,cycle,107_2b4_Pr_mc_AKGC417L__0,crackle_score,0.5765927768,1
M39,train,cycle,107_2b4_Pr_mc_AKGC417L__1,crackle_score,0.5529409994,1
M39,train,cycle,107_2b4_Pr_mc_AKGC417L__2,crackle_score,0.563494818,1
M39,train,cycle,107_2b4_Pr_mc_AKGC417L__3,crackle_score,0.5579931834,1
M39,train,cycle,107_2b4_Pr_mc_AKGC417L__4,crackle_score,0.5926699683,1
M39,train,cycle,107_2b4_Pr_mc_AKGC417L__5,crackle_score,0.5956683785,1
M39,train,cycle,107_2b4_Pr_mc_AKGC417L__6,crackle_score,0.5545148635,1
M39,train,cycle,107_2b4_Pr_mc_AKGC417L__7,crackle_score,0.4005620984,1
M39,train,cycle,107_2b4_Tc_mc_AKGC417L__0,crackle_score,0.6477382723,0
M39,train,cycle,107_2b4_Tc_mc_AKGC417L__1,crackle_score,0.6790699326,0
M39,train,cycle,107_2b4_Tc_mc_AKGC417L__2,crackle_score,0.7955482983,0
M39,train,cycle,107_2b4_Tc_mc_AKGC417L__3,crackle_score,0.5526232853,0
M39,train,cycle,107_2b4_Tc_mc_AKGC417L__4,crackle_score,0.5279597344,0
M39,train,cycle,107_2b4_Tc_mc_AKGC417L__5,crackle_score,0.640306318,0
M39,train,cycle,107_2b4_Tc_mc_AKGC417L__6,crackle_score,0.5707149774,0
M39,train,cycle,107_2b4_Tc_mc_AKGC417L__7,crackle_score,0.6136505916,0
M39,train,cycle,107_2b5_Al_mc_AKGC417L__0,crackle_score,0.5973676581,0
M39,train,cycle,107_2b5_Al_mc_AKGC417L__1,crackle_score,0.6405380745,1
M39,train,cycle,107_2b5_Al_mc_AKGC417L__2,crackle_score,0.4758410799,1
M39,train,cycle,107_2b5_Al_mc_AKGC417L__3,crackle_score,0.3749704438,1
M39,train,cycle,107_2b5_Al_mc_AKGC417L__4,crackle_score,0.5091944078,1
M39,train,cycle,107_2b5_Al_mc_AKGC417L__5,crackle_score,0.6027282363,1
M39,train,cycle,107_2b5_Al_mc_AKGC417L__6,crackle_score,0.518668317,1
M39,train,cycle,107_2b5_Al_mc_AKGC417L__7,crackle_score,0.5906561239,1
M39,train,cycle,107_2b5_Ar_mc_AKGC417L__0,crackle_score,0.5831156079,0
M39,train,cycle,107_2b5_Ar_mc_AKGC417L__1,crackle_score,0.5079478622,0
M39,train,cycle,107_2b5_Ar_mc_AKGC417L__2,crackle_score,0.5959741515,1
M39,train,cycle,107_2b5_Ar_mc_AKGC417L__3,crackle_score,0.6062339775,0
M39,train,cycle,107_2b5_Ar_mc_AKGC417L__4,crackle_score,0.5725961766,1
M39,train,cycle,107_2b5_Ar_mc_AKGC417L__5,crackle_score,0.6776670797,1
M39,train,cycle,107_2b5_Ar_mc_AKGC417L__6,crackle_score,0.5465977135,0
M39,train,cycle,107_2b5_Ar_mc_AKGC417L__7,crackle_score,1,0
M39,train,cycle,107_2b5_Ll_mc_AKGC417L__0,crackle_score,0.9190057593,0
M39,train,cycle,107_2b5_Ll_mc_AKGC417L__1,crackle_score,1,1
M39,train,cycle,107_2b5_Ll_mc_AKGC417L__2,crackle_score,1,1
M39,train,cycle,107_2b5_Ll_mc_AKGC417L__3,crackle_score,0.9010130857,1
M39,train,cycle,107_2b5_Ll_mc_AKGC417L__4,crackle_score,0.8495802724,1
M39,train,cycle,107_2b5_Ll_mc_AKGC417L__5,crackle_score,1,1
M39,train,cycle,107_2b5_Ll_mc_AKGC417L__6,crackle_score,0.934384189,0
M39,train,cycle,107_2b5_Ll_mc_AKGC417L__7,crackle_score,0.9173902143,1
M39,train,cycle,107_2b5_Lr_mc_AKGC417L__0,crackle_score,0.6440388263,0
M39,train,cycle,107_2b5_Lr_mc_AKGC417L__1,crackle_score,0.5961303896,1
M39,train,cycle,107_2b5_Lr_mc_AKGC417L__2,crackle_score,0.6069509858,1
M39,train,cycle,107_2b5_Lr_mc_AKGC417L__3,crackle_score,0.6024690423,1
M39,train,cycle,107_2b5_Lr_mc_AKGC417L__4,crackle_score,0.5608766153,1
M39,train,cycle,107_2b5_Lr_mc_AKGC417L__5,crackle_score,0.5756688193,1
M39,train,cycle,107_2b5_Lr_mc_AKGC417L__6,crackle_score,0.560793518,1
M39,train,cycle,107_2b5_Lr_mc_AKGC417L__7,crackle_score,0.5749574694,1
M39,train,cycle,107_2b5_Pl_mc_AKGC417L__0,crackle_score,0.6270069128,0
M39,train,cycle,107_2b5_Pl_mc_AKGC417L__1,crackle_score,0.7123452165,0
M39,train,cycle,107_2b5_Pl_mc_AKGC417L__2,crackle_score,0.5308558932,0
M39,train,cycle,107_2b5_Pl_mc_AKGC417L__3,crackle_score,0.3394010899,0
M39,train,cycle,107_2b5_Pl_mc_AKGC417L__4,crackle_score,0.6808516445,0
M39,train,cycle,107_2b5_Pl_mc_AKGC417L__5,crackle_score,0.4980315942,0
M39,train,cycle,107_2b5_Pl_mc_AKGC417L__6,crackle_score,0.6606679944,0
M39,train,cycle,107_2b5_Pl_mc_AKGC417L__7,crackle_score,0.6252185583,0
M39,train,cycle,107_2b5_Pr_mc_AKGC417L__0,crackle_score,0.5618853583,0
M39,train,cycle,107_2b5_Pr_mc_AKGC417L__1,crackle_score,0.4869476126,1
M39,train,cycle,107_2b5_Pr_mc_AKGC417L__2,crackle_score,0.553977089,0
M39,train,cycle,107_2b5_Pr_mc_AKGC417L__3,crackle_score,0.4238214187,1
M39,train,cycle,107_2b5_Pr_mc_AKGC417L__4,crackle_score,0.5657872712,1
M39,train,cycle,107_2b5_Pr_mc_AKGC417L__5,crackle_score,0.5838294492,0
M39,train,cycle,107_2b5_Pr_mc_AKGC417L__6,crackle_score,0.5721636032,1
M39,train,cycle,107_2b5_Pr_mc_AKGC417L__7,crackle_score,0.5636063862,1
M39,train,cycle,107_2b5_Tc_mc_AKGC417L__0,crackle_score,0.4889824998,0
M39,train,cycle,107_2b5_Tc_mc_AKGC417L__1,crackle_score,0.5275668412,0
M39,train,cycle,107_2b5_Tc_mc_AKGC417L__2,crackle_score,0.7101927493,1
M39,train,cycle,107_2b5_Tc_mc_AKGC417L__3,crackle_score,0.6034269859,1
M39,train,cycle,107_2b5_Tc_mc_AKGC417L__4,crackle_score,0.7693103614,0
M39,train,cycle,107_2b5_Tc_mc_AKGC417L__5,crackle_score,0.9339250493,0
M39,train,cycle,107_2b5_Tc_mc_AKGC417L__6,crackle_score,0.4783350352,0
M39,train,cycle,107_2b5_Tc_mc_AKGC417L__7,crackle_score,0.8868828298,0
M39,train,cycle,107_3p2_Al_mc_AKGC417L__0,crackle_score,1,1
M39,train,cycle,107_3p2_Al_mc_AKGC417L__1,crackle_score,0.8101735644,1
M39,train,cycle,107_3p2_Al_mc_AKGC417L__2,crackle_score,0.9974831612,1
M39,train,cycle,107_3p2_Al_mc_AKGC417L__3,crackle_score,0.8438326491,1
M39,train,cycle,107_3p2_Al_mc_AKGC417L__4,crackle_score,0.9589138188,1
M39,train,cycle,107_3p2_Al_mc_AKGC417L__5,crackle_score,1,1
M39,train,cycle,107_3p2_Al_mc_AKGC417L__6,crackle_score,1,1
M39,train,cycle,107_3p2_Al_mc_AKGC417L__7,crackle_score,0.8854945938,1
M39,train,cycle,107_3p2_Al_mc_AKGC417L__8,crackle_score,0.7118907186,1
M39,train,cycle,107_3p2_Ar_mc_AKGC417L__0,crackle_score,0.369478877,0
M39,train,cycle,107_3p2_Ar_mc_AKGC417L__1,crackle_score,0.3318605836,0
M39,train,cycle,107_3p2_Ar_mc_AKGC417L__2,crackle_score,0.471090813,0
M39,train,cycle,107_3p2_Ar_mc_AKGC417L__3,crackle_score,0.533725482,1
M39,train,cycle,107_3p2_Ar_mc_AKGC417L__4,crackle_score,0.486950537,0
M39,train,cycle,107_3p2_Ar_mc_AKGC417L__5,crackle_score,0.4369689452,1
M39,train,cycle,107_3p2_Ar_mc_AKGC417L__6,crackle_score,0.64553787,1
M39,train,cycle,107_3p2_Ar_mc_AKGC417L__7,crackle_score,0.6141591716,1
M39,train,cycle,107_3p2_Ar_mc_AKGC417L__8,crackle_score,0.6323728968,0
M39,train,cycle,107_3p2_Ll_mc_AKGC417L__0,crackle_score,0.831282199,1
M39,train,cycle,107_3p2_Ll_mc_AKGC417L__1,crackle_score,0.7430348369,1
M39,train,cycle,107_3p2_Ll_mc_AKGC417L__2,crackle_score,0.7268515388,1
M39,train,cycle,107_3p2_Ll_mc_AKGC417L__3,crackle_score,0.6446338374,1
M39,train,cycle,107_3p2_Ll_mc_AKGC417L__4,crackle_score,0.6288204376,1
M39,train,cycle,107_3p2_Ll_mc_AKGC417L__5,crackle_score,0.6183141889,1
M39,train,cycle,107_3p2_Ll_mc_AKGC417L__6,crackle_score,0.7506385044,1
M39,train,cycle,107_3p2_Ll_mc_AKGC417L__7,crackle_score,0.474337872,1
M39,train,cycle,107_3p2_Ll_mc_AKGC417L__8,crackle_score,0.7013002321,1
M39,train,cycle,107_3p2_Lr_mc_AKGC417L__0,crackle_score,0.7954045653,0
M39,train,cycle,107_3p2_Lr_mc_AKGC417L__1,crackle_score,0.7039525274,0
M39,train,cycle,107_3p2_Lr_mc_AKGC417L__2,crackle_score,0.5226626265,0
M39,train,cycle,107_3p2_Lr_mc_AKGC417L__3,crackle_score,0.5547380188,0
M39,train,cycle,107_3p2_Lr_mc_AKGC417L__4,crackle_score,0.8617898318,0
M39,train,cycle,107_3p2_Lr_mc_AKGC417L__5,crackle_score,0.853577371,1
M39,train,cycle,107_3p2_Lr_mc_AKGC417L__6,crackle_score,0.6590168966,1
M39,train,cycle,107_3p2_Lr_mc_AKGC417L__7,crackle_score,0.6883941257,1
M39,train,cycle,107_3p2_Lr_mc_AKGC417L__8,crackle_score,0.6726867848,1
M39,train,cycle,107_3p2_Pl_mc_AKGC417L__0,crackle_score,0.7477165318,1
M39,train,cycle,107_3p2_Pl_mc_AKGC417L__1,crackle_score,0.749165934,1
M39,train,cycle,107_3p2_Pl_mc_AKGC417L__2,crackle_score,0.8222167184,1
M39,train,cycle,107_3p2_Pl_mc_AKGC417L__3,crackle_score,0.745637311,1
M39,train,cycle,107_3p2_Pl_mc_AKGC417L__4,crackle_score,1,1
M39,train,cycle,107_3p2_Pl_mc_AKGC417L__5,crackle_score,0.9367720466,1
M39,train,cycle,107_3p2_Pl_mc_AKGC417L__6,crackle_score,0.91303921,1
M39,train,cycle,107_3p2_Pl_mc_AKGC417L__7,crackle_score,0.7845951345,1
M39,train,cycle,107_3p2_Pl_mc_AKGC417L__8,crackle_score,0.6869680415,1
M39,train,cycle,107_3p2_Pr_mc_AKGC417L__0,crackle_score,0.9893964111,1
M39,train,cycle,107_3p2_Pr_mc_AKGC417L__1,crackle_score,0.8748708251,1
M39,train,cycle,107_3p2_Pr_mc_AKGC417L__2,crackle_score,0.806345733,1
M39,train,cycle,107_3p2_Pr_mc_AKGC417L__3,crackle_score,0.9312301407,1
M39,train,cycle,107_3p2_Pr_mc_AKGC417L__4,crackle_score,0.8479125249,1
M39,train,cycle,107_3p2_Pr_mc_AKGC417L__5,crackle_score,0.7495840266,1
M39,train,cycle,107_3p2_Pr_mc_AKGC417L__6,crackle_score,0.7911883448,1
M39,train,cycle,107_3p2_Pr_mc_AKGC417L__7,crackle_score,0.7776221135,1
M39,train,cycle,107_3p2_Pr_mc_AKGC417L__8,crackle_score,0.8334699336,1
M39,train,cycle,107_3p2_Tc_mc_AKGC417L__0,crackle_score,0.561433682,1
M39,train,cycle,107_3p2_Tc_mc_AKGC417L__1,crackle_score,0.6558647451,1
M39,train,cycle,107_3p2_Tc_mc_AKGC417L__2,crackle_score,0.6486026845,1
M39,train,cycle,107_3p2_Tc_mc_AKGC417L__3,crackle_score,0.6303224676,1
M39,train,cycle,107_3p2_Tc_mc_AKGC417L__4,crackle_score,0.6541320946,1
M39,train,cycle,107_3p2_Tc_mc_AKGC417L__5,crackle_score,0.6202937916,1
M39,train,cycle,107_3p2_Tc_mc_AKGC417L__6,crackle_score,0.4650700307,0
M39,train,cycle,107_3p2_Tc_mc_AKGC417L__7,crackle_score,0.6569301603,0
M39,train,cycle,107_3p2_Tc_mc_AKGC417L__8,crackle_score,0.6713565012,0
M39,train,cycle,108_1b1_Al_sc_Meditron__0,crackle_score,0.7776627518,0
M39,train,cycle,108_1b1_Al_sc_Meditron__1,crackle_score,0.9555220151,0
M39,train,cycle,108_1b1_Al_sc_Meditron__2,crackle_score,0.9817450834,0
M39,train,cycle,108_1b1_Al_sc_Meditron__3,crackle_score,0.7696395325,0
M39,train,cycle,108_1b1_Al_sc_Meditron__4,crackle_score,0.7913345282,0
M39,train,cycle,108_1b1_Al_sc_Meditron__5,crackle_score,0.7802666062,0
M39,train,cycle,108_1b1_Al_sc_Meditron__6,crackle_score,0.8423859307,0
M39,train,cycle,108_1b1_Al_sc_Meditron__7,crackle_score,0.7655382089,0
M39,train,cycle,110_1b1_Pr_sc_Meditron__0,crackle_score,0.7161763172,1
M39,train,cycle,110_1b1_Pr_sc_Meditron__1,crackle_score,0.7207290333,1
M39,train,cycle,110_1b1_Pr_sc_Meditron__2,crackle_score,0.1776413295,0
M39,train,cycle,110_1b1_Pr_sc_Meditron__3,crackle_score,0.654183105,0
M39,train,cycle,110_1b1_Pr_sc_Meditron__4,crackle_score,0.5200601805,0
M39,train,cycle,110_1b1_Pr_sc_Meditron__5,crackle_score,0.7502027677,0
M39,train,cycle,110_1b1_Pr_sc_Meditron__6,crackle_score,1,0
M39,train,cycle,110_1b1_Pr_sc_Meditron__7,crackle_score,0.7448746254,0
M39,train,cycle,110_1b1_Pr_sc_Meditron__8,crackle_score,0.1847593137,0
M39,train,cycle,110_1b1_Pr_sc_Meditron__9,crackle_score,0.5,0
M39,train,cycle,110_1b1_Pr_sc_Meditron__10,crackle_score,0.1250107429,0
M39,train,cycle,110_1b1_Pr_sc_Meditron__11,crackle_score,0.6603937865,0
M39,train,cycle,110_1b1_Pr_sc_Meditron__12,crackle_score,0.6558251441,0
M39,train,cycle,110_1b1_Pr_sc_Meditron__13,crackle_score,0.5967915227,0
M39,train,cycle,110_1b1_Pr_sc_Meditron__14,crackle_score,0.6699395873,0
M39,train,cycle,110_1p1_Al_sc_Meditron__0,crackle_score,0.4482382596,1
M39,train,cycle,110_1p1_Al_sc_Meditron__1,crackle_score,0.5844460125,1
M39,train,cycle,110_1p1_Al_sc_Meditron__2,crackle_score,0.46053802,1
M39,train,cycle,110_1p1_Al_sc_Meditron__3,crackle_score,0.6077075365,1
M39,train,cycle,110_1p1_Al_sc_Meditron__4,crackle_score,0.5279446202,0
M39,train,cycle,110_1p1_Al_sc_Meditron__5,crackle_score,0.6060618359,1
M39,train,cycle,110_1p1_Al_sc_Meditron__6,crackle_score,0.6300500645,1
M39,train,cycle,110_1p1_Ll_sc_Meditron__0,crackle_score,0.3205521542,0
M39,train,cycle,110_1p1_Ll_sc_Meditron__1,crackle_score,0.4401672064,0
M39,train,cycle,110_1p1_Ll_sc_Meditron__2,crackle_score,0.5706884417,0
M39,train,cycle,110_1p1_Ll_sc_Meditron__3,crackle_score,0.4323362127,0
M39,train,cycle,110_1p1_Ll_sc_Meditron__4,crackle_score,0.57718336,0
M39,train,cycle,110_1p1_Ll_sc_Meditron__5,crackle_score,0.5182508998,0
M39,train,cycle,110_1p1_Ll_sc_Meditron__6,crackle_score,0.4869544085,0
M39,train,cycle,110_1p1_Lr_sc_Meditron__0,crackle_score,0.4298089327,1
M39,train,cycle,110_1p1_Lr_sc_Meditron__1,crackle_score,0.5854177627,1
M39,train,cycle,110_1p1_Lr_sc_Meditron__2,crackle_score,0.6002083638,1
M39,train,cycle,110_1p1_Lr_sc_Meditron__3,crackle_score,0.6258090367,1
M39,train,cycle,110_1p1_Lr_sc_Meditron__4,crackle_score,0.6204286107,1
M39,train,cycle,110_1p1_Lr_sc_Meditron__5,crackle_score,0.5990353652,1
M39,train,cycle,110_1p1_Lr_sc_Meditron__6,crackle_score,0.6639518877,1
M39,train,cycle,110_1p1_Pr_sc_Meditron__0,crackle_score,0.9474185665,0
M39,train,cycle,110_1p1_Pr_sc_Meditron__1,crackle_score,0.3692592781,0
M39,train,cycle,110_1p1_Pr_sc_Meditron__2,crackle_score,0.3547667837,0
M39,train,cycle,110_1p1_Pr_sc_Meditron__3,crackle_score,0.7390887839,0
M39,train,cycle,110_1p1_Pr_sc_Meditron__4,crackle_score,0.3213389119,0
M39,train,cycle,110_1p1_Pr_sc_Meditron__5,crackle_score,0.987040985,0
M39,train,cycle,110_1p1_Pr_sc_Meditron__6,crackle_score,0.588373521,0
M39,train,cycle,110_1p1_Pr_sc_Meditron__7,crackle_score,0.4299437103,0
M39,train,cycle,110_1p1_Pr_sc_Meditron__8,crackle_score,0.1953640709,0
M39,train,cycle,110_1p1_Pr_sc_Meditron__9,crackle_score,0.5412161141,0
M39,train,cycle,110_1p1_Pr_sc_Meditron__10,crackle_score,0.2564128348,0
M39,train,cycle,110_1p1_Pr_sc_Meditron__11,crackle_score,0.6069321353,0
M39,train,cycle,110_1p1_Pr_sc_Meditron__12,crackle_score,0.8573734328,0
M39,train,cycle,110_1p1_Pr_sc_Meditron__13,crackle_score,0.3005377529,0
M39,train,cycle,110_1p1_Pr_sc_Meditron__14,crackle_score,0.3170862433,0
M39,train,cycle,110_1p1_Pr_sc_Meditron__15,crackle_score,0.3835460664,0
M39,train,cycle,111_1b2_Tc_sc_Meditron__0,crackle_score,0.5214776632,0
M39,train,cycle,111_1b2_Tc_sc_Meditron__1,crackle_score,0.5376364321,0
M39,train,cycle,111_1b2_Tc_sc_Meditron__2,crackle_score,0.6173249902,0
M39,train,cycle,111_1b2_Tc_sc_Meditron__3,crackle_score,0.6428571429,0
M39,train,cycle,111_1b2_Tc_sc_Meditron__4,crackle_score,0.6122754491,0
M39,train,cycle,111_1b2_Tc_sc_Meditron__5,crackle_score,0.9375,0
M39,train,cycle,111_1b2_Tc_sc_Meditron__6,crackle_score,0.5940910802,0
M39,train,cycle,111_1b2_Tc_sc_Meditron__7,crackle_score,0.8947368421,0
M39,train,cycle,111_1b3_Tc_sc_Meditron__0,crackle_score,0.9488330341,0
M39,train,cycle,111_1b3_Tc_sc_Meditron__1,crackle_score,0.5,0
M39,train,cycle,111_1b3_Tc_sc_Meditron__2,crackle_score,0.58,0
M39,train,cycle,111_1b3_Tc_sc_Meditron__3,crackle_score,0.5,0
M39,train,cycle,111_1b3_Tc_sc_Meditron__4,crackle_score,0.52,0
M39,train,cycle,111_1b3_Tc_sc_Meditron__5,crackle_score,0.5,0
M39,train,cycle,111_1b3_Tc_sc_Meditron__6,crackle_score,0.5185185185,0
M39,train,cycle,111_1b3_Tc_sc_Meditron__7,crackle_score,0.5204750205,0
M39,train,cycle,111_1b3_Tc_sc_Meditron__8,crackle_score,0.5380228137,0
M39,train,cycle,112_1b1_Ar_sc_Meditron__0,crackle_score,0.4203475362,0
M39,train,cycle,112_1b1_Ar_sc_Meditron__1,crackle_score,0.6911058814,0
M39,train,cycle,112_1b1_Ar_sc_Meditron__2,crackle_score,0.5596789335,0
M39,train,cycle,112_1b1_Ar_sc_Meditron__3,crackle_score,0.4757858121,0
M39,train,cycle,112_1b1_Ar_sc_Meditron__4,crackle_score,0.5314495672,0
M39,train,cycle,112_1b1_Ar_sc_Meditron__5,crackle_score,0.3336193111,0
M39,train,cycle,112_1b1_Ar_sc_Meditron__6,crackle_score,0.4457690866,0
M39,train,cycle,112_1b1_Ar_sc_Meditron__7,crackle_score,0.7164645453,0
M39,train,cycle,112_1b1_Ar_sc_Meditron__8,crackle_score,0.5952263707,1
M39,train,cycle,112_1b1_Ar_sc_Meditron__9,crackle_score,0.6584023125,0
M39,train,cycle,112_1b1_Ar_sc_Meditron__10,crackle_score,0.8025003322,0
M39,train,cycle,112_1b1_Ar_sc_Meditron__11,crackle_score,0.5610647207,0
M39,train,cycle,112_1b1_Ar_sc_Meditron__12,crackle_score,0.8036060855,0
M39,train,cycle,112_1b1_Ar_sc_Meditron__13,crackle_score,0.7537833421,0
M39,train,cycle,112_1b1_Ar_sc_Meditron__14,crackle_score,0.5609483244,0
M39,train,cycle,112_1b1_Ar_sc_Meditron__15,crackle_score,0.5701091314,0
M39,train,cycle,112_1b1_Ar_sc_Meditron__16,crackle_score,0.2521748615,0
M39,train,cycle,112_1b1_Lr_sc_Meditron__0,crackle_score,0.7787452794,1
M39,train,cycle,112_1b1_Lr_sc_Meditron__1,crackle_score,0.7479170785,1
M39,train,cycle,112_1b1_Lr_sc_Meditron__2,crackle_score,0.7483247814,1
M39,train,cycle,112_1b1_Lr_sc_Meditron__3,crackle_score,0.6665656989,1
M39,train,cycle,112_1b1_Lr_sc_Meditron__4,crackle_score,0.7155400993,1
M39,train,cycle,112_1b1_Lr_sc_Meditron__5,crackle_score,0.7049897611,0
M39,train,cycle,112_1b1_Lr_sc_Meditron__6,crackle_score,0.2506666659,0
M39,train,cycle,112_1b1_Lr_sc_Meditron__7,crackle_score,0.3835782821,0
M39,train,cycle,112_1b1_Lr_sc_Meditron__8,crackle_score,0.6448241721,0
M39,train,cycle,112_1b1_Lr_sc_Meditron__9,crackle_score,0.6411403262,0
M39,train,cycle,112_1b1_Lr_sc_Meditron__10,crackle_score,0.614585884,0
M39,train,cycle,112_1b1_Lr_sc_Meditron__11,crackle_score,0.619920893,0
M39,train,cycle,112_1p1_Ll_sc_Litt3200__0,crackle_score,0.9515195369,0
M39,train,cycle,112_1p1_Ll_sc_Litt3200__1,crackle_score,0.5313980366,0
M39,train,cycle,112_1p1_Ll_sc_Litt3200__2,crackle_score,0.6330794965,0
M39,train,cycle,112_1p1_Ll_sc_Litt3200__3,crackle_score,0.9940711462,0
M39,train,cycle,112_1p1_Ll_sc_Litt3200__4,crackle_score,1,0
M39,train,cycle,112_1p1_Ll_sc_Litt3200__5,crackle_score,1,0
M39,train,cycle,112_1p1_Ll_sc_Litt3200__6,crackle_score,0.9000006022,0
M39,train,cycle,112_1p1_Ll_sc_Litt3200__7,crackle_score,0.7465296086,0
M39,train,cycle,112_1p1_Ll_sc_Litt3200__8,crackle_score,0.7105028414,0
M39,train,cycle,112_1p1_Ll_sc_Litt3200__9,crackle_score,0.7617801047,0
M39,train,cycle,112_1p1_Pl_sc_Litt3200__0,crackle_score,0.7038750291,1
M39,train,cycle,112_1p1_Pl_sc_Litt3200__1,crackle_score,0.6041464893,0
M39,train,cycle,112_1p1_Pl_sc_Litt3200__2,crackle_score,0.9953560372,1
M39,train,cycle,112_1p1_Pl_sc_Litt3200__3,crackle_score,0.7679197738,1
M39,train,cycle,112_1p1_Pl_sc_Litt3200__4,crackle_score,0.6551226704,1
M39,train,cycle,112_1p1_Pl_sc_Litt3200__5,crackle_score,0.7039942852,1
M39,train,cycle,112_1p1_Pl_sc_Litt3200__6,crackle_score,0.6888124268,0
M39,train,cycle,112_1p1_Pl_sc_Litt3200__7,crackle_score,0.6012893489,0
M39,train,cycle,112_1p1_Pl_sc_Litt3200__8,crackle_score,0.4533638606,0
M39,train,cycle,112_1p1_Pr_sc_Litt3200__0,crackle_score,0.3366571263,0
M39,train,cycle,112_1p1_Pr_sc_Litt3200__1,crackle_score,1,0
M39,train,cycle,112_1p1_Pr_sc_Litt3200__2,crackle_score,0.8583502869,0
M39,train,cycle,112_1p1_Pr_sc_Litt3200__3,crackle_score,0.9127526331,0
M39,train,cycle,112_1p1_Pr_sc_Litt3200__4,crackle_score,0.857632259,0
M39,train,cycle,112_1p1_Pr_sc_Litt3200__5,crackle_score,0.8257769958,0
M39,train,cycle,112_1p1_Pr_sc_Litt3200__6,crackle_score,0.6764751749,0
M39,train,cycle,112_1p1_Pr_sc_Litt3200__7,crackle_score,0.7287848947,0
M39,train,cycle,112_1p1_Pr_sc_Litt3200__8,crackle_score,0.6001889112,0
M39,train,cycle,114_1b4_Al_mc_AKGC417L__0,crackle_score,0.9403808139,0
M39,train,cycle,114_1b4_Al_mc_AKGC417L__1,crackle_score,0.8285922852,1
M39,train,cycle,114_1b4_Al_mc_AKGC417L__2,crackle_score,0.7535371458,1
M39,train,cycle,114_1b4_Al_mc_AKGC417L__3,crackle_score,0.8697894068,1
M39,train,cycle,114_1b4_Al_mc_AKGC417L__4,crackle_score,0.9101049869,1
M39,train,cycle,114_1b4_Al_mc_AKGC417L__5,crackle_score,1,1
M39,train,cycle,114_1b4_Al_mc_AKGC417L__6,crackle_score,0.4302605204,1
M39,train,cycle,114_1b4_Ar_mc_AKGC417L__0,crackle_score,0.9860729998,0
M39,train,cycle,114_1b4_Ar_mc_AKGC417L__1,crackle_score,0.9391728274,1
M39,train,cycle,114_1b4_Ar_mc_AKGC417L__2,crackle_score,1,1
M39,train,cycle,114_1b4_Ar_mc_AKGC417L__3,crackle_score,1,1
M39,train,cycle,114_1b4_Ar_mc_AKGC417L__4,crackle_score,1,1
M39,train,cycle,114_1b4_Ar_mc_AKGC417L__5,crackle_score,1,1
M39,train,cycle,114_1b4_Ar_mc_AKGC417L__6,crackle_score,0.6773656372,0
M39,train,cycle,114_1b4_Lr_mc_AKGC417L__0,crackle_score,1,1
M39,train,cycle,114_1b4_Lr_mc_AKGC417L__1,crackle_score,0.883072419,1
M39,train,cycle,114_1b4_Lr_mc_AKGC417L__2,crackle_score,0.7953803567,1
M39,train,cycle,114_1b4_Lr_mc_AKGC417L__3,crackle_score,0.7994303741,1
M39,train,cycle,114_1b4_Lr_mc_AKGC417L__4,crackle_score,0.8490759909,1
M39,train,cycle,114_1b4_Lr_mc_AKGC417L__5,crackle_score,1,1
M39,train,cycle,114_1b4_Lr_mc_AKGC417L__6,crackle_score,0.59898262,1
M39,train,cycle,114_1b4_Pl_mc_AKGC417L__0,crackle_score,0.8863212743,1
M39,train,cycle,114_1b4_Pl_mc_AKGC417L__1,crackle_score,0.8947673037,1
M39,train,cycle,114_1b4_Pl_mc_AKGC417L__2,crackle_score,0.8340126119,1
M39,train,cycle,114_1b4_Pl_mc_AKGC417L__3,crackle_score,0.7074619503,1
M39,train,cycle,114_1b4_Pl_mc_AKGC417L__4,crackle_score,0.8280839895,1
M39,train,cycle,114_1b4_Pl_mc_AKGC417L__5,crackle_score,1,1
M39,train,cycle,114_1b4_Pl_mc_AKGC417L__6,crackle_score,0.7376639465,1
M39,train,cycle,114_1b4_Pr_mc_AKGC417L__0,crackle_score,1,0
M39,train,cycle,114_1b4_Pr_mc_AKGC417L__1,crackle_score,0.8447882694,1
M39,train,cycle,114_1b4_Pr_mc_AKGC417L__2,crackle_score,1,1
M39,train,cycle,114_1b4_Pr_mc_AKGC417L__3,crackle_score,0.8340126092,1
M39,train,cycle,114_1b4_Pr_mc_AKGC417L__4,crackle_score,0.4986197851,1
M39,train,cycle,114_1b4_Pr_mc_AKGC417L__5,crackle_score,1,1
M39,train,cycle,114_1b4_Pr_mc_AKGC417L__6,crackle_score,0.5858076853,1
M39,train,cycle,115_1b1_Ar_sc_Meditron__0,crackle_score,0.5722761876,0
M39,train,cycle,115_1b1_Ar_sc_Meditron__1,crackle_score,0.6750091451,0
M39,train,cycle,115_1b1_Ar_sc_Meditron__2,crackle_score,0.7224196627,0
M39,train,cycle,115_1b1_Ar_sc_Meditron__3,crackle_score,0.653773382,0
M39,train,cycle,115_1b1_Ar_sc_Meditron__4,crackle_score,0.8613956505,0
M39,train,cycle,115_1b1_Ar_sc_Meditron__5,crackle_score,0.7219283298,0
M39,train,cycle,115_1b1_Ar_sc_Meditron__6,crackle_score,0.8990504327,0
M39,train,cycle,115_1b1_Ar_sc_Meditron__7,crackle_score,0.6693998391,0
M39,train,cycle,115_1b1_Ar_sc_Meditron__8,crackle_score,0.6537903801,0
M39,train,cycle,115_1b1_Ar_sc_Meditron__9,crackle_score,0.634753255,0
M39,train,cycle,115_1b1_Ar_sc_Meditron__10,crackle_score,0.3411512936,0
M39,train,cycle,115_1b1_Ar_sc_Meditron__11,crackle_score,0.6929451831,0
M39,train,cycle,115_1b1_Ar_sc_Meditron__12,crackle_score,0.6494604858,0
M39,train,cycle,115_1b1_Ar_sc_Meditron__13,crackle_score,0.5282076618,0
M39,train,cycle,115_1b1_Ar_sc_Meditron__14,crackle_score,0.4474872176,0
M39,train,cycle,115_1b1_Ar_sc_Meditron__15,crackle_score,0.6116866583,0
M39,train,cycle,115_1b1_Ar_sc_Meditron__16,crackle_score,0.6423809598,0
M39,train,cycle,115_1b1_Ar_sc_Meditron__17,crackle_score,0.6557253099,0
M39,train,cycle,115_1b1_Ar_sc_Meditron__18,crackle_score,0.5276633777,0
M39,train,cycle,115_1b1_Ar_sc_Meditron__19,crackle_score,0.5620158016,0
M39,train,cycle,115_1b1_Ar_sc_Meditron__20,crackle_score,0.8036953237,0
M39,train,cycle,115_1b1_Ar_sc_Meditron__21,crackle_score,0.6439951381,0
M39,train,cycle,115_1b1_Ar_sc_Meditron__22,crackle_score,0.5999102693,0
M39,train,cycle,115_1b1_Ar_sc_Meditron__23,crackle_score,0.06777938938,0
M39,train,cycle,116_1b2_Pl_sc_Meditron__0,crackle_score,0.5695558582,0
M39,train,cycle,116_1b2_Pl_sc_Meditron__1,crackle_score,0.8140287162,0
M39,train,cycle,116_1b2_Pl_sc_Meditron__2,crackle_score,0.6610777566,0
M39,train,cycle,116_1b2_Pl_sc_Meditron__3,crackle_score,0.9590665647,0
M39,train,cycle,116_1b2_Tc_sc_Meditron__0,crackle_score,0.9299403278,0
M39,train,cycle,116_1b2_Tc_sc_Meditron__1,crackle_score,0.7558947176,0
M39,train,cycle,116_1b2_Tc_sc_Meditron__2,crackle_score,1,0
M39,train,cycle,116_1b2_Tc_sc_Meditron__3,crackle_score,0.5646013377,0
M39,train,cycle,117_1b2_Tc_mc_LittC2SE__0,crackle_score,0.5082745704,0
M39,train,cycle,117_1b2_Tc_mc_LittC2SE__1,crackle_score,0.8024551448,0
M39,train,cycle,117_1b2_Tc_mc_LittC2SE__2,crackle_score,1,0
M39,train,cycle,117_1b2_Tc_mc_LittC2SE__3,crackle_score,0.8006351251,0
M39,train,cycle,117_1b2_Tc_mc_LittC2SE__4,crackle_score,0.975091157,0
M39,train,cycle,117_1b2_Tc_mc_LittC2SE__5,crackle_score,0.7566208384,0
M39,train,cycle,117_1b2_Tc_mc_LittC2SE__6,crackle_score,0.6711961163,0
M39,train,cycle,117_1b3_Tc_mc_LittC2SE__0,crackle_score,0.8097954741,0
M39,train,cycle,117_1b3_Tc_mc_LittC2SE__1,crackle_score,0.9533708155,0
M39,train,cycle,117_1b3_Tc_mc_LittC2SE__2,crackle_score,1,0
M39,train,cycle,117_1b3_Tc_mc_LittC2SE__3,crackle_score,1,0
M39,train,cycle,117_1b3_Tc_mc_LittC2SE__4,crackle_score,0.8369807038,0
M39,train,cycle,120_1b1_Al_sc_Meditron__0,crackle_score,0.4033359256,0
M39,train,cycle,120_1b1_Al_sc_Meditron__1,crackle_score,0.4828324132,0
M39,train,cycle,120_1b1_Al_sc_Meditron__2,crackle_score,0.2500174486,0
M39,train,cycle,120_1b1_Al_sc_Meditron__3,crackle_score,0.4076529924,0
M39,train,cycle,120_1b1_Al_sc_Meditron__4,crackle_score,0.2356751099,0
M39,train,cycle,120_1b1_Al_sc_Meditron__5,crackle_score,0.3015794906,0
M39,train,cycle,120_1b1_Al_sc_Meditron__6,crackle_score,0.5186245808,0
M39,train,cycle,120_1b1_Al_sc_Meditron__7,crackle_score,0.4793658924,0
M39,train,cycle,120_1b1_Al_sc_Meditron__8,crackle_score,0.2845242841,0
M39,train,cycle,120_1b1_Al_sc_Meditron__9,crackle_score,0.3452900085,0
M39,train,cycle,120_1b1_Al_sc_Meditron__10,crackle_score,0.3454424882,0
M39,train,cycle,120_1b1_Al_sc_Meditron__11,crackle_score,0.2416282593,0
M39,train,cycle,120_1b1_Al_sc_Meditron__12,crackle_score,0.5400472137,0
M39,train,cycle,120_1b1_Al_sc_Meditron__13,crackle_score,0.1701274091,0
M39,train,cycle,120_1b1_Al_sc_Meditron__14,crackle_score,0.2693827308,0
M39,train,cycle,120_1b1_Al_sc_Meditron__15,crackle_score,0.6098637489,0
M39,train,cycle,120_1b1_Al_sc_Meditron__16,crackle_score,0.5566032609,0
M39,train,cycle,120_1b1_Al_sc_Meditron__17,crackle_score,0.3874223749,0
M39,train,cycle,120_1b1_Al_sc_Meditron__18,crackle_score,0.4687530537,0
M39,train,cycle,120_1b1_Ar_sc_Meditron__0,crackle_score,0.7969775542,0
M39,train,cycle,120_1b1_Ar_sc_Meditron__1,crackle_score,0.2465563322,0
M39,train,cycle,120_1b1_Ar_sc_Meditron__2,crackle_score,0.3680443234,0
M39,train,cycle,120_1b1_Ar_sc_Meditron__3,crackle_score,0.5158336502,0
M39,train,cycle,120_1b1_Ar_sc_Meditron__4,crackle_score,0.7764095036,0
M39,train,cycle,120_1b1_Ar_sc_Meditron__5,crackle_score,0.3860720885,0
M39,train,cycle,120_1b1_Ar_sc_Meditron__6,crackle_score,0.525380309,0
M39,train,cycle,120_1b1_Ar_sc_Meditron__7,crackle_score,0.5102244564,0
M39,train,cycle,120_1b1_Ar_sc_Meditron__8,crackle_score,0.4711133645,0
M39,train,cycle,120_1b1_Ar_sc_Meditron__9,crackle_score,0.5216321828,0
M39,train,cycle,120_1b1_Ar_sc_Meditron__10,crackle_score,0.5859389343,0
M39,train,cycle,120_1b1_Ar_sc_Meditron__11,crackle_score,0.8700753906,0
M39,train,cycle,120_1b1_Ar_sc_Meditron__12,crackle_score,0.5990409735,0
M39,train,cycle,120_1b1_Ar_sc_Meditron__13,crackle_score,0.4027674312,0
M39,train,cycle,120_1b1_Ar_sc_Meditron__14,crackle_score,0.2588800793,0
M39,train,cycle,120_1b1_Ar_sc_Meditron__15,crackle_score,0.2976196455,0
M39,train,cycle,120_1b1_Ar_sc_Meditron__16,crackle_score,0.2260103656,0
M39,train,cycle,120_1b1_Ar_sc_Meditron__17,crackle_score,0.174343501,0
M39,train,cycle,120_1b1_Ar_sc_Meditron__18,crackle_score,0.1240352811,0
M39,train,cycle,120_1b1_Ar_sc_Meditron__19,crackle_score,0.112282234,0
M39,train,cycle,120_1b1_Lr_sc_Meditron__0,crackle_score,0.6725745567,0
M39,train,cycle,120_1b1_Lr_sc_Meditron__1,crackle_score,0.4773600316,0
M39,train,cycle,120_1b1_Lr_sc_Meditron__2,crackle_score,0.343163352,0
M39,train,cycle,120_1b1_Lr_sc_Meditron__3,crackle_score,0.6664309109,0
M39,train,cycle,120_1b1_Lr_sc_Meditron__4,crackle_score,0.4066894691,0
M39,train,cycle,120_1b1_Lr_sc_Meditron__5,crackle_score,0.5734797026,0
M39,train,cycle,120_1b1_Lr_sc_Meditron__6,crackle_score,0.4975149238,0
M39,train,cycle,120_1b1_Lr_sc_Meditron__7,crackle_score,0.5072051835,0
M39,train,cycle,120_1b1_Lr_sc_Meditron__8,crackle_score,0.5535644148,0
M39,train,cycle,120_1b1_Lr_sc_Meditron__9,crackle_score,0.4801326603,0
M39,train,cycle,120_1b1_Lr_sc_Meditron__10,crackle_score,0.5400143429,0
M39,train,cycle,120_1b1_Lr_sc_Meditron__11,crackle_score,0.6050672371,0
M39,train,cycle,120_1b1_Lr_sc_Meditron__12,crackle_score,0.5228780319,0
M39,train,cycle,120_1b1_Lr_sc_Meditron__13,crackle_score,0.6520281701,0
M39,train,cycle,120_1b1_Lr_sc_Meditron__14,crackle_score,0.6519115167,0
M39,train,cycle,120_1b1_Lr_sc_Meditron__15,crackle_score,0.200935782,0
M39,train,cycle,120_1b1_Lr_sc_Meditron__16,crackle_score,0.5904050692,0
M39,train,cycle,120_1b1_Lr_sc_Meditron__17,crackle_score,0.6938429713,0
M39,train,cycle,120_1b1_Lr_sc_Meditron__18,crackle_score,0.5153439131,0
M39,train,cycle,120_1b1_Lr_sc_Meditron__19,crackle_score,0.239063361,0
M39,train,cycle,120_1b1_Lr_sc_Meditron__20,crackle_score,0.7187096009,0
M39,train,cycle,120_1b1_Lr_sc_Meditron__21,crackle_score,0.2903673414,0
M39,train,cycle,120_1b1_Lr_sc_Meditron__22,crackle_score,0.5858011266,0
M39,train,cycle,120_1b1_Lr_sc_Meditron__23,crackle_score,0.5198642166,0
M39,train,cycle,120_1b1_Lr_sc_Meditron__24,crackle_score,0.4290542531,0
M39,train,cycle,120_1b1_Lr_sc_Meditron__25,crackle_score,0.5272221982,0
M39,train,cycle,120_1b1_Lr_sc_Meditron__26,crackle_score,0.3009709739,0
M39,train,cycle,120_1b1_Lr_sc_Meditron__27,crackle_score,0.5,0
M39,train,cycle,120_1b1_Lr_sc_Meditron__28,crackle_score,0.5931594456,0
M39,train,cycle,120_1b1_Lr_sc_Meditron__29,crackle_score,0.301421266,0
M39,train,cycle,120_1b1_Lr_sc_Meditron__30,crackle_score,0.5456942422,0
M39,train,cycle,120_1b1_Lr_sc_Meditron__31,crackle_score,0.2848853014,0
M39,train,cycle,120_1b1_Lr_sc_Meditron__32,crackle_score,0.157289473,0
M39,train,cycle,120_1b1_Pl_sc_Meditron__0,crackle_score,0.5829809925,0
M39,train,cycle,120_1b1_Pl_sc_Meditron__1,crackle_score,0.5703202881,0
M39,train,cycle,120_1b1_Pl_sc_Meditron__2,crackle_score,0.684245462,0
M39,train,cycle,120_1b1_Pl_sc_Meditron__3,crackle_score,0.1891599611,0
M39,train,cycle,120_1b1_Pl_sc_Meditron__4,crackle_score,0.7395078762,0
M39,train,cycle,120_1b1_Pl_sc_Meditron__5,crackle_score,0.63742607,0
M39,train,cycle,120_1b1_Pl_sc_Meditron__6,crackle_score,0.3209966465,0
M39,train,cycle,120_1b1_Pl_sc_Meditron__7,crackle_score,0.2991722858,0
M39,train,cycle,120_1b1_Pl_sc_Meditron__8,crackle_score,0.5679174026,0
M39,train,cycle,120_1b1_Pl_sc_Meditron__9,crackle_score,0.3854560975,0
M39,train,cycle,120_1b1_Pl_sc_Meditron__10,crackle_score,0.6061655663,0
M39,train,cycle,120_1b1_Pl_sc_Meditron__11,crackle_score,0.7218112521,0
M39,train,cycle,120_1b1_Pl_sc_Meditron__12,crackle_score,0.5547870569,0
M39,train,cycle,120_1b1_Pl_sc_Meditron__13,crackle_score,0.6880099978,0
M39,train,cycle,120_1b1_Pl_sc_Meditron__14,crackle_score,0.3850118054,0
M39,train,cycle,120_1b1_Pl_sc_Meditron__15,crackle_score,0.6098976384,1
M39,train,cycle,120_1b1_Pl_sc_Meditron__16,crackle_score,0.61774523,1
M39,train,cycle,120_1b1_Pl_sc_Meditron__17,crackle_score,0.6790514243,1
M39,train,cycle,120_1b1_Pl_sc_Meditron__18,crackle_score,0.5941196174,1
M39,train,cycle,120_1b1_Pl_sc_Meditron__19,crackle_score,0.4528425524,0
M39,train,cycle,120_1b1_Pl_sc_Meditron__20,crackle_score,0.7443614508,1
M39,train,cycle,120_1b1_Pl_sc_Meditron__21,crackle_score,0.6772766519,1
M39,train,cycle,120_1b1_Pl_sc_Meditron__22,crackle_score,0.6521483467,1
M39,train,cycle,120_1b1_Pl_sc_Meditron__23,crackle_score,0.6782440341,1
M39,train,cycle,120_1b1_Pl_sc_Meditron__24,crackle_score,0.4359120534,1
M39,train,cycle,120_1b1_Pl_sc_Meditron__25,crackle_score,0.4703722686,1
M39,train,cycle,120_1b1_Pl_sc_Meditron__26,crackle_score,0.3438371113,1
M39,train,cycle,120_1b1_Pl_sc_Meditron__27,crackle_score,0.2561803839,1
M39,train,cycle,120_1b1_Pl_sc_Meditron__28,crackle_score,0.675349835,1
M39,train,cycle,120_1b1_Pl_sc_Meditron__29,crackle_score,0.2104558101,1
M39,train,cycle,120_1b1_Pr_sc_Meditron__0,crackle_score,0.3857519603,1
M39,train,cycle,120_1b1_Pr_sc_Meditron__1,crackle_score,0.4365860314,0
M39,train,cycle,120_1b1_Pr_sc_Meditron__2,crackle_score,0.2858661002,0
M39,train,cycle,120_1b1_Pr_sc_Meditron__3,crackle_score,0.520869028,0
M39,train,cycle,120_1b1_Pr_sc_Meditron__4,crackle_score,0.7575441544,0
M39,train,cycle,120_1b1_Pr_sc_Meditron__5,crackle_score,0.6712962722,0
M39,train,cycle,120_1b1_Pr_sc_Meditron__6,crackle_score,0.5361213854,0
M39,train,cycle,120_1b1_Pr_sc_Meditron__7,crackle_score,0.3345827514,0
M39,train,cycle,120_1b1_Pr_sc_Meditron__8,crackle_score,0.4991924633,0
M39,train,cycle,120_1b1_Pr_sc_Meditron__9,crackle_score,0.2689722875,0
M39,train,cycle,120_1b1_Pr_sc_Meditron__10,crackle_score,0.2722745429,0
M39,train,cycle,120_1b1_Pr_sc_Meditron__11,crackle_score,0.8381203384,0
M39,train,cycle,120_1b1_Pr_sc_Meditron__12,crackle_score,0.7613208614,0
M39,train,cycle,120_1b1_Pr_sc_Meditron__13,crackle_score,0.7472133816,0
M39,train,cycle,120_1b1_Pr_sc_Meditron__14,crackle_score,0.6320921519,0
M39,train,cycle,120_1b1_Pr_sc_Meditron__15,crackle_score,0.6800720288,0
M39,train,cycle,120_1b1_Pr_sc_Meditron__16,crackle_score,0.5037715546,0
M39,train,cycle,120_1b1_Pr_sc_Meditron__17,crackle_score,0.5002577733,0
M39,train,cycle,120_1b1_Pr_sc_Meditron__18,crackle_score,0.2334185825,0
M39,train,cycle,120_1b1_Pr_sc_Meditron__19,crackle_score,0.3064301067,0
M39,train,cycle,120_1b1_Pr_sc_Meditron__20,crackle_score,0.7474641894,0
M39,train,cycle,121_1b1_Tc_sc_Meditron__0,crackle_score,0.5486144871,0
M39,train,cycle,121_1b1_Tc_sc_Meditron__1,crackle_score,0.7074150894,0
M39,train,cycle,121_1b1_Tc_sc_Meditron__2,crackle_score,0.7150023889,0
M39,train,cycle,121_1b1_Tc_sc_Meditron__3,crackle_score,0.7621979024,0
M39,train,cycle,121_1b1_Tc_sc_Meditron__4,crackle_score,0.8863636364,0
M39,train,cycle,121_1b1_Tc_sc_Meditron__5,crackle_score,1,0
M39,train,cycle,121_1p1_Tc_sc_Meditron__0,crackle_score,0.6603420631,0
M39,train,cycle,121_1p1_Tc_sc_Meditron__1,crackle_score,0.5882057468,0
M39,train,cycle,121_1p1_Tc_sc_Meditron__2,crackle_score,0.5561377246,0
M39,train,cycle,121_1p1_Tc_sc_Meditron__3,crackle_score,0.6991993187,0
M39,train,cycle,121_1p1_Tc_sc_Meditron__4,crackle_score,0.6236971348,0
M39,train,cycle,121_1p1_Tc_sc_Meditron__5,crackle_score,0.6921937128,0
M39,train,cycle,121_1p1_Tc_sc_Meditron__6,crackle_score,0.3972975231,0
M39,train,cycle,121_1p1_Tc_sc_Meditron__7,crackle_score,0.5273357343,0
M39,train,cycle,122_2b1_Al_mc_LittC2SE__0,crackle_score,0.4467317249,0
M39,train,cycle,122_2b1_Al_mc_LittC2SE__1,crackle_score,0.6300062174,0
M39,train,cycle,122_2b1_Al_mc_LittC2SE__2,crackle_score,0.8438946258,0
M39,train,cycle,122_2b1_Al_mc_LittC2SE__3,crackle_score,0.7629523063,0
M39,train,cycle,122_2b1_Al_mc_LittC2SE__4,crackle_score,0.6792645464,0
M39,train,cycle,122_2b1_Al_mc_LittC2SE__5,crackle_score,0.731234962,0
M39,train,cycle,122_2b1_Ar_mc_LittC2SE__0,crackle_score,0.6099104015,0
M39,train,cycle,122_2b1_Ar_mc_LittC2SE__1,crackle_score,0.6798002057,0
M39,train,cycle,122_2b1_Ar_mc_LittC2SE__2,crackle_score,0.6600765873,0
M39,train,cycle,122_2b1_Ar_mc_LittC2SE__3,crackle_score,0.8304283404,0
M39,train,cycle,122_2b1_Ar_mc_LittC2SE__4,crackle_score,0.4851715935,0
M39,train,cycle,122_2b1_Ar_mc_LittC2SE__5,crackle_score,0.5878219736,0
M39,train,cycle,122_2b1_Tc_mc_LittC2SE__0,crackle_score,0.9256623947,0
M39,train,cycle,122_2b1_Tc_mc_LittC2SE__1,crackle_score,0.6081586865,0
M39,train,cycle,122_2b1_Tc_mc_LittC2SE__2,crackle_score,0.6347269529,0
M39,train,cycle,122_2b1_Tc_mc_LittC2SE__3,crackle_score,0.8796985422,0
M39,train,cycle,122_2b1_Tc_mc_LittC2SE__4,crackle_score,0.8405855552,0
M39,train,cycle,122_2b1_Tc_mc_LittC2SE__5,crackle_score,0.7970013103,0
M39,train,cycle,122_2b2_Al_mc_LittC2SE__0,crackle_score,0.3806850726,0
M39,train,cycle,122_2b2_Al_mc_LittC2SE__1,crackle_score,0.6657796438,0
M39,train,cycle,122_2b2_Al_mc_LittC2SE__2,crackle_score,0.8764703797,0
M39,train,cycle,122_2b2_Al_mc_LittC2SE__3,crackle_score,0.7157593649,0
M39,train,cycle,122_2b2_Al_mc_LittC2SE__4,crackle_score,0.6111250817,0
M39,train,cycle,122_2b2_Al_mc_LittC2SE__5,crackle_score,0.7115440163,0
M39,train,cycle,122_2b2_Ar_mc_LittC2SE__0,crackle_score,0.3868601854,0
M39,train,cycle,122_2b2_Ar_mc_LittC2SE__1,crackle_score,0.7019379573,0
M39,train,cycle,122_2b2_Ar_mc_LittC2SE__2,crackle_score,0.8938241405,0
M39,train,cycle,122_2b2_Ar_mc_LittC2SE__3,crackle_score,0.7356849759,0
M39,train,cycle,122_2b2_Ar_mc_LittC2SE__4,crackle_score,0.7071615844,0
M39,train,cycle,122_2b2_Ar_mc_LittC2SE__5,crackle_score,0.7329322499,0
M39,train,cycle,122_2b2_Ar_mc_LittC2SE__6,crackle_score,0.2678893953,0
M39,train,cycle,122_2b2_Tc_mc_LittC2SE__0,crackle_score,0.6656188651,0
M39,train,cycle,122_2b2_Tc_mc_LittC2SE__1,crackle_score,0.8105099187,0
M39,train,cycle,122_2b2_Tc_mc_LittC2SE__2,crackle_score,0.8357357309,0
M39,train,cycle,122_2b2_Tc_mc_LittC2SE__3,crackle_score,0.7612330199,0
M39,train,cycle,122_2b2_Tc_mc_LittC2SE__4,crackle_score,1,0
M39,train,cycle,122_2b2_Tc_mc_LittC2SE__5,crackle_score,0.7670786873,0
M39,train,cycle,122_2b3_Al_mc_LittC2SE__0,crackle_score,0.6597685556,0
M39,train,cycle,122_2b3_Al_mc_LittC2SE__1,crackle_score,0.9243157981,0
M39,train,cycle,122_2b3_Al_mc_LittC2SE__2,crackle_score,0.7158468171,0
M39,train,cycle,122_2b3_Al_mc_LittC2SE__3,crackle_score,0.2704750293,0
M39,train,cycle,122_2b3_Al_mc_LittC2SE__4,crackle_score,0.7058185495,0
M39,train,cycle,122_2b3_Ar_mc_LittC2SE__0,crackle_score,0.8016987798,0
M39,train,cycle,122_2b3_Ar_mc_LittC2SE__1,crackle_score,0.683263697,0
M39,train,cycle,122_2b3_Ar_mc_LittC2SE__2,crackle_score,0.6243002397,0
M39,train,cycle,122_2b3_Ar_mc_LittC2SE__3,crackle_score,0.7571909651,0
M39,train,cycle,122_2b3_Ar_mc_LittC2SE__4,crackle_score,0.6692620076,0
M39,train,cycle,122_2b3_Tc_mc_LittC2SE__0,crackle_score,0.6607741896,0
M39,train,cycle,122_2b3_Tc_mc_LittC2SE__1,crackle_score,0.788390684,0
M39,train,cycle,122_2b3_Tc_mc_LittC2SE__2,crackle_score,0.9804392588,0
M39,train,cycle,122_2b3_Tc_mc_LittC2SE__3,crackle_score,0.9083061129,0
M39,train,cycle,122_2b3_Tc_mc_LittC2SE__4,crackle_score,0.9796679179,0
M39,train,cycle,125_1b1_Tc_sc_Meditron__0,crackle_score,0.6917545542,0
M39,train,cycle,125_1b1_Tc_sc_Meditron__1,crackle_score,0.864298725,0
M39,train,cycle,125_1b1_Tc_sc_Meditron__2,crackle_score,0.8980332475,1
M39,train,cycle,125_1b1_Tc_sc_Meditron__3,crackle_score,0.9241781548,0
M39,train,cycle,125_1b1_Tc_sc_Meditron__4,crackle_score,0.9491413474,1
M39,train,cycle,125_1b1_Tc_sc_Meditron__5,crackle_score,1,0
M39,train,cycle,127_1b1_Ar_sc_Meditron__0,crackle_score,0.7448767779,0
M39,train,cycle,127_1b1_Ar_sc_Meditron__1,crackle_score,0.9077493325,0
M39,train,cycle,127_1b1_Ar_sc_Meditron__2,crackle_score,0.7924859446,0
M39,train,cycle,127_1b1_Ar_sc_Meditron__3,crackle_score,0.9320039542,0
M39,train,cycle,127_1b1_Ar_sc_Meditron__4,crackle_score,0.8304382593,1
M39,train,cycle,127_1b1_Ar_sc_Meditron__5,crackle_score,0.8640558758,0
M39,train,cycle,127_1b1_Ar_sc_Meditron__6,crackle_score,0.8442215435,1
M39,train,cycle,127_1b1_Ar_sc_Meditron__7,crackle_score,0.8534228357,0
M39,train,cycle,127_1b1_Ar_sc_Meditron__8,crackle_score,0.7480431756,1
M39,train,cycle,127_1b1_Ar_sc_Meditron__9,crackle_score,0.5235469102,0
M39,train,cycle,128_1b3_Tc_mc_LittC2SE__0,crackle_score,0.514953021,1
M39,train,cycle,128_1b3_Tc_mc_LittC2SE__1,crackle_score,0.6296874983,0
M39,train,cycle,128_1b3_Tc_mc_LittC2SE__2,crackle_score,0.6745487748,1
M39,train,cycle,128_1b3_Tc_mc_LittC2SE__3,crackle_score,0.6025729052,1
M39,train,cycle,128_1b3_Tc_mc_LittC2SE__4,crackle_score,0.5904104161,0
M39,train,cycle,129_1b1_Ar_sc_Meditron__0,crackle_score,0.5719581104,0
M39,train,cycle,129_1b1_Ar_sc_Meditron__1,crackle_score,0.8566987638,1
M39,train,cycle,129_1b1_Ar_sc_Meditron__2,crackle_score,0.533523995,0
M39,train,cycle,129_1b1_Ar_sc_Meditron__3,crackle_score,0.4599261364,1
M39,train,cycle,129_1b1_Ar_sc_Meditron__4,crackle_score,0.6060112087,1
M39,train,cycle,129_1b1_Ar_sc_Meditron__5,crackle_score,0.8036995883,1
M39,train,cycle,129_1b1_Ar_sc_Meditron__6,crackle_score,0.6839490445,1
M39,train,cycle,129_1b1_Ar_sc_Meditron__7,crackle_score,0.6064661083,0
M39,train,cycle,129_1b1_Ar_sc_Meditron__8,crackle_score,0.788568562,0
M39,train,cycle,130_1p2_Al_mc_AKGC417L__0,crackle_score,0.9345307068,0
M39,train,cycle,130_1p2_Al_mc_AKGC417L__1,crackle_score,1,0
M39,train,cycle,130_1p2_Al_mc_AKGC417L__2,crackle_score,0.9632489191,1
M39,train,cycle,130_1p2_Al_mc_AKGC417L__3,crackle_score,0.9930295818,1
M39,train,cycle,130_1p2_Al_mc_AKGC417L__4,crackle_score,0.9611330698,1
M39,train,cycle,130_1p2_Al_mc_AKGC417L__5,crackle_score,1,0
M39,train,cycle,130_1p2_Al_mc_AKGC417L__6,crackle_score,1,0
M39,train,cycle,130_1p2_Ar_mc_AKGC417L__0,crackle_score,0.9924681344,1
M39,train,cycle,130_1p2_Ar_mc_AKGC417L__1,crackle_score,0.9107542942,1
M39,train,cycle,130_1p2_Ar_mc_AKGC417L__2,crackle_score,0.8860407659,1
M39,train,cycle,130_1p2_Ar_mc_AKGC417L__3,crackle_score,1,1
M39,train,cycle,130_1p2_Ar_mc_AKGC417L__4,crackle_score,0.895256917,1
M39,train,cycle,130_1p2_Ar_mc_AKGC417L__5,crackle_score,0.8131908622,1
M39,train,cycle,130_1p2_Ar_mc_AKGC417L__6,crackle_score,0.7971473851,1
M39,train,cycle,130_1p2_Ll_mc_AKGC417L__0,crackle_score,0.9970241199,1
M39,train,cycle,130_1p2_Ll_mc_AKGC417L__1,crackle_score,0.8424922969,1
M39,train,cycle,130_1p2_Ll_mc_AKGC417L__2,crackle_score,0.9759502857,1
M39,train,cycle,130_1p2_Ll_mc_AKGC417L__3,crackle_score,0.9199751091,1
M39,train,cycle,130_1p2_Ll_mc_AKGC417L__4,crackle_score,0.7871297131,1
M39,train,cycle,130_1p2_Ll_mc_AKGC417L__5,crackle_score,0.8414262492,1
M39,train,cycle,130_1p2_Ll_mc_AKGC417L__6,crackle_score,0.8873860057,1
M39,train,cycle,130_1p2_Lr_mc_AKGC417L__0,crackle_score,0.9345307068,1
M39,train,cycle,130_1p2_Lr_mc_AKGC417L__1,crackle_score,0.9286687732,1
M39,train,cycle,130_1p2_Lr_mc_AKGC417L__2,crackle_score,0.9632489191,1
M39,train,cycle,130_1p2_Lr_mc_AKGC417L__3,crackle_score,0.9151255522,1
M39,train,cycle,130_1p2_Lr_mc_AKGC417L__4,crackle_score,0.87019351,1
M39,train,cycle,130_1p2_Lr_mc_AKGC417L__5,crackle_score,0.8284597186,1
M39,train,cycle,130_1p2_Lr_mc_AKGC417L__6,crackle_score,0.820270576,1
M39,train,cycle,130_1p2_Pl_mc_AKGC417L__0,crackle_score,0.5681042655,1
M39,train,cycle,130_1p2_Pl_mc_AKGC417L__1,crackle_score,0.4558134956,1
M39,train,cycle,130_1p2_Pl_mc_AKGC417L__2,crackle_score,0.3147018449,1
M39,train,cycle,130_1p2_Pl_mc_AKGC417L__3,crackle_score,0.4901780626,1
M39,train,cycle,130_1p2_Pl_mc_AKGC417L__4,crackle_score,0.3505103527,1
M39,train,cycle,130_1p2_Pl_mc_AKGC417L__5,crackle_score,0.3488972885,1
M39,train,cycle,130_1p2_Pl_mc_AKGC417L__6,crackle_score,0.4264012609,1
M39,train,cycle,130_1p2_Pr_mc_AKGC417L__0,crackle_score,0.6827418385,0
M39,train,cycle,130_1p2_Pr_mc_AKGC417L__1,crackle_score,0.5207871636,1
M39,train,cycle,130_1p2_Pr_mc_AKGC417L__2,crackle_score,0.519353749,1
M39,train,cycle,130_1p2_Pr_mc_AKGC417L__3,crackle_score,0.6675292536,1
M39,train,cycle,130_1p2_Pr_mc_AKGC417L__4,crackle_score,0.4290306703,1
M39,train,cycle,130_1p2_Pr_mc_AKGC417L__5,crackle_score,0.639538852,1
M39,train,cycle,130_1p2_Pr_mc_AKGC417L__6,crackle_score,0.553562025,0
M39,train,cycle,130_1p2_Tc_mc_AKGC417L__0,crackle_score,0.5869061414,1
M39,train,cycle,130_1p2_Tc_mc_AKGC417L__1,crackle_score,0.5534814819,1
M39,train,cycle,130_1p2_Tc_mc_AKGC417L__2,crackle_score,0.6080914145,1
M39,train,cycle,130_1p2_Tc_mc_AKGC417L__3,crackle_score,0.5680040802,1
M39,train,cycle,130_1p2_Tc_mc_AKGC417L__4,crackle_score,0.5988142292,1
M39,train,cycle,130_1p2_Tc_mc_AKGC417L__5,crackle_score,1,1
M39,train,cycle,130_1p2_Tc_mc_AKGC417L__6,crackle_score,0.9940963559,1
M39,train,cycle,130_1p3_Al_mc_AKGC417L__0,crackle_score,0.8022369225,1
M39,train,cycle,130_1p3_Al_mc_AKGC417L__1,crackle_score,0.9035707201,1
M39,train,cycle,130_1p3_Al_mc_AKGC417L__2,crackle_score,0.7557222682,1
M39,train,cycle,130_1p3_Al_mc_AKGC417L__3,crackle_score,0.8812858885,1
M39,train,cycle,130_1p3_Al_mc_AKGC417L__4,crackle_score,0.5958244989,1
M39,train,cycle,130_1p3_Al_mc_AKGC417L__5,crackle_score,0.6656544204,0
M39,train,cycle,130_1p3_Ar_mc_AKGC417L__0,crackle_score,0.9826506653,0
M39,train,cycle,130_1p3_Ar_mc_AKGC417L__1,crackle_score,1,1
M39,train,cycle,130_1p3_Ar_mc_AKGC417L__2,crackle_score,0.8072870939,1
M39,train,cycle,130_1p3_Ar_mc_AKGC417L__3,crackle_score,0.8378378378,0
M39,train,cycle,130_1p3_Ar_mc_AKGC417L__4,crackle_score,0.9851425106,1
M39,train,cycle,130_1p3_Ar_mc_AKGC417L__5,crackle_score,0.9455760662,1
M39,train,cycle,130_1p3_Ll_mc_AKGC417L__0,crackle_score,0.7811105195,0
M39,train,cycle,130_1p3_Ll_mc_AKGC417L__1,crackle_score,0.8174439913,0
M39,train,cycle,130_1p3_Ll_mc_AKGC417L__2,crackle_score,0.8214613152,1
M39,train,cycle,130_1p3_Ll_mc_AKGC417L__3,crackle_score,0.7739155236,0
M39,train,cycle,130_1p3_Ll_mc_AKGC417L__4,crackle_score,0.4364772802,0
M39,train,cycle,130_1p3_Ll_mc_AKGC417L__5,crackle_score,0.5546040124,0
M39,train,cycle,130_1p3_Lr_mc_AKGC417L__0,crackle_score,0.8532268531,0
M39,train,cycle,130_1p3_Lr_mc_AKGC417L__1,crackle_score,0.7950299241,0
M39,train,cycle,130_1p3_Lr_mc_AKGC417L__2,crackle_score,1,0
M39,train,cycle,130_1p3_Lr_mc_AKGC417L__3,crackle_score,1,0
M39,train,cycle,130_1p3_Lr_mc_AKGC417L__4,crackle_score,1,0
M39,train,cycle,130_1p3_Lr_mc_AKGC417L__5,crackle_score,0.5956948043,0
M39,train,cycle,130_1p3_Pl_mc_AKGC417L__0,crackle_score,0.5230042041,0
M39,train,cycle,130_1p3_Pl_mc_AKGC417L__1,crackle_score,0.5208427075,0
M39,train,cycle,130_1p3_Pl_mc_AKGC417L__2,crackle_score,0.5155494063,0
M39,train,cycle,130_1p3_Pl_mc_AKGC417L__3,crackle_score,0.5150070462,0
M39,train,cycle,130_1p3_Pl_mc_AKGC417L__4,crackle_score,0.5129088055,0
M39,train,cycle,130_1p3_Pl_mc_AKGC417L__5,crackle_score,0.4471293171,0
M39,train,cycle,130_1p3_Pr_mc_AKGC417L__0,crackle_score,0.5421144919,0
M39,train,cycle,130_1p3_Pr_mc_AKGC417L__1,crackle_score,0.5119545172,0
M39,train,cycle,130_1p3_Pr_mc_AKGC417L__2,crackle_score,0.4899118695,0
M39,train,cycle,130_1p3_Pr_mc_AKGC417L__3,crackle_score,0.5187101622,0
M39,train,cycle,130_1p3_Pr_mc_AKGC417L__4,crackle_score,0.5187836446,0
M39,train,cycle,130_1p3_Pr_mc_AKGC417L__5,crackle_score,0.5,0
M39,train,cycle,130_1p3_Tc_mc_AKGC417L__0,crackle_score,0.4754872678,0
M39,train,cycle,130_1p3_Tc_mc_AKGC417L__1,crackle_score,0.6293479767,0
M39,train,cycle,130_1p3_Tc_mc_AKGC417L__2,crackle_score,0.7405901133,0
M39,train,cycle,130_1p3_Tc_mc_AKGC417L__3,crackle_score,0.4541429376,0
M39,train,cycle,130_1p3_Tc_mc_AKGC417L__4,crackle_score,0.7346657466,0
M39,train,cycle,130_1p3_Tc_mc_AKGC417L__5,crackle_score,0.590186591,0
M39,train,cycle,130_1p4_Al_mc_AKGC417L__0,crackle_score,0.6862559323,0
M39,train,cycle,130_1p4_Al_mc_AKGC417L__1,crackle_score,0.7268652887,0
M39,train,cycle,130_1p4_Al_mc_AKGC417L__2,crackle_score,0.7597359849,0
M39,train,cycle,130_1p4_Al_mc_AKGC417L__3,crackle_score,0.6990394926,0
M39,train,cycle,130_1p4_Al_mc_AKGC417L__4,crackle_score,0.7963531053,0
M39,train,cycle,130_1p4_Al_mc_AKGC417L__5,crackle_score,0.7296912278,0
M39,train,cycle,130_1p4_Al_mc_AKGC417L__6,crackle_score,0.6989113727,0
M39,train,cycle,130_1p4_Ar_mc_AKGC417L__0,crackle_score,1,0
M39,train,cycle,130_1p4_Ar_mc_AKGC417L__1,crackle_score,1,0
M39,train,cycle,130_1p4_Ar_mc_AKGC417L__2,crackle_score,0.9550227511,0
M39,train,cycle,130_1p4_Ar_mc_AKGC417L__3,crackle_score,0.951232211,0
M39,train,cycle,130_1p4_Ar_mc_AKGC417L__4,crackle_score,0.929264651,0
M39,train,cycle,130_1p4_Ar_mc_AKGC417L__5,crackle_score,0.9411200614,0
M39,train,cycle,130_1p4_Ar_mc_AKGC417L__6,crackle_score,1,0
M39,train,cycle,130_1p4_Ll_mc_AKGC417L__0,crackle_score,0.673806872,0
M39,train,cycle,130_1p4_Ll_mc_AKGC417L__1,crackle_score,0.694119279,0
M39,train,cycle,130_1p4_Ll_mc_AKGC417L__2,crackle_score,0.6919652903,0
M39,train,cycle,130_1p4_Ll_mc_AKGC417L__3,crackle_score,0.7058029894,0
M39,train,cycle,130_1p4_Ll_mc_AKGC417L__4,crackle_score,0.6750772461,0
M39,train,cycle,130_1p4_Ll_mc_AKGC417L__5,crackle_score,0.7313666722,0
M39,train,cycle,130_1p4_Ll_mc_AKGC417L__6,crackle_score,0.7084997662,0
M39,train,cycle,130_1p4_Lr_mc_AKGC417L__0,crackle_score,0.5,0
M39,train,cycle,130_1p4_Lr_mc_AKGC417L__1,crackle_score,0.5140820546,0
M39,train,cycle,130_1p4_Lr_mc_AKGC417L__2,crackle_score,0.5093445574,0
M39,train,cycle,130_1p4_Lr_mc_AKGC417L__3,crackle_score,0.5105868865,0
M39,train,cycle,130_1p4_Lr_mc_AKGC417L__4,crackle_score,0.5131325611,0
M39,train,cycle,130_1p4_Lr_mc_AKGC417L__5,crackle_score,0.489720536,0
M39,train,cycle,130_1p4_Lr_mc_AKGC417L__6,crackle_score,0.5138432604,0
M39,train,cycle,130_1p4_Pl_mc_AKGC417L__0,crackle_score,0.4913878736,0
M39,train,cycle,130_1p4_Pl_mc_AKGC417L__1,crackle_score,0.5303439835,0
M39,train,cycle,130_1p4_Pl_mc_AKGC417L__2,crackle_score,0.5196588014,0
M39,train,cycle,130_1p4_Pl_mc_AKGC417L__3,crackle_score,0.5248159913,0
M39,train,cycle,130_1p4_Pl_mc_AKGC417L__4,crackle_score,0.5140108516,0
M39,train,cycle,130_1p4_Pl_mc_AKGC417L__5,crackle_score,0.5413803057,0
M39,train,cycle,130_1p4_Pl_mc_AKGC417L__6,crackle_score,0.5255026577,0
M39,train,cycle,130_1p4_Pr_mc_AKGC417L__0,crackle_score,0.4913689348,0
M39,train,cycle,130_1p4_Pr_mc_AKGC417L__1,crackle_score,0.4757824764,0
M39,train,cycle,130_1p4_Pr_mc_AKGC417L__2,crackle_score,0.518472232,0
M39,train,cycle,130_1p4_Pr_mc_AKGC417L__3,crackle_score,0.4078277475,0
M39,train,cycle,130_1p4_Pr_mc_AKGC417L__4,crackle_score,0.4984501461,0
M39,train,cycle,130_1p4_Pr_mc_AKGC417L__5,crackle_score,0.4595149208,0
M39,train,cycle,130_1p4_Pr_mc_AKGC417L__6,crackle_score,0.5279640459,0
M39,train,cycle,130_1p4_Tc_mc_AKGC417L__0,crackle_score,0.03862255493,0
M39,train,cycle,130_1p4_Tc_mc_AKGC417L__1,crackle_score,0.3554590032,0
M39,train,cycle,130_1p4_Tc_mc_AKGC417L__2,crackle_score,0.4767033501,0
M39,train,cycle,130_1p4_Tc_mc_AKGC417L__3,crackle_score,0.6230228471,0
M39,train,cycle,130_1p4_Tc_mc_AKGC417L__4,crackle_score,0.4551461082,0
M39,train,cycle,130_1p4_Tc_mc_AKGC417L__5,crackle_score,0.3849118177,0
M39,train,cycle,130_1p4_Tc_mc_AKGC417L__6,crackle_score,0.4664012218,0
M39,train,cycle,130_1p4_Tc_mc_AKGC417L__7,crackle_score,0.4329125003,0
M39,train,cycle,130_2b2_Al_mc_AKGC417L__0,crackle_score,1,1
M39,train,cycle,130_2b2_Al_mc_AKGC417L__1,crackle_score,0.9868781463,1
M39,train,cycle,130_2b2_Al_mc_AKGC417L__2,crackle_score,0.894788788,1
M39,train,cycle,130_2b2_Al_mc_AKGC417L__3,crackle_score,0.989089541,1
M39,train,cycle,130_2b2_Al_mc_AKGC417L__4,crackle_score,1,1
M39,train,cycle,130_2b2_Al_mc_AKGC417L__5,crackle_score,1,1
M39,train,cycle,130_2b2_Al_mc_AKGC417L__6,crackle_score,0.9590871474,1
M39,train,cycle,130_2b2_Al_mc_AKGC417L__7,crackle_score,1,1
M39,train,cycle,130_2b2_Ar_mc_AKGC417L__0,crackle_score,0.851687904,1
M39,train,cycle,130_2b2_Ar_mc_AKGC417L__1,crackle_score,1,1
M39,train,cycle,130_2b2_Ar_mc_AKGC417L__2,crackle_score,0.9576697846,1
M39,train,cycle,130_2b2_Ar_mc_AKGC417L__3,crackle_score,0.9275974114,1
M39,train,cycle,130_2b2_Ar_mc_AKGC417L__4,crackle_score,0.7557867375,0
M39,train,cycle,130_2b2_Ar_mc_AKGC417L__5,crackle_score,0.9156086706,0
M39,train,cycle,130_2b2_Ar_mc_AKGC417L__6,crackle_score,1,1
M39,train,cycle,130_2b2_Ar_mc_AKGC417L__7,crackle_score,0.8861003861,1
M39,train,cycle,130_2b2_Ll_mc_AKGC417L__0,crackle_score,1,1
M39,train,cycle,130_2b2_Ll_mc_AKGC417L__1,crackle_score,1,1
M39,train,cycle,130_2b2_Ll_mc_AKGC417L__2,crackle_score,1,1
M39,train,cycle,130_2b2_Ll_mc_AKGC417L__3,crackle_score,1,1
M39,train,cycle,130_2b2_Ll_mc_AKGC417L__4,crackle_score,1,1
M39,train,cycle,130_2b2_Ll_mc_AKGC417L__5,crackle_score,1,1
M39,train,cycle,130_2b2_Ll_mc_AKGC417L__6,crackle_score,1,1
M39,train,cycle,130_2b2_Ll_mc_AKGC417L__7,crackle_score,1,1
M39,train,cycle,130_2b2_Lr_mc_AKGC417L__0,crackle_score,1,1
M39,train,cycle,130_2b2_Lr_mc_AKGC417L__1,crackle_score,1,1
M39,train,cycle,130_2b2_Lr_mc_AKGC417L__2,crackle_score,1,1
M39,train,cycle,130_2b2_Lr_mc_AKGC417L__3,crackle_score,1,1
M39,train,cycle,130_2b2_Lr_mc_AKGC417L__4,crackle_score,1,1
M39,train,cycle,130_2b2_Lr_mc_AKGC417L__5,crackle_score,0.9639392661,1
M39,train,cycle,130_2b2_Lr_mc_AKGC417L__6,crackle_score,1,1
M39,train,cycle,130_2b2_Lr_mc_AKGC417L__7,crackle_score,1,1
M39,train,cycle,130_2b2_Pl_mc_AKGC417L__0,crackle_score,0.8186670343,1
M39,train,cycle,130_2b2_Pl_mc_AKGC417L__1,crackle_score,0.7918694112,1
M39,train,cycle,130_2b2_Pl_mc_AKGC417L__2,crackle_score,0.7154963645,1
M39,train,cycle,130_2b2_Pl_mc_AKGC417L__3,crackle_score,0.791349306,1
M39,train,cycle,130_2b2_Pl_mc_AKGC417L__4,crackle_score,0.7878798875,1
M39,train,cycle,130_2b2_Pl_mc_AKGC417L__5,crackle_score,0.7072288108,1
M39,train,cycle,130_2b2_Pl_mc_AKGC417L__6,crackle_score,0.8475187918,1
M39,train,cycle,130_2b2_Pl_mc_AKGC417L__7,crackle_score,0.8892677813,1
M39,train,cycle,130_2b2_Pr_mc_AKGC417L__0,crackle_score,0.824569274,1
M39,train,cycle,130_2b2_Pr_mc_AKGC417L__1,crackle_score,0.8086498721,1
M39,train,cycle,130_2b2_Pr_mc_AKGC417L__2,crackle_score,0.8038252015,1
M39,train,cycle,130_2b2_Pr_mc_AKGC417L__3,crackle_score,0.8434825695,1
M39,train,cycle,130_2b2_Pr_mc_AKGC417L__4,crackle_score,0.901848762,1
M39,train,cycle,130_2b2_Pr_mc_AKGC417L__5,crackle_score,0.9006748208,1
M39,train,cycle,130_2b2_Pr_mc_AKGC417L__6,crackle_score,0.900839569,1
M39,train,cycle,130_2b2_Pr_mc_AKGC417L__7,crackle_score,0.8770600694,1
M39,train,cycle,130_2b2_Tc_mc_AKGC417L__0,crackle_score,0.7606255012,0
M39,train,cycle,130_2b2_Tc_mc_AKGC417L__1,crackle_score,0.7320675105,0
M39,train,cycle,130_2b2_Tc_mc_AKGC417L__2,crackle_score,0.6579155152,0
M39,train,cycle,130_2b2_Tc_mc_AKGC417L__3,crackle_score,0.7069224981,0
M39,train,cycle,130_2b2_Tc_mc_AKGC417L__4,crackle_score,0.6742160279,0
M39,train,cycle,130_2b2_Tc_mc_AKGC417L__5,crackle_score,0.8537261497,0
M39,train,cycle,130_2b2_Tc_mc_AKGC417L__6,crackle_score,0.8463133052,0
M39,train,cycle,130_2b2_Tc_mc_AKGC417L__7,crackle_score,0.9201057758,0
M39,train,cycle,130_2b3_Al_mc_AKGC417L__0,crackle_score,0.7321063292,0
M39,train,cycle,130_2b3_Al_mc_AKGC417L__1,crackle_score,1,1
M39,train,cycle,130_2b3_Al_mc_AKGC417L__2,crackle_score,0.95711798,1
M39,train,cycle,130_2b3_Al_mc_AKGC417L__3,crackle_score,0.9539264639,1
M39,train,cycle,130_2b3_Al_mc_AKGC417L__4,crackle_score,0.9314259764,1
M39,train,cycle,130_2b3_Al_mc_AKGC417L__5,crackle_score,1,1
M39,train,cycle,130_2b3_Al_mc_AKGC417L__6,crackle_score,0.9694835681,1
M39,train,cycle,130_2b3_Al_mc_AKGC417L__7,crackle_score,0.886286818,1
M39,train,cycle,130_2b3_Al_mc_AKGC417L__8,crackle_score,0.9977375566,1
M39,train,cycle,130_2b3_Ar_mc_AKGC417L__0,crackle_score,0.5814244978,0
M39,train,cycle,130_2b3_Ar_mc_AKGC417L__1,crackle_score,0.7374724046,1
M39,train,cycle,130_2b3_Ar_mc_AKGC417L__2,crackle_score,0.8822069358,1
M39,train,cycle,130_2b3_Ar_mc_AKGC417L__3,crackle_score,0.749956809,1
M39,train,cycle,130_2b3_Ar_mc_AKGC417L__4,crackle_score,0.8287025901,1
M39,train,cycle,130_2b3_Ar_mc_AKGC417L__5,crackle_score,0.906504065,1
M39,train,cycle,130_2b3_Ar_mc_AKGC417L__6,crackle_score,0.9694835681,1
M39,train,cycle,130_2b3_Ar_mc_AKGC417L__7,crackle_score,0.8339143496,1
M39,train,cycle,130_2b3_Ar_mc_AKGC417L__8,crackle_score,0.7472770247,1
M39,train,cycle,130_2b3_Ll_mc_AKGC417L__0,crackle_score,0.8518944503,1
M39,train,cycle,130_2b3_Ll_mc_AKGC417L__1,crackle_score,1,1
M39,train,cycle,130_2b3_Ll_mc_AKGC417L__2,crackle_score,0.950295928,1
M39,train,cycle,130_2b3_Ll_mc_AKGC417L__3,crackle_score,1,1
M39,train,cycle,130_2b3_Ll_mc_AKGC417L__4,crackle_score,1,1
M39,train,cycle,130_2b3_Ll_mc_AKGC417L__5,crackle_score,1,1
M39,train,cycle,130_2b3_Ll_mc_AKGC417L__6,crackle_score,0.9306662463,1
M39,train,cycle,130_2b3_Ll_mc_AKGC417L__7,crackle_score,1,1
M39,train,cycle,130_2b3_Ll_mc_AKGC417L__8,crackle_score,1,1
M39,train,cycle,130_2b3_Lr_mc_AKGC417L__0,crackle_score,0.8835091083,0
M39,train,cycle,130_2b3_Lr_mc_AKGC417L__1,crackle_score,1,1
M39,train,cycle,130_2b3_Lr_mc_AKGC417L__2,crackle_score,1,1
M39,train,cycle,130_2b3_Lr_mc_AKGC417L__3,crackle_score,1,1
M39,train,cycle,130_2b3_Lr_mc_AKGC417L__4,crackle_score,1,1
M39,train,cycle,130_2b3_Lr_mc_AKGC417L__5,crackle_score,1,1
M39,train,cycle,130_2b3_Lr_mc_AKGC417L__6,crackle_score,0.8912363067,1
M39,train,cycle,130_2b3_Lr_mc_AKGC417L__7,crackle_score,0.9345726702,1
M39,train,cycle,130_2b3_Lr_mc_AKGC417L__8,crackle_score,1,1
M39,train,cycle,130_2b3_Pl_mc_AKGC417L__0,crackle_score,0.8219352518,1
M39,train,cycle,130_2b3_Pl_mc_AKGC417L__1,crackle_score,0.8757409165,1
M39,train,cycle,130_2b3_Pl_mc_AKGC417L__2,crackle_score,0.8130142294,1
M39,train,cycle,130_2b3_Pl_mc_AKGC417L__3,crackle_score,0.7335674044,1
M39,train,cycle,130_2b3_Pl_mc_AKGC417L__4,crackle_score,0.9785340926,1
M39,train,cycle,130_2b3_Pl_mc_AKGC417L__5,crackle_score,0.8839205059,1
M39,train,cycle,130_2b3_Pl_mc_AKGC417L__6,crackle_score,0.7233569579,1
M39,train,cycle,130_2b3_Pl_mc_AKGC417L__7,crackle_score,0.9036244099,1
M39,train,cycle,130_2b3_Pl_mc_AKGC417L__8,crackle_score,0.9281272656,1
M39,train,cycle,130_2b3_Pr_mc_AKGC417L__0,crackle_score,0.6480738231,1
M39,train,cycle,130_2b3_Pr_mc_AKGC417L__1,crackle_score,0.9329004329,1
M39,train,cycle,130_2b3_Pr_mc_AKGC417L__2,crackle_score,0.6673482394,1
M39,train,cycle,130_2b3_Pr_mc_AKGC417L__3,crackle_score,0.6766867238,1
M39,train,cycle,130_2b3_Pr_mc_AKGC417L__4,crackle_score,0.8618264595,1
M39,train,cycle,130_2b3_Pr_mc_AKGC417L__5,crackle_score,0.7477815312,1
M39,train,cycle,130_2b3_Pr_mc_AKGC417L__6,crackle_score,0.7029970148,1
M39,train,cycle,130_2b3_Pr_mc_AKGC417L__7,crackle_score,0.7008681869,1
M39,train,cycle,130_2b3_Pr_mc_AKGC417L__8,crackle_score,0.9146289091,1
M39,train,cycle,130_2b3_Tc_mc_AKGC417L__0,crackle_score,0.7994423207,0
M39,train,cycle,130_2b3_Tc_mc_AKGC417L__1,crackle_score,0.7380952381,0
M39,train,cycle,130_2b3_Tc_mc_AKGC417L__2,crackle_score,0.80474532,0
M39,train,cycle,130_2b3_Tc_mc_AKGC417L__3,crackle_score,0.7793694512,0
M39,train,cycle,130_2b3_Tc_mc_AKGC417L__4,crackle_score,0.704359673,0
M39,train,cycle,130_2b3_Tc_mc_AKGC417L__5,crackle_score,1,0
M39,train,cycle,130_2b3_Tc_mc_AKGC417L__6,crackle_score,0.8470787294,0
M39,train,cycle,130_2b3_Tc_mc_AKGC417L__7,crackle_score,0.5724287784,0
M39,train,cycle,130_2b3_Tc_mc_AKGC417L__8,crackle_score,0.6131221719,0
M39,train,cycle,130_2b4_Al_mc_AKGC417L__0,crackle_score,1,0
M39,train,cycle,130_2b4_Al_mc_AKGC417L__1,crackle_score,0.9221190376,1
M39,train,cycle,130_2b4_Al_mc_AKGC417L__2,crackle_score,1,1
M39,train,cycle,130_2b4_Al_mc_AKGC417L__3,crackle_score,0.7828546562,1
M39,train,cycle,130_2b4_Al_mc_AKGC417L__4,crackle_score,0.9432249894,1
M39,train,cycle,130_2b4_Al_mc_AKGC417L__5,crackle_score,1,1
M39,train,cycle,130_2b4_Al_mc_AKGC417L__6,crackle_score,1,1
M39,train,cycle,130_2b4_Al_mc_AKGC417L__7,crackle_score,0.8860127157,1
M39,train,cycle,130_2b4_Al_mc_AKGC417L__8,crackle_score,0.9124656279,1
M39,train,cycle,130_2b4_Ar_mc_AKGC417L__0,crackle_score,0.67670297,1
M39,train,cycle,130_2b4_Ar_mc_AKGC417L__1,crackle_score,0.9079370408,1
M39,train,cycle,130_2b4_Ar_mc_AKGC417L__2,crackle_score,0.9087329907,1
M39,train,cycle,130_2b4_Ar_mc_AKGC417L__3,crackle_score,0.7204181018,1
M39,train,cycle,130_2b4_Ar_mc_AKGC417L__4,crackle_score,0.8645847058,1
M39,train,cycle,130_2b4_Ar_mc_AKGC417L__5,crackle_score,0.792952543,1
M39,train,cycle,130_2b4_Ar_mc_AKGC417L__6,crackle_score,0.7879202979,1
M39,train,cycle,130_2b4_Ar_mc_AKGC417L__7,crackle_score,0.7097737173,1
M39,train,cycle,130_2b4_Ar_mc_AKGC417L__8,crackle_score,0.8791921607,1
M39,train,cycle,130_2b4_Ll_mc_AKGC417L__0,crackle_score,0.8298774741,0
M39,train,cycle,130_2b4_Ll_mc_AKGC417L__1,crackle_score,1,1
M39,train,cycle,130_2b4_Ll_mc_AKGC417L__2,crackle_score,1,1
M39,train,cycle,130_2b4_Ll_mc_AKGC417L__3,crackle_score,1,1
M39,train,cycle,130_2b4_Ll_mc_AKGC417L__4,crackle_score,1,1
M39,train,cycle,130_2b4_Ll_mc_AKGC417L__5,crackle_score,1,1
M39,train,cycle,130_2b4_Ll_mc_AKGC417L__6,crackle_score,1,1
M39,train,cycle,130_2b4_Ll_mc_AKGC417L__7,crackle_score,1,1
M39,train,cycle,130_2b4_Ll_mc_AKGC417L__8,crackle_score,0.9812098992,1
M39,train,cycle,130_2b4_Lr_mc_AKGC417L__0,crackle_score,0.9712535344,0
M39,train,cycle,130_2b4_Lr_mc_AKGC417L__1,crackle_score,1,1
M39,train,cycle,130_2b4_Lr_mc_AKGC417L__2,crackle_score,0.9983388704,1
M39,train,cycle,130_2b4_Lr_mc_AKGC417L__3,crackle_score,1,1
M39,train,cycle,130_2b4_Lr_mc_AKGC417L__4,crackle_score,0.9854368932,1
M39,train,cycle,130_2b4_Lr_mc_AKGC417L__5,crackle_score,1,1
M39,train,cycle,130_2b4_Lr_mc_AKGC417L__6,crackle_score,1,1
M39,train,cycle,130_2b4_Lr_mc_AKGC417L__7,crackle_score,0.9995458674,1
M39,train,cycle,130_2b4_Lr_mc_AKGC417L__8,crackle_score,0.935380385,1
M39,train,cycle,130_2b4_Pl_mc_AKGC417L__0,crackle_score,0.6977960402,0
M39,train,cycle,130_2b4_Pl_mc_AKGC417L__1,crackle_score,0.6722172156,1
M39,train,cycle,130_2b4_Pl_mc_AKGC417L__2,crackle_score,0.8672424094,1
M39,train,cycle,130_2b4_Pl_mc_AKGC417L__3,crackle_score,0.814459822,1
M39,train,cycle,130_2b4_Pl_mc_AKGC417L__4,crackle_score,0.9895005409,1
M39,train,cycle,130_2b4_Pl_mc_AKGC417L__5,crackle_score,0.6566791045,0
M39,train,cycle,130_2b4_Pl_mc_AKGC417L__6,crackle_score,0.9149486173,1
M39,train,cycle,130_2b4_Pl_mc_AKGC417L__7,crackle_score,0.9093237927,1
M39,train,cycle,130_2b4_Pl_mc_AKGC417L__8,crackle_score,0.935380385,0
M39,train,cycle,130_2p3_Pl_mc_AKGC417L__0,crackle_score,0.5,1
M39,train,cycle,130_2p3_Pl_mc_AKGC417L__1,crackle_score,0.5,1
M39,train,cycle,130_2p3_Pl_mc_AKGC417L__2,crackle_score,0.5,1
M39,train,cycle,130_2p3_Pl_mc_AKGC417L__3,crackle_score,0.5,1
M39,train,cycle,130_2p3_Pl_mc_AKGC417L__4,crackle_score,0.5,1
M39,train,cycle,130_2p3_Pl_mc_AKGC417L__5,crackle_score,0.5,1
M39,train,cycle,130_2p3_Pl_mc_AKGC417L__6,crackle_score,0.5,1
M39,train,cycle,130_2p3_Pl_mc_AKGC417L__7,crackle_score,0.5,1
M39,train,cycle,130_2p3_Pl_mc_AKGC417L__8,crackle_score,0.5,1
M39,train,cycle,130_2p3_Pl_mc_AKGC417L__9,crackle_score,0.5,1
M39,train,cycle,130_2p5_Al_mc_AKGC417L__0,crackle_score,0.5666680461,1
M39,train,cycle,130_2p5_Al_mc_AKGC417L__1,crackle_score,0.5165470633,1
M39,train,cycle,130_2p5_Al_mc_AKGC417L__2,crackle_score,0.5233029493,1
M39,train,cycle,130_2p5_Al_mc_AKGC417L__3,crackle_score,0.5249202183,1
M39,train,cycle,130_2p5_Al_mc_AKGC417L__4,crackle_score,0.5227062563,1
M39,train,cycle,130_2p5_Al_mc_AKGC417L__5,crackle_score,0.5120032432,1
M39,train,cycle,130_2p5_Al_mc_AKGC417L__6,crackle_score,0.5333889393,1
M39,train,cycle,130_2p5_Al_mc_AKGC417L__7,crackle_score,0.5135469458,1
M39,train,cycle,130_2p5_Al_mc_AKGC417L__8,crackle_score,0.4942587697,1
M39,train,cycle,130_2p5_Al_mc_AKGC417L__9,crackle_score,0.5148373082,1
M39,train,cycle,130_2p5_Al_mc_AKGC417L__10,crackle_score,0.5355217394,1
M39,train,cycle,130_2p5_Ar_mc_AKGC417L__0,crackle_score,0.5691187051,1
M39,train,cycle,130_2p5_Ar_mc_AKGC417L__1,crackle_score,0.2827243742,1
M39,train,cycle,130_2p5_Ar_mc_AKGC417L__2,crackle_score,0.5527295794,1
M39,train,cycle,130_2p5_Ar_mc_AKGC417L__3,crackle_score,0.5512004832,1
M39,train,cycle,130_2p5_Ar_mc_AKGC417L__4,crackle_score,0.5565369683,1
M39,train,cycle,130_2p5_Ar_mc_AKGC417L__5,crackle_score,0.4790166815,1
M39,train,cycle,130_2p5_Ar_mc_AKGC417L__6,crackle_score,0.5775738667,1
M39,train,cycle,130_2p5_Ar_mc_AKGC417L__7,crackle_score,0.4945545885,1
M39,train,cycle,130_2p5_Ar_mc_AKGC417L__8,crackle_score,0.5975232996,1
M39,train,cycle,130_2p5_Ar_mc_AKGC417L__9,crackle_score,0.5795578613,1
M39,train,cycle,130_2p5_Ar_mc_AKGC417L__10,crackle_score,0.5351563793,0
M39,train,cycle,130_2p5_Lr_mc_AKGC417L__0,crackle_score,0.5979095948,1
M39,train,cycle,130_2p5_Lr_mc_AKGC417L__1,crackle_score,0.5659296449,1
M39,train,cycle,130_2p5_Lr_mc_AKGC417L__2,crackle_score,0.5668491281,1
M39,train,cycle,130_2p5_Lr_mc_AKGC417L__3,crackle_score,0.5494622348,1
M39,train,cycle,130_2p5_Lr_mc_AKGC417L__4,crackle_score,0.5371450415,1
M39,train,cycle,130_2p5_Lr_mc_AKGC417L__5,crackle_score,0.5355563864,1
M39,train,cycle,130_2p5_Lr_mc_AKGC417L__6,crackle_score,0.5605033599,0
M39,train,cycle,130_2p5_Lr_mc_AKGC417L__7,crackle_score,0.5523052608,1
M39,train,cycle,130_2p5_Lr_mc_AKGC417L__8,crackle_score,0.5289325767,1
M39,train,cycle,130_2p5_Lr_mc_AKGC417L__9,crackle_score,0.5853645413,1
M39,train,cycle,130_2p5_Lr_mc_AKGC417L__10,crackle_score,0.5250418743,0
M39,train,cycle,130_2p5_Pl_mc_AKGC417L__0,crackle_score,0.5489885005,1
M39,train,cycle,130_2p5_Pl_mc_AKGC417L__1,crackle_score,0.6497616569,1
M39,train,cycle,130_2p5_Pl_mc_AKGC417L__2,crackle_score,0.4722417876,1
M39,train,cycle,130_2p5_Pl_mc_AKGC417L__3,crackle_score,0.4356427878,1
M39,train,cycle,130_2p5_Pl_mc_AKGC417L__4,crackle_score,0.6572133906,1
M39,train,cycle,130_2p5_Pl_mc_AKGC417L__5,crackle_score,1,1
M39,train,cycle,130_2p5_Pl_mc_AKGC417L__6,crackle_score,1,1
M39,train,cycle,130_2p5_Pl_mc_AKGC417L__7,crackle_score,1,1
M39,train,cycle,130_2p5_Pl_mc_AKGC417L__8,crackle_score,0.9791633251,1
M39,train,cycle,130_2p5_Pl_mc_AKGC417L__9,crackle_score,0.715668072,1
M39,train,cycle,130_2p5_Pl_mc_AKGC417L__10,crackle_score,0.6607784275,1
M39,train,cycle,130_2p5_Pr_mc_AKGC417L__0,crackle_score,0.7259245735,1
M39,train,cycle,130_2p5_Pr_mc_AKGC417L__1,crackle_score,0.8275620028,1
M39,train,cycle,130_2p5_Pr_mc_AKGC417L__2,crackle_score,0.5574286472,1
M39,train,cycle,130_2p5_Pr_mc_AKGC417L__3,crackle_score,0.5849915062,1
M39,train,cycle,130_2p5_Pr_mc_AKGC417L__4,crackle_score,0.547874524,1
M39,train,cycle,130_2p5_Pr_mc_AKGC417L__5,crackle_score,0.754813137,1
M39,train,cycle,130_2p5_Pr_mc_AKGC417L__6,crackle_score,0.7717391304,1
M39,train,cycle,130_2p5_Pr_mc_AKGC417L__7,crackle_score,0.8948667325,1
M39,train,cycle,130_2p5_Pr_mc_AKGC417L__8,crackle_score,0.7299262378,1
M39,train,cycle,130_2p5_Pr_mc_AKGC417L__9,crackle_score,0.5306562185,1
M39,train,cycle,130_2p5_Pr_mc_AKGC417L__10,crackle_score,0.1959814669,1
M39,train,cycle,130_2p5_Tc_mc_AKGC417L__0,crackle_score,0.3469469815,0
M39,train,cycle,130_2p5_Tc_mc_AKGC417L__1,crackle_score,0.3717629691,1
M39,train,cycle,130_2p5_Tc_mc_AKGC417L__2,crackle_score,0.2551840697,1
M39,train,cycle,130_2p5_Tc_mc_AKGC417L__3,crackle_score,0.3370714353,1
M39,train,cycle,130_2p5_Tc_mc_AKGC417L__4,crackle_score,0.3423952193,1
M39,train,cycle,130_2p5_Tc_mc_AKGC417L__5,crackle_score,0.2715649243,1
M39,train,cycle,130_2p5_Tc_mc_AKGC417L__6,crackle_score,0.4219326227,1
M39,train,cycle,130_2p5_Tc_mc_AKGC417L__7,crackle_score,0.2019811603,1
M39,train,cycle,130_2p5_Tc_mc_AKGC417L__8,crackle_score,0.3082474857,1
M39,train,cycle,130_2p5_Tc_mc_AKGC417L__9,crackle_score,0.4659039929,0
M39,train,cycle,130_2p5_Tc_mc_AKGC417L__10,crackle_score,0.162386304,0
M39,train,cycle,130_3b3_Ll_mc_AKGC417L__0,crackle_score,0.5571392719,1
M39,train,cycle,130_3b3_Ll_mc_AKGC417L__1,crackle_score,0.7914282269,1
M39,train,cycle,130_3b3_Ll_mc_AKGC417L__2,crackle_score,0.9502944233,1
M39,train,cycle,130_3b3_Ll_mc_AKGC417L__3,crackle_score,0.7114771361,1
M39,train,cycle,130_3b3_Ll_mc_AKGC417L__4,crackle_score,0.7141413693,1
M39,train,cycle,130_3b3_Ll_mc_AKGC417L__5,crackle_score,0.3730386861,0
M39,train,cycle,130_3b4_Al_mc_AKGC417L__0,crackle_score,0.9211926402,0
M39,train,cycle,130_3b4_Al_mc_AKGC417L__1,crackle_score,0.9339201587,0
M39,train,cycle,130_3b4_Al_mc_AKGC417L__2,crackle_score,1,0
M39,train,cycle,130_3b4_Al_mc_AKGC417L__3,crackle_score,0.9277041943,0
M39,train,cycle,130_3b4_Al_mc_AKGC417L__4,crackle_score,0.9781420765,0
M39,train,cycle,130_3b4_Ar_mc_AKGC417L__0,crackle_score,0.5886721348,0
M39,train,cycle,130_3b4_Ar_mc_AKGC417L__1,crackle_score,0.636374907,0
M39,train,cycle,130_3b4_Ar_mc_AKGC417L__2,crackle_score,0.6698616841,0
M39,train,cycle,130_3b4_Ar_mc_AKGC417L__3,crackle_score,0.7483443709,0
M39,train,cycle,130_3b4_Ar_mc_AKGC417L__4,crackle_score,1,0
M39,train,cycle,130_3b4_Lr_mc_AKGC417L__0,crackle_score,0.6330082022,1
M39,train,cycle,130_3b4_Lr_mc_AKGC417L__1,crackle_score,0.8865521448,1
M39,train,cycle,130_3b4_Lr_mc_AKGC417L__2,crackle_score,0.8249882558,1
M39,train,cycle,130_3b4_Lr_mc_AKGC417L__3,crackle_score,0.9139072848,1
M39,train,cycle,130_3b4_Lr_mc_AKGC417L__4,crackle_score,0.7552170813,1
M39,train,cycle,130_3b4_Pl_mc_AKGC417L__0,crackle_score,0.6765578676,1
M39,train,cycle,130_3b4_Pl_mc_AKGC417L__1,crackle_score,0.9339201587,1
M39,train,cycle,130_3b4_Pl_mc_AKGC417L__2,crackle_score,0.822539812,1
M39,train,cycle,130_3b4_Pl_mc_AKGC417L__3,crackle_score,0.7445471113,1
M39,train,cycle,130_3b4_Pl_mc_AKGC417L__4,crackle_score,0.5110744006,1
M39,train,cycle,130_3b4_Pr_mc_AKGC417L__0,crackle_score,0.939051274,1
M39,train,cycle,130_3b4_Pr_mc_AKGC417L__1,crackle_score,1,1
M39,train,cycle,130_3b4_Pr_mc_AKGC417L__2,crackle_score,1,1
M39,train,cycle,130_3b4_Pr_mc_AKGC417L__3,crackle_score,1,1
M39,train,cycle,130_3b4_Pr_mc_AKGC417L__4,crackle_score,0.6807618673,1
M39,train,cycle,130_3p2_Al_mc_AKGC417L__0,crackle_score,0.7769946388,1
M39,train,cycle,130_3p2_Al_mc_AKGC417L__1,crackle_score,0.8987221332,1
M39,train,cycle,130_3p2_Al_mc_AKGC417L__2,crackle_score,0.9880694143,1
M39,train,cycle,130_3p2_Al_mc_AKGC417L__3,crackle_score,0.9087402272,1
M39,train,cycle,130_3p2_Al_mc_AKGC417L__4,crackle_score,1,1
M39,train,cycle,130_3p2_Al_mc_AKGC417L__5,crackle_score,1,1
M39,train,cycle,130_3p2_Al_mc_AKGC417L__6,crackle_score,0.931665699,1
M39,train,cycle,130_3p2_Ar_mc_AKGC417L__0,crackle_score,0.9147732707,0
M39,train,cycle,130_3p2_Ar_mc_AKGC417L__1,crackle_score,1,1
M39,train,cycle,130_3p2_Ar_mc_AKGC417L__2,crackle_score,0.7698386077,0
M39,train,cycle,130_3p2_Ar_mc_AKGC417L__3,crackle_score,0.9651378756,1
M39,train,cycle,130_3p2_Ar_mc_AKGC417L__4,crackle_score,1,1
M39,train,cycle,130_3p2_Ar_mc_AKGC417L__5,crackle_score,0.9487400759,0
M39,train,cycle,130_3p2_Ar_mc_AKGC417L__6,crackle_score,0.8602002602,0
M39,train,cycle,130_3p2_Pl_mc_AKGC417L__0,crackle_score,0.6540401871,1
M39,train,cycle,130_3p2_Pl_mc_AKGC417L__1,crackle_score,0.6550130593,1
M39,train,cycle,130_3p2_Pl_mc_AKGC417L__2,crackle_score,0.5854480718,1
M39,train,cycle,130_3p2_Pl_mc_AKGC417L__3,crackle_score,0.6457816974,1
M39,train,cycle,130_3p2_Pl_mc_AKGC417L__4,crackle_score,0.6675984851,1
M39,train,cycle,130_3p2_Pl_mc_AKGC417L__5,crackle_score,0.6270976822,1
M39,train,cycle,130_3p2_Pl_mc_AKGC417L__6,crackle_score,0.5573657648,1
M39,train,cycle,130_3p2_Pr_mc_AKGC417L__0,crackle_score,0.2532418798,1
M39,train,cycle,130_3p2_Pr_mc_AKGC417L__1,crackle_score,0.1813267683,1
M39,train,cycle,130_3p2_Pr_mc_AKGC417L__2,crackle_score,0.2321746922,1
M39,train,cycle,130_3p2_Pr_mc_AKGC417L__3,crackle_score,0.2556270596,1
M39,train,cycle,130_3p2_Pr_mc_AKGC417L__4,crackle_score,0.2946381691,1
M39,train,cycle,130_3p2_Pr_mc_AKGC417L__5,crackle_score,0.2194450577,1
M39,train,cycle,130_3p2_Pr_mc_AKGC417L__6,crackle_score,0.5513826435,1
M39,train,cycle,130_3p2_Tc_mc_AKGC417L__0,crackle_score,0.3752882574,1
M39,train,cycle,130_3p2_Tc_mc_AKGC417L__1,crackle_score,0.3133669022,1
M39,train,cycle,130_3p2_Tc_mc_AKGC417L__2,crackle_score,0.256811703,1
M39,train,cycle,130_3p2_Tc_mc_AKGC417L__3,crackle_score,0.4411812637,1
M39,train,cycle,130_3p2_Tc_mc_AKGC417L__4,crackle_score,0.3458567692,1
M39,train,cycle,130_3p2_Tc_mc_AKGC417L__5,crackle_score,0.4782835733,1
M39,train,cycle,130_3p2_Tc_mc_AKGC417L__6,crackle_score,0.2487375635,1
M39,train,cycle,130_3p3_Al_mc_AKGC417L__0,crackle_score,0.8881291976,1
M39,train,cycle,130_3p3_Al_mc_AKGC417L__1,crackle_score,0.9595926347,1
M39,train,cycle,130_3p3_Al_mc_AKGC417L__2,crackle_score,0.8339191564,1
M39,train,cycle,130_3p3_Al_mc_AKGC417L__3,crackle_score,0.9312327969,1
M39,train,cycle,130_3p3_Al_mc_AKGC417L__4,crackle_score,0.9017531045,1
M39,train,cycle,130_3p3_Al_mc_AKGC417L__5,crackle_score,0.9139567899,1
M39,train,cycle,130_3p3_Al_mc_AKGC417L__6,crackle_score,0.8715047519,1
M39,train,cycle,130_3p3_Pl_mc_AKGC417L__0,crackle_score,0.657392526,1
M39,train,cycle,130_3p3_Pl_mc_AKGC417L__1,crackle_score,0.656221552,1
M39,train,cycle,130_3p3_Pl_mc_AKGC417L__2,crackle_score,0.6732243645,1
M39,train,cycle,130_3p3_Pl_mc_AKGC417L__3,crackle_score,0.8075496863,1
M39,train,cycle,130_3p3_Pl_mc_AKGC417L__4,crackle_score,0.6641330114,1
M39,train,cycle,130_3p3_Pl_mc_AKGC417L__5,crackle_score,0.6433325581,1
M39,train,cycle,130_3p3_Pl_mc_AKGC417L__6,crackle_score,0.6494003083,1
M39,train,cycle,130_3p3_Pr_mc_AKGC417L__0,crackle_score,0.8088962109,1
M39,train,cycle,130_3p3_Pr_mc_AKGC417L__1,crackle_score,0.5589053583,1
M39,train,cycle,130_3p3_Pr_mc_AKGC417L__2,crackle_score,0.6405975395,1
M39,train,cycle,130_3p3_Pr_mc_AKGC417L__3,crackle_score,0.675064773,1
M39,train,cycle,130_3p3_Pr_mc_AKGC417L__4,crackle_score,0.7604924993,1
M39,train,cycle,130_3p3_Pr_mc_AKGC417L__5,crackle_score,0.6054481547,1
M39,train,cycle,130_3p3_Pr_mc_AKGC417L__6,crackle_score,0.6968803441,1
M39,train,cycle,130_3p3_Tc_mc_AKGC417L__0,crackle_score,0.2739202545,0
M39,train,cycle,130_3p3_Tc_mc_AKGC417L__1,crackle_score,0.3050117092,1
M39,train,cycle,130_3p3_Tc_mc_AKGC417L__2,crackle_score,0.3092959144,1
M39,train,cycle,130_3p3_Tc_mc_AKGC417L__3,crackle_score,0.375375379,1
M39,train,cycle,130_3p3_Tc_mc_AKGC417L__4,crackle_score,0.4818916335,1
M39,train,cycle,130_3p3_Tc_mc_AKGC417L__5,crackle_score,0.2357714685,1
M39,train,cycle,130_3p3_Tc_mc_AKGC417L__6,crackle_score,0.3555911781,1
M39,train,cycle,130_3p4_Al_mc_AKGC417L__0,crackle_score,0.8800836184,1
M39,train,cycle,130_3p4_Al_mc_AKGC417L__1,crackle_score,1,1
M39,train,cycle,130_3p4_Al_mc_AKGC417L__2,crackle_score,1,1
M39,train,cycle,130_3p4_Al_mc_AKGC417L__3,crackle_score,0.8881142073,1
M39,train,cycle,130_3p4_Al_mc_AKGC417L__4,crackle_score,0.875954287,1
M39,train,cycle,130_3p4_Al_mc_AKGC417L__5,crackle_score,0.950978711,0
M39,train,cycle,130_3p4_Al_mc_AKGC417L__6,crackle_score,0.91503245,1
M39,train,cycle,130_3p4_Al_mc_AKGC417L__7,crackle_score,0.6727619808,0
M39,train,cycle,130_3p4_Pl_mc_AKGC417L__0,crackle_score,0.6853618898,1
M39,train,cycle,130_3p4_Pl_mc_AKGC417L__1,crackle_score,0.6622112306,1
M39,train,cycle,130_3p4_Pl_mc_AKGC417L__2,crackle_score,0.7542706913,1
M39,train,cycle,130_3p4_Pl_mc_AKGC417L__3,crackle_score,0.7883398746,1
M39,train,cycle,130_3p4_Pl_mc_AKGC417L__4,crackle_score,0.6709878144,1
M39,train,cycle,130_3p4_Pl_mc_AKGC417L__5,crackle_score,0.7658902696,1
M39,train,cycle,130_3p4_Pl_mc_AKGC417L__6,crackle_score,0.6520499848,1
M39,train,cycle,130_3p4_Pl_mc_AKGC417L__7,crackle_score,0.4809882854,1
M39,train,cycle,130_3p4_Pr_mc_AKGC417L__0,crackle_score,0.7850627138,1
M39,train,cycle,130_3p4_Pr_mc_AKGC417L__1,crackle_score,0.462696149,1
M39,train,cycle,130_3p4_Pr_mc_AKGC417L__2,crackle_score,0.6741852929,1
M39,train,cycle,130_3p4_Pr_mc_AKGC417L__3,crackle_score,0.3430445275,1
M39,train,cycle,130_3p4_Pr_mc_AKGC417L__4,crackle_score,0.4011750405,1
M39,train,cycle,130_3p4_Pr_mc_AKGC417L__5,crackle_score,0.490575669,1
M39,train,cycle,130_3p4_Pr_mc_AKGC417L__6,crackle_score,0.6669541363,1
M39,train,cycle,130_3p4_Pr_mc_AKGC417L__7,crackle_score,0.3182727836,1
M39,train,cycle,130_3p4_Tc_mc_AKGC417L__0,crackle_score,0.4166388666,1
M39,train,cycle,130_3p4_Tc_mc_AKGC417L__1,crackle_score,0.3136731307,1
M39,train,cycle,130_3p4_Tc_mc_AKGC417L__2,crackle_score,0.3731239883,1
M39,train,cycle,130_3p4_Tc_mc_AKGC417L__3,crackle_score,0.2375580652,1
M39,train,cycle,130_3p4_Tc_mc_AKGC417L__4,crackle_score,0.2759947671,1
M39,train,cycle,130_3p4_Tc_mc_AKGC417L__5,crackle_score,0.3332704375,1
M39,train,cycle,130_3p4_Tc_mc_AKGC417L__6,crackle_score,0.3079793098,1
M39,train,cycle,130_3p4_Tc_mc_AKGC417L__7,crackle_score,0.1929932169,1
M39,train,cycle,131_1b1_Al_sc_Meditron__0,crackle_score,0.7167300604,0
M39,train,cycle,131_1b1_Al_sc_Meditron__1,crackle_score,0.6036936714,0
M39,train,cycle,131_1b1_Al_sc_Meditron__2,crackle_score,0.5795451514,0
M39,train,cycle,131_1b1_Al_sc_Meditron__3,crackle_score,0.3715838427,0
M39,train,cycle,131_1b1_Al_sc_Meditron__4,crackle_score,0.8479775057,0
M39,train,cycle,131_1b1_Al_sc_Meditron__5,crackle_score,0.7125429227,0
M39,train,cycle,131_1b1_Al_sc_Meditron__6,crackle_score,0.6144254567,0
M39,train,cycle,131_1b1_Al_sc_Meditron__7,crackle_score,0.752140435,0
M39,train,cycle,131_1b1_Al_sc_Meditron__8,crackle_score,0.4345334541,0
M39,train,cycle,131_1b1_Al_sc_Meditron__9,crackle_score,0.8744999636,0
M39,train,cycle,131_1b1_Al_sc_Meditron__10,crackle_score,0.3874860861,0
M39,train,cycle,132_2b1_Lr_mc_LittC2SE__0,crackle_score,1,1
M39,train,cycle,132_2b1_Lr_mc_LittC2SE__1,crackle_score,0.7734348431,1
M39,train,cycle,132_2b1_Lr_mc_LittC2SE__2,crackle_score,0.6446303892,0
M39,train,cycle,132_2b1_Lr_mc_LittC2SE__3,crackle_score,0.4313227891,1
M39,train,cycle,132_2b1_Lr_mc_LittC2SE__4,crackle_score,0.3454216804,1
M39,train,cycle,132_2b1_Lr_mc_LittC2SE__5,crackle_score,0.5516546776,1
M39,train,cycle,132_2b1_Lr_mc_LittC2SE__6,crackle_score,0.5558454763,1
M39,train,cycle,132_2b1_Lr_mc_LittC2SE__7,crackle_score,0.2486098579,1
M39,train,cycle,132_2b1_Lr_mc_LittC2SE__8,crackle_score,0.7417408197,1
M39,train,cycle,132_2b2_Lr_mc_LittC2SE__0,crackle_score,0.5342091826,0
M39,train,cycle,132_2b2_Lr_mc_LittC2SE__1,crackle_score,0.6142777286,1
M39,train,cycle,132_2b2_Lr_mc_LittC2SE__2,crackle_score,0.2396145199,1
M39,train,cycle,132_2b2_Lr_mc_LittC2SE__3,crackle_score,0.4552141929,1
M39,train,cycle,132_2b2_Lr_mc_LittC2SE__4,crackle_score,0.3666021531,1
M39,train,cycle,132_2b2_Lr_mc_LittC2SE__5,crackle_score,0.7274101204,1
M39,train,cycle,132_2b2_Lr_mc_LittC2SE__6,crackle_score,0.5813578969,1
M39,train,cycle,132_2b2_Lr_mc_LittC2SE__7,crackle_score,0.9224734245,1
M39,train,cycle,132_2b2_Lr_mc_LittC2SE__8,crackle_score,0.7859656841,1
M39,train,cycle,132_2b2_Lr_mc_LittC2SE__9,crackle_score,0.6063265981,1
M39,train,cycle,134_2b1_Al_mc_LittC2SE__0,crackle_score,0.6433212669,0
M39,train,cycle,134_2b1_Al_mc_LittC2SE__1,crackle_score,0.576780328,0
M39,train,cycle,134_2b1_Al_mc_LittC2SE__2,crackle_score,0.522695531,0
M39,train,cycle,134_2b1_Al_mc_LittC2SE__3,crackle_score,0.5271117906,0
M39,train,cycle,134_2b1_Al_mc_LittC2SE__4,crackle_score,0.510337472,0
M39,train,cycle,134_2b1_Ar_mc_LittC2SE__0,crackle_score,0.3953250583,0
M39,train,cycle,134_2b1_Ar_mc_LittC2SE__1,crackle_score,0.9026697041,0
M39,train,cycle,134_2b1_Ar_mc_LittC2SE__2,crackle_score,0.4811581359,0
M39,train,cycle,134_2b1_Ar_mc_LittC2SE__3,crackle_score,0.8871165872,0
M39,train,cycle,134_2b1_Ar_mc_LittC2SE__4,crackle_score,0.6064804356,0
M39,train,cycle,134_2b2_Al_mc_LittC2SE__0,crackle_score,0.4789632759,0
M39,train,cycle,134_2b2_Al_mc_LittC2SE__1,crackle_score,0.6083735289,0
M39,train,cycle,134_2b2_Al_mc_LittC2SE__2,crackle_score,0.527648584,0
M39,train,cycle,134_2b2_Al_mc_LittC2SE__3,crackle_score,0.4557635773,0
M39,train,cycle,134_2b2_Al_mc_LittC2SE__4,crackle_score,0.6003947985,0
M39,train,cycle,134_2b2_Al_mc_LittC2SE__5,crackle_score,0.6805137844,0
M39,train,cycle,134_2b2_Al_mc_LittC2SE__6,crackle_score,0.3329645004,0
M39,train,cycle,134_2b2_Ar_mc_LittC2SE__0,crackle_score,0.6885181195,0
M39,train,cycle,134_2b2_Ar_mc_LittC2SE__1,crackle_score,0.4807977085,0
M39,train,cycle,134_2b2_Ar_mc_LittC2SE__2,crackle_score,0.4722549528,0
M39,train,cycle,134_2b2_Ar_mc_LittC2SE__3,crackle_score,0.4311688992,0
M39,train,cycle,134_2b2_Ar_mc_LittC2SE__4,crackle_score,0.177958594,0
M39,train,cycle,134_2b2_Ar_mc_LittC2SE__5,crackle_score,0.7484061486,0
M39,train,cycle,134_2b2_Ar_mc_LittC2SE__6,crackle_score,0.3645981543,0
M39,train,cycle,134_2b3_Ar_mc_LittC2SE__0,crackle_score,0.5613947425,0
M39,train,cycle,134_2b3_Ar_mc_LittC2SE__1,crackle_score,0.6549380005,0
M39,train,cycle,134_2b3_Ar_mc_LittC2SE__2,crackle_score,0.7104104197,0
M39,train,cycle,134_2b3_Ar_mc_LittC2SE__3,crackle_score,0.7000510765,0
M39,train,cycle,134_2b3_Ar_mc_LittC2SE__4,crackle_score,0.6821410727,0
M39,train,cycle,134_2b3_Ar_mc_LittC2SE__5,crackle_score,0.6946646644,0
M39,train,cycle,135_2b1_Al_mc_LittC2SE__0,crackle_score,0.5170777648,0
M39,train,cycle,135_2b1_Al_mc_LittC2SE__1,crackle_score,0.6513432565,0
M39,train,cycle,135_2b1_Al_mc_LittC2SE__2,crackle_score,0.7365328052,0
M39,train,cycle,135_2b1_Al_mc_LittC2SE__3,crackle_score,0.7828993887,0
M39,train,cycle,135_2b1_Al_mc_LittC2SE__4,crackle_score,0.6764440619,0
M39,train,cycle,135_2b1_Al_mc_LittC2SE__5,crackle_score,0.934209352,0
M39,train,cycle,135_2b1_Al_mc_LittC2SE__6,crackle_score,0.5274947506,0
M39,train,cycle,135_2b1_Al_mc_LittC2SE__7,crackle_score,0.852416299,0
M39,train,cycle,135_2b1_Al_mc_LittC2SE__8,crackle_score,0.7759655811,0
M39,train,cycle,135_2b1_Ar_mc_LittC2SE__0,crackle_score,0.5249396622,0
M39,train,cycle,135_2b1_Ar_mc_LittC2SE__1,crackle_score,0.5014704443,0
M39,train,cycle,135_2b1_Ar_mc_LittC2SE__2,crackle_score,0.2879486663,0
M39,train,cycle,135_2b1_Ar_mc_LittC2SE__3,crackle_score,0.6901078553,0
M39,train,cycle,135_2b1_Ar_mc_LittC2SE__4,crackle_score,0.6743279539,0
M39,train,cycle,135_2b1_Ar_mc_LittC2SE__5,crackle_score,0.7178158787,0
M39,train,cycle,135_2b1_Ar_mc_LittC2SE__6,crackle_score,0.3220230766,0
M39,train,cycle,135_2b1_Ar_mc_LittC2SE__7,crackle_score,0.6812139383,0
M39,train,cycle,135_2b1_Ar_mc_LittC2SE__8,crackle_score,0.5955458184,0
M39,train,cycle,135_2b1_Pl_mc_LittC2SE__0,crackle_score,0.8773140449,1
M39,train,cycle,135_2b1_Pl_mc_LittC2SE__1,crackle_score,0.7445158641,1
M39,train,cycle,135_2b1_Pl_mc_LittC2SE__2,crackle_score,0.7990164755,1
M39,train,cycle,135_2b1_Pl_mc_LittC2SE__3,crackle_score,1,1
M39,train,cycle,135_2b1_Pl_mc_LittC2SE__4,crackle_score,1,1
M39,train,cycle,135_2b1_Pl_mc_LittC2SE__5,crackle_score,1,0
M39,train,cycle,135_2b1_Pl_mc_LittC2SE__6,crackle_score,0.9060464453,0
M39,train,cycle,135_2b1_Pl_mc_LittC2SE__7,crackle_score,0.823392449,0
M39,train,cycle,135_2b1_Pl_mc_LittC2SE__8,crackle_score,0.9688741247,0
M39,train,cycle,135_2b1_Tc_mc_LittC2SE__0,crackle_score,0.4919301023,0
M39,train,cycle,135_2b1_Tc_mc_LittC2SE__1,crackle_score,0.6880199391,0
M39,train,cycle,135_2b1_Tc_mc_LittC2SE__2,crackle_score,0.593601886,0
M39,train,cycle,135_2b1_Tc_mc_LittC2SE__3,crackle_score,0.6027458645,0
M39,train,cycle,135_2b1_Tc_mc_LittC2SE__4,crackle_score,0.8394007051,0
M39,train,cycle,135_2b1_Tc_mc_LittC2SE__5,crackle_score,0.9492699364,0
M39,train,cycle,135_2b1_Tc_mc_LittC2SE__6,crackle_score,0.9241061908,0
M39,train,cycle,135_2b1_Tc_mc_LittC2SE__7,crackle_score,0.4877874763,0
M39,train,cycle,135_2b1_Tc_mc_LittC2SE__8,crackle_score,0.6899001928,0
M39,train,cycle,135_2b2_Al_mc_LittC2SE__0,crackle_score,0.8718947445,0
M39,train,cycle,135_2b2_Al_mc_LittC2SE__1,crackle_score,0.5464715185,0
M39,train,cycle,135_2b2_Al_mc_LittC2SE__2,crackle_score,0.7750936216,0
M39,train,cycle,135_2b2_Al_mc_LittC2SE__3,crackle_score,0.7953265366,0
M39,train,cycle,135_2b2_Al_mc_LittC2SE__4,crackle_score,0.7177380245,0
M39,train,cycle,135_2b2_Al_mc_LittC2SE__5,crackle_score,0.7551012219,0
M39,train,cycle,135_2b2_Al_mc_LittC2SE__6,crackle_score,0.7565906362,0
M39,train,cycle,135_2b2_Al_mc_LittC2SE__7,crackle_score,0.6592914759,0
M39,train,cycle,135_2b2_Ar_mc_LittC2SE__0,crackle_score,0.652216843,0
M39,train,cycle,135_2b2_Ar_mc_LittC2SE__1,crackle_score,0.1643869045,0
M39,train,cycle,135_2b2_Ar_mc_LittC2SE__2,crackle_score,0.6660085171,0
M39,train,cycle,135_2b2_Ar_mc_LittC2SE__3,crackle_score,0.4989291607,0
M39,train,cycle,135_2b2_Ar_mc_LittC2SE__4,crackle_score,0.955578004,0
M39,train,cycle,135_2b2_Ar_mc_LittC2SE__5,crackle_score,0.8342248969,0
M39,train,cycle,135_2b2_Ar_mc_LittC2SE__6,crackle_score,0.7601218317,0
M39,train,cycle,135_2b2_Ar_mc_LittC2SE__7,crackle_score,0.5321341057,0
M39,train,cycle,135_2b2_Pl_mc_LittC2SE__0,crackle_score,0.6967688484,0
M39,train,cycle,135_2b2_Pl_mc_LittC2SE__1,crackle_score,0.9074074074,0
M39,train,cycle,135_2b2_Pl_mc_LittC2SE__2,crackle_score,0.9828535589,0
M39,train,cycle,135_2b2_Pl_mc_LittC2SE__3,crackle_score,0.9508610296,0
M39,train,cycle,135_2b2_Pl_mc_LittC2SE__4,crackle_score,1,0
M39,train,cycle,135_2b2_Pl_mc_LittC2SE__5,crackle_score,0.8074079749,0
M39,train,cycle,135_2b2_Pl_mc_LittC2SE__6,crackle_score,0.1649991826,0
M39,train,cycle,135_2b2_Tc_mc_LittC2SE__0,crackle_score,0.5903936956,0
M39,train,cycle,135_2b2_Tc_mc_LittC2SE__1,crackle_score,0.8319898811,0
M39,train,cycle,135_2b2_Tc_mc_LittC2SE__2,crackle_score,0.8799285411,0
M39,train,cycle,135_2b2_Tc_mc_LittC2SE__3,crackle_score,0.803886111,0
M39,train,cycle,135_2b2_Tc_mc_LittC2SE__4,crackle_score,0.6291002014,0
M39,train,cycle,135_2b2_Tc_mc_LittC2SE__5,crackle_score,0.7334876612,0
M39,train,cycle,135_2b2_Tc_mc_LittC2SE__6,crackle_score,0.7474486061,0
M39,train,cycle,135_2b2_Tc_mc_LittC2SE__7,crackle_score,0.4703374805,0
M39,train,cycle,135_2b3_Al_mc_LittC2SE__0,crackle_score,0.8149083064,0
M39,train,cycle,135_2b3_Al_mc_LittC2SE__1,crackle_score,0.5504435299,0
M39,train,cycle,135_2b3_Al_mc_LittC2SE__2,crackle_score,0.9084561449,0
M39,train,cycle,135_2b3_Al_mc_LittC2SE__3,crackle_score,0.6591861864,0
M39,train,cycle,135_2b3_Al_mc_LittC2SE__4,crackle_score,0.6589204864,0
M39,train,cycle,135_2b3_Al_mc_LittC2SE__5,crackle_score,0.8102321604,0
M39,train,cycle,135_2b3_Al_mc_LittC2SE__6,crackle_score,1,0
M39,train,cycle,135_2b3_Al_mc_LittC2SE__7,crackle_score,1,0
M39,train,cycle,135_2b3_Al_mc_LittC2SE__8,crackle_score,0.4887916803,0
M39,train,cycle,135_2b3_Ar_mc_LittC2SE__0,crackle_score,0.5715520651,0
M39,train,cycle,135_2b3_Ar_mc_LittC2SE__1,crackle_score,0.6979947438,0
M39,train,cycle,135_2b3_Ar_mc_LittC2SE__2,crackle_score,0.6559904295,0
M39,train,cycle,135_2b3_Ar_mc_LittC2SE__3,crackle_score,0.5002079473,0
M39,train,cycle,135_2b3_Ar_mc_LittC2SE__4,crackle_score,0.7456218077,0
M39,train,cycle,135_2b3_Ar_mc_LittC2SE__5,crackle_score,0.4096741933,0
M39,train,cycle,135_2b3_Ar_mc_LittC2SE__6,crackle_score,0.7163779341,0
M39,train,cycle,135_2b3_Ar_mc_LittC2SE__7,crackle_score,0.5234156041,0
M39,train,cycle,135_2b3_Ar_mc_LittC2SE__8,crackle_score,0.1964559942,0
M39,train,cycle,135_2b3_Pl_mc_LittC2SE__0,crackle_score,0.7344916021,0
M39,train,cycle,135_2b3_Pl_mc_LittC2SE__1,crackle_score,0.6534588978,0
M39,train,cycle,135_2b3_Pl_mc_LittC2SE__2,crackle_score,0.6285588643,0
M39,train,cycle,135_2b3_Pl_mc_LittC2SE__3,crackle_score,0.7427608115,0
M39,train,cycle,135_2b3_Pl_mc_LittC2SE__4,crackle_score,1,0
M39,train,cycle,135_2b3_Pl_mc_LittC2SE__5,crackle_score,0.6363636364,0
M39,train,cycle,135_2b3_Pl_mc_LittC2SE__6,crackle_score,0.849928252,0
M39,train,cycle,135_2b3_Pl_mc_LittC2SE__7,crackle_score,0.7912295154,0
M39,train,cycle,135_2b3_Pl_mc_LittC2SE__8,crackle_score,0.3840875491,0
M39,train,cycle,135_2b3_Pr_mc_LittC2SE__0,crackle_score,0.4816072147,0
M39,train,cycle,135_2b3_Pr_mc_LittC2SE__1,crackle_score,0.4981785691,0
M39,train,cycle,135_2b3_Pr_mc_LittC2SE__2,crackle_score,0.6001208688,0
M39,train,cycle,135_2b3_Pr_mc_LittC2SE__3,crackle_score,0.5662171554,0
M39,train,cycle,135_2b3_Pr_mc_LittC2SE__4,crackle_score,0.7409432356,0
M39,train,cycle,135_2b3_Pr_mc_LittC2SE__5,crackle_score,0.6565431689,0
M39,train,cycle,135_2b3_Pr_mc_LittC2SE__6,crackle_score,0.7283828655,0
M39,train,cycle,135_2b3_Pr_mc_LittC2SE__7,crackle_score,0.7040578751,0
M39,train,cycle,135_2b3_Pr_mc_LittC2SE__8,crackle_score,0.5848504374,0
M39,train,cycle,135_2b3_Tc_mc_LittC2SE__0,crackle_score,0.5923441698,0
M39,train,cycle,135_2b3_Tc_mc_LittC2SE__1,crackle_score,0.5215561374,0
M39,train,cycle,135_2b3_Tc_mc_LittC2SE__2,crackle_score,0.6875648211,0
M39,train,cycle,135_2b3_Tc_mc_LittC2SE__3,crackle_score,0.6377044586,0
M39,train,cycle,135_2b3_Tc_mc_LittC2SE__4,crackle_score,0.9405416038,0
M39,train,cycle,135_2b3_Tc_mc_LittC2SE__5,crackle_score,0.6852255448,0
M39,train,cycle,135_2b3_Tc_mc_LittC2SE__6,crackle_score,0.6457853099,0
M39,train,cycle,135_2b3_Tc_mc_LittC2SE__7,crackle_score,0.7094180129,0
M39,train,cycle,135_2b3_Tc_mc_LittC2SE__8,crackle_score,0.2863806352,0
M39,train,cycle,137_1b1_Ar_sc_Meditron__0,crackle_score,0.7314059432,0
M39,train,cycle,137_1b1_Ar_sc_Meditron__1,crackle_score,0.7314897216,0
M39,train,cycle,137_1b1_Ar_sc_Meditron__2,crackle_score,0.9029190068,0
M39,train,cycle,137_1b1_Ar_sc_Meditron__3,crackle_score,0.7101161921,0
M39,train,cycle,137_1b1_Ar_sc_Meditron__4,crackle_score,0.7998128623,0
M39,train,cycle,137_1b1_Ar_sc_Meditron__5,crackle_score,0.6755114398,0
M39,train,cycle,137_1b1_Ar_sc_Meditron__6,crackle_score,0.6983685576,0
M39,train,cycle,137_1b1_Ar_sc_Meditron__7,crackle_score,0.7355443903,0
M39,train,cycle,137_1b1_Ll_sc_Meditron__0,crackle_score,0.5492344141,0
M39,train,cycle,137_1b1_Ll_sc_Meditron__1,crackle_score,0.7773507255,0
M39,train,cycle,137_1b1_Ll_sc_Meditron__2,crackle_score,0.8395605616,0
M39,train,cycle,137_1b1_Ll_sc_Meditron__3,crackle_score,0.792882104,0
M39,train,cycle,137_1b1_Ll_sc_Meditron__4,crackle_score,0.8363472232,0
M39,train,cycle,137_1b1_Ll_sc_Meditron__5,crackle_score,1,0
M39,train,cycle,137_1b1_Ll_sc_Meditron__6,crackle_score,0.7506635612,0
M39,train,cycle,137_1b1_Ll_sc_Meditron__7,crackle_score,0.9401692264,0
M39,train,cycle,137_1b1_Ll_sc_Meditron__8,crackle_score,0.4806390265,0
M39,train,cycle,138_1p2_Al_mc_AKGC417L__0,crackle_score,0.7843800178,0
M39,train,cycle,138_1p2_Al_mc_AKGC417L__1,crackle_score,0.7393959784,1
M39,train,cycle,138_1p2_Al_mc_AKGC417L__2,crackle_score,0.9573898372,1
M39,train,cycle,138_1p2_Al_mc_AKGC417L__3,crackle_score,0.9017531045,1
M39,train,cycle,138_1p2_Al_mc_AKGC417L__4,crackle_score,0.8468221418,1
M39,train,cycle,138_1p2_Ar_mc_AKGC417L__0,crackle_score,0.8937007874,1
M39,train,cycle,138_1p2_Ar_mc_AKGC417L__1,crackle_score,1,1
M39,train,cycle,138_1p2_Ar_mc_AKGC417L__2,crackle_score,0.7445371249,0
M39,train,cycle,138_1p2_Ar_mc_AKGC417L__3,crackle_score,0.8052713376,0
M39,train,cycle,138_1p2_Ar_mc_AKGC417L__4,crackle_score,0.9458066314,0
M39,train,cycle,138_1p2_Ll_mc_AKGC417L__0,crackle_score,0.8210893266,1
M39,train,cycle,138_1p2_Ll_mc_AKGC417L__1,crackle_score,0.8032767947,1
M39,train,cycle,138_1p2_Ll_mc_AKGC417L__2,crackle_score,0.8356263547,1
M39,train,cycle,138_1p2_Ll_mc_AKGC417L__3,crackle_score,0.8661908763,1
M39,train,cycle,138_1p2_Ll_mc_AKGC417L__4,crackle_score,0.8300701545,1
M39,train,cycle,138_1p2_Lr_mc_AKGC417L__0,crackle_score,0.949943757,1
M39,train,cycle,138_1p2_Lr_mc_AKGC417L__1,crackle_score,0.9076411816,1
M39,train,cycle,138_1p2_Lr_mc_AKGC417L__2,crackle_score,0.9997418055,1
M39,train,cycle,138_1p2_Lr_mc_AKGC417L__3,crackle_score,0.9862147118,1
M39,train,cycle,138_1p2_Lr_mc_AKGC417L__4,crackle_score,0.8062182431,1
M39,train,cycle,138_1p2_Pl_mc_AKGC417L__0,crackle_score,0.5406008467,1
M39,train,cycle,138_1p2_Pl_mc_AKGC417L__1,crackle_score,0.5182911686,1
M39,train,cycle,138_1p2_Pl_mc_AKGC417L__2,crackle_score,0.5395622115,1
M39,train,cycle,138_1p2_Pl_mc_AKGC417L__3,crackle_score,0.5159354957,1
M39,train,cycle,138_1p2_Pl_mc_AKGC417L__4,crackle_score,0.4944246425,1
M39,train,cycle,138_1p2_Pr_mc_AKGC417L__0,crackle_score,0.7047700049,1
M39,train,cycle,138_1p2_Pr_mc_AKGC417L__1,crackle_score,0.6834919254,1
M39,train,cycle,138_1p2_Pr_mc_AKGC417L__2,crackle_score,0.7132599386,1
M39,train,cycle,138_1p2_Pr_mc_AKGC417L__3,crackle_score,0.7572284136,1
M39,train,cycle,138_1p2_Pr_mc_AKGC417L__4,crackle_score,0.7401716985,1
M39,train,cycle,138_1p2_Tc_mc_AKGC417L__0,crackle_score,0.5313612677,0
M39,train,cycle,138_1p2_Tc_mc_AKGC417L__1,crackle_score,0.4745211335,0
M39,train,cycle,138_1p2_Tc_mc_AKGC417L__2,crackle_score,0.6837933338,0
M39,train,cycle,138_1p2_Tc_mc_AKGC417L__3,crackle_score,0.7286780669,0
M39,train,cycle,138_1p2_Tc_mc_AKGC417L__4,crackle_score,0.8397945054,0
M39,train,cycle,138_1p3_Al_mc_AKGC417L__0,crackle_score,1,0
M39,train,cycle,138_1p3_Al_mc_AKGC417L__1,crackle_score,0.8487472447,0
M39,train,cycle,138_1p3_Al_mc_AKGC417L__2,crackle_score,0.845298793,0
M39,train,cycle,138_1p3_Al_mc_AKGC417L__3,crackle_score,0.9829751268,0
M39,train,cycle,138_1p3_Al_mc_AKGC417L__4,crackle_score,0.9259850905,0
M39,train,cycle,138_1p3_Ar_mc_AKGC417L__0,crackle_score,0.5220271544,1
M39,train,cycle,138_1p3_Ar_mc_AKGC417L__1,crackle_score,0.5088345985,1
M39,train,cycle,138_1p3_Ar_mc_AKGC417L__2,crackle_score,0.5078634708,1
M39,train,cycle,138_1p3_Ar_mc_AKGC417L__3,crackle_score,0.5218239498,1
M39,train,cycle,138_1p3_Ar_mc_AKGC417L__4,crackle_score,0.518080592,1
M39,train,cycle,138_1p3_Ll_mc_AKGC417L__0,crackle_score,0.8375427197,1
M39,train,cycle,138_1p3_Ll_mc_AKGC417L__1,crackle_score,0.921169208,1
M39,train,cycle,138_1p3_Ll_mc_AKGC417L__2,crackle_score,0.9692471397,1
M39,train,cycle,138_1p3_Ll_mc_AKGC417L__3,crackle_score,0.9707179992,1
M39,train,cycle,138_1p3_Ll_mc_AKGC417L__4,crackle_score,0.9392971246,1
M39,train,cycle,138_1p3_Lr_mc_AKGC417L__0,crackle_score,1,1
M39,train,cycle,138_1p3_Lr_mc_AKGC417L__1,crackle_score,1,1
M39,train,cycle,138_1p3_Lr_mc_AKGC417L__2,crackle_score,0.7351485149,1
M39,train,cycle,138_1p3_Lr_mc_AKGC417L__3,crackle_score,0.9467519923,1
M39,train,cycle,138_1p3_Lr_mc_AKGC417L__4,crackle_score,0.6560760517,1
M39,train,cycle,138_1p3_Pl_mc_AKGC417L__0,crackle_score,0.6113167824,0
M39,train,cycle,138_1p3_Pl_mc_AKGC417L__1,crackle_score,0.5521432667,1
M39,train,cycle,138_1p3_Pl_mc_AKGC417L__2,crackle_score,0.5587071975,1
M39,train,cycle,138_1p3_Pl_mc_AKGC417L__3,crackle_score,0.4996828177,1
M39,train,cycle,138_1p3_Pl_mc_AKGC417L__4,crackle_score,0.5531441689,1
M39,train,cycle,138_1p3_Pr_mc_AKGC417L__0,crackle_score,0.8178088777,1
M39,train,cycle,138_1p3_Pr_mc_AKGC417L__1,crackle_score,0.7275668325,1
M39,train,cycle,138_1p3_Pr_mc_AKGC417L__2,crackle_score,0.7474887188,1
M39,train,cycle,138_1p3_Pr_mc_AKGC417L__3,crackle_score,0.7710247722,1
M39,train,cycle,138_1p3_Pr_mc_AKGC417L__4,crackle_score,0.852453568,1
M39,train,cycle,138_1p3_Tc_mc_AKGC417L__0,crackle_score,0.6356870727,1
M39,train,cycle,138_1p3_Tc_mc_AKGC417L__1,crackle_score,0.6363829165,0
M39,train,cycle,138_1p3_Tc_mc_AKGC417L__2,crackle_score,0.6236492745,1
M39,train,cycle,138_1p3_Tc_mc_AKGC417L__3,crackle_score,0.7777242311,0
M39,train,cycle,138_1p3_Tc_mc_AKGC417L__4,crackle_score,0.6869199215,0
M39,train,cycle,138_1p4_Ar_mc_AKGC417L__0,crackle_score,0.5258133423,1
M39,train,cycle,138_1p4_Ar_mc_AKGC417L__1,crackle_score,0.5199619905,1
M39,train,cycle,138_1p4_Ar_mc_AKGC417L__2,crackle_score,0.5267591654,1
M39,train,cycle,138_1p4_Ar_mc_AKGC417L__3,crackle_score,0.5312526357,1
M39,train,cycle,138_1p4_Ar_mc_AKGC417L__4,crackle_score,0.5116238713,0
M39,train,cycle,138_1p4_Ll_mc_AKGC417L__0,crackle_score,0.9224270353,1
M39,train,cycle,138_1p4_Ll_mc_AKGC417L__1,crackle_score,0.8836155038,1
M39,train,cycle,138_1p4_Ll_mc_AKGC417L__2,crackle_score,0.882562719,1
M39,train,cycle,138_1p4_Ll_mc_AKGC417L__3,crackle_score,0.9179017153,0
M39,train,cycle,138_1p4_Ll_mc_AKGC417L__4,crackle_score,0.8444621092,1
M39,train,cycle,138_1p4_Lr_mc_AKGC417L__0,crackle_score,1,1
M39,train,cycle,138_1p4_Lr_mc_AKGC417L__1,crackle_score,0.8917108921,1
M39,train,cycle,138_1p4_Lr_mc_AKGC417L__2,crackle_score,0.8626107977,1
M39,train,cycle,138_1p4_Lr_mc_AKGC417L__3,crackle_score,0.8790566502,1
M39,train,cycle,138_1p4_Lr_mc_AKGC417L__4,crackle_score,1,1
M39,train,cycle,138_1p4_Pl_mc_AKGC417L__0,crackle_score,0.531446814,1
M39,train,cycle,138_1p4_Pl_mc_AKGC417L__1,crackle_score,0.5394570717,1
M39,train,cycle,138_1p4_Pl_mc_AKGC417L__2,crackle_score,0.5433609664,1
M39,train,cycle,138_1p4_Pl_mc_AKGC417L__3,crackle_score,0.4224303902,1
M39,train,cycle,138_1p4_Pl_mc_AKGC417L__4,crackle_score,0.4751343948,0
M39,train,cycle,138_1p4_Pr_mc_AKGC417L__0,crackle_score,0.7360676411,1
M39,train,cycle,138_1p4_Pr_mc_AKGC417L__1,crackle_score,0.7040717499,1
M39,train,cycle,138_1p4_Pr_mc_AKGC417L__2,crackle_score,0.7229957098,1
M39,train,cycle,138_1p4_Pr_mc_AKGC417L__3,crackle_score,0.7698337028,1
M39,train,cycle,138_1p4_Pr_mc_AKGC417L__4,crackle_score,0.6890337888,1
M39,train,cycle,138_1p4_Tc_mc_AKGC417L__0,crackle_score,0.3975762944,0
M39,train,cycle,138_1p4_Tc_mc_AKGC417L__1,crackle_score,0.5570579593,0
M39,train,cycle,138_1p4_Tc_mc_AKGC417L__2,crackle_score,0.5735538789,0
M39,train,cycle,138_1p4_Tc_mc_AKGC417L__3,crackle_score,0.7751774126,0
M39,train,cycle,138_1p4_Tc_mc_AKGC417L__4,crackle_score,0.5659925888,0
M39,train,cycle,138_2p2_Al_mc_AKGC417L__0,crackle_score,1,1
M39,train,cycle,138_2p2_Al_mc_AKGC417L__1,crackle_score,1,1
M39,train,cycle,138_2p2_Al_mc_AKGC417L__2,crackle_score,0.9819277108,1
M39,train,cycle,138_2p2_Al_mc_AKGC417L__3,crackle_score,1,1
M39,train,cycle,138_2p2_Al_mc_AKGC417L__4,crackle_score,0.9959938955,1
M39,train,cycle,138_2p2_Al_mc_AKGC417L__5,crackle_score,0.9368174727,1
M39,train,cycle,138_2p2_Al_mc_AKGC417L__6,crackle_score,0.8607503608,1
M39,train,cycle,138_2p2_Ar_mc_AKGC417L__0,crackle_score,0.6415194335,0
M39,train,cycle,138_2p2_Ar_mc_AKGC417L__1,crackle_score,0.4817224928,1
M39,train,cycle,138_2p2_Ar_mc_AKGC417L__2,crackle_score,0.6317703036,1
M39,train,cycle,138_2p2_Ar_mc_AKGC417L__3,crackle_score,0.6338283704,1
M39,train,cycle,138_2p2_Ar_mc_AKGC417L__4,crackle_score,0.5570133836,1
M39,train,cycle,138_2p2_Ar_mc_AKGC417L__5,crackle_score,0.5049971631,1
M39,train,cycle,138_2p2_Ar_mc_AKGC417L__6,crackle_score,0.5874022355,1
M39,train,cycle,138_2p2_Ll_mc_AKGC417L__0,crackle_score,0.5737149153,0
M39,train,cycle,138_2p2_Ll_mc_AKGC417L__1,crackle_score,0.5713617795,0
M39,train,cycle,138_2p2_Ll_mc_AKGC417L__2,crackle_score,0.5468936804,1
M39,train,cycle,138_2p2_Ll_mc_AKGC417L__3,crackle_score,0.5742882366,0
M39,train,cycle,138_2p2_Ll_mc_AKGC417L__4,crackle_score,0.5468202834,0
M39,train,cycle,138_2p2_Ll_mc_AKGC417L__5,crackle_score,0.5995880741,0
M39,train,cycle,138_2p2_Ll_mc_AKGC417L__6,crackle_score,0.3636073382,0
M39,train,cycle,138_2p2_Lr_mc_AKGC417L__0,crackle_score,0.698720709,1
M39,train,cycle,138_2p2_Lr_mc_AKGC417L__1,crackle_score,0.7377013578,0
M39,train,cycle,138_2p2_Lr_mc_AKGC417L__2,crackle_score,0.7099915435,1
M39,train,cycle,138_2p2_Lr_mc_AKGC417L__3,crackle_score,0.7350114074,1
M39,train,cycle,138_2p2_Lr_mc_AKGC417L__4,crackle_score,0.7542510819,1
M39,train,cycle,138_2p2_Lr_mc_AKGC417L__5,crackle_score,0.7496999196,0
M39,train,cycle,138_2p2_Lr_mc_AKGC417L__6,crackle_score,0.6585260969,1
M39,train,cycle,138_2p2_Pl_mc_AKGC417L__0,crackle_score,0.79296875,1
M39,train,cycle,138_2p2_Pl_mc_AKGC417L__1,crackle_score,0.9903677758,1
M39,train,cycle,138_2p2_Pl_mc_AKGC417L__2,crackle_score,1,1
M39,train,cycle,138_2p2_Pl_mc_AKGC417L__3,crackle_score,0.7376204132,1
M39,train,cycle,138_2p2_Pl_mc_AKGC417L__4,crackle_score,0.8383679386,1
M39,train,cycle,138_2p2_Pl_mc_AKGC417L__5,crackle_score,1,1
M39,train,cycle,138_2p2_Pl_mc_AKGC417L__6,crackle_score,0.607635301,0
M39,train,cycle,138_2p2_Pr_mc_AKGC417L__0,crackle_score,1,1
M39,train,cycle,138_2p2_Pr_mc_AKGC417L__1,crackle_score,0.9291459631,1
M39,train,cycle,138_2p2_Pr_mc_AKGC417L__2,crackle_score,0.7372642212,1
M39,train,cycle,138_2p2_Pr_mc_AKGC417L__3,crackle_score,0.7987431241,1
M39,train,cycle,138_2p2_Pr_mc_AKGC417L__4,crackle_score,0.9530268311,1
M39,train,cycle,138_2p2_Pr_mc_AKGC417L__5,crackle_score,0.820473732,1
M39,train,cycle,138_2p2_Pr_mc_AKGC417L__6,crackle_score,0.8611923985,1
M39,train,cycle,138_2p2_Tc_mc_AKGC417L__0,crackle_score,0.7621348091,1
M39,train,cycle,138_2p2_Tc_mc_AKGC417L__1,crackle_score,0.8164430652,0
M39,train,cycle,138_2p2_Tc_mc_AKGC417L__2,crackle_score,0.8623839404,1
M39,train,cycle,138_2p2_Tc_mc_AKGC417L__3,crackle_score,1,0
M39,train,cycle,138_2p2_Tc_mc_AKGC417L__4,crackle_score,1,1
M39,train,cycle,138_2p2_Tc_mc_AKGC417L__5,crackle_score,0.8856906926,0
M39,train,cycle,138_2p2_Tc_mc_AKGC417L__6,crackle_score,0.9700438654,0
M39,train,cycle,140_2b2_Ll_mc_LittC2SE__0,crackle_score,0.6410236069,0
M39,train,cycle,140_2b2_Ll_mc_LittC2SE__1,crackle_score,0.6345287225,0
M39,train,cycle,140_2b2_Ll_mc_LittC2SE__2,crackle_score,0.6334147026,0
M39,train,cycle,140_2b2_Ll_mc_LittC2SE__3,crackle_score,0.6441989575,0
M39,train,cycle,140_2b2_Ll_mc_LittC2SE__4,crackle_score,0.7365453918,0
M39,train,cycle,140_2b2_Ll_mc_LittC2SE__5,crackle_score,0.5928966908,0
M39,train,cycle,140_2b2_Ll_mc_LittC2SE__6,crackle_score,0.6231568359,1
M39,train,cycle,140_2b2_Ll_mc_LittC2SE__7,crackle_score,0.7967852569,0
M39,train,cycle,140_2b2_Ll_mc_LittC2SE__8,crackle_score,0.7711231773,0
M39,train,cycle,140_2b2_Ll_mc_LittC2SE__9,crackle_score,0.8031026894,0
M39,train,cycle,140_2b2_Ll_mc_LittC2SE__10,crackle_score,0.4295827805,0
M39,train,cycle,140_2b2_Tc_mc_LittC2SE__0,crackle_score,0.8717325173,0
M39,train,cycle,140_2b2_Tc_mc_LittC2SE__1,crackle_score,0.8986950118,1
M39,train,cycle,140_2b2_Tc_mc_LittC2SE__2,crackle_score,1,0
M39,train,cycle,140_2b2_Tc_mc_LittC2SE__3,crackle_score,0.6406815596,0
M39,train,cycle,140_2b2_Tc_mc_LittC2SE__4,crackle_score,0.9153204044,0
M39,train,cycle,140_2b2_Tc_mc_LittC2SE__5,crackle_score,0.7479833327,0
M39,train,cycle,140_2b2_Tc_mc_LittC2SE__6,crackle_score,0.9807415775,0
M39,train,cycle,140_2b2_Tc_mc_LittC2SE__7,crackle_score,0.879990823,0
M39,train,cycle,140_2b2_Tc_mc_LittC2SE__8,crackle_score,1,0
M39,train,cycle,140_2b2_Tc_mc_LittC2SE__9,crackle_score,0.6848590396,0
M39,train,cycle,140_2b3_Ll_mc_LittC2SE__0,crackle_score,0.4735444712,0
M39,train,cycle,140_2b3_Ll_mc_LittC2SE__1,crackle_score,0.7057021505,0
M39,train,cycle,140_2b3_Ll_mc_LittC2SE__2,crackle_score,0.6903007914,0
M39,train,cycle,140_2b3_Ll_mc_LittC2SE__3,crackle_score,0.5769273894,0
M39,train,cycle,140_2b3_Ll_mc_LittC2SE__4,crackle_score,0.7303448432,0
M39,train,cycle,140_2b3_Ll_mc_LittC2SE__5,crackle_score,0.5090822346,0
M39,train,cycle,140_2b3_Ll_mc_LittC2SE__6,crackle_score,0.7840202012,0
M39,train,cycle,140_2b3_Ll_mc_LittC2SE__7,crackle_score,0.5248191991,0
M39,train,cycle,140_2b3_Ll_mc_LittC2SE__8,crackle_score,0.6277778981,0
M39,train,cycle,140_2b3_Tc_mc_LittC2SE__0,crackle_score,0.7982359277,0
M39,train,cycle,140_2b3_Tc_mc_LittC2SE__1,crackle_score,0.4347043029,0
M39,train,cycle,140_2b3_Tc_mc_LittC2SE__2,crackle_score,0.7483354164,0
M39,train,cycle,140_2b3_Tc_mc_LittC2SE__3,crackle_score,0.6139292921,0
M39,train,cycle,140_2b3_Tc_mc_LittC2SE__4,crackle_score,0.6299976772,0
M39,train,cycle,140_2b3_Tc_mc_LittC2SE__5,crackle_score,0.7333468906,0
M39,train,cycle,140_2b3_Tc_mc_LittC2SE__6,crackle_score,0.6500148424,0
M39,train,cycle,140_2b3_Tc_mc_LittC2SE__7,crackle_score,0.6755396901,0
M39,train,cycle,140_2b3_Tc_mc_LittC2SE__8,crackle_score,0.7070659346,0
M39,train,cycle,140_2b3_Tc_mc_LittC2SE__9,crackle_score,0.501150094,0
M39,train,cycle,141_1b1_Pr_mc_LittC2SE__0,crackle_score,0.8976957572,0
M39,train,cycle,141_1b1_Pr_mc_LittC2SE__1,crackle_score,1,0
M39,train,cycle,141_1b1_Pr_mc_LittC2SE__2,crackle_score,1,0
M39,train,cycle,141_1b1_Pr_mc_LittC2SE__3,crackle_score,1,1
M39,train,cycle,141_1b1_Pr_mc_LittC2SE__4,crackle_score,0.8562824519,0
M39,train,cycle,141_1b2_Ar_mc_LittC2SE__0,crackle_score,0.5547181925,0
M39,train,cycle,141_1b2_Ar_mc_LittC2SE__1,crackle_score,0.712236244,0
M39,train,cycle,141_1b2_Ar_mc_LittC2SE__2,crackle_score,0.8041109227,0
M39,train,cycle,141_1b2_Ar_mc_LittC2SE__3,crackle_score,0.8657127212,1
M39,train,cycle,141_1b2_Ar_mc_LittC2SE__4,crackle_score,0.6078753821,0
M39,train,cycle,141_1b2_Ar_mc_LittC2SE__5,crackle_score,0.4056182602,0
M39,train,cycle,141_1b2_Lr_mc_LittC2SE__0,crackle_score,1,0
M39,train,cycle,141_1b2_Lr_mc_LittC2SE__1,crackle_score,0.8311275576,0
M39,train,cycle,141_1b2_Lr_mc_LittC2SE__2,crackle_score,0.8279290609,0
M39,train,cycle,141_1b2_Lr_mc_LittC2SE__3,crackle_score,0.8660541736,0
M39,train,cycle,141_1b2_Lr_mc_LittC2SE__4,crackle_score,0.8766218065,0
M39,train,cycle,141_1b2_Pr_mc_LittC2SE__0,crackle_score,0.4118037746,0
M39,train,cycle,141_1b2_Pr_mc_LittC2SE__1,crackle_score,1,1
M39,train,cycle,141_1b2_Pr_mc_LittC2SE__2,crackle_score,1,1
M39,train,cycle,141_1b2_Pr_mc_LittC2SE__3,crackle_score,1,0
M39,train,cycle,141_1b2_Pr_mc_LittC2SE__4,crackle_score,1,1
M39,train,cycle,141_1b2_Pr_mc_LittC2SE__5,crackle_score,1,0
M39,train,cycle,141_1b2_Tc_mc_LittC2SE__0,crackle_score,0.8863263873,0
M39,train,cycle,141_1b2_Tc_mc_LittC2SE__1,crackle_score,0.8439746841,0
M39,train,cycle,141_1b2_Tc_mc_LittC2SE__2,crackle_score,0.5716586941,0
M39,train,cycle,141_1b2_Tc_mc_LittC2SE__3,crackle_score,0.6575026903,0
M39,train,cycle,141_1b2_Tc_mc_LittC2SE__4,crackle_score,0.6141217256,0
M39,train,cycle,141_1b3_Al_mc_LittC2SE__0,crackle_score,0.9283604136,0
M39,train,cycle,141_1b3_Al_mc_LittC2SE__1,crackle_score,0.8000028281,0
M39,train,cycle,141_1b3_Al_mc_LittC2SE__2,crackle_score,0.7139378564,0
M39,train,cycle,141_1b3_Al_mc_LittC2SE__3,crackle_score,0.6808345141,0
M39,train,cycle,141_1b3_Al_mc_LittC2SE__4,crackle_score,0.5437869988,0
M39,train,cycle,141_1b3_Ar_mc_LittC2SE__0,crackle_score,0.7271788025,0
M39,train,cycle,141_1b3_Ar_mc_LittC2SE__1,crackle_score,0.7689851556,0
M39,train,cycle,141_1b3_Ar_mc_LittC2SE__2,crackle_score,0.5952536834,0
M39,train,cycle,141_1b3_Ar_mc_LittC2SE__3,crackle_score,0.6556685776,0
M39,train,cycle,141_1b3_Ar_mc_LittC2SE__4,crackle_score,0.7104282499,0
M39,train,cycle,141_1b3_Pr_mc_LittC2SE__0,crackle_score,0.5671567417,1
M39,train,cycle,141_1b3_Pr_mc_LittC2SE__1,crackle_score,0.9390018484,1
M39,train,cycle,141_1b3_Pr_mc_LittC2SE__2,crackle_score,1,1
M39,train,cycle,141_1b3_Pr_mc_LittC2SE__3,crackle_score,1,1
M39,train,cycle,141_1b3_Pr_mc_LittC2SE__4,crackle_score,1,1
M39,train,cycle,141_1b3_Pr_mc_LittC2SE__5,crackle_score,1,1
M39,train,cycle,142_1b1_Pl_mc_LittC2SE__0,crackle_score,0.6461847436,1
M39,train,cycle,142_1b1_Pl_mc_LittC2SE__1,crackle_score,0.9558209949,1
M39,train,cycle,142_1b1_Pl_mc_LittC2SE__2,crackle_score,0.6954779442,1
M39,train,cycle,142_1b1_Pl_mc_LittC2SE__3,crackle_score,0.7174323336,1
M39,train,cycle,142_1b1_Pl_mc_LittC2SE__4,crackle_score,0.8372782625,1
M39,train,cycle,142_1b1_Pl_mc_LittC2SE__5,crackle_score,0.7311421868,1
M39,train,cycle,142_1b1_Pl_mc_LittC2SE__6,crackle_score,0.8087332928,1
M39,train,cycle,142_1b1_Pl_mc_LittC2SE__7,crackle_score,0.7009349627,1
M39,train,cycle,142_1b1_Pl_mc_LittC2SE__8,crackle_score,0.6704083979,1
M39,train,cycle,148_1b1_Al_sc_Meditron__0,crackle_score,0.1942624982,0
M39,train,cycle,148_1b1_Al_sc_Meditron__1,crackle_score,0.6929929803,0
M39,train,cycle,148_1b1_Al_sc_Meditron__2,crackle_score,0.6101714726,0
M39,train,cycle,148_1b1_Al_sc_Meditron__3,crackle_score,0.8166877825,0
M39,train,cycle,148_1b1_Al_sc_Meditron__4,crackle_score,0.7258161258,0
M39,train,cycle,148_1b1_Al_sc_Meditron__5,crackle_score,1,0
M39,train,cycle,148_1b1_Al_sc_Meditron__6,crackle_score,0.8689201819,0
M39,train,cycle,148_1b1_Al_sc_Meditron__7,crackle_score,0.7279269189,0
M39,train,cycle,148_1b1_Al_sc_Meditron__8,crackle_score,1,0
M39,train,cycle,148_1b1_Al_sc_Meditron__9,crackle_score,0.7129995166,0
M39,train,cycle,148_1b1_Al_sc_Meditron__10,crackle_score,0.7743572757,0
M39,train,cycle,152_1b1_Al_sc_Meditron__0,crackle_score,0.5659806795,0
M39,train,cycle,152_1b1_Al_sc_Meditron__1,crackle_score,0.8467635403,0
M39,train,cycle,152_1b1_Al_sc_Meditron__2,crackle_score,0.9099790962,0
M39,train,cycle,152_1b1_Al_sc_Meditron__3,crackle_score,0.8768844221,0
M39,train,cycle,152_1b1_Al_sc_Meditron__4,crackle_score,0.7855231136,0
M39,train,cycle,152_1b1_Al_sc_Meditron__5,crackle_score,0.8818266485,0
M39,train,cycle,152_1b1_Al_sc_Meditron__6,crackle_score,0.6609778135,0
M39,train,cycle,153_1b1_Al_sc_Meditron__0,crackle_score,0.9292648313,0
M39,train,cycle,153_1b1_Al_sc_Meditron__1,crackle_score,0.8422008078,0
M39,train,cycle,153_1b1_Al_sc_Meditron__2,crackle_score,0.8161439171,0
M39,train,cycle,153_1b1_Al_sc_Meditron__3,crackle_score,0.7002073983,0
M39,train,cycle,153_1b1_Al_sc_Meditron__4,crackle_score,0.9021232871,0
M39,train,cycle,153_1b1_Al_sc_Meditron__5,crackle_score,0.7383164168,0
M39,train,cycle,153_1b1_Al_sc_Meditron__6,crackle_score,1,0
M39,train,cycle,153_1b1_Al_sc_Meditron__7,crackle_score,0.8748709856,0
M39,train,cycle,153_1b1_Al_sc_Meditron__8,crackle_score,0.463711327,0
M39,train,cycle,154_1b3_Al_mc_AKGC417L__0,crackle_score,0.7341859015,1
M39,train,cycle,154_1b3_Al_mc_AKGC417L__1,crackle_score,0.7696898504,1
M39,train,cycle,154_1b3_Al_mc_AKGC417L__2,crackle_score,0.714470135,1
M39,train,cycle,154_1b3_Al_mc_AKGC417L__3,crackle_score,0.7124456151,1
M39,train,cycle,154_1b3_Al_mc_AKGC417L__4,crackle_score,0.7157651595,0
M39,train,cycle,154_1b3_Al_mc_AKGC417L__5,crackle_score,0.714954931,0
M39,train,cycle,154_1b3_Al_mc_AKGC417L__6,crackle_score,0.615969221,1
M39,train,cycle,154_1b3_Al_mc_AKGC417L__7,crackle_score,0.653933968,1
M39,train,cycle,154_1b3_Al_mc_AKGC417L__8,crackle_score,0.616348234,0
M39,train,cycle,154_1b3_Al_mc_AKGC417L__9,crackle_score,0.7139908382,1
M39,train,cycle,154_1b3_Al_mc_AKGC417L__10,crackle_score,0.7293036525,1
M39,train,cycle,154_1b3_Al_mc_AKGC417L__11,crackle_score,0.5764467518,1
M39,train,cycle,154_1b3_Ar_mc_AKGC417L__0,crackle_score,0.7852697095,0
M39,train,cycle,154_1b3_Ar_mc_AKGC417L__1,crackle_score,0.3445207344,0
M39,train,cycle,154_1b3_Ar_mc_AKGC417L__2,crackle_score,0.6363884343,0
M39,train,cycle,154_1b3_Ar_mc_AKGC417L__3,crackle_score,0.759115382,0
M39,train,cycle,154_1b3_Ar_mc_AKGC417L__4,crackle_score,0.5037404609,0
M39,train,cycle,154_1b3_Ar_mc_AKGC417L__5,crackle_score,0.662740995,1
M39,train,cycle,154_1b3_Ar_mc_AKGC417L__6,crackle_score,0.4588719912,0
M39,train,cycle,154_1b3_Ar_mc_AKGC417L__7,crackle_score,0.5431711453,0
M39,train,cycle,154_1b3_Ar_mc_AKGC417L__8,crackle_score,0.4011247521,0
M39,train,cycle,154_1b3_Ar_mc_AKGC417L__9,crackle_score,0.6760173816,0
M39,train,cycle,154_1b3_Ar_mc_AKGC417L__10,crackle_score,0.5264091477,0
M39,train,cycle,154_1b3_Ar_mc_AKGC417L__11,crackle_score,0.1853303575,0
M39,train,cycle,154_1b3_Ll_mc_AKGC417L__0,crackle_score,0.7262559516,1
M39,train,cycle,154_1b3_Ll_mc_AKGC417L__1,crackle_score,0.7196323748,1
M39,train,cycle,154_1b3_Ll_mc_AKGC417L__2,crackle_score,0.6606440788,1
M39,train,cycle,154_1b3_Ll_mc_AKGC417L__3,crackle_score,0.7139187846,1
M39,train,cycle,154_1b3_Ll_mc_AKGC417L__4,crackle_score,0.6799379965,1
M39,train,cycle,154_1b3_Ll_mc_AKGC417L__5,crackle_score,0.7757222105,1
M39,train,cycle,154_1b3_Ll_mc_AKGC417L__6,crackle_score,0.8017893627,1
M39,train,cycle,154_1b3_Ll_mc_AKGC417L__7,crackle_score,0.9640072547,1
M39,train,cycle,154_1b3_Ll_mc_AKGC417L__8,crackle_score,0.6477123678,1
M39,train,cycle,154_1b3_Ll_mc_AKGC417L__9,crackle_score,0.6661673655,1
M39,train,cycle,154_1b3_Ll_mc_AKGC417L__10,crackle_score,0.6806896383,1
M39,train,cycle,154_1b3_Ll_mc_AKGC417L__11,crackle_score,0.2678126746,0
M39,train,cycle,154_1b3_Lr_mc_AKGC417L__0,crackle_score,0.6815545816,1
M39,train,cycle,154_1b3_Lr_mc_AKGC417L__1,crackle_score,0.7218885609,0
M39,train,cycle,154_1b3_Lr_mc_AKGC417L__2,crackle_score,0.7136371345,0
M39,train,cycle,154_1b3_Lr_mc_AKGC417L__3,crackle_score,0.7782139324,0
M39,train,cycle,154_1b3_Lr_mc_AKGC417L__4,crackle_score,0.7431977426,0
M39,train,cycle,154_1b3_Lr_mc_AKGC417L__5,crackle_score,0.6551331307,1
M39,train,cycle,154_1b3_Lr_mc_AKGC417L__6,crackle_score,0.7613823067,0
M39,train,cycle,154_1b3_Lr_mc_AKGC417L__7,crackle_score,0.6792006416,0
M39,train,cycle,154_1b3_Lr_mc_AKGC417L__8,crackle_score,0.9297771942,0
M39,train,cycle,154_1b3_Lr_mc_AKGC417L__9,crackle_score,0.9038226328,0
M39,train,cycle,154_1b3_Lr_mc_AKGC417L__10,crackle_score,0.8503696345,0
M39,train,cycle,154_1b3_Lr_mc_AKGC417L__11,crackle_score,0.6441163755,0
M39,train,cycle,154_1b3_Pl_mc_AKGC417L__0,crackle_score,1,1
M39,train,cycle,154_1b3_Pl_mc_AKGC417L__1,crackle_score,1,1
M39,train,cycle,154_1b3_Pl_mc_AKGC417L__2,crackle_score,0.8563960174,1
M39,train,cycle,154_1b3_Pl_mc_AKGC417L__3,crackle_score,0.7977745072,1
M39,train,cycle,154_1b3_Pl_mc_AKGC417L__4,crackle_score,0.9225562377,1
M39,train,cycle,154_1b3_Pl_mc_AKGC417L__5,crackle_score,0.8308574207,1
M39,train,cycle,154_1b3_Pl_mc_AKGC417L__6,crackle_score,0.7816927364,1
M39,train,cycle,154_1b3_Pl_mc_AKGC417L__7,crackle_score,0.8709019283,1
M39,train,cycle,154_1b3_Pl_mc_AKGC417L__8,crackle_score,0.7592833803,1
M39,train,cycle,154_1b3_Pl_mc_AKGC417L__9,crackle_score,0.97040364,1
M39,train,cycle,154_1b3_Pl_mc_AKGC417L__10,crackle_score,0.894870288,0
M39,train,cycle,154_1b3_Pl_mc_AKGC417L__11,crackle_score,0.4233496154,0
M39,train,cycle,154_1b3_Pr_mc_AKGC417L__0,crackle_score,0.7935058695,1
M39,train,cycle,154_1b3_Pr_mc_AKGC417L__1,crackle_score,0.8007932917,0
M39,train,cycle,154_1b3_Pr_mc_AKGC417L__2,crackle_score,0.7585460275,1
M39,train,cycle,154_1b3_Pr_mc_AKGC417L__3,crackle_score,0.7991831627,1
M39,train,cycle,154_1b3_Pr_mc_AKGC417L__4,crackle_score,0.8010055584,1
M39,train,cycle,154_1b3_Pr_mc_AKGC417L__5,crackle_score,0.7442480107,1
M39,train,cycle,154_1b3_Pr_mc_AKGC417L__6,crackle_score,0.8614680907,0
M39,train,cycle,154_1b3_Pr_mc_AKGC417L__7,crackle_score,0.8549860301,0
M39,train,cycle,154_1b3_Pr_mc_AKGC417L__8,crackle_score,0.9306980837,0
M39,train,cycle,154_1b3_Pr_mc_AKGC417L__9,crackle_score,0.756721796,1
M39,train,cycle,154_1b3_Pr_mc_AKGC417L__10,crackle_score,0.87065777,1
M39,train,cycle,154_1b3_Pr_mc_AKGC417L__11,crackle_score,0.8570278454,1
M39,train,cycle,154_1b3_Tc_mc_AKGC417L__0,crackle_score,0.3167696884,0
M39,train,cycle,154_1b3_Tc_mc_AKGC417L__1,crackle_score,0.2082788556,0
M39,train,cycle,154_1b3_Tc_mc_AKGC417L__2,crackle_score,0.423826884,0
M39,train,cycle,154_1b3_Tc_mc_AKGC417L__3,crackle_score,0.2498464023,0
M39,train,cycle,154_1b3_Tc_mc_AKGC417L__4,crackle_score,0.3868866063,0
M39,train,cycle,154_1b3_Tc_mc_AKGC417L__5,crackle_score,0.3135036439,0
M39,train,cycle,154_1b3_Tc_mc_AKGC417L__6,crackle_score,0.3140818759,0
M39,train,cycle,154_1b3_Tc_mc_AKGC417L__7,crackle_score,0.3457160591,0
M39,train,cycle,154_1b3_Tc_mc_AKGC417L__8,crackle_score,0.3106018424,0
M39,train,cycle,154_1b3_Tc_mc_AKGC417L__9,crackle_score,0.2049553469,0
M39,train,cycle,154_1b3_Tc_mc_AKGC417L__10,crackle_score,0.2735446536,0
M39,train,cycle,154_1b3_Tc_mc_AKGC417L__11,crackle_score,0.3237598819,0
M39,train,cycle,154_2b4_Al_mc_AKGC417L__0,crackle_score,0.9042037187,0
M39,train,cycle,154_2b4_Al_mc_AKGC417L__1,crackle_score,0.7507716049,0
M39,train,cycle,154_2b4_Al_mc_AKGC417L__2,crackle_score,0.9130605822,1
M39,train,cycle,154_2b4_Al_mc_AKGC417L__3,crackle_score,0.8595760787,1
M39,train,cycle,154_2b4_Al_mc_AKGC417L__4,crackle_score,0.7608346709,1
M39,train,cycle,154_2b4_Al_mc_AKGC417L__5,crackle_score,0.8862949278,1
M39,train,cycle,154_2b4_Al_mc_AKGC417L__6,crackle_score,0.9711183941,1
M39,train,cycle,154_2b4_Ar_mc_AKGC417L__0,crackle_score,0.7433656913,0
M39,train,cycle,154_2b4_Ar_mc_AKGC417L__1,crackle_score,0.4478392167,0
M39,train,cycle,154_2b4_Ar_mc_AKGC417L__2,crackle_score,0.6017816826,0
M39,train,cycle,154_2b4_Ar_mc_AKGC417L__3,crackle_score,0.7295468294,0
M39,train,cycle,154_2b4_Ar_mc_AKGC417L__4,crackle_score,0.9584670328,1
M39,train,cycle,154_2b4_Ar_mc_AKGC417L__5,crackle_score,0.7807295314,1
M39,train,cycle,154_2b4_Ar_mc_AKGC417L__6,crackle_score,0.8072511266,0
M39,train,cycle,154_2b4_Ll_mc_AKGC417L__0,crackle_score,0.7341929366,1
M39,train,cycle,154_2b4_Ll_mc_AKGC417L__1,crackle_score,0.7397048773,1
M39,train,cycle,154_2b4_Ll_mc_AKGC417L__2,crackle_score,0.7680114897,1
M39,train,cycle,154_2b4_Ll_mc_AKGC417L__3,crackle_score,0.7740103547,1
M39,train,cycle,154_2b4_Ll_mc_AKGC417L__4,crackle_score,0.7818601324,1
M39,train,cycle,154_2b4_Ll_mc_AKGC417L__5,crackle_score,0.9033337871,1
M39,train,cycle,154_2b4_Ll_mc_AKGC417L__6,crackle_score,0.7886436006,1
M39,train,cycle,154_2b4_Lr_mc_AKGC417L__0,crackle_score,0.8839935327,1
M39,train,cycle,154_2b4_Lr_mc_AKGC417L__1,crackle_score,0.6157407407,1
M39,train,cycle,154_2b4_Lr_mc_AKGC417L__2,crackle_score,0.7292137035,1
M39,train,cycle,154_2b4_Lr_mc_AKGC417L__3,crackle_score,0.8688180244,1
M39,train,cycle,154_2b4_Lr_mc_AKGC417L__4,crackle_score,0.6203852327,1
M39,train,cycle,154_2b4_Lr_mc_AKGC417L__5,crackle_score,0.6679543164,1
M39,train,cycle,154_2b4_Lr_mc_AKGC417L__6,crackle_score,0.8650381398,1
M39,train,cycle,154_2b4_Pl_mc_AKGC417L__0,crackle_score,0.6414713015,1
M39,train,cycle,154_2b4_Pl_mc_AKGC417L__1,crackle_score,0.712191358,1
M39,train,cycle,154_2b4_Pl_mc_AKGC417L__2,crackle_score,0.6180173092,1
M39,train,cycle,154_2b4_Pl_mc_AKGC417L__3,crackle_score,0.8785011355,1
M39,train,cycle,154_2b4_Pl_mc_AKGC417L__4,crackle_score,0.6203852327,1
M39,train,cycle,154_2b4_Pl_mc_AKGC417L__5,crackle_score,0.6007725899,1
M39,train,cycle,154_2b4_Pl_mc_AKGC417L__6,crackle_score,0.684350676,1
M39,train,cycle,154_2b4_Pr_mc_AKGC417L__0,crackle_score,0.803152789,0
M39,train,cycle,154_2b4_Pr_mc_AKGC417L__1,crackle_score,0.6350308642,0
M39,train,cycle,154_2b4_Pr_mc_AKGC417L__2,crackle_score,0.704924968,1
M39,train,cycle,154_2b4_Pr_mc_AKGC417L__3,crackle_score,0.7838758516,0
M39,train,cycle,154_2b4_Pr_mc_AKGC417L__4,crackle_score,0.8410914928,0
M39,train,cycle,154_2b4_Pr_mc_AKGC417L__5,crackle_score,0.8191132012,1
M39,train,cycle,154_2b4_Pr_mc_AKGC417L__6,crackle_score,0.747701714,0
M39,train,cycle,154_2b4_Tc_mc_AKGC417L__0,crackle_score,0.5183579945,0
M39,train,cycle,154_2b4_Tc_mc_AKGC417L__1,crackle_score,0.2751084938,0
M39,train,cycle,154_2b4_Tc_mc_AKGC417L__2,crackle_score,0.4074883984,0
M39,train,cycle,154_2b4_Tc_mc_AKGC417L__3,crackle_score,0.4926780225,0
M39,train,cycle,154_2b4_Tc_mc_AKGC417L__4,crackle_score,0.6404494382,0
M39,train,cycle,154_2b4_Tc_mc_AKGC417L__5,crackle_score,0.4411175158,0
M39,train,cycle,154_2b4_Tc_mc_AKGC417L__6,crackle_score,0.3418319483,0
M39,train,cycle,154_3b3_Al_mc_AKGC417L__0,crackle_score,0.9983388704,0
M39,train,cycle,154_3b3_Al_mc_AKGC417L__1,crackle_score,1,0
M39,train,cycle,154_3b3_Al_mc_AKGC417L__2,crackle_score,1,1
M39,train,cycle,154_3b3_Al_mc_AKGC417L__3,crackle_score,1,0
M39,train,cycle,154_3b3_Al_mc_AKGC417L__4,crackle_score,0.5302448414,1
M39,train,cycle,154_3b3_Ar_mc_AKGC417L__0,crackle_score,0.8075341488,0
M39,train,cycle,154_3b3_Ar_mc_AKGC417L__1,crackle_score,0.857885015,1
M39,train,cycle,154_3b3_Ar_mc_AKGC417L__2,crackle_score,0.7703231565,1
M39,train,cycle,154_3b3_Ar_mc_AKGC417L__3,crackle_score,0.5555802579,1
M39,train,cycle,154_3b3_Ar_mc_AKGC417L__4,crackle_score,0.8912900057,1
M39,train,cycle,154_3b3_Ll_mc_AKGC417L__0,crackle_score,0.4813283858,1
M39,train,cycle,154_3b3_Ll_mc_AKGC417L__1,crackle_score,0.5714546471,1
M39,train,cycle,154_3b3_Ll_mc_AKGC417L__2,crackle_score,0.7452406869,1
M39,train,cycle,154_3b3_Ll_mc_AKGC417L__3,crackle_score,0.5333481547,1
M39,train,cycle,154_3b3_Ll_mc_AKGC417L__4,crackle_score,0.6447296932,0
M39,train,cycle,154_4b4_Al_mc_AKGC417L__0,crackle_score,0.4931397067,1
M39,train,cycle,154_4b4_Al_mc_AKGC417L__1,crackle_score,0.5707921984,1
M39,train,cycle,154_4b4_Al_mc_AKGC417L__2,crackle_score,0.5030230607,1
M39,train,cycle,154_4b4_Al_mc_AKGC417L__3,crackle_score,0.5163827949,1
M39,train,cycle,154_4b4_Al_mc_AKGC417L__4,crackle_score,0.3949471122,1
M39,train,cycle,154_4b4_Al_mc_AKGC417L__5,crackle_score,0.4331511264,1
M39,train,cycle,154_4b4_Al_mc_AKGC417L__6,crackle_score,0.5327280012,0
M39,train,cycle,154_4b4_Al_mc_AKGC417L__7,crackle_score,0.5796801252,1
M39,train,cycle,154_4b4_Al_mc_AKGC417L__8,crackle_score,0.6301101687,1
M39,train,cycle,154_4b4_Al_mc_AKGC417L__9,crackle_score,0.3835710221,0
M39,train,cycle,154_4b4_Ar_mc_AKGC417L__0,crackle_score,0.9866803279,1
M39,train,cycle,154_4b4_Ar_mc_AKGC417L__1,crackle_score,1,1
M39,train,cycle,154_4b4_Ar_mc_AKGC417L__2,crackle_score,1,1
M39,train,cycle,154_4b4_Ar_mc_AKGC417L__3,crackle_score,0.8226677468,1
M39,train,cycle,154_4b4_Ar_mc_AKGC417L__4,crackle_score,0.6864821624,0
M39,train,cycle,154_4b4_Ar_mc_AKGC417L__5,crackle_score,0.550530571,1
M39,train,cycle,154_4b4_Ar_mc_AKGC417L__6,crackle_score,0.8031615418,1
M39,train,cycle,154_4b4_Ar_mc_AKGC417L__7,crackle_score,0.7496636054,0
M39,train,cycle,154_4b4_Ar_mc_AKGC417L__8,crackle_score,0.8110419907,1
M39,train,cycle,154_4b4_Ar_mc_AKGC417L__9,crackle_score,0.8546256176,0
M39,train,cycle,154_4b4_Ll_mc_AKGC417L__0,crackle_score,0.5779653349,0
M39,train,cycle,154_4b4_Ll_mc_AKGC417L__1,crackle_score,0.6977434665,0
M39,train,cycle,154_4b4_Ll_mc_AKGC417L__2,crackle_score,0.6901578909,0
M39,train,cycle,154_4b4_Ll_mc_AKGC417L__3,crackle_score,0.5261299534,0
M39,train,cycle,154_4b4_Ll_mc_AKGC417L__4,crackle_score,0.6755607306,0
M39,train,cycle,154_4b4_Ll_mc_AKGC417L__5,crackle_score,0.4591491785,0
M39,train,cycle,154_4b4_Ll_mc_AKGC417L__6,crackle_score,0.7067627818,0
M39,train,cycle,154_4b4_Ll_mc_AKGC417L__7,crackle_score,0.562537308,0
M39,train,cycle,154_4b4_Ll_mc_AKGC417L__8,crackle_score,0.6486961507,0
M39,train,cycle,154_4b4_Ll_mc_AKGC417L__9,crackle_score,0.3616199949,0
M39,train,cycle,154_4b4_Lr_mc_AKGC417L__0,crackle_score,0.4367215266,1
M39,train,cycle,154_4b4_Lr_mc_AKGC417L__1,crackle_score,0.3887886811,1
M39,train,cycle,154_4b4_Lr_mc_AKGC417L__2,crackle_score,0.4841227858,1
M39,train,cycle,154_4b4_Lr_mc_AKGC417L__3,crackle_score,0.4054165576,1
M39,train,cycle,154_4b4_Lr_mc_AKGC417L__4,crackle_score,0.4205659488,1
M39,train,cycle,154_4b4_Lr_mc_AKGC417L__5,crackle_score,0.4448012207,1
M39,train,cycle,154_4b4_Lr_mc_AKGC417L__6,crackle_score,0.5622033809,1
M39,train,cycle,154_4b4_Lr_mc_AKGC417L__7,crackle_score,0.5720624046,1
M39,train,cycle,154_4b4_Lr_mc_AKGC417L__8,crackle_score,0.3529883482,1
M39,train,cycle,154_4b4_Lr_mc_AKGC417L__9,crackle_score,0.2967721259,0
M39,train,cycle,154_4b4_Pl_mc_AKGC417L__0,crackle_score,0.6324835283,1
M39,train,cycle,154_4b4_Pl_mc_AKGC417L__1,crackle_score,0.7647612367,1
M39,train,cycle,154_4b4_Pl_mc_AKGC417L__2,crackle_score,0.9399585921,1
M39,train,cycle,154_4b4_Pl_mc_AKGC417L__3,crackle_score,0.8434446479,0
M39,train,cycle,154_4b4_Pl_mc_AKGC417L__4,crackle_score,0.6072026643,0
M39,train,cycle,154_4b4_Pl_mc_AKGC417L__5,crackle_score,0.6994153591,0
M39,train,cycle,154_4b4_Pl_mc_AKGC417L__6,crackle_score,0.5911285508,0
M39,train,cycle,154_4b4_Pl_mc_AKGC417L__7,crackle_score,0.7831524304,1
M39,train,cycle,154_4b4_Pl_mc_AKGC417L__8,crackle_score,0.8625918459,1
M39,train,cycle,154_4b4_Pl_mc_AKGC417L__9,crackle_score,0.6804429412,0
M39,train,cycle,154_4b4_Pr_mc_AKGC417L__0,crackle_score,1,1
M39,train,cycle,154_4b4_Pr_mc_AKGC417L__1,crackle_score,0.9483246815,0
M39,train,cycle,154_4b4_Pr_mc_AKGC417L__2,crackle_score,1,0
M39,train,cycle,154_4b4_Pr_mc_AKGC417L__3,crackle_score,0.8508417,0
M39,train,cycle,154_4b4_Pr_mc_AKGC417L__4,crackle_score,0.9478062683,0
M39,train,cycle,154_4b4_Pr_mc_AKGC417L__5,crackle_score,0.9045597869,0
M39,train,cycle,154_4b4_Pr_mc_AKGC417L__6,crackle_score,0.820031405,0
M39,train,cycle,154_4b4_Pr_mc_AKGC417L__7,crackle_score,0.8599659118,1
M39,train,cycle,154_4b4_Pr_mc_AKGC417L__8,crackle_score,0.9147226542,0
M39,train,cycle,154_4b4_Pr_mc_AKGC417L__9,crackle_score,0.6637554585,0
M39,train,cycle,155_2b1_Al_mc_LittC2SE__0,crackle_score,0.5105940948,0
M39,train,cycle,155_2b1_Al_mc_LittC2SE__1,crackle_score,1,0
M39,train,cycle,155_2b1_Al_mc_LittC2SE__2,crackle_score,0.8063940977,0
M39,train,cycle,155_2b1_Al_mc_LittC2SE__3,crackle_score,0.7372685482,0
M39,train,cycle,155_2b1_Al_mc_LittC2SE__4,crackle_score,0.9310407254,0
M39,train,cycle,155_2b1_Al_mc_LittC2SE__5,crackle_score,0.38864201,0
M39,train,cycle,156_2b3_Al_mc_AKGC417L__0,crackle_score,0.6738936045,1
M39,train,cycle,156_2b3_Al_mc_AKGC417L__1,crackle_score,0.6351560518,1
M39,train,cycle,156_2b3_Al_mc_AKGC417L__2,crackle_score,0.6329335993,1
M39,train,cycle,156_2b3_Al_mc_AKGC417L__3,crackle_score,0.7177642875,1
M39,train,cycle,156_2b3_Al_mc_AKGC417L__4,crackle_score,0.7357199679,1
M39,train,cycle,156_2b3_Al_mc_AKGC417L__5,crackle_score,0.7285093693,1
M39,train,cycle,156_2b3_Ar_mc_AKGC417L__0,crackle_score,1,0
M39,train,cycle,156_2b3_Ar_mc_AKGC417L__1,crackle_score,0.9639653573,1
M39,train,cycle,156_2b3_Ar_mc_AKGC417L__2,crackle_score,0.5323729362,1
M39,train,cycle,156_2b3_Ar_mc_AKGC417L__3,crackle_score,0.6152835025,0
M39,train,cycle,156_2b3_Ar_mc_AKGC417L__4,crackle_score,0.8424683997,1
M39,train,cycle,156_2b3_Ar_mc_AKGC417L__5,crackle_score,1,1
M39,train,cycle,156_2b3_Ll_mc_AKGC417L__0,crackle_score,0.7948479485,1
M39,train,cycle,156_2b3_Ll_mc_AKGC417L__1,crackle_score,0.6905973478,1
M39,train,cycle,156_2b3_Ll_mc_AKGC417L__2,crackle_score,0.6920419685,1
M39,train,cycle,156_2b3_Ll_mc_AKGC417L__3,crackle_score,0.5986642356,1
M39,train,cycle,156_2b3_Ll_mc_AKGC417L__4,crackle_score,0.6554589787,1
M39,train,cycle,156_2b3_Ll_mc_AKGC417L__5,crackle_score,0.9093600128,1
M39,train,cycle,156_2b3_Lr_mc_AKGC417L__0,crackle_score,0.9140089669,1
M39,train,cycle,156_2b3_Lr_mc_AKGC417L__1,crackle_score,0.8562002806,1
M39,train,cycle,156_2b3_Lr_mc_AKGC417L__2,crackle_score,0.8339777113,1
M39,train,cycle,156_2b3_Lr_mc_AKGC417L__3,crackle_score,0.6920176476,1
M39,train,cycle,156_2b3_Lr_mc_AKGC417L__4,crackle_score,0.6092017321,1
M39,train,cycle,156_2b3_Lr_mc_AKGC417L__5,crackle_score,0.7902393453,1
M39,train,cycle,156_2b3_Pl_mc_AKGC417L__0,crackle_score,0.6886339168,1
M39,train,cycle,156_2b3_Pl_mc_AKGC417L__1,crackle_score,0.6596195775,1
M39,train,cycle,156_2b3_Pl_mc_AKGC417L__2,crackle_score,0.4469644138,1
M39,train,cycle,156_2b3_Pl_mc_AKGC417L__3,crackle_score,0.6078933867,1
M39,train,cycle,156_2b3_Pl_mc_AKGC417L__4,crackle_score,0.6037403667,1
M39,train,cycle,156_2b3_Pl_mc_AKGC417L__5,crackle_score,0.5904784961,1
M39,train,cycle,156_2b3_Pr_mc_AKGC417L__0,crackle_score,0.7282750833,1
M39,train,cycle,156_2b3_Pr_mc_AKGC417L__1,crackle_score,0.9639653573,1
M39,train,cycle,156_2b3_Pr_mc_AKGC417L__2,crackle_score,0.5971188087,1
M39,train,cycle,156_2b3_Pr_mc_AKGC417L__3,crackle_score,0.9251136779,1
M39,train,cycle,156_2b3_Pr_mc_AKGC417L__4,crackle_score,0.6620973628,1
M39,train,cycle,156_2b3_Pr_mc_AKGC417L__5,crackle_score,0.8794266442,1
M39,train,cycle,156_5b3_Al_mc_AKGC417L__0,crackle_score,0.6768120896,0
M39,train,cycle,156_5b3_Al_mc_AKGC417L__1,crackle_score,0.7180442783,1
M39,train,cycle,156_5b3_Al_mc_AKGC417L__2,crackle_score,0.9490345757,1
M39,train,cycle,156_5b3_Al_mc_AKGC417L__3,crackle_score,0.8235838177,1
M39,train,cycle,156_5b3_Al_mc_AKGC417L__4,crackle_score,0.9656866775,1
M39,train,cycle,156_5b3_Al_mc_AKGC417L__5,crackle_score,0.8696620454,1
M39,train,cycle,156_5b3_Al_mc_AKGC417L__6,crackle_score,0.9749568221,1
M39,train,cycle,156_5b3_Al_mc_AKGC417L__7,crackle_score,0.8338721005,1
M39,train,cycle,156_5b3_Al_mc_AKGC417L__8,crackle_score,0.9513326516,1
M39,train,cycle,156_5b3_Ar_mc_AKGC417L__0,crackle_score,0.95575007,0
M39,train,cycle,156_5b3_Ar_mc_AKGC417L__1,crackle_score,0.7877199822,1
M39,train,cycle,156_5b3_Ar_mc_AKGC417L__2,crackle_score,0.7070035436,1
M39,train,cycle,156_5b3_Ar_mc_AKGC417L__3,crackle_score,0.7336514258,0
M39,train,cycle,156_5b3_Ar_mc_AKGC417L__4,crackle_score,0.7713255202,1
M39,train,cycle,156_5b3_Ar_mc_AKGC417L__5,crackle_score,0.6662658045,1
M39,train,cycle,156_5b3_Ar_mc_AKGC417L__6,crackle_score,0.8380658616,1
M39,train,cycle,156_5b3_Ar_mc_AKGC417L__7,crackle_score,0.6217452557,1
M39,train,cycle,156_5b3_Ar_mc_AKGC417L__8,crackle_score,0.8943545039,1
M39,train,cycle,156_5b3_Ll_mc_AKGC417L__0,crackle_score,0.7228826152,1
M39,train,cycle,156_5b3_Ll_mc_AKGC417L__1,crackle_score,0.5690289922,1
M39,train,cycle,156_5b3_Ll_mc_AKGC417L__2,crackle_score,0.5142331227,1
M39,train,cycle,156_5b3_Ll_mc_AKGC417L__3,crackle_score,0.6998001998,1
M39,train,cycle,156_5b3_Ll_mc_AKGC417L__4,crackle_score,0.8546099291,1
M39,train,cycle,156_5b3_Ll_mc_AKGC417L__5,crackle_score,0.6350742909,1
M39,train,cycle,156_5b3_Ll_mc_AKGC417L__6,crackle_score,0.6079447323,1
M39,train,cycle,156_5b3_Ll_mc_AKGC417L__7,crackle_score,0.6379944802,1
M39,train,cycle,156_5b3_Ll_mc_AKGC417L__8,crackle_score,0.6867995019,1
M39,train,cycle,156_5b3_Lr_mc_AKGC417L__0,crackle_score,0.7232030628,1
M39,train,cycle,156_5b3_Lr_mc_AKGC417L__1,crackle_score,0.5448885581,1
M39,train,cycle,156_5b3_Lr_mc_AKGC417L__2,crackle_score,1,1
M39,train,cycle,156_5b3_Lr_mc_AKGC417L__3,crackle_score,0.5999000999,1
M39,train,cycle,156_5b3_Lr_mc_AKGC417L__4,crackle_score,0.411975806,1
M39,train,cycle,156_5b3_Lr_mc_AKGC417L__5,crackle_score,0.6734594673,1
M39,train,cycle,156_5b3_Lr_mc_AKGC417L__6,crackle_score,0.9108074531,1
M39,train,cycle,156_5b3_Lr_mc_AKGC417L__7,crackle_score,0.5919963201,1
M39,train,cycle,156_5b3_Lr_mc_AKGC417L__8,crackle_score,0.7698215027,1
M39,train,cycle,156_5b3_Pl_mc_AKGC417L__0,crackle_score,0.7724120852,1
M39,train,cycle,156_5b3_Pl_mc_AKGC417L__1,crackle_score,1,1
M39,train,cycle,156_5b3_Pl_mc_AKGC417L__2,crackle_score,1,1
M39,train,cycle,156_5b3_Pl_mc_AKGC417L__3,crackle_score,1,1
M39,train,cycle,156_5b3_Pl_mc_AKGC417L__4,crackle_score,1,1
M39,train,cycle,156_5b3_Pl_mc_AKGC417L__5,crackle_score,0.9277352544,1
M39,train,cycle,156_5b3_Pl_mc_AKGC417L__6,crackle_score,0.8886010363,1
M39,train,cycle,156_5b3_Pl_mc_AKGC417L__7,crackle_score,0.7759889604,1
M39,train,cycle,156_5b3_Pl_mc_AKGC417L__8,crackle_score,0.6867995019,1
M39,train,cycle,156_5b3_Pr_mc_AKGC417L__0,crackle_score,0.8047857245,1
M39,train,cycle,156_5b3_Pr_mc_AKGC417L__1,crackle_score,0.7027846382,1
M39,train,cycle,156_5b3_Pr_mc_AKGC417L__2,crackle_score,0.8850613156,1
M39,train,cycle,156_5b3_Pr_mc_AKGC417L__3,crackle_score,0.7760401334,1
M39,train,cycle,156_5b3_Pr_mc_AKGC417L__4,crackle_score,0.7796281508,1
M39,train,cycle,156_5b3_Pr_mc_AKGC417L__5,crackle_score,0.7292293802,1
M39,train,cycle,156_5b3_Pr_mc_AKGC417L__6,crackle_score,0.8830169046,1
M39,train,cycle,156_5b3_Pr_mc_AKGC417L__7,crackle_score,1,1
M39,train,cycle,156_5b3_Pr_mc_AKGC417L__8,crackle_score,0.679081347,1
M39,train,cycle,156_8b3_Al_mc_AKGC417L__0,crackle_score,0.6131416128,0
M39,train,cycle,156_8b3_Al_mc_AKGC417L__1,crackle_score,0.4784740475,1
M39,train,cycle,156_8b3_Al_mc_AKGC417L__2,crackle_score,0.7948402948,1
M39,train,cycle,156_8b3_Al_mc_AKGC417L__3,crackle_score,0.4425863517,1
M39,train,cycle,156_8b3_Al_mc_AKGC417L__4,crackle_score,0.7977560736,1
M39,train,cycle,156_8b3_Al_mc_AKGC417L__5,crackle_score,0.5196119025,0
M39,train,cycle,156_8b3_Al_mc_AKGC417L__6,crackle_score,0.4702355901,0
M39,train,cycle,156_8b3_Al_mc_AKGC417L__7,crackle_score,0.4671433451,0
M39,train,cycle,156_8b3_Ar_mc_AKGC417L__0,crackle_score,0.7568328244,1
M39,train,cycle,156_8b3_Ar_mc_AKGC417L__1,crackle_score,0.8035784798,0
M39,train,cycle,156_8b3_Ar_mc_AKGC417L__2,crackle_score,0.633543235,0
M39,train,cycle,156_8b3_Ar_mc_AKGC417L__3,crackle_score,0.9021447721,0
M39,train,cycle,156_8b3_Ar_mc_AKGC417L__4,crackle_score,0.805051313,0
M39,train,cycle,156_8b3_Ar_mc_AKGC417L__5,crackle_score,0.5713641487,0
M39,train,cycle,156_8b3_Ar_mc_AKGC417L__6,crackle_score,0.463823485,0
M39,train,cycle,156_8b3_Ar_mc_AKGC417L__7,crackle_score,0.5134446234,0
M39,train,cycle,156_8b3_Ll_mc_AKGC417L__0,crackle_score,0.7401070643,1
M39,train,cycle,156_8b3_Ll_mc_AKGC417L__1,crackle_score,0.5832387015,1
M39,train,cycle,156_8b3_Ll_mc_AKGC417L__2,crackle_score,0.6891058092,1
M39,train,cycle,156_8b3_Ll_mc_AKGC417L__3,crackle_score,0.4635319437,1
M39,train,cycle,156_8b3_Ll_mc_AKGC417L__4,crackle_score,0.5430689858,1
M39,train,cycle,156_8b3_Ll_mc_AKGC417L__5,crackle_score,0.5205188816,1
M39,train,cycle,156_8b3_Ll_mc_AKGC417L__6,crackle_score,0.6498377852,1
M39,train,cycle,156_8b3_Ll_mc_AKGC417L__7,crackle_score,0.5753092486,1
M39,train,cycle,156_8b3_Lr_mc_AKGC417L__0,crackle_score,0.5254686654,0
M39,train,cycle,156_8b3_Lr_mc_AKGC417L__1,crackle_score,0.5494581005,0
M39,train,cycle,156_8b3_Lr_mc_AKGC417L__2,crackle_score,0.7425543412,0
M39,train,cycle,156_8b3_Lr_mc_AKGC417L__3,crackle_score,0.3686944377,0
M39,train,cycle,156_8b3_Lr_mc_AKGC417L__4,crackle_score,0.6975412033,0
M39,train,cycle,156_8b3_Lr_mc_AKGC417L__5,crackle_score,0.567271835,0
M39,train,cycle,156_8b3_Lr_mc_AKGC417L__6,crackle_score,0.5680533847,0
M39,train,cycle,156_8b3_Lr_mc_AKGC417L__7,crackle_score,0.564646213,0
M39,train,cycle,156_8b3_Pl_mc_AKGC417L__0,crackle_score,0.8395853752,1
M39,train,cycle,156_8b3_Pl_mc_AKGC417L__1,crackle_score,0.6798913634,0
M39,train,cycle,156_8b3_Pl_mc_AKGC417L__2,crackle_score,0.8485729695,1
M39,train,cycle,156_8b3_Pl_mc_AKGC417L__3,crackle_score,0.7385340763,1
M39,train,cycle,156_8b3_Pl_mc_AKGC417L__4,crackle_score,0.917672273,1
M39,train,cycle,156_8b3_Pl_mc_AKGC417L__5,crackle_score,0.77966273,1
M39,train,cycle,156_8b3_Pl_mc_AKGC417L__6,crackle_score,0.9109589041,1
M39,train,cycle,156_8b3_Pl_mc_AKGC417L__7,crackle_score,0.5255783022,1
M39,train,cycle,157_1b1_Al_sc_Meditron__0,crackle_score,0.5282788103,0
M39,train,cycle,157_1b1_Al_sc_Meditron__1,crackle_score,0.5427100786,0
M39,train,cycle,157_1b1_Al_sc_Meditron__2,crackle_score,0.4880286357,0
M39,train,cycle,157_1b1_Al_sc_Meditron__3,crackle_score,0.5328899007,0
M39,train,cycle,157_1b1_Al_sc_Meditron__4,crackle_score,0.5714103701,0
M39,train,cycle,157_1b1_Al_sc_Meditron__5,crackle_score,0.7313937061,0
M39,train,cycle,157_1b1_Al_sc_Meditron__6,crackle_score,0.6196943696,0
M39,train,cycle,157_1b1_Al_sc_Meditron__7,crackle_score,0.4398093965,1
M39,train,cycle,157_1b1_Al_sc_Meditron__8,crackle_score,0.6386670466,0
M39,train,cycle,157_1b1_Al_sc_Meditron__9,crackle_score,0.5272746324,0
M39,train,cycle,157_1b1_Al_sc_Meditron__10,crackle_score,0.5596172246,0
M39,train,cycle,157_1b1_Al_sc_Meditron__11,crackle_score,0.6710529097,1
M39,train,cycle,157_1b1_Al_sc_Meditron__12,crackle_score,0.08915588872,0
M39,train,cycle,157_1b1_Al_sc_Meditron__13,crackle_score,0.1071959644,0
M39,train,cycle,157_1b1_Al_sc_Meditron__14,crackle_score,0.09082833383,0
M39,train,cycle,157_1b1_Ar_sc_Meditron__0,crackle_score,0.577123619,0
M39,train,cycle,157_1b1_Ar_sc_Meditron__1,crackle_score,0.5449564484,0
M39,train,cycle,157_1b1_Ar_sc_Meditron__2,crackle_score,0.791449988,0
M39,train,cycle,157_1b1_Ar_sc_Meditron__3,crackle_score,0.6084452935,0
M39,train,cycle,157_1b1_Ar_sc_Meditron__4,crackle_score,0.5854337969,0
M39,train,cycle,157_1b1_Ar_sc_Meditron__5,crackle_score,0.2028928372,0
M39,train,cycle,157_1b1_Ar_sc_Meditron__6,crackle_score,0.3820144491,0
M39,train,cycle,157_1b1_Ar_sc_Meditron__7,crackle_score,0.5097447381,0
M39,train,cycle,157_1b1_Ar_sc_Meditron__8,crackle_score,0.5863407398,0
M39,train,cycle,157_1b1_Ar_sc_Meditron__9,crackle_score,0.8436860989,0
M39,train,cycle,157_1b1_Ar_sc_Meditron__10,crackle_score,0.5862986986,0
M39,train,cycle,157_1b1_Ar_sc_Meditron__11,crackle_score,0.6680864897,0
M39,train,cycle,157_1b1_Lr_sc_Meditron__0,crackle_score,0.6010115953,1
M39,train,cycle,157_1b1_Lr_sc_Meditron__1,crackle_score,0.5825259044,1
M39,train,cycle,157_1b1_Lr_sc_Meditron__2,crackle_score,0.6186351437,0
M39,train,cycle,157_1b1_Lr_sc_Meditron__3,crackle_score,0.7101693525,1
M39,train,cycle,157_1b1_Lr_sc_Meditron__4,crackle_score,0.8966423203,1
M39,train,cycle,157_1b1_Lr_sc_Meditron__5,crackle_score,0.8397519225,1
M39,train,cycle,157_1b1_Lr_sc_Meditron__6,crackle_score,0.4635917875,1
M39,train,cycle,157_1b1_Lr_sc_Meditron__7,crackle_score,0.9291165977,1
M39,train,cycle,157_1b1_Lr_sc_Meditron__8,crackle_score,0.763047138,0
M39,train,cycle,157_1b1_Pl_sc_Meditron__0,crackle_score,0.2949804124,0
M39,train,cycle,157_1b1_Pl_sc_Meditron__1,crackle_score,0.346183804,0
M39,train,cycle,157_1b1_Pl_sc_Meditron__2,crackle_score,0.5412543891,0
M39,train,cycle,157_1b1_Pl_sc_Meditron__3,crackle_score,0.5031426708,0
M39,train,cycle,157_1b1_Pl_sc_Meditron__4,crackle_score,0.6757957069,0
M39,train,cycle,157_1b1_Pl_sc_Meditron__5,crackle_score,0.4847360125,0
M39,train,cycle,157_1b1_Pl_sc_Meditron__6,crackle_score,0.5444162591,1
M39,train,cycle,157_1b1_Pl_sc_Meditron__7,crackle_score,0.5603652942,1
M39,train,cycle,157_1b1_Pl_sc_Meditron__8,crackle_score,0.6468175972,0
M39,train,cycle,157_1b1_Pl_sc_Meditron__9,crackle_score,0.631764649,0
M39,train,cycle,157_1b1_Pl_sc_Meditron__10,crackle_score,0.5530522707,1
M39,train,cycle,157_1b1_Pl_sc_Meditron__11,crackle_score,0.330409999,1
M39,train,cycle,157_1b1_Pl_sc_Meditron__12,crackle_score,0.638101209,0
M39,train,cycle,157_1b1_Pr_sc_Meditron__0,crackle_score,0.5624185803,1
M39,train,cycle,157_1b1_Pr_sc_Meditron__1,crackle_score,0.5150438077,1
M39,train,cycle,157_1b1_Pr_sc_Meditron__2,crackle_score,0.392273006,1
M39,train,cycle,157_1b1_Pr_sc_Meditron__3,crackle_score,0.9078605858,1
M39,train,cycle,157_1b1_Pr_sc_Meditron__4,crackle_score,0.7745227837,1
M39,train,cycle,157_1b1_Pr_sc_Meditron__5,crackle_score,0.581506575,0
M39,train,cycle,157_1b1_Pr_sc_Meditron__6,crackle_score,1,1
M39,train,cycle,157_1b1_Pr_sc_Meditron__7,crackle_score,0.6020327065,0
M39,train,cycle,157_1b1_Pr_sc_Meditron__8,crackle_score,0.5559260943,0
M39,train,cycle,157_1b1_Pr_sc_Meditron__9,crackle_score,0.5579610075,0
M39,train,cycle,157_1b1_Pr_sc_Meditron__10,crackle_score,0.524352665,0
M39,train,cycle,157_1b1_Pr_sc_Meditron__11,crackle_score,0.6235895577,1
M39,train,cycle,157_1b1_Pr_sc_Meditron__12,crackle_score,0.6951283137,1
M39,train,cycle,157_1b1_Pr_sc_Meditron__13,crackle_score,0.5735659039,1
M39,train,cycle,157_1b1_Pr_sc_Meditron__14,crackle_score,0.5524620114,1
M39,train,cycle,158_1b3_Ar_mc_LittC2SE__0,crackle_score,0.7155640489,0
M39,train,cycle,158_1b3_Ar_mc_LittC2SE__1,crackle_score,0.5631888697,0
M39,train,cycle,158_1b3_Ar_mc_LittC2SE__2,crackle_score,0.5965361218,0
M39,train,cycle,158_1b3_Ar_mc_LittC2SE__3,crackle_score,0.6049356363,1
M39,train,cycle,158_1b3_Ar_mc_LittC2SE__4,crackle_score,0.516176038,0
M39,train,cycle,158_1b3_Ar_mc_LittC2SE__5,crackle_score,0.7507708643,1
M39,train,cycle,158_1b3_Ar_mc_LittC2SE__6,crackle_score,0.7663488907,1
M39,train,cycle,158_1b3_Ar_mc_LittC2SE__7,crackle_score,0.8410100792,1
M39,train,cycle,158_1b3_Ar_mc_LittC2SE__8,crackle_score,0.6125421789,1
M39,train,cycle,158_1b3_Ar_mc_LittC2SE__9,crackle_score,0.6700657985,1
M39,train,cycle,158_1b3_Ar_mc_LittC2SE__10,crackle_score,0.394201929,0
M39,train,cycle,158_1p2_Al_mc_AKGC417L__0,crackle_score,0.8433556344,1
M39,train,cycle,158_1p2_Al_mc_AKGC417L__1,crackle_score,0.8400654941,1
M39,train,cycle,158_1p2_Al_mc_AKGC417L__2,crackle_score,0.5804023338,0
M39,train,cycle,158_1p2_Al_mc_AKGC417L__3,crackle_score,0.8486176226,1
M39,train,cycle,158_1p2_Al_mc_AKGC417L__4,crackle_score,0.7371577496,0
M39,train,cycle,158_1p2_Al_mc_AKGC417L__5,crackle_score,0.6744068114,0
M39,train,cycle,158_1p2_Al_mc_AKGC417L__6,crackle_score,0.6407650989,0
M39,train,cycle,158_1p2_Al_mc_AKGC417L__7,crackle_score,0.3454981862,0
M39,train,cycle,158_1p2_Ar_mc_AKGC417L__0,crackle_score,0.7143729502,1
M39,train,cycle,158_1p2_Ar_mc_AKGC417L__1,crackle_score,0.7671841692,1
M39,train,cycle,158_1p2_Ar_mc_AKGC417L__2,crackle_score,0.6555789598,0
M39,train,cycle,158_1p2_Ar_mc_AKGC417L__3,crackle_score,0.6231791338,1
M39,train,cycle,158_1p2_Ar_mc_AKGC417L__4,crackle_score,0.6339211465,0
M39,train,cycle,158_1p2_Ar_mc_AKGC417L__5,crackle_score,0.7629083637,0
M39,train,cycle,158_1p2_Ar_mc_AKGC417L__6,crackle_score,0.7179921008,0
M39,train,cycle,158_1p2_Ar_mc_AKGC417L__7,crackle_score,0.6843120818,0
M39,train,cycle,158_1p2_Ll_mc_AKGC417L__0,crackle_score,0.8909896231,1
M39,train,cycle,158_1p2_Ll_mc_AKGC417L__1,crackle_score,1,1
M39,train,cycle,158_1p2_Ll_mc_AKGC417L__2,crackle_score,0.9193290735,1
M39,train,cycle,158_1p2_Ll_mc_AKGC417L__3,crackle_score,1,1
M39,train,cycle,158_1p2_Ll_mc_AKGC417L__4,crackle_score,0.9482477588,1
M39,train,cycle,158_1p2_Ll_mc_AKGC417L__5,crackle_score,0.9387638306,1
M39,train,cycle,158_1p2_Ll_mc_AKGC417L__6,crackle_score,0.8935286401,0
M39,train,cycle,158_1p2_Ll_mc_AKGC417L__7,crackle_score,0.7909564029,0
M39,train,cycle,158_1p2_Lr_mc_AKGC417L__0,crackle_score,0.6929123214,1
M39,train,cycle,158_1p2_Lr_mc_AKGC417L__1,crackle_score,0.8656133109,1
M39,train,cycle,158_1p2_Lr_mc_AKGC417L__2,crackle_score,0.7390918607,1
M39,train,cycle,158_1p2_Lr_mc_AKGC417L__3,crackle_score,0.7634122712,1
M39,train,cycle,158_1p2_Lr_mc_AKGC417L__4,crackle_score,0.7742929455,0
M39,train,cycle,158_1p2_Lr_mc_AKGC417L__5,crackle_score,0.8171910256,0
M39,train,cycle,158_1p2_Lr_mc_AKGC417L__6,crackle_score,0.7192792287,0
M39,train,cycle,158_1p2_Lr_mc_AKGC417L__7,crackle_score,0.6596822644,0
M39,train,cycle,158_1p2_Pl_mc_AKGC417L__0,crackle_score,0.6279179962,1
M39,train,cycle,158_1p2_Pl_mc_AKGC417L__1,crackle_score,0.6466673502,1
M39,train,cycle,158_1p2_Pl_mc_AKGC417L__2,crackle_score,0.662838348,1
M39,train,cycle,158_1p2_Pl_mc_AKGC417L__3,crackle_score,0.5843840184,1
M39,train,cycle,158_1p2_Pl_mc_AKGC417L__4,crackle_score,0.6455898388,0
M39,train,cycle,158_1p2_Pl_mc_AKGC417L__5,crackle_score,0.6380425256,0
M39,train,cycle,158_1p2_Pl_mc_AKGC417L__6,crackle_score,0.5313632122,0
M39,train,cycle,158_1p2_Pl_mc_AKGC417L__7,crackle_score,0.4771187088,0
M39,train,cycle,158_1p2_Pr_mc_AKGC417L__0,crackle_score,0.5325398688,1
M39,train,cycle,158_1p2_Pr_mc_AKGC417L__1,crackle_score,0.5310594884,1
M39,train,cycle,158_1p2_Pr_mc_AKGC417L__2,crackle_score,0.6631844558,1
M39,train,cycle,158_1p2_Pr_mc_AKGC417L__3,crackle_score,0.4708029173,1
M39,train,cycle,158_1p2_Pr_mc_AKGC417L__4,crackle_score,0.6077581773,1
M39,train,cycle,158_1p2_Pr_mc_AKGC417L__5,crackle_score,0.6943280481,0
M39,train,cycle,158_1p2_Pr_mc_AKGC417L__6,crackle_score,0.52539253,1
M39,train,cycle,158_1p2_Pr_mc_AKGC417L__7,crackle_score,0.5766726046,0
M39,train,cycle,158_1p2_Tc_mc_AKGC417L__0,crackle_score,0.9305934927,1
M39,train,cycle,158_1p2_Tc_mc_AKGC417L__1,crackle_score,0.8931098639,1
M39,train,cycle,158_1p2_Tc_mc_AKGC417L__2,crackle_score,0.6187556597,0
M39,train,cycle,158_1p2_Tc_mc_AKGC417L__3,crackle_score,0.6769619229,0
M39,train,cycle,158_1p2_Tc_mc_AKGC417L__4,crackle_score,0.6403303601,0
M39,train,cycle,158_1p2_Tc_mc_AKGC417L__5,crackle_score,0.7182258845,0
M39,train,cycle,158_1p2_Tc_mc_AKGC417L__6,crackle_score,0.7592835951,0
M39,train,cycle,158_1p2_Tc_mc_AKGC417L__7,crackle_score,0.4647493695,0
M39,train,cycle,158_1p3_Al_mc_AKGC417L__0,crackle_score,0.625794864,0
M39,train,cycle,158_1p3_Al_mc_AKGC417L__1,crackle_score,0.5697697676,1
M39,train,cycle,158_1p3_Al_mc_AKGC417L__2,crackle_score,0.6303344542,1
M39,train,cycle,158_1p3_Al_mc_AKGC417L__3,crackle_score,0.7249458206,1
M39,train,cycle,158_1p3_Al_mc_AKGC417L__4,crackle_score,0.710578724,1
M39,train,cycle,158_1p3_Al_mc_AKGC417L__5,crackle_score,0.7060184613,1
M39,train,cycle,158_1p3_Al_mc_AKGC417L__6,crackle_score,0.7331432093,0
M39,train,cycle,158_1p3_Al_mc_AKGC417L__7,crackle_score,0.7664003614,0
M39,train,cycle,158_1p3_Al_mc_AKGC417L__8,crackle_score,0.7517759631,0
M39,train,cycle,158_1p3_Ar_mc_AKGC417L__0,crackle_score,0.6380934678,1
M39,train,cycle,158_1p3_Ar_mc_AKGC417L__1,crackle_score,0.5750278039,0
M39,train,cycle,158_1p3_Ar_mc_AKGC417L__2,crackle_score,0.4842045284,0
M39,train,cycle,158_1p3_Ar_mc_AKGC417L__3,crackle_score,0.6774491933,1
M39,train,cycle,158_1p3_Ar_mc_AKGC417L__4,crackle_score,0.7089059097,1
M39,train,cycle,158_1p3_Ar_mc_AKGC417L__5,crackle_score,0.7973545877,1
M39,train,cycle,158_1p3_Ar_mc_AKGC417L__6,crackle_score,0.5605472654,0
M39,train,cycle,158_1p3_Ar_mc_AKGC417L__7,crackle_score,0.6769624687,0
M39,train,cycle,158_1p3_Ar_mc_AKGC417L__8,crackle_score,0.7237010561,0
M39,train,cycle,158_1p3_Ll_mc_AKGC417L__0,crackle_score,0.5361761127,0
M39,train,cycle,158_1p3_Ll_mc_AKGC417L__1,crackle_score,0.5065255883,0
M39,train,cycle,158_1p3_Ll_mc_AKGC417L__2,crackle_score,0.5234853996,0
M39,train,cycle,158_1p3_Ll_mc_AKGC417L__3,crackle_score,0.5808997144,1
M39,train,cycle,158_1p3_Ll_mc_AKGC417L__4,crackle_score,0.5702184264,0
M39,train,cycle,158_1p3_Ll_mc_AKGC417L__5,crackle_score,0.5838762723,1
M39,train,cycle,158_1p3_Ll_mc_AKGC417L__6,crackle_score,0.578988865,1
M39,train,cycle,158_1p3_Ll_mc_AKGC417L__7,crackle_score,0.6019138088,0
M39,train,cycle,158_1p3_Ll_mc_AKGC417L__8,crackle_score,0.5787223946,0
M39,train,cycle,158_1p3_Lr_mc_AKGC417L__0,crackle_score,0.6448781518,1
M39,train,cycle,158_1p3_Lr_mc_AKGC417L__1,crackle_score,0.6304233052,0
M39,train,cycle,158_1p3_Lr_mc_AKGC417L__2,crackle_score,0.4954618844,0
M39,train,cycle,158_1p3_Lr_mc_AKGC417L__3,crackle_score,0.7169544592,0
M39,train,cycle,158_1p3_Lr_mc_AKGC417L__4,crackle_score,0.7628342105,1
M39,train,cycle,158_1p3_Lr_mc_AKGC417L__5,crackle_score,0.6590336218,1
M39,train,cycle,158_1p3_Lr_mc_AKGC417L__6,crackle_score,0.6609294441,1
M39,train,cycle,158_1p3_Lr_mc_AKGC417L__7,crackle_score,0.5540772813,0
M39,train,cycle,158_1p3_Lr_mc_AKGC417L__8,crackle_score,0.3976433841,0
M39,train,cycle,158_1p3_Pl_mc_AKGC417L__0,crackle_score,0.5578614451,0
M39,train,cycle,158_1p3_Pl_mc_AKGC417L__1,crackle_score,0.5365487117,0
M39,train,cycle,158_1p3_Pl_mc_AKGC417L__2,crackle_score,0.549021083,0
M39,train,cycle,158_1p3_Pl_mc_AKGC417L__3,crackle_score,0.6003077625,0
M39,train,cycle,158_1p3_Pl_mc_AKGC417L__4,crackle_score,0.5718967375,1
M39,train,cycle,158_1p3_Pl_mc_AKGC417L__5,crackle_score,0.5790707751,1
M39,train,cycle,158_1p3_Pl_mc_AKGC417L__6,crackle_score,0.5926856181,1
M39,train,cycle,158_1p3_Pl_mc_AKGC417L__7,crackle_score,0.5917963935,0
M39,train,cycle,158_1p3_Pl_mc_AKGC417L__8,crackle_score,0.3799113069,0
M39,train,cycle,158_1p3_Pr_mc_AKGC417L__0,crackle_score,0.4532209328,0
M39,train,cycle,158_1p3_Pr_mc_AKGC417L__1,crackle_score,0.5405466242,0
M39,train,cycle,158_1p3_Pr_mc_AKGC417L__2,crackle_score,0.345542182,0
M39,train,cycle,158_1p3_Pr_mc_AKGC417L__3,crackle_score,0.5651187463,1
M39,train,cycle,158_1p3_Pr_mc_AKGC417L__4,crackle_score,0.4088793608,0
M39,train,cycle,158_1p3_Pr_mc_AKGC417L__5,crackle_score,0.5099520392,1
M39,train,cycle,158_1p3_Pr_mc_AKGC417L__6,crackle_score,0.3458272338,0
M39,train,cycle,158_1p3_Pr_mc_AKGC417L__7,crackle_score,0.5075938214,1
M39,train,cycle,158_1p3_Pr_mc_AKGC417L__8,crackle_score,0.5015087564,0
M39,train,cycle,158_1p3_Tc_mc_AKGC417L__0,crackle_score,0.8196824195,0
M39,train,cycle,158_1p3_Tc_mc_AKGC417L__1,crackle_score,0.6607874246,0
M39,train,cycle,158_1p3_Tc_mc_AKGC417L__2,crackle_score,0.5144166536,0
M39,train,cycle,158_1p3_Tc_mc_AKGC417L__3,crackle_score,0.6206005702,0
M39,train,cycle,158_1p3_Tc_mc_AKGC417L__4,crackle_score,0.6896851364,0
M39,train,cycle,158_1p3_Tc_mc_AKGC417L__5,crackle_score,0.6503029484,0
M39,train,cycle,158_1p3_Tc_mc_AKGC417L__6,crackle_score,0.79919027,0
M39,train,cycle,158_1p3_Tc_mc_AKGC417L__7,crackle_score,0.9978239912,0
M39,train,cycle,158_1p3_Tc_mc_AKGC417L__8,crackle_score,0.1832642143,0
M39,train,cycle,158_1p4_Al_mc_AKGC417L__0,crackle_score,0.6827632379,1
M39,train,cycle,158_1p4_Al_mc_AKGC417L__1,crackle_score,0.7000037887,1
M39,train,cycle,158_1p4_Al_mc_AKGC417L__2,crackle_score,0.6904938491,1
M39,train,cycle,158_1p4_Al_mc_AKGC417L__3,crackle_score,0.7731358881,0
M39,train,cycle,158_1p4_Al_mc_AKGC417L__4,crackle_score,0.635769396,1
M39,train,cycle,158_1p4_Al_mc_AKGC417L__5,crackle_score,0.6491844224,1
M39,train,cycle,158_1p4_Al_mc_AKGC417L__6,crackle_score,0.749476257,0
M39,train,cycle,158_1p4_Al_mc_AKGC417L__7,crackle_score,0.8784884562,1
M39,train,cycle,158_1p4_Al_mc_AKGC417L__8,crackle_score,0.7903872896,0
M39,train,cycle,158_1p4_Ar_mc_AKGC417L__0,crackle_score,0.6764020325,1
M39,train,cycle,158_1p4_Ar_mc_AKGC417L__1,crackle_score,0.684624898,1
M39,train,cycle,158_1p4_Ar_mc_AKGC417L__2,crackle_score,0.6916856201,1
M39,train,cycle,158_1p4_Ar_mc_AKGC417L__3,crackle_score,0.7479137655,0
M39,train,cycle,158_1p4_Ar_mc_AKGC417L__4,crackle_score,0.7355147797,1
M39,train,cycle,158_1p4_Ar_mc_AKGC417L__5,crackle_score,0.7566388732,1
M39,train,cycle,158_1p4_Ar_mc_AKGC417L__6,crackle_score,0.8128654344,0
M39,train,cycle,158_1p4_Ar_mc_AKGC417L__7,crackle_score,0.819872479,1
M39,train,cycle,158_1p4_Ar_mc_AKGC417L__8,crackle_score,0.8098115362,1
M39,train,cycle,158_1p4_Lr_mc_AKGC417L__0,crackle_score,0.7213765845,1
M39,train,cycle,158_1p4_Lr_mc_AKGC417L__1,crackle_score,0.4831543244,1
M39,train,cycle,158_1p4_Lr_mc_AKGC417L__2,crackle_score,0.7395071614,1
M39,train,cycle,158_1p4_Lr_mc_AKGC417L__3,crackle_score,0.680976024,0
M39,train,cycle,158_1p4_Lr_mc_AKGC417L__4,crackle_score,0.6140759349,0
M39,train,cycle,158_1p4_Lr_mc_AKGC417L__5,crackle_score,0.6065523213,0
M39,train,cycle,158_1p4_Lr_mc_AKGC417L__6,crackle_score,0.7712762044,0
M39,train,cycle,158_1p4_Lr_mc_AKGC417L__7,crackle_score,0.7726726718,1
M39,train,cycle,158_1p4_Lr_mc_AKGC417L__8,crackle_score,0.7284431446,1
M39,train,cycle,158_1p4_Pl_mc_AKGC417L__0,crackle_score,0.5683397935,0
M39,train,cycle,158_1p4_Pl_mc_AKGC417L__1,crackle_score,0.5606362793,1
M39,train,cycle,158_1p4_Pl_mc_AKGC417L__2,crackle_score,0.5465249951,1
M39,train,cycle,158_1p4_Pl_mc_AKGC417L__3,crackle_score,0.6101363946,0
M39,train,cycle,158_1p4_Pl_mc_AKGC417L__4,crackle_score,0.5902529242,1
M39,train,cycle,158_1p4_Pl_mc_AKGC417L__5,crackle_score,0.5000728116,1
M39,train,cycle,158_1p4_Pl_mc_AKGC417L__6,crackle_score,0.5894686489,0
M39,train,cycle,158_1p4_Pl_mc_AKGC417L__7,crackle_score,0.6461107011,1
M39,train,cycle,158_1p4_Pl_mc_AKGC417L__8,crackle_score,0.5990807494,1
M39,train,cycle,158_1p4_Pr_mc_AKGC417L__0,crackle_score,0.4325273096,0
M39,train,cycle,158_1p4_Pr_mc_AKGC417L__1,crackle_score,0.5289990941,1
M39,train,cycle,158_1p4_Pr_mc_AKGC417L__2,crackle_score,0.5080598433,1
M39,train,cycle,158_1p4_Pr_mc_AKGC417L__3,crackle_score,0.6029888311,1
M39,train,cycle,158_1p4_Pr_mc_AKGC417L__4,crackle_score,0.5538846447,1
M39,train,cycle,158_1p4_Pr_mc_AKGC417L__5,crackle_score,0.6156456583,1
M39,train,cycle,158_1p4_Pr_mc_AKGC417L__6,crackle_score,0.4190987984,0
M39,train,cycle,158_1p4_Pr_mc_AKGC417L__7,crackle_score,0.546296975,1
M39,train,cycle,158_1p4_Pr_mc_AKGC417L__8,crackle_score,0.6120039013,1
M39,train,cycle,158_1p4_Tc_mc_AKGC417L__0,crackle_score,0.7200499059,1
M39,train,cycle,158_1p4_Tc_mc_AKGC417L__1,crackle_score,0.6362316775,1
M39,train,cycle,158_1p4_Tc_mc_AKGC417L__2,crackle_score,0.7727157178,0
M39,train,cycle,158_1p4_Tc_mc_AKGC417L__3,crackle_score,0.5677627372,0
M39,train,cycle,158_1p4_Tc_mc_AKGC417L__4,crackle_score,0.8771233278,1
M39,train,cycle,158_1p4_Tc_mc_AKGC417L__5,crackle_score,0.6704120619,0
M39,train,cycle,158_1p4_Tc_mc_AKGC417L__6,crackle_score,0.6708116589,0
M39,train,cycle,158_1p4_Tc_mc_AKGC417L__7,crackle_score,0.6231997029,1
M39,train,cycle,158_1p4_Tc_mc_AKGC417L__8,crackle_score,0.6939450234,0
M39,train,cycle,158_2p2_Ar_mc_AKGC417L__0,crackle_score,0.7410133024,1
M39,train,cycle,158_2p2_Ar_mc_AKGC417L__1,crackle_score,0.8858912522,1
M39,train,cycle,158_2p2_Ar_mc_AKGC417L__2,crackle_score,0.9721850169,0
M39,train,cycle,158_2p2_Ar_mc_AKGC417L__3,crackle_score,0.8292724635,0
M39,train,cycle,158_2p2_Ar_mc_AKGC417L__4,crackle_score,0.7550275773,1
M39,train,cycle,158_2p2_Ar_mc_AKGC417L__5,crackle_score,0.8594673289,1
M39,train,cycle,158_2p2_Ar_mc_AKGC417L__6,crackle_score,0.9005374522,1
M39,train,cycle,158_2p2_Ar_mc_AKGC417L__7,crackle_score,0.840180883,1
M39,train,cycle,158_2p2_Ar_mc_AKGC417L__8,crackle_score,0.9355598075,1
M39,train,cycle,158_2p3_Lr_mc_AKGC417L__0,crackle_score,0.6193487964,1
M39,train,cycle,158_2p3_Lr_mc_AKGC417L__1,crackle_score,0.5737278118,1
M39,train,cycle,158_2p3_Lr_mc_AKGC417L__2,crackle_score,0.6865158177,1
M39,train,cycle,158_2p3_Lr_mc_AKGC417L__3,crackle_score,0.6105639463,1
M39,train,cycle,158_2p3_Lr_mc_AKGC417L__4,crackle_score,0.584730442,1
M39,train,cycle,158_2p3_Lr_mc_AKGC417L__5,crackle_score,0.6065000025,1
M39,train,cycle,158_2p3_Lr_mc_AKGC417L__6,crackle_score,0.6873623546,1
M39,train,cycle,158_2p3_Lr_mc_AKGC417L__7,crackle_score,0.651882553,1
M39,train,cycle,158_2p3_Lr_mc_AKGC417L__8,crackle_score,0.5861957733,1
M39,train,cycle,158_2p3_Lr_mc_AKGC417L__9,crackle_score,0.5517919882,1
M39,train,cycle,158_2p3_Lr_mc_AKGC417L__10,crackle_score,0.7299629113,1
M39,train,cycle,158_2p3_Lr_mc_AKGC417L__11,crackle_score,0.5613122003,1
M39,train,cycle,158_2p3_Tc_mc_AKGC417L__0,crackle_score,0.6977291105,0
M39,train,cycle,158_2p3_Tc_mc_AKGC417L__1,crackle_score,0.7099922641,1
M39,train,cycle,158_2p3_Tc_mc_AKGC417L__2,crackle_score,0.71963406,0
M39,train,cycle,158_2p3_Tc_mc_AKGC417L__3,crackle_score,0.8108121024,0
M39,train,cycle,158_2p3_Tc_mc_AKGC417L__4,crackle_score,0.800809656,0
M39,train,cycle,158_2p3_Tc_mc_AKGC417L__5,crackle_score,0.7899128296,1
M39,train,cycle,158_2p3_Tc_mc_AKGC417L__6,crackle_score,0.7429380568,0
M39,train,cycle,158_2p3_Tc_mc_AKGC417L__7,crackle_score,0.8506319128,0
M39,train,cycle,158_2p3_Tc_mc_AKGC417L__8,crackle_score,0.7300382779,0
M39,train,cycle,158_2p3_Tc_mc_AKGC417L__9,crackle_score,0.796058442,0
M39,train,cycle,158_2p3_Tc_mc_AKGC417L__10,crackle_score,0.7232031136,0
M39,train,cycle,158_2p3_Tc_mc_AKGC417L__11,crackle_score,0.8710334968,0
M39,train,cycle,159_1b1_Al_sc_Meditron__0,crackle_score,0.8762227239,0
M39,train,cycle,159_1b1_Al_sc_Meditron__1,crackle_score,0.8632760898,0
M39,train,cycle,159_1b1_Al_sc_Meditron__2,crackle_score,0.7441671188,0
M39,train,cycle,159_1b1_Al_sc_Meditron__3,crackle_score,0.9166666667,0
M39,train,cycle,159_1b1_Al_sc_Meditron__4,crackle_score,0.815258512,0
M39,train,cycle,159_1b1_Al_sc_Meditron__5,crackle_score,0.9253926702,0
M39,train,cycle,159_1b1_Al_sc_Meditron__6,crackle_score,0.8307607497,0
M39,train,cycle,159_1b1_Al_sc_Meditron__7,crackle_score,0.8480278422,0
M39,train,cycle,159_1b1_Al_sc_Meditron__8,crackle_score,0.78125,0
M39,train,cycle,159_1b1_Al_sc_Meditron__9,crackle_score,0.8956177724,0
M39,train,cycle,159_1b1_Al_sc_Meditron__10,crackle_score,0.9587155963,0
M39,train,cycle,159_1b1_Al_sc_Meditron__11,crackle_score,0.662601626,0
M39,train,cycle,159_1b1_Ar_sc_Meditron__0,crackle_score,0.607837032,0
M39,train,cycle,159_1b1_Ar_sc_Meditron__1,crackle_score,0.8179561178,0
M39,train,cycle,159_1b1_Ar_sc_Meditron__2,crackle_score,0.7168421529,0
M39,train,cycle,159_1b1_Ar_sc_Meditron__3,crackle_score,0.7019748654,0
M39,train,cycle,159_1b1_Ar_sc_Meditron__4,crackle_score,0.9425996179,0
M39,train,cycle,159_1b1_Ar_sc_Meditron__5,crackle_score,0.4826246515,0
M39,train,cycle,159_1b1_Ar_sc_Meditron__6,crackle_score,0.7297886221,0
M39,train,cycle,159_1b1_Ar_sc_Meditron__7,crackle_score,0.7466429664,0
M39,train,cycle,159_1b1_Ar_sc_Meditron__8,crackle_score,0.7951895387,0
M39,train,cycle,159_1b1_Ll_sc_Meditron__0,crackle_score,0.6641005051,0
M39,train,cycle,159_1b1_Ll_sc_Meditron__1,crackle_score,0.6372019014,0
M39,train,cycle,159_1b1_Ll_sc_Meditron__2,crackle_score,0.4346184518,0
M39,train,cycle,159_1b1_Ll_sc_Meditron__3,crackle_score,0.5336111206,0
M39,train,cycle,159_1b1_Ll_sc_Meditron__4,crackle_score,0.7391357936,0
M39,train,cycle,159_1b1_Ll_sc_Meditron__5,crackle_score,0.4753762429,0
M39,train,cycle,159_1b1_Ll_sc_Meditron__6,crackle_score,0.6816012964,0
M39,train,cycle,159_1b1_Ll_sc_Meditron__7,crackle_score,0.7382707075,0
M39,train,cycle,159_1b1_Ll_sc_Meditron__8,crackle_score,0.5986772499,0
M39,train,cycle,159_1b1_Ll_sc_Meditron__9,crackle_score,0.6611648053,0
M39,train,cycle,159_1b1_Ll_sc_Meditron__10,crackle_score,1,0
M39,train,cycle,159_1b1_Ll_sc_Meditron__11,crackle_score,0.8707132581,0
M39,train,cycle,159_1b1_Pr_sc_Meditron__0,crackle_score,0.2647087455,0
M39,train,cycle,159_1b1_Pr_sc_Meditron__1,crackle_score,0.6799965526,0
M39,train,cycle,159_1b1_Pr_sc_Meditron__2,crackle_score,1,0
M39,train,cycle,159_1b1_Pr_sc_Meditron__3,crackle_score,0.7543327741,0
M39,train,cycle,159_1b1_Pr_sc_Meditron__4,crackle_score,0.6580853783,0
M39,train,cycle,159_1b1_Pr_sc_Meditron__5,crackle_score,0.9149959177,0
M39,train,cycle,159_1b1_Pr_sc_Meditron__6,crackle_score,0.5404694456,0
M39,train,cycle,159_1b1_Pr_sc_Meditron__7,crackle_score,0.8453373692,0
M39,train,cycle,159_1b1_Pr_sc_Meditron__8,crackle_score,0.7081545868,0
M39,train,cycle,161_1b1_Al_sc_Meditron__0,crackle_score,0.8244449077,1
M39,train,cycle,161_1b1_Al_sc_Meditron__1,crackle_score,0.7818420818,1
M39,train,cycle,161_1b1_Al_sc_Meditron__2,crackle_score,0.7868804258,0
M39,train,cycle,161_1b1_Al_sc_Meditron__3,crackle_score,0.7101852471,0
M39,train,cycle,161_1b1_Al_sc_Meditron__4,crackle_score,0.883594203,0
M39,train,cycle,161_1b1_Al_sc_Meditron__5,crackle_score,1,1
M39,train,cycle,161_1b1_Al_sc_Meditron__6,crackle_score,1,0
M39,train,cycle,161_1b1_Al_sc_Meditron__7,crackle_score,0.915340568,1
M39,train,cycle,161_1b1_Al_sc_Meditron__8,crackle_score,0.9046720464,0
M39,train,cycle,161_1b1_Pl_sc_Meditron__0,crackle_score,0.7220194581,0
M39,train,cycle,161_1b1_Pl_sc_Meditron__1,crackle_score,0.6606283462,0
M39,train,cycle,161_1b1_Pl_sc_Meditron__2,crackle_score,0.6963941301,0
M39,train,cycle,161_1b1_Pl_sc_Meditron__3,crackle_score,0.9791666667,0
M39,train,cycle,161_1b1_Pl_sc_Meditron__4,crackle_score,0.9709694767,0
M39,train,cycle,161_1b1_Pl_sc_Meditron__5,crackle_score,0.938903982,0
M39,train,cycle,161_1b1_Pl_sc_Meditron__6,crackle_score,0.7090600923,0
M39,train,cycle,161_1b1_Pl_sc_Meditron__7,crackle_score,0.8028113987,0
M39,train,cycle,161_1b1_Pl_sc_Meditron__8,crackle_score,1,0
M39,train,cycle,161_1b1_Pl_sc_Meditron__9,crackle_score,0.7599189561,0
M39,train,cycle,162_1b2_Al_mc_AKGC417L__0,crackle_score,0.9278548244,0
M39,train,cycle,162_1b2_Al_mc_AKGC417L__1,crackle_score,1,0
M39,train,cycle,162_1b2_Al_mc_AKGC417L__2,crackle_score,0.9980842912,0
M39,train,cycle,162_1b2_Ar_mc_AKGC417L__0,crackle_score,0.7950722927,0
M39,train,cycle,162_1b2_Ar_mc_AKGC417L__1,crackle_score,0.9057691461,1
M39,train,cycle,162_1b2_Ar_mc_AKGC417L__2,crackle_score,1,0
M39,train,cycle,162_1b2_Ll_mc_AKGC417L__0,crackle_score,0.7003677971,0
M39,train,cycle,162_1b2_Ll_mc_AKGC417L__1,crackle_score,0.6761242971,0
M39,train,cycle,162_1b2_Ll_mc_AKGC417L__2,crackle_score,0.7092380249,0
M39,train,cycle,162_1b2_Lr_mc_AKGC417L__0,crackle_score,0.7423292808,0
M39,train,cycle,162_1b2_Lr_mc_AKGC417L__1,crackle_score,0.5205142232,0
M39,train,cycle,162_1b2_Lr_mc_AKGC417L__2,crackle_score,0.9349752895,0
M39,train,cycle,162_1b2_Pl_mc_AKGC417L__0,crackle_score,0.6161705213,0
M39,train,cycle,162_1b2_Pl_mc_AKGC417L__1,crackle_score,1,0
M39,train,cycle,162_1b2_Pl_mc_AKGC417L__2,crackle_score,0.9980842912,0
M39,train,cycle,162_1b2_Pr_mc_AKGC417L__0,crackle_score,0.6404874675,0
M39,train,cycle,162_1b2_Pr_mc_AKGC417L__1,crackle_score,0.9303011297,0
M39,train,cycle,162_1b2_Pr_mc_AKGC417L__2,crackle_score,0.8453172206,0
M39,train,cycle,162_1b2_Tc_mc_AKGC417L__0,crackle_score,0.7213042195,1
M39,train,cycle,162_1b2_Tc_mc_AKGC417L__1,crackle_score,0.7051422319,1
M39,train,cycle,162_1b2_Tc_mc_AKGC417L__2,crackle_score,0.8384418902,1
M39,train,cycle,162_2b2_Al_mc_AKGC417L__0,crackle_score,0.5576299321,0
M39,train,cycle,162_2b2_Al_mc_AKGC417L__1,crackle_score,0.8543040075,0
M39,train,cycle,162_2b2_Al_mc_AKGC417L__2,crackle_score,0.7538497043,0
M39,train,cycle,162_2b2_Al_mc_AKGC417L__3,crackle_score,0.9918345349,0
M39,train,cycle,162_2b2_Ar_mc_AKGC417L__0,crackle_score,0.5340917182,0
M39,train,cycle,162_2b2_Ar_mc_AKGC417L__1,crackle_score,0.6491635433,0
M39,train,cycle,162_2b2_Ar_mc_AKGC417L__2,crackle_score,0.6848439651,0
M39,train,cycle,162_2b2_Ar_mc_AKGC417L__3,crackle_score,0.6095768963,0
M39,train,cycle,162_2b2_Pl_mc_AKGC417L__0,crackle_score,0.8516106319,0
M39,train,cycle,162_2b2_Pl_mc_AKGC417L__1,crackle_score,0.8277748077,0
M39,train,cycle,162_2b2_Pl_mc_AKGC417L__2,crackle_score,0.8835914827,0
M39,train,cycle,162_2b2_Pl_mc_AKGC417L__3,crackle_score,0.7354292364,0
M39,train,cycle,162_2b2_Pr_mc_AKGC417L__0,crackle_score,0.8400470834,0
M39,train,cycle,162_2b2_Pr_mc_AKGC417L__1,crackle_score,1,0
M39,train,cycle,162_2b2_Pr_mc_AKGC417L__2,crackle_score,0.6256268193,0
M39,train,cycle,162_2b2_Pr_mc_AKGC417L__3,crackle_score,1,0
M39,train,cycle,162_2b2_Tc_mc_AKGC417L__0,crackle_score,0.820155575,0
M39,train,cycle,162_2b2_Tc_mc_AKGC417L__1,crackle_score,1,0
M39,train,cycle,162_2b2_Tc_mc_AKGC417L__2,crackle_score,0.8537025888,0
M39,train,cycle,162_2b2_Tc_mc_AKGC417L__3,crackle_score,1,0
M39,train,cycle,162_2b3_Al_mc_AKGC417L__0,crackle_score,0.8653137849,0
M39,train,cycle,162_2b3_Al_mc_AKGC417L__1,crackle_score,0.9394454604,0
M39,train,cycle,162_2b3_Al_mc_AKGC417L__2,crackle_score,0.9243936335,0
M39,train,cycle,162_2b3_Al_mc_AKGC417L__3,crackle_score,1,0
M39,train,cycle,162_2b3_Ar_mc_AKGC417L__0,crackle_score,0.5725446287,0
M39,train,cycle,162_2b3_Ar_mc_AKGC417L__1,crackle_score,0.5059016665,0
M39,train,cycle,162_2b3_Ar_mc_AKGC417L__2,crackle_score,0.523805657,0
M39,train,cycle,162_2b3_Ar_mc_AKGC417L__3,crackle_score,0.3400795547,0
M39,train,cycle,162_2b3_Lr_mc_AKGC417L__0,crackle_score,0.813283208,0
M39,train,cycle,162_2b3_Lr_mc_AKGC417L__1,crackle_score,0.7960766391,0
M39,train,cycle,162_2b3_Lr_mc_AKGC417L__2,crackle_score,0.8810019688,0
M39,train,cycle,162_2b3_Lr_mc_AKGC417L__3,crackle_score,0.6534253046,0
M39,train,cycle,162_2b3_Pl_mc_AKGC417L__0,crackle_score,0.5618801214,0
M39,train,cycle,162_2b3_Pl_mc_AKGC417L__1,crackle_score,0.5375930893,0
M39,train,cycle,162_2b3_Pl_mc_AKGC417L__2,crackle_score,0.5631103816,0
M39,train,cycle,162_2b3_Pl_mc_AKGC417L__3,crackle_score,0.3230688634,0
M39,train,cycle,162_2b3_Pr_mc_AKGC417L__0,crackle_score,0.9260651629,0
M39,train,cycle,162_2b3_Pr_mc_AKGC417L__1,crackle_score,0.8397493014,0
M39,train,cycle,162_2b3_Pr_mc_AKGC417L__2,crackle_score,0.6812736444,0
M39,train,cycle,162_2b3_Pr_mc_AKGC417L__3,crackle_score,0.6127381332,0
M39,train,cycle,162_2b3_Tc_mc_AKGC417L__0,crackle_score,0.4698273194,0
M39,train,cycle,162_2b3_Tc_mc_AKGC417L__1,crackle_score,0.6726331172,0
M39,train,cycle,162_2b3_Tc_mc_AKGC417L__2,crackle_score,0.7994955864,0
M39,train,cycle,162_2b3_Tc_mc_AKGC417L__3,crackle_score,0.3261145208,0
M39,train,cycle,162_2b4_Al_mc_AKGC417L__0,crackle_score,0.7221651925,0
M39,train,cycle,162_2b4_Al_mc_AKGC417L__1,crackle_score,0.8743668795,0
M39,train,cycle,162_2b4_Al_mc_AKGC417L__2,crackle_score,0.806186494,0
M39,train,cycle,162_2b4_Al_mc_AKGC417L__3,crackle_score,0.9166666667,0
M39,train,cycle,162_2b4_Ar_mc_AKGC417L__0,crackle_score,0.5423739806,0
M39,train,cycle,162_2b4_Ar_mc_AKGC417L__1,crackle_score,0.5293087993,0
M39,train,cycle,162_2b4_Ar_mc_AKGC417L__2,crackle_score,0.5308848235,0
M39,train,cycle,162_2b4_Ar_mc_AKGC417L__3,crackle_score,0.4822864867,0
M39,train,cycle,162_2b4_Lr_mc_AKGC417L__0,crackle_score,1,0
M39,train,cycle,162_2b4_Lr_mc_AKGC417L__1,crackle_score,1,0
M39,train,cycle,162_2b4_Lr_mc_AKGC417L__2,crackle_score,0.9811308596,0
M39,train,cycle,162_2b4_Lr_mc_AKGC417L__3,crackle_score,0.4019870808,0
M39,train,cycle,162_2b4_Pl_mc_AKGC417L__0,crackle_score,0.5208268349,0
M39,train,cycle,162_2b4_Pl_mc_AKGC417L__1,crackle_score,0.4983272792,0
M39,train,cycle,162_2b4_Pl_mc_AKGC417L__2,crackle_score,0.40774107,0
M39,train,cycle,162_2b4_Pl_mc_AKGC417L__3,crackle_score,0.226371347,0
M39,train,cycle,162_2b4_Pr_mc_AKGC417L__0,crackle_score,0.7683998676,0
M39,train,cycle,162_2b4_Pr_mc_AKGC417L__1,crackle_score,0.8697248163,0
M39,train,cycle,162_2b4_Pr_mc_AKGC417L__2,crackle_score,0.7455484305,0
M39,train,cycle,162_2b4_Pr_mc_AKGC417L__3,crackle_score,0.4018067442,0
M39,train,cycle,162_2b4_Tc_mc_AKGC417L__0,crackle_score,0.7296146158,1
M39,train,cycle,162_2b4_Tc_mc_AKGC417L__1,crackle_score,0.5568034872,1
M39,train,cycle,162_2b4_Tc_mc_AKGC417L__2,crackle_score,0.7538566686,1
M39,train,cycle,162_2b4_Tc_mc_AKGC417L__3,crackle_score,0.6574249566,0
M39,train,cycle,163_2b2_Al_mc_AKGC417L__0,crackle_score,0.7139037433,0
M39,train,cycle,163_2b2_Al_mc_AKGC417L__1,crackle_score,0.5665891251,0
M39,train,cycle,163_2b2_Al_mc_AKGC417L__2,crackle_score,0.8891269124,0
M39,train,cycle,163_2b2_Al_mc_AKGC417L__3,crackle_score,0.8913178096,0
M39,train,cycle,163_2b2_Al_mc_AKGC417L__4,crackle_score,0.6799031829,0
M39,train,cycle,163_2b2_Ar_mc_AKGC417L__0,crackle_score,0.5666526475,0
M39,train,cycle,163_2b2_Ar_mc_AKGC417L__1,crackle_score,0.6432548845,0
M39,train,cycle,163_2b2_Ar_mc_AKGC417L__2,crackle_score,0.6384261872,0
M39,train,cycle,163_2b2_Ar_mc_AKGC417L__3,crackle_score,0.4222838327,0
M39,train,cycle,163_2b2_Ar_mc_AKGC417L__4,crackle_score,0.4267196359,0
M39,train,cycle,163_2b2_Ll_mc_AKGC417L__0,crackle_score,0.9456024791,0
M39,train,cycle,163_2b2_Ll_mc_AKGC417L__1,crackle_score,0.969924812,1
M39,train,cycle,163_2b2_Ll_mc_AKGC417L__2,crackle_score,0.7779917769,1
M39,train,cycle,163_2b2_Ll_mc_AKGC417L__3,crackle_score,0.7376490908,0
M39,train,cycle,163_2b2_Ll_mc_AKGC417L__4,crackle_score,0.9280282407,0
M39,train,cycle,163_2b2_Lr_mc_AKGC417L__0,crackle_score,0.7629545665,1
M39,train,cycle,163_2b2_Lr_mc_AKGC417L__1,crackle_score,0.8049447676,0
M39,train,cycle,163_2b2_Lr_mc_AKGC417L__2,crackle_score,0.8828001483,1
M39,train,cycle,163_2b2_Lr_mc_AKGC417L__3,crackle_score,1,1
M39,train,cycle,163_2b2_Lr_mc_AKGC417L__4,crackle_score,0.7310567485,0
M39,train,cycle,163_2b2_Pl_mc_AKGC417L__0,crackle_score,0.7005347594,1
M39,train,cycle,163_2b2_Pl_mc_AKGC417L__1,crackle_score,0.699668006,1
M39,train,cycle,163_2b2_Pl_mc_AKGC417L__2,crackle_score,0.6913265306,0
M39,train,cycle,163_2b2_Pl_mc_AKGC417L__3,crackle_score,0.9290956758,0
M39,train,cycle,163_2b2_Pl_mc_AKGC417L__4,crackle_score,1,0
M39,train,cycle,163_2b2_Pr_mc_AKGC417L__0,crackle_score,0.6260707106,0
M39,train,cycle,163_2b2_Pr_mc_AKGC417L__1,crackle_score,0.5480228845,0
M39,train,cycle,163_2b2_Pr_mc_AKGC417L__2,crackle_score,0.5319147787,0
M39,train,cycle,163_2b2_Pr_mc_AKGC417L__3,crackle_score,0.6736555654,0
M39,train,cycle,163_2b2_Pr_mc_AKGC417L__4,crackle_score,0.5787977577,0
M39,train,cycle,163_2b2_Tc_mc_AKGC417L__0,crackle_score,0.6629814121,0
M39,train,cycle,163_2b2_Tc_mc_AKGC417L__1,crackle_score,0.8555167435,0
M39,train,cycle,163_2b2_Tc_mc_AKGC417L__2,crackle_score,0.5968852125,0
M39,train,cycle,163_2b2_Tc_mc_AKGC417L__3,crackle_score,0.4835914126,0
M39,train,cycle,163_2b2_Tc_mc_AKGC417L__4,crackle_score,0.5021489183,0
M39,train,cycle,163_8b3_Al_mc_AKGC417L__0,crackle_score,0.8900390039,0
M39,train,cycle,163_8b3_Al_mc_AKGC417L__1,crackle_score,0.8009620498,0
M39,train,cycle,163_8b3_Al_mc_AKGC417L__2,crackle_score,0.887374462,0
M39,train,cycle,163_8b3_Al_mc_AKGC417L__3,crackle_score,0.7309534554,0
M39,train,cycle,163_8b3_Al_mc_AKGC417L__4,crackle_score,0.7743542308,0
M39,train,cycle,163_8b3_Al_mc_AKGC417L__5,crackle_score,0.7947182284,0
M39,train,cycle,163_8b3_Ar_mc_AKGC417L__0,crackle_score,0.7289483084,0
M39,train,cycle,163_8b3_Ar_mc_AKGC417L__1,crackle_score,0.7973317439,0
M39,train,cycle,163_8b3_Ar_mc_AKGC417L__2,crackle_score,0.7389322759,0
M39,train,cycle,163_8b3_Ar_mc_AKGC417L__3,crackle_score,0.7552838293,0
M39,train,cycle,163_8b3_Ar_mc_AKGC417L__4,crackle_score,0.8072861867,0
M39,train,cycle,163_8b3_Ar_mc_AKGC417L__5,crackle_score,0.8866335267,0
M39,train,cycle,163_8b3_Ll_mc_AKGC417L__0,crackle_score,0.8251564052,0
M39,train,cycle,163_8b3_Ll_mc_AKGC417L__1,crackle_score,0.7484699748,0
M39,train,cycle,163_8b3_Ll_mc_AKGC417L__2,crackle_score,0.7089558204,0
M39,train,cycle,163_8b3_Ll_mc_AKGC417L__3,crackle_score,0.8421191812,0
M39,train,cycle,163_8b3_Ll_mc_AKGC417L__4,crackle_score,0.995601213,0
M39,train,cycle,163_8b3_Ll_mc_AKGC417L__5,crackle_score,0.7492634349,0
M39,train,cycle,163_8b3_Lr_mc_AKGC417L__0,crackle_score,0.9500450045,0
M39,train,cycle,163_8b3_Lr_mc_AKGC417L__1,crackle_score,0.5079716581,0
M39,train,cycle,163_8b3_Lr_mc_AKGC417L__2,crackle_score,0.6032433721,0
M39,train,cycle,163_8b3_Lr_mc_AKGC417L__3,crackle_score,0.7126915977,0
M39,train,cycle,163_8b3_Lr_mc_AKGC417L__4,crackle_score,0.8671071953,0
M39,train,cycle,163_8b3_Lr_mc_AKGC417L__5,crackle_score,0.5119559869,0
M39,train,cycle,163_8b3_Pl_mc_AKGC417L__0,crackle_score,0.9755531172,0
M39,train,cycle,163_8b3_Pl_mc_AKGC417L__1,crackle_score,0.9011993292,0
M39,train,cycle,163_8b3_Pl_mc_AKGC417L__2,crackle_score,1,0
M39,train,cycle,163_8b3_Pl_mc_AKGC417L__3,crackle_score,1,0
M39,train,cycle,163_8b3_Pl_mc_AKGC417L__4,crackle_score,1,0
M39,train,cycle,163_8b3_Pl_mc_AKGC417L__5,crackle_score,1,0
M39,train,cycle,163_8b3_Pr_mc_AKGC417L__0,crackle_score,0.7488926822,0
M39,train,cycle,163_8b3_Pr_mc_AKGC417L__1,crackle_score,0.7863661553,0
M39,train,cycle,163_8b3_Pr_mc_AKGC417L__2,crackle_score,0.7915983234,0
M39,train,cycle,163_8b3_Pr_mc_AKGC417L__3,crackle_score,0.9857650595,0
M39,train,cycle,163_8b3_Pr_mc_AKGC417L__4,crackle_score,0.8516004248,0
M39,train,cycle,163_8b3_Pr_mc_AKGC417L__5,crackle_score,0.909611576,0
M39,train,cycle,164_1b1_Ll_sc_Meditron__0,crackle_score,1,0
M39,train,cycle,164_1b1_Ll_sc_Meditron__1,crackle_score,0.7987860314,0
M39,train,cycle,164_1b1_Ll_sc_Meditron__2,crackle_score,0.8507577818,1
M39,train,cycle,164_1b1_Ll_sc_Meditron__3,crackle_score,0.5236902886,0
M39,train,cycle,164_1b1_Ll_sc_Meditron__4,crackle_score,0.8625749941,0
M39,train,cycle,164_1b1_Ll_sc_Meditron__5,crackle_score,0.8175256744,0
M39,train,cycle,164_1b1_Ll_sc_Meditron__6,crackle_score,0.6604818656,0
M39,train,cycle,164_1b1_Ll_sc_Meditron__7,crackle_score,1,0
M39,train,cycle,164_1b1_Ll_sc_Meditron__8,crackle_score,0.395283116,0
M39,train,cycle,164_1b1_Ll_sc_Meditron__9,crackle_score,0.5909758918,0
M39,train,cycle,166_1p1_Al_sc_Meditron__0,crackle_score,0.4724796036,0
M39,train,cycle,166_1p1_Al_sc_Meditron__1,crackle_score,0.5546868094,0
M39,train,cycle,166_1p1_Al_sc_Meditron__2,crackle_score,0.8037961172,0
M39,train,cycle,166_1p1_Al_sc_Meditron__3,crackle_score,0.5921675133,0
M39,train,cycle,166_1p1_Al_sc_Meditron__4,crackle_score,0.5452526516,0
M39,train,cycle,166_1p1_Al_sc_Meditron__5,crackle_score,0.00309348512,0
M39,train,cycle,166_1p1_Al_sc_Meditron__6,crackle_score,0.3979566557,0
M39,train,cycle,166_1p1_Al_sc_Meditron__7,crackle_score,0.7180090671,0
M39,train,cycle,166_1p1_Al_sc_Meditron__8,crackle_score,0.6355463129,0
M39,train,cycle,166_1p1_Al_sc_Meditron__9,crackle_score,0.6683101091,0
M39,train,cycle,166_1p1_Al_sc_Meditron__10,crackle_score,0.6930499298,1
M39,train,cycle,166_1p1_Al_sc_Meditron__11,crackle_score,0.6866245146,1
M39,train,cycle,166_1p1_Al_sc_Meditron__12,crackle_score,0.7939368753,0
M39,train,cycle,166_1p1_Al_sc_Meditron__13,crackle_score,0.6853561337,1
M39,train,cycle,166_1p1_Al_sc_Meditron__14,crackle_score,0.7608426047,1
M39,train,cycle,166_1p1_Al_sc_Meditron__15,crackle_score,0.8607954676,1
M39,train,cycle,166_1p1_Al_sc_Meditron__16,crackle_score,0.5945308987,0
M39,train,cycle,166_1p1_Ar_sc_Meditron__0,crackle_score,0.5835936129,0
M39,train,cycle,166_1p1_Ar_sc_Meditron__1,crackle_score,0.5886172912,0
M39,train,cycle,166_1p1_Ar_sc_Meditron__2,crackle_score,0.7638884111,0
M39,train,cycle,166_1p1_Ar_sc_Meditron__3,crackle_score,0.6845885426,0
M39,train,cycle,166_1p1_Ar_sc_Meditron__4,crackle_score,0.4270818273,0
M39,train,cycle,166_1p1_Ar_sc_Meditron__5,crackle_score,0.8214739737,0
M39,train,cycle,166_1p1_Ar_sc_Meditron__6,crackle_score,0.6674537406,0
M39,train,cycle,166_1p1_Ar_sc_Meditron__7,crackle_score,0.7357199417,0
M39,train,cycle,166_1p1_Ar_sc_Meditron__8,crackle_score,0.3462152836,0
M39,train,cycle,166_1p1_Ar_sc_Meditron__9,crackle_score,0.2971664635,0
M39,train,cycle,166_1p1_Ar_sc_Meditron__10,crackle_score,0.6921789436,0
M39,train,cycle,166_1p1_Ar_sc_Meditron__11,crackle_score,0.5606076629,0
M39,train,cycle,166_1p1_Ar_sc_Meditron__12,crackle_score,0.7417686867,0
M39,train,cycle,166_1p1_Ar_sc_Meditron__13,crackle_score,0.6727173577,0
M39,train,cycle,166_1p1_Ar_sc_Meditron__14,crackle_score,0.5714774236,0
M39,train,cycle,166_1p1_Ar_sc_Meditron__15,crackle_score,0.7350832933,0
M39,train,cycle,166_1p1_Ar_sc_Meditron__16,crackle_score,0.6411321599,0
M39,train,cycle,166_1p1_Ar_sc_Meditron__17,crackle_score,0.5830772647,0
M39,train,cycle,166_1p1_Ar_sc_Meditron__18,crackle_score,0.6431192868,0
M39,train,cycle,166_1p1_Ar_sc_Meditron__19,crackle_score,0.3431118262,0
M39,train,cycle,166_1p1_Ar_sc_Meditron__20,crackle_score,0.3991398537,0
M39,train,cycle,166_1p1_Ar_sc_Meditron__21,crackle_score,0.6372480398,0
M39,train,cycle,166_1p1_Ar_sc_Meditron__22,crackle_score,0.5955701227,0
M39,train,cycle,166_1p1_Ar_sc_Meditron__23,crackle_score,0.6281340697,0
M39,train,cycle,166_1p1_Ar_sc_Meditron__24,crackle_score,0.7282297909,0
M39,train,cycle,166_1p1_Ll_sc_Meditron__0,crackle_score,0.6092048275,1
M39,train,cycle,166_1p1_Ll_sc_Meditron__1,crackle_score,0.3667035993,1
M39,train,cycle,166_1p1_Ll_sc_Meditron__2,crackle_score,0.2334371818,1
M39,train,cycle,166_1p1_Ll_sc_Meditron__3,crackle_score,0.730016702,1
M39,train,cycle,166_1p1_Ll_sc_Meditron__4,crackle_score,0.430281864,1
M39,train,cycle,166_1p1_Ll_sc_Meditron__5,crackle_score,0.6666411136,1
M39,train,cycle,166_1p1_Ll_sc_Meditron__6,crackle_score,0.5437946182,1
M39,train,cycle,166_1p1_Ll_sc_Meditron__7,crackle_score,0.739629451,1
M39,train,cycle,166_1p1_Ll_sc_Meditron__8,crackle_score,0.6607759079,1
M39,train,cycle,166_1p1_Ll_sc_Meditron__9,crackle_score,0.6168374212,1
M39,train,cycle,166_1p1_Ll_sc_Meditron__10,crackle_score,0.5117563418,1
M39,train,cycle,166_1p1_Ll_sc_Meditron__11,crackle_score,0.6805022342,1
M39,train,cycle,166_1p1_Ll_sc_Meditron__12,crackle_score,0.6936692252,1
M39,train,cycle,166_1p1_Ll_sc_Meditron__13,crackle_score,0.6888772367,1
M39,train,cycle,166_1p1_Ll_sc_Meditron__14,crackle_score,0.369168146,1
M39,train,cycle,166_1p1_Ll_sc_Meditron__15,crackle_score,0.9528071135,0
M39,train,cycle,166_1p1_Ll_sc_Meditron__16,crackle_score,0.6929512322,0
M39,train,cycle,166_1p1_Ll_sc_Meditron__17,crackle_score,0.2052563567,1
M39,train,cycle,166_1p1_Ll_sc_Meditron__18,crackle_score,0.3251890652,0
M39,train,cycle,166_1p1_Ll_sc_Meditron__19,crackle_score,0.8046757916,0
M39,train,cycle,166_1p1_Ll_sc_Meditron__20,crackle_score,0.7443643355,0
M39,train,cycle,166_1p1_Ll_sc_Meditron__21,crackle_score,0.8259086755,0
M39,train,cycle,166_1p1_Ll_sc_Meditron__22,crackle_score,0.8762696444,0
M39,train,cycle,166_1p1_Ll_sc_Meditron__23,crackle_score,0.725759484,0
M39,train,cycle,166_1p1_Ll_sc_Meditron__24,crackle_score,0.6534141966,0
M39,train,cycle,166_1p1_Pl_sc_Meditron__0,crackle_score,0.6383903918,0
M39,train,cycle,166_1p1_Pl_sc_Meditron__1,crackle_score,0.8072095542,0
M39,train,cycle,166_1p1_Pl_sc_Meditron__2,crackle_score,0.6373896537,0
M39,train,cycle,166_1p1_Pl_sc_Meditron__3,crackle_score,0.6502498515,0
M39,train,cycle,166_1p1_Pl_sc_Meditron__4,crackle_score,0.6317366561,0
M39,train,cycle,166_1p1_Pl_sc_Meditron__5,crackle_score,0.8044061961,0
M39,train,cycle,166_1p1_Pl_sc_Meditron__6,crackle_score,0.7538279638,0
M39,train,cycle,166_1p1_Pl_sc_Meditron__7,crackle_score,0.661952326,0
M39,train,cycle,166_1p1_Pl_sc_Meditron__8,crackle_score,0.7428046675,0
M39,train,cycle,166_1p1_Pl_sc_Meditron__9,crackle_score,0.8917227869,0
M39,train,cycle,166_1p1_Pl_sc_Meditron__10,crackle_score,0.6631891849,0
M39,train,cycle,166_1p1_Pl_sc_Meditron__11,crackle_score,0.6355742587,0
M39,train,cycle,166_1p1_Pl_sc_Meditron__12,crackle_score,0.6060744331,0
M39,train,cycle,166_1p1_Pl_sc_Meditron__13,crackle_score,0.693466908,0
M39,train,cycle,166_1p1_Pl_sc_Meditron__14,crackle_score,0.717797192,0
M39,train,cycle,166_1p1_Pl_sc_Meditron__15,crackle_score,0.7323174171,0
M39,train,cycle,166_1p1_Pl_sc_Meditron__16,crackle_score,0.6060639019,1
M39,train,cycle,166_1p1_Pl_sc_Meditron__17,crackle_score,0.5710046417,1
M39,train,cycle,166_1p1_Pl_sc_Meditron__18,crackle_score,0.6017234557,1
M39,train,cycle,166_1p1_Pl_sc_Meditron__19,crackle_score,0.6723868803,1
M39,train,cycle,166_1p1_Pl_sc_Meditron__20,crackle_score,0.6344248949,1
M39,train,cycle,166_1p1_Pl_sc_Meditron__21,crackle_score,0.6673408925,1
M39,train,cycle,166_1p1_Pl_sc_Meditron__22,crackle_score,1,0
M39,train,cycle,166_1p1_Pl_sc_Meditron__23,crackle_score,0.8059239231,1
M39,train,cycle,166_1p1_Pr_sc_Meditron__0,crackle_score,0.9064893424,0
M39,train,cycle,166_1p1_Pr_sc_Meditron__1,crackle_score,0.6523607406,0
M39,train,cycle,166_1p1_Pr_sc_Meditron__2,crackle_score,0.6010665237,0
M39,train,cycle,166_1p1_Pr_sc_Meditron__3,crackle_score,0.6785359355,0
M39,train,cycle,166_1p1_Pr_sc_Meditron__4,crackle_score,0.801444294,0
M39,train,cycle,166_1p1_Pr_sc_Meditron__5,crackle_score,0.7428791392,0
M39,train,cycle,166_1p1_Pr_sc_Meditron__6,crackle_score,0.7843335928,0
M39,train,cycle,166_1p1_Pr_sc_Meditron__7,crackle_score,0.7461882127,0
M39,train,cycle,166_1p1_Pr_sc_Meditron__8,crackle_score,0.6309842607,0
M39,train,cycle,166_1p1_Pr_sc_Meditron__9,crackle_score,0.7874437593,0
M39,train,cycle,166_1p1_Pr_sc_Meditron__10,crackle_score,0.6183621508,0
M39,train,cycle,166_1p1_Pr_sc_Meditron__11,crackle_score,0.8211926895,0
M39,train,cycle,166_1p1_Pr_sc_Meditron__12,crackle_score,0.6701740233,0
M39,train,cycle,166_1p1_Pr_sc_Meditron__13,crackle_score,0.6076575365,0
M39,train,cycle,166_1p1_Pr_sc_Meditron__14,crackle_score,0.7960960699,0
M39,train,cycle,166_1p1_Pr_sc_Meditron__15,crackle_score,0.8109032282,0
M39,train,cycle,166_1p1_Pr_sc_Meditron__16,crackle_score,0.7499086415,0
M39,train,cycle,166_1p1_Pr_sc_Meditron__17,crackle_score,0.6662722689,0
M39,train,cycle,166_1p1_Pr_sc_Meditron__18,crackle_score,0.6983346189,0
M39,train,cycle,166_1p1_Pr_sc_Meditron__19,crackle_score,0.681182858,0
M39,train,cycle,166_1p1_Pr_sc_Meditron__20,crackle_score,0.3786207992,0
M39,train,cycle,166_1p1_Pr_sc_Meditron__21,crackle_score,0.2858598743,0
M39,train,cycle,166_1p1_Pr_sc_Meditron__22,crackle_score,0.7812310048,0
M39,train,cycle,166_1p1_Pr_sc_Meditron__23,crackle_score,0.6723640515,0
M39,train,cycle,167_1b1_Al_sc_Meditron__0,crackle_score,1,0
M39,train,cycle,167_1b1_Al_sc_Meditron__1,crackle_score,1,0
M39,train,cycle,167_1b1_Al_sc_Meditron__2,crackle_score,1,0
M39,train,cycle,167_1b1_Al_sc_Meditron__3,crackle_score,1,0
M39,train,cycle,167_1b1_Al_sc_Meditron__4,crackle_score,1,0
M39,train,cycle,167_1b1_Al_sc_Meditron__5,crackle_score,1,0
M39,train,cycle,167_1b1_Al_sc_Meditron__6,crackle_score,1,0
M39,train,cycle,167_1b1_Al_sc_Meditron__7,crackle_score,1,0
M39,train,cycle,167_1b1_Al_sc_Meditron__8,crackle_score,0.9950022327,0
M39,train,cycle,167_1b1_Al_sc_Meditron__9,crackle_score,1,0
M39,train,cycle,167_1b1_Al_sc_Meditron__10,crackle_score,1,0
M39,train,cycle,167_1b1_Al_sc_Meditron__11,crackle_score,0.9599471732,0
M39,train,cycle,167_1b1_Al_sc_Meditron__12,crackle_score,0.645242426,0
M39,train,cycle,167_1b1_Pr_sc_Meditron__0,crackle_score,0.6545625804,0
M39,train,cycle,167_1b1_Pr_sc_Meditron__1,crackle_score,0.7849557499,0
M39,train,cycle,167_1b1_Pr_sc_Meditron__2,crackle_score,0.7263548998,0
M39,train,cycle,167_1b1_Pr_sc_Meditron__3,crackle_score,0.6096631373,0
M39,train,cycle,167_1b1_Pr_sc_Meditron__4,crackle_score,0.7205203698,0
M39,train,cycle,167_1b1_Pr_sc_Meditron__5,crackle_score,0.6492957336,0
M39,train,cycle,167_1b1_Pr_sc_Meditron__6,crackle_score,0.7431211651,0
M39,train,cycle,167_1b1_Pr_sc_Meditron__7,crackle_score,0.7851511606,0
M39,train,cycle,167_1b1_Pr_sc_Meditron__8,crackle_score,0.6787487101,0
M39,train,cycle,167_1b1_Pr_sc_Meditron__9,crackle_score,0.8079455972,0
M39,train,cycle,167_1b1_Pr_sc_Meditron__10,crackle_score,0.665336466,0
M39,train,cycle,167_1b1_Pr_sc_Meditron__11,crackle_score,0.894946412,0
M39,train,cycle,167_1b1_Pr_sc_Meditron__12,crackle_score,0.672820819,0
M39,train,cycle,167_1b1_Pr_sc_Meditron__13,crackle_score,0.4549388531,0
M39,train,cycle,167_1b1_Pr_sc_Meditron__14,crackle_score,0.6248428471,0
M39,train,cycle,168_1b1_Al_sc_Meditron__0,crackle_score,1,0
M39,train,cycle,168_1b1_Al_sc_Meditron__1,crackle_score,1,0
M39,train,cycle,168_1b1_Al_sc_Meditron__2,crackle_score,1,0
M39,train,cycle,168_1b1_Al_sc_Meditron__3,crackle_score,0.779904006,0
M39,train,cycle,168_1b1_Al_sc_Meditron__4,crackle_score,0.9257460132,0
M39,train,cycle,168_1b1_Al_sc_Meditron__5,crackle_score,1,0
M39,train,cycle,168_1b1_Al_sc_Meditron__6,crackle_score,0.9756560327,0
M39,train,cycle,172_1b3_Al_mc_AKGC417L__0,crackle_score,0.6835205244,0
M39,train,cycle,172_1b3_Al_mc_AKGC417L__1,crackle_score,0.7708685195,0
M39,train,cycle,172_1b3_Al_mc_AKGC417L__2,crackle_score,0.6995959398,0
M39,train,cycle,172_1b3_Al_mc_AKGC417L__3,crackle_score,0.8122703894,0
M39,train,cycle,172_1b3_Al_mc_AKGC417L__4,crackle_score,0.7907289454,0
M39,train,cycle,172_1b3_Al_mc_AKGC417L__5,crackle_score,0.9378283713,0
M39,train,cycle,172_1b3_Al_mc_AKGC417L__6,crackle_score,0.6145725706,1
M39,train,cycle,172_1b3_Ar_mc_AKGC417L__0,crackle_score,0.8957053693,0
M39,train,cycle,172_1b3_Ar_mc_AKGC417L__1,crackle_score,1,0
M39,train,cycle,172_1b3_Ar_mc_AKGC417L__2,crackle_score,0.7925773139,0
M39,train,cycle,172_1b3_Ar_mc_AKGC417L__3,crackle_score,0.9072825563,0
M39,train,cycle,172_1b3_Ar_mc_AKGC417L__4,crackle_score,1,0
M39,train,cycle,172_1b3_Ar_mc_AKGC417L__5,crackle_score,1,0
M39,train,cycle,172_1b3_Ar_mc_AKGC417L__6,crackle_score,0.9215484864,0
M39,train,cycle,172_1b3_Ll_mc_AKGC417L__0,crackle_score,0.7096894268,1
M39,train,cycle,172_1b3_Ll_mc_AKGC417L__1,crackle_score,1,0
M39,train,cycle,172_1b3_Ll_mc_AKGC417L__2,crackle_score,0.6855641636,1
M39,train,cycle,172_1b3_Ll_mc_AKGC417L__3,crackle_score,0.7765193697,1
M39,train,cycle,172_1b3_Ll_mc_AKGC417L__4,crackle_score,0.8472512492,1
M39,train,cycle,172_1b3_Ll_mc_AKGC417L__5,crackle_score,0.7715922651,1
M39,train,cycle,172_1b3_Ll_mc_AKGC417L__6,crackle_score,0.8716809866,1
M39,train,cycle,172_1b3_Lr_mc_AKGC417L__0,crackle_score,0.8813355011,0
M39,train,cycle,172_1b3_Lr_mc_AKGC417L__1,crackle_score,0.7382573179,0
M39,train,cycle,172_1b3_Lr_mc_AKGC417L__2,crackle_score,0.6784475557,0
M39,train,cycle,172_1b3_Lr_mc_AKGC417L__3,crackle_score,0.7755326965,0
M39,train,cycle,172_1b3_Lr_mc_AKGC417L__4,crackle_score,0.7178649237,0
M39,train,cycle,172_1b3_Lr_mc_AKGC417L__5,crackle_score,0.4923997038,0
M39,train,cycle,172_1b3_Lr_mc_AKGC417L__6,crackle_score,0.8743760399,0
M39,train,cycle,172_1b3_Pl_mc_AKGC417L__0,crackle_score,0.8483899872,1
M39,train,cycle,172_1b3_Pl_mc_AKGC417L__1,crackle_score,1,0
M39,train,cycle,172_1b3_Pl_mc_AKGC417L__2,crackle_score,0.7600752924,0
M39,train,cycle,172_1b3_Pl_mc_AKGC417L__3,crackle_score,1,1
M39,train,cycle,172_1b3_Pl_mc_AKGC417L__4,crackle_score,0.7111747904,0
M39,train,cycle,172_1b3_Pl_mc_AKGC417L__5,crackle_score,0.8105552651,1
M39,train,cycle,172_1b3_Pl_mc_AKGC417L__6,crackle_score,0.8892332223,0
M39,train,cycle,172_1b3_Pr_mc_AKGC417L__0,crackle_score,0.8280027193,1
M39,train,cycle,172_1b3_Pr_mc_AKGC417L__1,crackle_score,0.5263451278,1
M39,train,cycle,172_1b3_Pr_mc_AKGC417L__2,crackle_score,0.4976287358,1
M39,train,cycle,172_1b3_Pr_mc_AKGC417L__3,crackle_score,0.5642002504,1
M39,train,cycle,172_1b3_Pr_mc_AKGC417L__4,crackle_score,0.5397746241,1
M39,train,cycle,172_1b3_Pr_mc_AKGC417L__5,crackle_score,0.6748192192,1
M39,train,cycle,172_1b3_Pr_mc_AKGC417L__6,crackle_score,0.5076266199,1
M39,train,cycle,172_1b3_Tc_mc_AKGC417L__0,crackle_score,0.7041759831,0
M39,train,cycle,172_1b3_Tc_mc_AKGC417L__1,crackle_score,0.8489196187,0
M39,train,cycle,172_1b3_Tc_mc_AKGC417L__2,crackle_score,0.6779882983,0
M39,train,cycle,172_1b3_Tc_mc_AKGC417L__3,crackle_score,0.6252405464,0
M39,train,cycle,172_1b3_Tc_mc_AKGC417L__4,crackle_score,0.6306085514,0
M39,train,cycle,172_1b3_Tc_mc_AKGC417L__5,crackle_score,0.5567152511,0
M39,train,cycle,172_1b3_Tc_mc_AKGC417L__6,crackle_score,0.5663853527,1
M39,train,cycle,172_1b4_Al_mc_AKGC417L__0,crackle_score,0.7514768732,1
M39,train,cycle,172_1b4_Al_mc_AKGC417L__1,crackle_score,0.7480673765,0
M39,train,cycle,172_1b4_Al_mc_AKGC417L__2,crackle_score,0.6957713391,0
M39,train,cycle,172_1b4_Al_mc_AKGC417L__3,crackle_score,0.4711330953,0
M39,train,cycle,172_1b4_Al_mc_AKGC417L__4,crackle_score,0.911990517,0
M39,train,cycle,172_1b4_Al_mc_AKGC417L__5,crackle_score,0.6413022154,1
M39,train,cycle,172_1b4_Ar_mc_AKGC417L__0,crackle_score,0.6596409167,0
M39,train,cycle,172_1b4_Ar_mc_AKGC417L__1,crackle_score,0.7430390993,1
M39,train,cycle,172_1b4_Ar_mc_AKGC417L__2,crackle_score,0.744691172,0
M39,train,cycle,172_1b4_Ar_mc_AKGC417L__3,crackle_score,0.4207030651,0
M39,train,cycle,172_1b4_Ar_mc_AKGC417L__4,crackle_score,0.7904408698,0
M39,train,cycle,172_1b4_Ar_mc_AKGC417L__5,crackle_score,0.8975140497,0
M39,train,cycle,172_1b4_Ll_mc_AKGC417L__0,crackle_score,0.7432338673,0
M39,train,cycle,172_1b4_Ll_mc_AKGC417L__1,crackle_score,0.587316391,1
M39,train,cycle,172_1b4_Ll_mc_AKGC417L__2,crackle_score,0.8915426782,1
M39,train,cycle,172_1b4_Ll_mc_AKGC417L__3,crackle_score,0.634397525,0
M39,train,cycle,172_1b4_Ll_mc_AKGC417L__4,crackle_score,0.9317903535,1
M39,train,cycle,172_1b4_Ll_mc_AKGC417L__5,crackle_score,0.710437346,0
M39,train,cycle,172_1b4_Lr_mc_AKGC417L__0,crackle_score,0.7364248649,0
M39,train,cycle,172_1b4_Lr_mc_AKGC417L__1,crackle_score,0.8533807773,0
M39,train,cycle,172_1b4_Lr_mc_AKGC417L__2,crackle_score,0.3293739044,0
M39,train,cycle,172_1b4_Lr_mc_AKGC417L__3,crackle_score,0.4049912671,0
M39,train,cycle,172_1b4_Lr_mc_AKGC417L__4,crackle_score,0.3136099539,0
M39,train,cycle,172_1b4_Lr_mc_AKGC417L__5,crackle_score,0.9315633397,0
M39,train,cycle,172_1b4_Pl_mc_AKGC417L__0,crackle_score,1,1
M39,train,cycle,172_1b4_Pl_mc_AKGC417L__1,crackle_score,0.2868395133,0
M39,train,cycle,172_1b4_Pl_mc_AKGC417L__2,crackle_score,0.3535291435,0
M39,train,cycle,172_1b4_Pl_mc_AKGC417L__3,crackle_score,0.6219087426,0
M39,train,cycle,172_1b4_Pl_mc_AKGC417L__4,crackle_score,0.9495728108,0
M39,train,cycle,172_1b4_Pl_mc_AKGC417L__5,crackle_score,1,1
M39,train,cycle,172_1b4_Pr_mc_AKGC417L__0,crackle_score,0.7341046994,0
M39,train,cycle,172_1b4_Pr_mc_AKGC417L__1,crackle_score,0.5207937274,0
M39,train,cycle,172_1b4_Pr_mc_AKGC417L__2,crackle_score,0.5320725851,0
M39,train,cycle,172_1b4_Pr_mc_AKGC417L__3,crackle_score,0.5951350234,0
M39,train,cycle,172_1b4_Pr_mc_AKGC417L__4,crackle_score,0.6586560692,0
M39,train,cycle,172_1b4_Pr_mc_AKGC417L__5,crackle_score,0.646938403,0
M39,train,cycle,172_1b4_Tc_mc_AKGC417L__0,crackle_score,0.5553612978,0
M39,train,cycle,172_1b4_Tc_mc_AKGC417L__1,crackle_score,0.5578176657,1
M39,train,cycle,172_1b4_Tc_mc_AKGC417L__2,crackle_score,0.5139119134,0
M39,train,cycle,172_1b4_Tc_mc_AKGC417L__3,crackle_score,0.6898411629,1
M39,train,cycle,172_1b4_Tc_mc_AKGC417L__4,crackle_score,0.6737326634,0
M39,train,cycle,172_1b4_Tc_mc_AKGC417L__5,crackle_score,0.5991034697,0
M39,train,cycle,172_1b5_Al_mc_AKGC417L__0,crackle_score,1,0
M39,train,cycle,172_1b5_Al_mc_AKGC417L__1,crackle_score,0.7672139847,0
M39,train,cycle,172_1b5_Al_mc_AKGC417L__2,crackle_score,1,1
M39,train,cycle,172_1b5_Al_mc_AKGC417L__3,crackle_score,0.7727665516,0
M39,train,cycle,172_1b5_Al_mc_AKGC417L__4,crackle_score,0.7966939814,0
M39,train,cycle,172_1b5_Al_mc_AKGC417L__5,crackle_score,1,0
M39,train,cycle,172_1b5_Al_mc_AKGC417L__6,crackle_score,0.5390107609,0
M39,train,cycle,172_1b5_Ar_mc_AKGC417L__0,crackle_score,1,0
M39,train,cycle,172_1b5_Ar_mc_AKGC417L__1,crackle_score,0.9384377011,0
M39,train,cycle,172_1b5_Ar_mc_AKGC417L__2,crackle_score,1,0
M39,train,cycle,172_1b5_Ar_mc_AKGC417L__3,crackle_score,0.9469723266,0
M39,train,cycle,172_1b5_Ar_mc_AKGC417L__4,crackle_score,1,0
M39,train,cycle,172_1b5_Ar_mc_AKGC417L__5,crackle_score,1,0
M39,train,cycle,172_1b5_Ar_mc_AKGC417L__6,crackle_score,0.9201680672,0
M39,train,cycle,172_1b5_Ll_mc_AKGC417L__0,crackle_score,0.8673190183,1
M39,train,cycle,172_1b5_Ll_mc_AKGC417L__1,crackle_score,0.6561040439,0
M39,train,cycle,172_1b5_Ll_mc_AKGC417L__2,crackle_score,1,1
M39,train,cycle,172_1b5_Ll_mc_AKGC417L__3,crackle_score,0.7644578111,0
M39,train,cycle,172_1b5_Ll_mc_AKGC417L__4,crackle_score,0.9576394077,1
M39,train,cycle,172_1b5_Ll_mc_AKGC417L__5,crackle_score,1,0
M39,train,cycle,172_1b5_Ll_mc_AKGC417L__6,crackle_score,0.767477987,0
M39,train,cycle,172_1b5_Lr_mc_AKGC417L__0,crackle_score,1,0
M39,train,cycle,172_1b5_Lr_mc_AKGC417L__1,crackle_score,0.6468567013,0
M39,train,cycle,172_1b5_Lr_mc_AKGC417L__2,crackle_score,0.8771069713,0
M39,train,cycle,172_1b5_Lr_mc_AKGC417L__3,crackle_score,0.8057991705,1
M39,train,cycle,172_1b5_Lr_mc_AKGC417L__4,crackle_score,0.7651220058,1
M39,train,cycle,172_1b5_Lr_mc_AKGC417L__5,crackle_score,0.7676899022,0
M39,train,cycle,172_1b5_Lr_mc_AKGC417L__6,crackle_score,0.9235892784,0
M39,train,cycle,172_1b5_Pl_mc_AKGC417L__0,crackle_score,0.6220902772,1
M39,train,cycle,172_1b5_Pl_mc_AKGC417L__1,crackle_score,0.6536497369,0
M39,train,cycle,172_1b5_Pl_mc_AKGC417L__2,crackle_score,0.7467762601,1
M39,train,cycle,172_1b5_Pl_mc_AKGC417L__3,crackle_score,0.7099338733,0
M39,train,cycle,172_1b5_Pl_mc_AKGC417L__4,crackle_score,0.7356619806,1
M39,train,cycle,172_1b5_Pl_mc_AKGC417L__5,crackle_score,0.6258282667,1
M39,train,cycle,172_1b5_Pl_mc_AKGC417L__6,crackle_score,0.3919488165,0
M39,train,cycle,172_1b5_Pr_mc_AKGC417L__0,crackle_score,0.7415885723,0
M39,train,cycle,172_1b5_Pr_mc_AKGC417L__1,crackle_score,0.6763257587,0
M39,train,cycle,172_1b5_Pr_mc_AKGC417L__2,crackle_score,0.7884258127,1
M39,train,cycle,172_1b5_Pr_mc_AKGC417L__3,crackle_score,0.7254727939,0
M39,train,cycle,172_1b5_Pr_mc_AKGC417L__4,crackle_score,0.8532071207,0
M39,train,cycle,172_1b5_Pr_mc_AKGC417L__5,crackle_score,1,0
M39,train,cycle,172_1b5_Pr_mc_AKGC417L__6,crackle_score,0.6192021382,0
M39,train,cycle,172_1b5_Tc_mc_AKGC417L__0,crackle_score,0.6014495729,0
M39,train,cycle,172_1b5_Tc_mc_AKGC417L__1,crackle_score,0.5156353143,1
M39,train,cycle,172_1b5_Tc_mc_AKGC417L__2,crackle_score,0.7175135916,0
M39,train,cycle,172_1b5_Tc_mc_AKGC417L__3,crackle_score,0.6253324722,0
M39,train,cycle,172_1b5_Tc_mc_AKGC417L__4,crackle_score,0.5749978716,0
M39,train,cycle,172_1b5_Tc_mc_AKGC417L__5,crackle_score,0.5588110644,0
M39,train,cycle,172_1b5_Tc_mc_AKGC417L__6,crackle_score,0.5551346564,0
M39,train,cycle,172_2b5_Al_mc_AKGC417L__0,crackle_score,0.626724737,1
M39,train,cycle,172_2b5_Al_mc_AKGC417L__1,crackle_score,0.6460279184,1
M39,train,cycle,172_2b5_Al_mc_AKGC417L__2,crackle_score,0.7678969878,1
M39,train,cycle,172_2b5_Al_mc_AKGC417L__3,crackle_score,0.5962137197,1
M39,train,cycle,172_2b5_Al_mc_AKGC417L__4,crackle_score,0.5916901638,1
M39,train,cycle,172_2b5_Al_mc_AKGC417L__5,crackle_score,0.7018062217,1
M39,train,cycle,172_2b5_Ar_mc_AKGC417L__0,crackle_score,0.7375694353,0
M39,train,cycle,172_2b5_Ar_mc_AKGC417L__1,crackle_score,0.792650979,0
M39,train,cycle,172_2b5_Ar_mc_AKGC417L__2,crackle_score,0.9842180775,0
M39,train,cycle,172_2b5_Ar_mc_AKGC417L__3,crackle_score,0.5380135093,0
M39,train,cycle,172_2b5_Ar_mc_AKGC417L__4,crackle_score,0.7634416328,0
M39,train,cycle,172_2b5_Ar_mc_AKGC417L__5,crackle_score,0.7556778949,0
M39,train,cycle,172_2b5_Lr_mc_AKGC417L__0,crackle_score,0.386371634,0
M39,train,cycle,172_2b5_Lr_mc_AKGC417L__1,crackle_score,0.5646807182,1
M39,train,cycle,172_2b5_Lr_mc_AKGC417L__2,crackle_score,0.499288932,0
M39,train,cycle,172_2b5_Lr_mc_AKGC417L__3,crackle_score,0.5579614606,0
M39,train,cycle,172_2b5_Lr_mc_AKGC417L__4,crackle_score,0.5174334397,0
M39,train,cycle,172_2b5_Lr_mc_AKGC417L__5,crackle_score,0.4524723497,0
M39,train,cycle,172_2b5_Pl_mc_AKGC417L__0,crackle_score,0.9874651811,1
M39,train,cycle,172_2b5_Pl_mc_AKGC417L__1,crackle_score,0.8247758542,1
M39,train,cycle,172_2b5_Pl_mc_AKGC417L__2,crackle_score,0.9465914974,1
M39,train,cycle,172_2b5_Pl_mc_AKGC417L__3,crackle_score,0.6725169946,0
M39,train,cycle,172_2b5_Pl_mc_AKGC417L__4,crackle_score,0.6674615563,0
M39,train,cycle,172_2b5_Pl_mc_AKGC417L__5,crackle_score,0.6008168241,0
M39,train,cycle,172_2b5_Pr_mc_AKGC417L__0,crackle_score,0.9526462396,1
M39,train,cycle,172_2b5_Pr_mc_AKGC417L__1,crackle_score,0.8715496432,0
M39,train,cycle,172_2b5_Pr_mc_AKGC417L__2,crackle_score,0.7784045346,0
M39,train,cycle,172_2b5_Pr_mc_AKGC417L__3,crackle_score,0.609133992,0
M39,train,cycle,172_2b5_Pr_mc_AKGC417L__4,crackle_score,0.6921707605,1
M39,train,cycle,172_2b5_Pr_mc_AKGC417L__5,crackle_score,0.7147989225,0
M39,train,cycle,172_2b5_Tc_mc_AKGC417L__0,crackle_score,0.5188727957,0
M39,train,cycle,172_2b5_Tc_mc_AKGC417L__1,crackle_score,0.555316268,0
M39,train,cycle,172_2b5_Tc_mc_AKGC417L__2,crackle_score,0.5151848532,0
M39,train,cycle,172_2b5_Tc_mc_AKGC417L__3,crackle_score,0.5491163896,0
M39,train,cycle,172_2b5_Tc_mc_AKGC417L__4,crackle_score,0.5037464433,0
M39,train,cycle,172_2b5_Tc_mc_AKGC417L__5,crackle_score,0.4830891935,0
M39,train,cycle,179_1b1_Al_sc_Meditron__0,crackle_score,0.669243935,1
M39,train,cycle,179_1b1_Al_sc_Meditron__1,crackle_score,0.774473925,1
M39,train,cycle,179_1b1_Al_sc_Meditron__2,crackle_score,0.6703663476,1
M39,train,cycle,179_1b1_Al_sc_Meditron__3,crackle_score,0.8311836591,0
M39,train,cycle,179_1b1_Al_sc_Meditron__4,crackle_score,0.9382886274,0
M39,train,cycle,179_1b1_Al_sc_Meditron__5,crackle_score,0.613818622,0
M39,train,cycle,179_1b1_Al_sc_Meditron__6,crackle_score,0.8025777569,0
M39,train,cycle,179_1b1_Al_sc_Meditron__7,crackle_score,0.8540540012,0
M39,train,cycle,179_1b1_Tc_sc_Meditron__0,crackle_score,0.4291276865,0
M39,train,cycle,179_1b1_Tc_sc_Meditron__1,crackle_score,0.8186655281,0
M39,train,cycle,179_1b1_Tc_sc_Meditron__2,crackle_score,0.5051027176,1
M39,train,cycle,179_1b1_Tc_sc_Meditron__3,crackle_score,0.5679159907,0
M39,train,cycle,179_1b1_Tc_sc_Meditron__4,crackle_score,0.6831638563,0
M39,train,cycle,179_1b1_Tc_sc_Meditron__5,crackle_score,0.6656775704,1
M39,train,cycle,179_1b1_Tc_sc_Meditron__6,crackle_score,0.6586498323,0
M39,train,cycle,180_1b4_Al_mc_AKGC417L__0,crackle_score,0.7974519141,1
M39,train,cycle,180_1b4_Al_mc_AKGC417L__1,crackle_score,0.7568152038,1
M39,train,cycle,180_1b4_Al_mc_AKGC417L__2,crackle_score,0.8135993114,1
M39,train,cycle,180_1b4_Al_mc_AKGC417L__3,crackle_score,0.8421220634,1
M39,train,cycle,180_1b4_Al_mc_AKGC417L__4,crackle_score,0.7881415271,1
M39,train,cycle,180_1b4_Al_mc_AKGC417L__5,crackle_score,0.4964016334,0
M39,train,cycle,180_1b4_Ar_mc_AKGC417L__0,crackle_score,0.8257100836,1
M39,train,cycle,180_1b4_Ar_mc_AKGC417L__1,crackle_score,0.9811832706,1
M39,train,cycle,180_1b4_Ar_mc_AKGC417L__2,crackle_score,0.8058131105,1
M39,train,cycle,180_1b4_Ar_mc_AKGC417L__3,crackle_score,0.9299180369,1
M39,train,cycle,180_1b4_Ar_mc_AKGC417L__4,crackle_score,0.7473187514,1
M39,train,cycle,180_1b4_Ar_mc_AKGC417L__5,crackle_score,0.4582954752,1
M39,train,cycle,180_1b4_Lr_mc_AKGC417L__0,crackle_score,0.7101068248,1
M39,train,cycle,180_1b4_Lr_mc_AKGC417L__1,crackle_score,0.6930337935,1
M39,train,cycle,180_1b4_Lr_mc_AKGC417L__2,crackle_score,0.7682343487,1
M39,train,cycle,180_1b4_Lr_mc_AKGC417L__3,crackle_score,0.7517633133,1
M39,train,cycle,180_1b4_Lr_mc_AKGC417L__4,crackle_score,0.7681948887,1
M39,train,cycle,180_1b4_Lr_mc_AKGC417L__5,crackle_score,0.7042273004,1
M39,train,cycle,180_1b4_Pl_mc_AKGC417L__0,crackle_score,0.9523023734,1
M39,train,cycle,180_1b4_Pl_mc_AKGC417L__1,crackle_score,0.8645584355,1
M39,train,cycle,180_1b4_Pl_mc_AKGC417L__2,crackle_score,0.8312123885,1
M39,train,cycle,180_1b4_Pl_mc_AKGC417L__3,crackle_score,0.8177227937,1
M39,train,cycle,180_1b4_Pl_mc_AKGC417L__4,crackle_score,0.7938700856,1
M39,train,cycle,180_1b4_Pl_mc_AKGC417L__5,crackle_score,0.6443776271,1
M39,train,cycle,180_1b4_Pr_mc_AKGC417L__0,crackle_score,0.8349473786,1
M39,train,cycle,180_1b4_Pr_mc_AKGC417L__1,crackle_score,0.805027185,1
M39,train,cycle,180_1b4_Pr_mc_AKGC417L__2,crackle_score,0.823096571,1
M39,train,cycle,180_1b4_Pr_mc_AKGC417L__3,crackle_score,0.8371826002,1
M39,train,cycle,180_1b4_Pr_mc_AKGC417L__4,crackle_score,0.8842403112,1
M39,train,cycle,180_1b4_Pr_mc_AKGC417L__5,crackle_score,0.7961834265,1
M39,train,cycle,181_1b1_Ar_mc_LittC2SE__0,crackle_score,0.7313731487,0
M39,train,cycle,181_1b1_Ar_mc_LittC2SE__1,crackle_score,0.7446428432,0
M39,train,cycle,181_1b1_Ar_mc_LittC2SE__2,crackle_score,0.7236664202,0
M39,train,cycle,181_1b1_Ar_mc_LittC2SE__3,crackle_score,0.662153617,0
M39,train,cycle,181_1b1_Tc_mc_LittC2SE__0,crackle_score,0.6192301141,0
M39,train,cycle,181_1b1_Tc_mc_LittC2SE__1,crackle_score,0.640985238,0
M39,train,cycle,181_1b1_Tc_mc_LittC2SE__2,crackle_score,0.6226692836,0
M39,train,cycle,181_1b1_Tc_mc_LittC2SE__3,crackle_score,0.9630638335,0
M39,train,cycle,181_1b2_Ar_mc_LittC2SE__0,crackle_score,0.8060024637,1
M39,train,cycle,181_1b2_Ar_mc_LittC2SE__1,crackle_score,0.7406174569,1
M39,train,cycle,181_1b2_Ar_mc_LittC2SE__2,crackle_score,0.7484347584,0
M39,train,cycle,181_1b2_Ar_mc_LittC2SE__3,crackle_score,0.8018010881,0
M39,train,cycle,181_1b3_Tc_mc_LittC2SE__0,crackle_score,0.5865904088,0
M39,train,cycle,181_1b3_Tc_mc_LittC2SE__1,crackle_score,0.7567174397,0
M39,train,cycle,181_1b3_Tc_mc_LittC2SE__2,crackle_score,1,0
M39,train,cycle,181_1b3_Tc_mc_LittC2SE__3,crackle_score,0.8346720214,0
M39,train,cycle,181_1b3_Tc_mc_LittC2SE__4,crackle_score,0.3547913976,0
M39,train,cycle,183_1b1_Pl_sc_Meditron__0,crackle_score,0.4360197211,1
M39,train,cycle,183_1b1_Pl_sc_Meditron__1,crackle_score,0.4220628101,0
M39,train,cycle,183_1b1_Pl_sc_Meditron__2,crackle_score,0.4614771776,1
M39,train,cycle,183_1b1_Pl_sc_Meditron__3,crackle_score,0.7277945121,0
M39,train,cycle,183_1b1_Tc_sc_Meditron__0,crackle_score,0.8265653841,0
M39,train,cycle,183_1b1_Tc_sc_Meditron__1,crackle_score,0.7963793656,0
M39,train,cycle,183_1b1_Tc_sc_Meditron__2,crackle_score,0.7488360893,0
M39,train,cycle,183_1b1_Tc_sc_Meditron__3,crackle_score,0.6463113431,0
M39,train,cycle,184_1b1_Ar_sc_Meditron__0,crackle_score,0.8926964333,0
M39,train,cycle,184_1b1_Ar_sc_Meditron__1,crackle_score,0.7218932424,0
M39,train,cycle,184_1b1_Ar_sc_Meditron__2,crackle_score,0.838126618,0
M39,train,cycle,184_1b1_Ar_sc_Meditron__3,crackle_score,0.8524461881,0
M39,train,cycle,184_1b1_Ar_sc_Meditron__4,crackle_score,0.8673518226,0
M39,train,cycle,184_1b1_Ar_sc_Meditron__5,crackle_score,0.8321483915,0
M39,train,cycle,184_1b1_Ar_sc_Meditron__6,crackle_score,0.7173028114,0
M39,train,cycle,184_1b1_Ar_sc_Meditron__7,crackle_score,0.8656600108,0
M39,train,cycle,186_2b2_Al_mc_AKGC417L__0,crackle_score,0.8563627591,0
M39,train,cycle,186_2b2_Al_mc_AKGC417L__1,crackle_score,0.9478334544,0
M39,train,cycle,186_2b2_Al_mc_AKGC417L__2,crackle_score,0.9367955963,0
M39,train,cycle,186_2b2_Al_mc_AKGC417L__3,crackle_score,1,0
M39,train,cycle,186_2b2_Al_mc_AKGC417L__4,crackle_score,0.5431854151,0
M39,train,cycle,186_2b2_Ar_mc_AKGC417L__0,crackle_score,0.7963996492,1
M39,train,cycle,186_2b2_Ar_mc_AKGC417L__1,crackle_score,0.513024053,1
M39,train,cycle,186_2b2_Ar_mc_AKGC417L__2,crackle_score,0.794260513,1
M39,train,cycle,186_2b2_Ar_mc_AKGC417L__3,crackle_score,0.736132143,1
M39,train,cycle,186_2b2_Ar_mc_AKGC417L__4,crackle_score,0.6012132827,1
M39,train,cycle,186_2b2_Lr_mc_AKGC417L__0,crackle_score,0.5353662564,1
M39,train,cycle,186_2b2_Lr_mc_AKGC417L__1,crackle_score,0.7498670527,1
M39,train,cycle,186_2b2_Lr_mc_AKGC417L__2,crackle_score,0.7832566086,1
M39,train,cycle,186_2b2_Lr_mc_AKGC417L__3,crackle_score,0.7938267975,1
M39,train,cycle,186_2b2_Lr_mc_AKGC417L__4,crackle_score,0.5920588256,1
M39,train,cycle,186_2b2_Pl_mc_AKGC417L__0,crackle_score,1,1
M39,train,cycle,186_2b2_Pl_mc_AKGC417L__1,crackle_score,0.8254420356,1
M39,train,cycle,186_2b2_Pl_mc_AKGC417L__2,crackle_score,0.7852311887,1
M39,train,cycle,186_2b2_Pl_mc_AKGC417L__3,crackle_score,0.9058168178,1
M39,train,cycle,186_2b2_Pl_mc_AKGC417L__4,crackle_score,0.551535929,1
M39,train,cycle,186_2b2_Pr_mc_AKGC417L__0,crackle_score,0.7583723153,1
M39,train,cycle,186_2b2_Pr_mc_AKGC417L__1,crackle_score,0.6808822765,1
M39,train,cycle,186_2b2_Pr_mc_AKGC417L__2,crackle_score,0.7896916447,1
M39,train,cycle,186_2b2_Pr_mc_AKGC417L__3,crackle_score,0.7770691377,1
M39,train,cycle,186_2b2_Pr_mc_AKGC417L__4,crackle_score,0.7542155173,1
M39,train,cycle,186_2b2_Tc_mc_AKGC417L__0,crackle_score,0.7537427049,0
M39,train,cycle,186_2b2_Tc_mc_AKGC417L__1,crackle_score,0.8389009925,0
M39,train,cycle,186_2b2_Tc_mc_AKGC417L__2,crackle_score,0.6814122244,0
M39,train,cycle,186_2b2_Tc_mc_AKGC417L__3,crackle_score,0.6578052925,0
M39,train,cycle,186_2b2_Tc_mc_AKGC417L__4,crackle_score,1,0
M39,train,cycle,186_2b3_Al_mc_AKGC417L__0,crackle_score,1,0
M39,train,cycle,186_2b3_Al_mc_AKGC417L__1,crackle_score,0.9904426559,0
M39,train,cycle,186_2b3_Al_mc_AKGC417L__2,crackle_score,1,0
M39,train,cycle,186_2b3_Al_mc_AKGC417L__3,crackle_score,1,0
M39,train,cycle,186_2b3_Al_mc_AKGC417L__4,crackle_score,0.856815893,1
M39,train,cycle,186_2b3_Ar_mc_AKGC417L__0,crackle_score,0.3644025493,0
M39,train,cycle,186_2b3_Ar_mc_AKGC417L__1,crackle_score,0.763183768,1
M39,train,cycle,186_2b3_Ar_mc_AKGC417L__2,crackle_score,0.9290656742,1
M39,train,cycle,186_2b3_Ar_mc_AKGC417L__3,crackle_score,0.8201558473,1
M39,train,cycle,186_2b3_Ar_mc_AKGC417L__4,crackle_score,0.700988396,1
M39,train,cycle,186_2b3_Lr_mc_AKGC417L__0,crackle_score,0.6767854261,1
M39,train,cycle,186_2b3_Lr_mc_AKGC417L__1,crackle_score,0.5556249467,1
M39,train,cycle,186_2b3_Lr_mc_AKGC417L__2,crackle_score,0.6619608253,1
M39,train,cycle,186_2b3_Lr_mc_AKGC417L__3,crackle_score,0.7513523471,1
M39,train,cycle,186_2b3_Lr_mc_AKGC417L__4,crackle_score,0.5184997423,1
M39,train,cycle,186_2b3_Pl_mc_AKGC417L__0,crackle_score,0.8378327047,1
M39,train,cycle,186_2b3_Pl_mc_AKGC417L__1,crackle_score,0.7638147563,1
M39,train,cycle,186_2b3_Pl_mc_AKGC417L__2,crackle_score,0.9239212031,1
M39,train,cycle,186_2b3_Pl_mc_AKGC417L__3,crackle_score,0.7675017927,1
M39,train,cycle,186_2b3_Pl_mc_AKGC417L__4,crackle_score,0.7238267796,1
M39,train,cycle,186_2b3_Pr_mc_AKGC417L__0,crackle_score,0.673815415,1
M39,train,cycle,186_2b3_Pr_mc_AKGC417L__1,crackle_score,0.4739318265,1
M39,train,cycle,186_2b3_Pr_mc_AKGC417L__2,crackle_score,0.8523847506,1
M39,train,cycle,186_2b3_Pr_mc_AKGC417L__3,crackle_score,0.7216748768,1
M39,train,cycle,186_2b3_Pr_mc_AKGC417L__4,crackle_score,0.8722753374,1
M39,train,cycle,186_2b3_Tc_mc_AKGC417L__0,crackle_score,0.8866124413,0
M39,train,cycle,186_2b3_Tc_mc_AKGC417L__1,crackle_score,0.6634808853,0
M39,train,cycle,186_2b3_Tc_mc_AKGC417L__2,crackle_score,0.635501355,0
M39,train,cycle,186_2b3_Tc_mc_AKGC417L__3,crackle_score,0.7463054187,0
M39,train,cycle,186_2b3_Tc_mc_AKGC417L__4,crackle_score,0.9810776139,0
M39,train,cycle,186_2b4_Al_mc_AKGC417L__0,crackle_score,0.7807067365,1
M39,train,cycle,186_2b4_Al_mc_AKGC417L__1,crackle_score,0.7297154078,0
M39,train,cycle,186_2b4_Al_mc_AKGC417L__2,crackle_score,0.7779856543,1
M39,train,cycle,186_2b4_Al_mc_AKGC417L__3,crackle_score,0.6912982877,1
M39,train,cycle,186_2b4_Al_mc_AKGC417L__4,crackle_score,0.5948674066,1
M39,train,cycle,186_2b4_Ar_mc_AKGC417L__0,crackle_score,0.7324612905,1
M39,train,cycle,186_2b4_Ar_mc_AKGC417L__1,crackle_score,0.6891757317,1
M39,train,cycle,186_2b4_Ar_mc_AKGC417L__2,crackle_score,0.8413953797,1
M39,train,cycle,186_2b4_Ar_mc_AKGC417L__3,crackle_score,0.7562187794,1
M39,train,cycle,186_2b4_Ar_mc_AKGC417L__4,crackle_score,0.4943931315,1
M39,train,cycle,186_2b4_Lr_mc_AKGC417L__0,crackle_score,0.7981672864,1
M39,train,cycle,186_2b4_Lr_mc_AKGC417L__1,crackle_score,0.6905358657,1
M39,train,cycle,186_2b4_Lr_mc_AKGC417L__2,crackle_score,0.6720701805,1
M39,train,cycle,186_2b4_Lr_mc_AKGC417L__3,crackle_score,0.7154062272,1
M39,train,cycle,186_2b4_Lr_mc_AKGC417L__4,crackle_score,0.510802242,1
M39,train,cycle,186_2b4_Pl_mc_AKGC417L__0,crackle_score,0.7197741964,1
M39,train,cycle,186_2b4_Pl_mc_AKGC417L__1,crackle_score,0.817868151,0
M39,train,cycle,186_2b4_Pl_mc_AKGC417L__2,crackle_score,0.7333867313,1
M39,train,cycle,186_2b4_Pl_mc_AKGC417L__3,crackle_score,0.9317040604,1
M39,train,cycle,186_2b4_Pl_mc_AKGC417L__4,crackle_score,0.6152109301,1
M39,train,cycle,186_2b4_Pr_mc_AKGC417L__0,crackle_score,0.7267907838,1
M39,train,cycle,186_2b4_Pr_mc_AKGC417L__1,crackle_score,0.6093980329,1
M39,train,cycle,186_2b4_Pr_mc_AKGC417L__2,crackle_score,0.6870547857,1
M39,train,cycle,186_2b4_Pr_mc_AKGC417L__3,crackle_score,0.8481916246,1
M39,train,cycle,186_2b4_Pr_mc_AKGC417L__4,crackle_score,0.7472428508,1
M39,train,cycle,186_2b4_Tc_mc_AKGC417L__0,crackle_score,0.5857212834,0
M39,train,cycle,186_2b4_Tc_mc_AKGC417L__1,crackle_score,0.6366799205,0
M39,train,cycle,186_2b4_Tc_mc_AKGC417L__2,crackle_score,0.6448225923,0
M39,train,cycle,186_2b4_Tc_mc_AKGC417L__3,crackle_score,0.7352150538,0
M39,train,cycle,186_2b4_Tc_mc_AKGC417L__4,crackle_score,0.8393793413,0
M39,train,cycle,186_3b3_Al_mc_AKGC417L__0,crackle_score,0.6967878749,0
M39,train,cycle,186_3b3_Al_mc_AKGC417L__1,crackle_score,0.757961976,0
M39,train,cycle,186_3b3_Al_mc_AKGC417L__2,crackle_score,0.8058177959,1
M39,train,cycle,186_3b3_Al_mc_AKGC417L__3,crackle_score,0.8396782139,0
M39,train,cycle,186_3b3_Al_mc_AKGC417L__4,crackle_score,0.7572058387,0
M39,train,cycle,186_3b3_Al_mc_AKGC417L__5,crackle_score,0.522450698,0
M39,train,cycle,186_3b3_Ar_mc_AKGC417L__0,crackle_score,0.8463031892,0
M39,train,cycle,186_3b3_Ar_mc_AKGC417L__1,crackle_score,0.7930285598,0
M39,train,cycle,186_3b3_Ar_mc_AKGC417L__2,crackle_score,0.6803197746,1
M39,train,cycle,186_3b3_Ar_mc_AKGC417L__3,crackle_score,0.7190049059,0
M39,train,cycle,186_3b3_Ar_mc_AKGC417L__4,crackle_score,0.841129146,1
M39,train,cycle,186_3b3_Ar_mc_AKGC417L__5,crackle_score,0.4036148111,1
M39,train,cycle,186_3b3_Lr_mc_AKGC417L__0,crackle_score,0.7035373064,0
M39,train,cycle,186_3b3_Lr_mc_AKGC417L__1,crackle_score,0.7584638322,0
M39,train,cycle,186_3b3_Lr_mc_AKGC417L__2,crackle_score,0.6637343498,0
M39,train,cycle,186_3b3_Lr_mc_AKGC417L__3,crackle_score,0.6604039969,0
M39,train,cycle,186_3b3_Lr_mc_AKGC417L__4,crackle_score,0.7858332922,1
M39,train,cycle,186_3b3_Lr_mc_AKGC417L__5,crackle_score,0.627603726,0
M39,train,cycle,186_3b3_Pl_mc_AKGC417L__0,crackle_score,0.7646379829,1
M39,train,cycle,186_3b3_Pl_mc_AKGC417L__1,crackle_score,0.7636702682,1
M39,train,cycle,186_3b3_Pl_mc_AKGC417L__2,crackle_score,0.7236194181,1
M39,train,cycle,186_3b3_Pl_mc_AKGC417L__3,crackle_score,0.7726068994,1
M39,train,cycle,186_3b3_Pl_mc_AKGC417L__4,crackle_score,0.7430073355,1
M39,train,cycle,186_3b3_Pl_mc_AKGC417L__5,crackle_score,0.5686894022,1
M39,train,cycle,186_3b3_Pr_mc_AKGC417L__0,crackle_score,0.8265511898,0
M39,train,cycle,186_3b3_Pr_mc_AKGC417L__1,crackle_score,0.6754721398,0
M39,train,cycle,186_3b3_Pr_mc_AKGC417L__2,crackle_score,0.7917696407,0
M39,train,cycle,186_3b3_Pr_mc_AKGC417L__3,crackle_score,0.6685117842,0
M39,train,cycle,186_3b3_Pr_mc_AKGC417L__4,crackle_score,0.7854626522,0
M39,train,cycle,186_3b3_Pr_mc_AKGC417L__5,crackle_score,0.6470702207,0
M39,train,cycle,186_3b3_Tc_mc_AKGC417L__0,crackle_score,0.7423060886,0
M39,train,cycle,186_3b3_Tc_mc_AKGC417L__1,crackle_score,0.7207939057,0
M39,train,cycle,186_3b3_Tc_mc_AKGC417L__2,crackle_score,0.8777221468,0
M39,train,cycle,186_3b3_Tc_mc_AKGC417L__3,crackle_score,0.6873443624,0
M39,train,cycle,186_3b3_Tc_mc_AKGC417L__4,crackle_score,1,0
M39,train,cycle,186_3b3_Tc_mc_AKGC417L__5,crackle_score,0.6490935826,0
M39,train,cycle,188_1b1_Al_sc_Meditron__0,crackle_score,0.9412216971,0
M39,train,cycle,188_1b1_Al_sc_Meditron__1,crackle_score,0.8978734212,0
M39,train,cycle,188_1b1_Al_sc_Meditron__2,crackle_score,1,0
M39,train,cycle,188_1b1_Al_sc_Meditron__3,crackle_score,0.8332134568,0
M39,train,cycle,188_1b1_Al_sc_Meditron__4,crackle_score,0.8225854886,0
M39,train,cycle,188_1b1_Al_sc_Meditron__5,crackle_score,1,0
M39,train,cycle,188_1b1_Al_sc_Meditron__6,crackle_score,0.8190083516,0
M39,train,cycle,188_1b1_Al_sc_Meditron__7,crackle_score,0.7255902642,0
M39,train,cycle,188_1b1_Al_sc_Meditron__8,crackle_score,0.7937487635,0
M39,train,cycle,188_1b1_Al_sc_Meditron__9,crackle_score,1,0
M39,train,cycle,188_1b1_Al_sc_Meditron__10,crackle_score,1,0
M39,train,cycle,188_1b1_Al_sc_Meditron__11,crackle_score,1,0
M39,train,cycle,188_1b1_Al_sc_Meditron__12,crackle_score,1,0
M39,train,cycle,188_1b1_Al_sc_Meditron__13,crackle_score,0.8058847229,0
M39,train,cycle,188_1b1_Al_sc_Meditron__14,crackle_score,1,0
M39,train,cycle,188_1b1_Ar_sc_Meditron__0,crackle_score,0.6749836865,0
M39,train,cycle,188_1b1_Ar_sc_Meditron__1,crackle_score,0.6868734844,0
M39,train,cycle,188_1b1_Ar_sc_Meditron__2,crackle_score,0.7851563758,0
M39,train,cycle,188_1b1_Ar_sc_Meditron__3,crackle_score,0.9449181814,0
M39,train,cycle,188_1b1_Ar_sc_Meditron__4,crackle_score,0.7882215461,0
M39,train,cycle,188_1b1_Ar_sc_Meditron__5,crackle_score,0.7090385692,0
M39,train,cycle,188_1b1_Ar_sc_Meditron__6,crackle_score,0.9600286683,0
M39,train,cycle,188_1b1_Ar_sc_Meditron__7,crackle_score,0.9249903924,0
M39,train,cycle,188_1b1_Ar_sc_Meditron__8,crackle_score,1,0
M39,train,cycle,188_1b1_Ar_sc_Meditron__9,crackle_score,0.7682773618,0
M39,train,cycle,188_1b1_Ar_sc_Meditron__10,crackle_score,0.9299983155,0
M39,train,cycle,188_1b1_Ar_sc_Meditron__11,crackle_score,1,0
M39,train,cycle,188_1b1_Ar_sc_Meditron__12,crackle_score,0.7228806525,0
M39,train,cycle,188_1b1_Ar_sc_Meditron__13,crackle_score,0.9702888823,0
M39,train,cycle,188_1b1_Ar_sc_Meditron__14,crackle_score,0.864550176,0
M39,train,cycle,188_1b1_Ar_sc_Meditron__15,crackle_score,0.7286032302,0
M39,train,cycle,188_1b1_Ar_sc_Meditron__16,crackle_score,0.7374950003,0
M39,train,cycle,188_1b1_Pl_sc_Meditron__0,crackle_score,0.7803122548,0
M39,train,cycle,188_1b1_Pl_sc_Meditron__1,crackle_score,0.7444166016,0
M39,train,cycle,188_1b1_Pl_sc_Meditron__2,crackle_score,0.7411892404,0
M39,train,cycle,188_1b1_Pl_sc_Meditron__3,crackle_score,0.603385528,0
M39,train,cycle,188_1b1_Pl_sc_Meditron__4,crackle_score,0.6097298723,0
M39,train,cycle,188_1b1_Pl_sc_Meditron__5,crackle_score,0.6275878106,0
M39,train,cycle,188_1b1_Pl_sc_Meditron__6,crackle_score,0.6195892541,0
M39,train,cycle,188_1b1_Pl_sc_Meditron__7,crackle_score,0.6668688303,0
M39,train,cycle,188_1b1_Pl_sc_Meditron__8,crackle_score,0.6555742396,0
M39,train,cycle,188_1b1_Pl_sc_Meditron__9,crackle_score,0.6389976868,0
M39,train,cycle,188_1b1_Pl_sc_Meditron__10,crackle_score,0.7451726202,0
M39,train,cycle,188_1b1_Pl_sc_Meditron__11,crackle_score,0.695846346,0
M39,train,cycle,188_1b1_Pl_sc_Meditron__12,crackle_score,0.8376244736,0
M39,train,cycle,188_1b1_Pl_sc_Meditron__13,crackle_score,0.7758380763,0
M39,train,cycle,188_1b1_Tc_sc_Meditron__0,crackle_score,0.2783055414,0
M39,train,cycle,188_1b1_Tc_sc_Meditron__1,crackle_score,0.6101785493,0
M39,train,cycle,188_1b1_Tc_sc_Meditron__2,crackle_score,0.7137124904,0
M39,train,cycle,188_1b1_Tc_sc_Meditron__3,crackle_score,0.9657489254,0
M39,train,cycle,188_1b1_Tc_sc_Meditron__4,crackle_score,0.5492762611,0
M39,train,cycle,188_1b1_Tc_sc_Meditron__5,crackle_score,0.4947436595,0
M39,train,cycle,188_1b1_Tc_sc_Meditron__6,crackle_score,0.526972173,0
M39,train,cycle,188_1b1_Tc_sc_Meditron__7,crackle_score,0.3277601735,0
M39,train,cycle,188_1b1_Tc_sc_Meditron__8,crackle_score,0.5833333333,0
M39,train,cycle,188_1b1_Tc_sc_Meditron__9,crackle_score,0.4590988296,0
M39,train,cycle,188_1b1_Tc_sc_Meditron__10,crackle_score,0.4176573678,0
M39,train,cycle,188_1b1_Tc_sc_Meditron__11,crackle_score,0.3440783138,0
M39,train,cycle,188_1b1_Tc_sc_Meditron__12,crackle_score,0.68965335,0
M39,train,cycle,188_1b1_Tc_sc_Meditron__13,crackle_score,0.4408022764,0
M39,train,cycle,188_1b1_Tc_sc_Meditron__14,crackle_score,0.5415602879,0
M39,train,cycle,188_1b1_Tc_sc_Meditron__15,crackle_score,0.6712873374,0
M39,train,cycle,189_1b2_Lr_mc_LittC2SE__0,crackle_score,0.7897742708,1
M39,train,cycle,189_1b2_Lr_mc_LittC2SE__1,crackle_score,0.9389724392,1
M39,train,cycle,189_1b2_Lr_mc_LittC2SE__2,crackle_score,0.9868833691,0
M39,train,cycle,189_1b2_Lr_mc_LittC2SE__3,crackle_score,0.8017713681,0
M39,train,cycle,189_1b2_Lr_mc_LittC2SE__4,crackle_score,0.5766435781,0
M39,train,cycle,190_1b1_Tc_sc_Meditron__0,crackle_score,1,0
M39,train,cycle,190_1b1_Tc_sc_Meditron__1,crackle_score,0.9892736169,0
M39,train,cycle,190_1b1_Tc_sc_Meditron__2,crackle_score,1,0
M39,train,cycle,190_1b1_Tc_sc_Meditron__3,crackle_score,0.9268032437,0
M39,train,cycle,191_2b1_Pl_mc_LittC2SE__0,crackle_score,0.4695269461,0
M39,train,cycle,191_2b1_Pl_mc_LittC2SE__1,crackle_score,0.5222311609,0
M39,train,cycle,191_2b1_Pl_mc_LittC2SE__2,crackle_score,0.5747792197,0
M39,train,cycle,191_2b1_Pl_mc_LittC2SE__3,crackle_score,0.5892006697,0
M39,train,cycle,191_2b1_Pl_mc_LittC2SE__4,crackle_score,0.7296553677,0
M39,train,cycle,191_2b1_Pl_mc_LittC2SE__5,crackle_score,0.2649923416,0
M39,train,cycle,191_2b1_Pl_mc_LittC2SE__6,crackle_score,0.732830094,0
M39,train,cycle,191_2b1_Pl_mc_LittC2SE__7,crackle_score,0.392985697,0
M39,train,cycle,191_2b1_Pr_mc_LittC2SE__0,crackle_score,0.7751016911,0
M39,train,cycle,191_2b1_Pr_mc_LittC2SE__1,crackle_score,0.6329463472,0
M39,train,cycle,191_2b1_Pr_mc_LittC2SE__2,crackle_score,0.6265896315,0
M39,train,cycle,191_2b1_Pr_mc_LittC2SE__3,crackle_score,0.7861364726,0
M39,train,cycle,191_2b1_Pr_mc_LittC2SE__4,crackle_score,0.640416597,0
M39,train,cycle,191_2b1_Pr_mc_LittC2SE__5,crackle_score,0.3986459665,0
M39,train,cycle,191_2b1_Pr_mc_LittC2SE__6,crackle_score,0.4030783709,0
M39,train,cycle,191_2b1_Pr_mc_LittC2SE__7,crackle_score,0.1845219943,0
M39,train,cycle,191_2b2_Tc_mc_LittC2SE__0,crackle_score,0.6623108639,0
M39,train,cycle,191_2b2_Tc_mc_LittC2SE__1,crackle_score,0.840651022,0
M39,train,cycle,191_2b2_Tc_mc_LittC2SE__2,crackle_score,0.9259259259,0
M39,train,cycle,191_2b2_Tc_mc_LittC2SE__3,crackle_score,0.8717014186,0
M39,train,cycle,191_2b2_Tc_mc_LittC2SE__4,crackle_score,0.9355662361,0
M39,train,cycle,191_2b2_Tc_mc_LittC2SE__5,crackle_score,1,0
M39,train,cycle,191_2b2_Tc_mc_LittC2SE__6,crackle_score,1,0
M39,train,cycle,191_2b2_Tc_mc_LittC2SE__7,crackle_score,0.7653407954,0
M39,train,cycle,192_2b1_Al_mc_LittC2SE__0,crackle_score,0.4355090703,0
M39,train,cycle,192_2b1_Al_mc_LittC2SE__1,crackle_score,0.7802779449,0
M39,train,cycle,192_2b1_Al_mc_LittC2SE__2,crackle_score,0.8263953323,0
M39,train,cycle,192_2b1_Al_mc_LittC2SE__3,crackle_score,0.9477564173,0
M39,train,cycle,192_2b1_Al_mc_LittC2SE__4,crackle_score,0.7960699533,0
M39,train,cycle,192_2b1_Al_mc_LittC2SE__5,crackle_score,0.7158378145,1
M39,train,cycle,192_2b1_Al_mc_LittC2SE__6,crackle_score,0.6693758896,0
M39,train,cycle,192_2b1_Al_mc_LittC2SE__7,crackle_score,0.6855813233,0
M39,train,cycle,192_2b1_Ar_mc_LittC2SE__0,crackle_score,0.6919385797,0
M39,train,cycle,192_2b1_Ar_mc_LittC2SE__1,crackle_score,0.6852998376,0
M39,train,cycle,192_2b1_Ar_mc_LittC2SE__2,crackle_score,0.7799222418,0
M39,train,cycle,192_2b1_Ar_mc_LittC2SE__3,crackle_score,0.8828224689,0
M39,train,cycle,192_2b1_Ar_mc_LittC2SE__4,crackle_score,0.7554337671,0
M39,train,cycle,192_2b1_Ar_mc_LittC2SE__5,crackle_score,1,0
M39,train,cycle,192_2b1_Ar_mc_LittC2SE__6,crackle_score,0.7944368942,0
M39,train,cycle,192_2b1_Ar_mc_LittC2SE__7,crackle_score,0.6955299494,0
M39,train,cycle,192_2b2_Al_mc_LittC2SE__0,crackle_score,0.7730903907,0
M39,train,cycle,192_2b2_Al_mc_LittC2SE__1,crackle_score,0.8798463641,1
M39,train,cycle,192_2b2_Al_mc_LittC2SE__2,crackle_score,1,0
M39,train,cycle,192_2b2_Al_mc_LittC2SE__3,crackle_score,0.9973335579,1
M39,train,cycle,192_2b2_Al_mc_LittC2SE__4,crackle_score,0.730238416,0
M39,train,cycle,192_2b2_Al_mc_LittC2SE__5,crackle_score,0.8237833937,0
M39,train,cycle,192_2b2_Al_mc_LittC2SE__6,crackle_score,0.8393648214,0
M39,train,cycle,192_2b2_Al_mc_LittC2SE__7,crackle_score,0.4874181065,0
M39,train,cycle,192_2b2_Ar_mc_LittC2SE__0,crackle_score,0.8296250515,0
M39,train,cycle,192_2b2_Ar_mc_LittC2SE__1,crackle_score,0.7988461979,0
M39,train,cycle,192_2b2_Ar_mc_LittC2SE__2,crackle_score,0.6739370472,0
M39,train,cycle,192_2b2_Ar_mc_LittC2SE__3,crackle_score,0.6213598568,0
M39,train,cycle,192_2b2_Ar_mc_LittC2SE__4,crackle_score,1,0
M39,train,cycle,192_2b2_Ar_mc_LittC2SE__5,crackle_score,0.7642406182,0
M39,train,cycle,192_2b2_Ar_mc_LittC2SE__6,crackle_score,0.6729219351,0
M39,train,cycle,192_2b2_Ar_mc_LittC2SE__7,crackle_score,0.1667971218,0
M39,train,cycle,192_2b3_Al_mc_LittC2SE__0,crackle_score,0.9187074886,1
M39,train,cycle,192_2b3_Al_mc_LittC2SE__1,crackle_score,0.7324835035,0
M39,train,cycle,192_2b3_Al_mc_LittC2SE__2,crackle_score,0.8725787852,0
M39,train,cycle,192_2b3_Al_mc_LittC2SE__3,crackle_score,0.9352332366,0
M39,train,cycle,192_2b3_Al_mc_LittC2SE__4,crackle_score,0.7598603343,0
M39,train,cycle,192_2b3_Al_mc_LittC2SE__5,crackle_score,0.750668871,0
M39,train,cycle,192_2b3_Al_mc_LittC2SE__6,crackle_score,0.8779776539,0
M39,train,cycle,192_2b3_Ar_mc_LittC2SE__0,crackle_score,0.5354324377,0
M39,train,cycle,192_2b3_Ar_mc_LittC2SE__1,crackle_score,0.9117833386,0
M39,train,cycle,192_2b3_Ar_mc_LittC2SE__2,crackle_score,0.7098648342,0
M39,train,cycle,192_2b3_Ar_mc_LittC2SE__3,crackle_score,0.6961035207,0
M39,train,cycle,192_2b3_Ar_mc_LittC2SE__4,crackle_score,0.6530541361,0
M39,train,cycle,192_2b3_Ar_mc_LittC2SE__5,crackle_score,0.6392553426,0
M39,train,cycle,192_2b3_Ar_mc_LittC2SE__6,crackle_score,0.6349098598,0
M39,train,cycle,193_1b2_Al_mc_AKGC417L__0,crackle_score,0.7447269311,0
M39,train,cycle,193_1b2_Al_mc_AKGC417L__1,crackle_score,0.3683209566,0
M39,train,cycle,193_1b2_Al_mc_AKGC417L__2,crackle_score,0.4367483,0
M39,train,cycle,193_1b2_Al_mc_AKGC417L__3,crackle_score,0.5266440268,0
M39,train,cycle,193_1b2_Al_mc_AKGC417L__4,crackle_score,0.5690618514,0
M39,train,cycle,193_1b2_Al_mc_AKGC417L__5,crackle_score,0.3351560666,0
M39,train,cycle,193_1b2_Al_mc_AKGC417L__6,crackle_score,0.4905537329,0
M39,train,cycle,193_1b2_Al_mc_AKGC417L__7,crackle_score,0.414173324,0
M39,train,cycle,193_1b2_Al_mc_AKGC417L__8,crackle_score,0.507781894,0
M39,train,cycle,193_1b2_Al_mc_AKGC417L__9,crackle_score,0.5589178708,0
M39,train,cycle,193_1b2_Al_mc_AKGC417L__10,crackle_score,0.4463799109,0
M39,train,cycle,193_1b2_Al_mc_AKGC417L__11,crackle_score,0.2806334582,0
M39,train,cycle,193_1b2_Ar_mc_AKGC417L__0,crackle_score,0.5921125818,0
M39,train,cycle,193_1b2_Ar_mc_AKGC417L__1,crackle_score,0.8277501941,0
M39,train,cycle,193_1b2_Ar_mc_AKGC417L__2,crackle_score,0.7871242599,0
M39,train,cycle,193_1b2_Ar_mc_AKGC417L__3,crackle_score,0.5018342235,0
M39,train,cycle,193_1b2_Ar_mc_AKGC417L__4,crackle_score,0.8664299154,0
M39,train,cycle,193_1b2_Ar_mc_AKGC417L__5,crackle_score,0.6255330592,0
M39,train,cycle,193_1b2_Ar_mc_AKGC417L__6,crackle_score,0.8271313825,0
M39,train,cycle,193_1b2_Ar_mc_AKGC417L__7,crackle_score,0.8183381598,0
M39,train,cycle,193_1b2_Ar_mc_AKGC417L__8,crackle_score,0.7171966211,0
M39,train,cycle,193_1b2_Ar_mc_AKGC417L__9,crackle_score,0.5619147582,0
M39,train,cycle,193_1b2_Ar_mc_AKGC417L__10,crackle_score,0.8355829128,0
M39,train,cycle,193_1b2_Ar_mc_AKGC417L__11,crackle_score,0.723588597,0
M39,train,cycle,193_1b2_Ll_mc_AKGC417L__0,crackle_score,0.09135296563,0
M39,train,cycle,193_1b2_Ll_mc_AKGC417L__1,crackle_score,0.1140073361,0
M39,train,cycle,193_1b2_Ll_mc_AKGC417L__2,crackle_score,0.1257096754,0
M39,train,cycle,193_1b2_Ll_mc_AKGC417L__3,crackle_score,0.1527975209,0
M39,train,cycle,193_1b2_Ll_mc_AKGC417L__4,crackle_score,0.1475440623,0
M39,train,cycle,193_1b2_Ll_mc_AKGC417L__5,crackle_score,0.1281202932,0
M39,train,cycle,193_1b2_Ll_mc_AKGC417L__6,crackle_score,0.1186234765,0
M39,train,cycle,193_1b2_Ll_mc_AKGC417L__7,crackle_score,0.1486706535,0
M39,train,cycle,193_1b2_Ll_mc_AKGC417L__8,crackle_score,0.09999781922,0
M39,train,cycle,193_1b2_Ll_mc_AKGC417L__9,crackle_score,0.1438435141,0
M39,train,cycle,193_1b2_Ll_mc_AKGC417L__10,crackle_score,0.09764565313,0
M39,train,cycle,193_1b2_Ll_mc_AKGC417L__11,crackle_score,0.1200853521,0
M39,train,cycle,193_1b2_Pl_mc_AKGC417L__0,crackle_score,0.5086111784,0
M39,train,cycle,193_1b2_Pl_mc_AKGC417L__1,crackle_score,0.7397218342,0
M39,train,cycle,193_1b2_Pl_mc_AKGC417L__2,crackle_score,0.6099194235,0
M39,train,cycle,193_1b2_Pl_mc_AKGC417L__3,crackle_score,0.7726538701,0
M39,train,cycle,193_1b2_Pl_mc_AKGC417L__4,crackle_score,0.6862000635,0
M39,train,cycle,193_1b2_Pl_mc_AKGC417L__5,crackle_score,0.6521984064,0
M39,train,cycle,193_1b2_Pl_mc_AKGC417L__6,crackle_score,0.77295642,0
M39,train,cycle,193_1b2_Pl_mc_AKGC417L__7,crackle_score,0.7930976149,0
M39,train,cycle,193_1b2_Pl_mc_AKGC417L__8,crackle_score,0.8894344299,0
M39,train,cycle,193_1b2_Pl_mc_AKGC417L__9,crackle_score,0.5766375858,0
M39,train,cycle,193_1b2_Pl_mc_AKGC417L__10,crackle_score,0.7624162892,0
M39,train,cycle,193_1b2_Pl_mc_AKGC417L__11,crackle_score,0.8515180011,0
M39,train,cycle,193_1b2_Pr_mc_AKGC417L__0,crackle_score,0.598080923,0
M39,train,cycle,193_1b2_Pr_mc_AKGC417L__1,crackle_score,1,0
M39,train,cycle,193_1b2_Pr_mc_AKGC417L__2,crackle_score,0.868653192,0
M39,train,cycle,193_1b2_Pr_mc_AKGC417L__3,crackle_score,0.9396248535,0
M39,train,cycle,193_1b2_Pr_mc_AKGC417L__4,crackle_score,0.9434767652,0
M39,train,cycle,193_1b2_Pr_mc_AKGC417L__5,crackle_score,0.5635200393,0
M39,train,cycle,193_1b2_Pr_mc_AKGC417L__6,crackle_score,0.7879054654,0
M39,train,cycle,193_1b2_Pr_mc_AKGC417L__7,crackle_score,0.7448080309,0
M39,train,cycle,193_1b2_Pr_mc_AKGC417L__8,crackle_score,0.524484349,0
M39,train,cycle,193_1b2_Pr_mc_AKGC417L__9,crackle_score,0.8577781691,0
M39,train,cycle,193_1b2_Pr_mc_AKGC417L__10,crackle_score,0.7712365665,0
M39,train,cycle,193_1b2_Pr_mc_AKGC417L__11,crackle_score,0.8912800447,0
M39,train,cycle,193_1b2_Tc_mc_AKGC417L__0,crackle_score,0.7496039031,0
M39,train,cycle,193_1b2_Tc_mc_AKGC417L__1,crackle_score,0.7007481281,0
M39,train,cycle,193_1b2_Tc_mc_AKGC417L__2,crackle_score,0.9932182491,0
M39,train,cycle,193_1b2_Tc_mc_AKGC417L__3,crackle_score,0.6369814393,0
M39,train,cycle,193_1b2_Tc_mc_AKGC417L__4,crackle_score,0.6269916901,0
M39,train,cycle,193_1b2_Tc_mc_AKGC417L__5,crackle_score,0.6806974988,0
M39,train,cycle,193_1b2_Tc_mc_AKGC417L__6,crackle_score,0.5544567831,0
M39,train,cycle,193_1b2_Tc_mc_AKGC417L__7,crackle_score,0.6387619914,0
M39,train,cycle,193_1b2_Tc_mc_AKGC417L__8,crackle_score,0.6747231875,0
M39,train,cycle,193_1b2_Tc_mc_AKGC417L__9,crackle_score,0.7707144389,0
M39,train,cycle,193_1b2_Tc_mc_AKGC417L__10,crackle_score,0.7152522051,0
M39,train,cycle,193_1b2_Tc_mc_AKGC417L__11,crackle_score,0.7368708135,0
M39,train,cycle,193_1b4_Lr_mc_AKGC417L__0,crackle_score,0.5100013281,0
M39,train,cycle,193_1b4_Lr_mc_AKGC417L__1,crackle_score,0.675510351,0
M39,train,cycle,193_1b4_Lr_mc_AKGC417L__2,crackle_score,0.7038999912,0
M39,train,cycle,193_1b4_Lr_mc_AKGC417L__3,crackle_score,0.8957783641,0
M39,train,cycle,193_1b4_Lr_mc_AKGC417L__4,crackle_score,1,0
M39,train,cycle,193_1b4_Lr_mc_AKGC417L__5,crackle_score,0.7739726027,0
M39,train,cycle,193_1b4_Lr_mc_AKGC417L__6,crackle_score,0.7413076708,0
M39,train,cycle,193_1b4_Lr_mc_AKGC417L__7,crackle_score,0.6284256577,0
M39,train,cycle,193_1b4_Lr_mc_AKGC417L__8,crackle_score,0.7921022456,0
M39,train,cycle,193_1b4_Lr_mc_AKGC417L__9,crackle_score,0.8191167562,0
M39,train,cycle,193_7b3_Al_mc_AKGC417L__0,crackle_score,0.9265091864,0
M39,train,cycle,193_7b3_Al_mc_AKGC417L__1,crackle_score,1,0
M39,train,cycle,193_7b3_Al_mc_AKGC417L__2,crackle_score,0.9617414248,0
M39,train,cycle,193_7b3_Al_mc_AKGC417L__3,crackle_score,1,0
M39,train,cycle,193_7b3_Al_mc_AKGC417L__4,crackle_score,1,0
M39,train,cycle,193_7b3_Al_mc_AKGC417L__5,crackle_score,0.9155124654,0
M39,train,cycle,193_7b3_Al_mc_AKGC417L__6,crackle_score,0.9219409283,0
M39,train,cycle,193_7b3_Al_mc_AKGC417L__7,crackle_score,1,0
M39,train,cycle,193_7b3_Ar_mc_AKGC417L__0,crackle_score,0.9265091864,0
M39,train,cycle,193_7b3_Ar_mc_AKGC417L__1,crackle_score,0.8026863413,1
M39,train,cycle,193_7b3_Ar_mc_AKGC417L__2,crackle_score,1,1
M39,train,cycle,193_7b3_Ar_mc_AKGC417L__3,crackle_score,1,1
M39,train,cycle,193_7b3_Ar_mc_AKGC417L__4,crackle_score,0.8969912244,1
M39,train,cycle,193_7b3_Ar_mc_AKGC417L__5,crackle_score,0.9155124654,0
M39,train,cycle,193_7b3_Ar_mc_AKGC417L__6,crackle_score,0.864403529,1
M39,train,cycle,193_7b3_Ar_mc_AKGC417L__7,crackle_score,0.9963726613,1
M39,train,cycle,193_7b3_Ll_mc_AKGC417L__0,crackle_score,0.803633325,0
M39,train,cycle,193_7b3_Ll_mc_AKGC417L__1,crackle_score,0.8026863413,0
M39,train,cycle,193_7b3_Ll_mc_AKGC417L__2,crackle_score,0.7418645558,0
M39,train,cycle,193_7b3_Ll_mc_AKGC417L__3,crackle_score,0.8634894992,1
M39,train,cycle,193_7b3_Ll_mc_AKGC417L__4,crackle_score,0.7716255746,0
M39,train,cycle,193_7b3_Ll_mc_AKGC417L__5,crackle_score,0.748961817,0
M39,train,cycle,193_7b3_Ll_mc_AKGC417L__6,crackle_score,0.864403529,0
M39,train,cycle,193_7b3_Ll_mc_AKGC417L__7,crackle_score,0.6527300496,0
M39,train,cycle,193_7b3_Lr_mc_AKGC417L__0,crackle_score,0.8280839895,1
M39,train,cycle,193_7b3_Lr_mc_AKGC417L__1,crackle_score,0.7080968596,1
M39,train,cycle,193_7b3_Lr_mc_AKGC417L__2,crackle_score,0.6319261214,1
M39,train,cycle,193_7b3_Lr_mc_AKGC417L__3,crackle_score,0.7019386107,1
M39,train,cycle,193_7b3_Lr_mc_AKGC417L__4,crackle_score,0.6253656498,1
M39,train,cycle,193_7b3_Lr_mc_AKGC417L__5,crackle_score,0.7077562327,1
M39,train,cycle,193_7b3_Lr_mc_AKGC417L__6,crackle_score,0.6342539317,1
M39,train,cycle,193_7b3_Lr_mc_AKGC417L__7,crackle_score,0.6145475372,1
M39,train,cycle,193_7b3_Pl_mc_AKGC417L__0,crackle_score,0.789752381,1
M39,train,cycle,193_7b3_Pl_mc_AKGC417L__1,crackle_score,1,1
M39,train,cycle,193_7b3_Pl_mc_AKGC417L__2,crackle_score,0.9837291117,1
M39,train,cycle,193_7b3_Pl_mc_AKGC417L__3,crackle_score,0.9846526656,1
M39,train,cycle,193_7b3_Pl_mc_AKGC417L__4,crackle_score,0.7716255746,1
M39,train,cycle,193_7b3_Pl_mc_AKGC417L__5,crackle_score,0.823176362,1
M39,train,cycle,193_7b3_Pl_mc_AKGC417L__6,crackle_score,0.9794783276,1
M39,train,cycle,193_7b3_Pl_mc_AKGC417L__7,crackle_score,0.9009163803,1
M39,train,cycle,193_7b3_Pr_mc_AKGC417L__0,crackle_score,0.6577925198,0
M39,train,cycle,193_7b3_Pr_mc_AKGC417L__1,crackle_score,0.6149000453,0
M39,train,cycle,193_7b3_Pr_mc_AKGC417L__2,crackle_score,0.661338773,0
M39,train,cycle,193_7b3_Pr_mc_AKGC417L__3,crackle_score,0.5821346372,0
M39,train,cycle,193_7b3_Pr_mc_AKGC417L__4,crackle_score,0.6464529588,0
M39,train,cycle,193_7b3_Pr_mc_AKGC417L__5,crackle_score,0.5797978283,0
M39,train,cycle,193_7b3_Pr_mc_AKGC417L__6,crackle_score,0.5947166527,0
M39,train,cycle,193_7b3_Pr_mc_AKGC417L__7,crackle_score,0.7124777029,0
M39,train,cycle,193_7b3_Tc_mc_AKGC417L__0,crackle_score,0.9079552275,0
M39,train,cycle,193_7b3_Tc_mc_AKGC417L__1,crackle_score,0.8405221339,1
M39,train,cycle,193_7b3_Tc_mc_AKGC417L__2,crackle_score,0.8114860308,1
M39,train,cycle,193_7b3_Tc_mc_AKGC417L__3,crackle_score,0.802907916,1
M39,train,cycle,193_7b3_Tc_mc_AKGC417L__4,crackle_score,0.7507312996,0
M39,train,cycle,193_7b3_Tc_mc_AKGC417L__5,crackle_score,0.8227052932,0
M39,train,cycle,193_7b3_Tc_mc_AKGC417L__6,crackle_score,0.727249637,1
M39,train,cycle,193_7b3_Tc_mc_AKGC417L__7,crackle_score,0.8957889864,1
M39,train,cycle,196_1b1_Pr_sc_Meditron__0,crackle_score,0.6986038463,0
M39,train,cycle,196_1b1_Pr_sc_Meditron__1,crackle_score,0.8442340792,0
M39,train,cycle,196_1b1_Pr_sc_Meditron__2,crackle_score,0.8924646782,0
M39,train,cycle,196_1b1_Pr_sc_Meditron__3,crackle_score,0.7824858757,0
M39,train,cycle,196_1b1_Pr_sc_Meditron__4,crackle_score,0.5203171806,0
M39,train,cycle,196_1b1_Pr_sc_Meditron__5,crackle_score,0.8023705427,0
M39,train,cycle,197_1b1_Al_sc_Meditron__0,crackle_score,0.4819524619,0
M39,train,cycle,197_1b1_Al_sc_Meditron__1,crackle_score,0.4072015574,0
M39,train,cycle,197_1b1_Al_sc_Meditron__2,crackle_score,0.3844393598,0
M39,train,cycle,197_1b1_Tc_sc_Meditron__0,crackle_score,0.5144095041,0
M39,train,cycle,197_1b1_Tc_sc_Meditron__1,crackle_score,0.9836052455,1
M39,train,cycle,197_1b1_Tc_sc_Meditron__2,crackle_score,0.495232146,0
M39,train,cycle,197_1b1_Tc_sc_Meditron__3,crackle_score,0.5780308184,0
M39,train,cycle,197_1b1_Tc_sc_Meditron__4,crackle_score,0.5477516277,0
M39,train,cycle,199_2b1_Ll_mc_LittC2SE__0,crackle_score,0.9205998557,0
M39,train,cycle,199_2b1_Ll_mc_LittC2SE__1,crackle_score,0.8140940349,1
M39,train,cycle,199_2b1_Ll_mc_LittC2SE__2,crackle_score,0.8980672895,1
M39,train,cycle,199_2b1_Ll_mc_LittC2SE__3,crackle_score,0.9524138518,1
M39,train,cycle,199_2b1_Ll_mc_LittC2SE__4,crackle_score,0.7095729808,1
M39,train,cycle,199_2b1_Ll_mc_LittC2SE__5,crackle_score,0.8036880953,0
M39,train,cycle,199_2b1_Ll_mc_LittC2SE__6,crackle_score,0.9662230853,0
M39,train,cycle,199_2b1_Ll_mc_LittC2SE__7,crackle_score,0.8145434982,0
M39,train,cycle,199_2b1_Ll_mc_LittC2SE__8,crackle_score,0.6324862061,0
M39,train,cycle,199_2b3_Ll_mc_LittC2SE__0,crackle_score,0.8060681246,1
M39,train,cycle,199_2b3_Ll_mc_LittC2SE__1,crackle_score,0.6409167848,1
M39,train,cycle,199_2b3_Ll_mc_LittC2SE__2,crackle_score,0.7203038743,1
M39,train,cycle,199_2b3_Ll_mc_LittC2SE__3,crackle_score,0.6858001916,1
M39,train,cycle,199_2b3_Ll_mc_LittC2SE__4,crackle_score,0.7080572097,1
M39,train,cycle,199_2b3_Ll_mc_LittC2SE__5,crackle_score,0.7592999792,1
M39,train,cycle,199_2b3_Ll_mc_LittC2SE__6,crackle_score,0.9384483888,1
M39,train,cycle,199_2b3_Ll_mc_LittC2SE__7,crackle_score,0.8625544087,1
M39,train,cycle,199_2b3_Ll_mc_LittC2SE__8,crackle_score,0.6797399455,0
M39,train,cycle,200_2p2_Al_mc_AKGC417L__0,crackle_score,1,0
M39,train,cycle,200_2p2_Al_mc_AKGC417L__1,crackle_score,1,0
M39,train,cycle,200_2p2_Al_mc_AKGC417L__2,crackle_score,1,0
M39,train,cycle,200_2p2_Al_mc_AKGC417L__3,crackle_score,1,0
M39,train,cycle,200_2p2_Al_mc_AKGC417L__4,crackle_score,1,0
M39,train,cycle,200_2p2_Ar_mc_AKGC417L__0,crackle_score,0.5,0
M39,train,cycle,200_2p2_Ar_mc_AKGC417L__1,crackle_score,0.5,0
M39,train,cycle,200_2p2_Ar_mc_AKGC417L__2,crackle_score,0.5,0
M39,train,cycle,200_2p2_Ar_mc_AKGC417L__3,crackle_score,0.5,0
M39,train,cycle,200_2p2_Ar_mc_AKGC417L__4,crackle_score,0.5,0
M39,train,cycle,200_2p2_Lr_mc_AKGC417L__0,crackle_score,0.6437133718,0
M39,train,cycle,200_2p2_Lr_mc_AKGC417L__1,crackle_score,0.6783318321,0
M39,train,cycle,200_2p2_Lr_mc_AKGC417L__2,crackle_score,0.6279866244,0
M39,train,cycle,200_2p2_Lr_mc_AKGC417L__3,crackle_score,0.6531784203,0
M39,train,cycle,200_2p2_Lr_mc_AKGC417L__4,crackle_score,0.6768729225,0
M39,train,cycle,200_2p2_Pl_mc_AKGC417L__0,crackle_score,1,0
M39,train,cycle,200_2p2_Pl_mc_AKGC417L__1,crackle_score,1,0
M39,train,cycle,200_2p2_Pl_mc_AKGC417L__2,crackle_score,0.8034300792,0
M39,train,cycle,200_2p2_Pl_mc_AKGC417L__3,crackle_score,1,0
M39,train,cycle,200_2p2_Pl_mc_AKGC417L__4,crackle_score,0.7202158115,0
M39,train,cycle,200_2p2_Pr_mc_AKGC417L__0,crackle_score,0.5960695929,0
M39,train,cycle,200_2p2_Pr_mc_AKGC417L__1,crackle_score,0.7670409624,0
M39,train,cycle,200_2p2_Pr_mc_AKGC417L__2,crackle_score,0.7642207225,0
M39,train,cycle,200_2p2_Pr_mc_AKGC417L__3,crackle_score,0.7689455045,1
M39,train,cycle,200_2p2_Pr_mc_AKGC417L__4,crackle_score,0.6948970384,0
M39,train,cycle,200_2p2_Tc_mc_AKGC417L__0,crackle_score,0.8045214717,1
M39,train,cycle,200_2p2_Tc_mc_AKGC417L__1,crackle_score,0.7065582236,1
M39,train,cycle,200_2p2_Tc_mc_AKGC417L__2,crackle_score,0.7506596306,1
M39,train,cycle,200_2p2_Tc_mc_AKGC417L__3,crackle_score,0.5884732053,1
M39,train,cycle,200_2p2_Tc_mc_AKGC417L__4,crackle_score,0.6981942303,0
M39,train,cycle,200_2p3_Al_mc_AKGC417L__0,crackle_score,1,0
M39,train,cycle,200_2p3_Al_mc_AKGC417L__1,crackle_score,1,0
M39,train,cycle,200_2p3_Al_mc_AKGC417L__2,crackle_score,1,0
M39,train,cycle,200_2p3_Ar_mc_AKGC417L__0,crackle_score,0.795844308,0
M39,train,cycle,200_2p3_Ar_mc_AKGC417L__1,crackle_score,0.7991301518,0
M39,train,cycle,200_2p3_Ar_mc_AKGC417L__2,crackle_score,0.7794992845,0
M39,train,cycle,200_2p3_Lr_mc_AKGC417L__0,crackle_score,0.6180297917,0
M39,train,cycle,200_2p3_Lr_mc_AKGC417L__1,crackle_score,0.6439510398,0
M39,train,cycle,200_2p3_Lr_mc_AKGC417L__2,crackle_score,0.6390127984,0
M39,train,cycle,200_2p3_Pl_mc_AKGC417L__0,crackle_score,0.5907388038,1
M39,train,cycle,200_2p3_Pl_mc_AKGC417L__1,crackle_score,0.5877588848,0
M39,train,cycle,200_2p3_Pl_mc_AKGC417L__2,crackle_score,0.6077269536,0
M39,train,cycle,200_2p3_Pr_mc_AKGC417L__0,crackle_score,0.817258256,0
M39,train,cycle,200_2p3_Pr_mc_AKGC417L__1,crackle_score,0.7302637775,0
M39,train,cycle,200_2p3_Pr_mc_AKGC417L__2,crackle_score,0.6933222546,0
M39,train,cycle,200_2p3_Tc_mc_AKGC417L__0,crackle_score,0.3660893017,1
M39,train,cycle,200_2p3_Tc_mc_AKGC417L__1,crackle_score,0.2366445247,0
M39,train,cycle,200_2p3_Tc_mc_AKGC417L__2,crackle_score,0.4835293983,1
M39,train,cycle,200_2p4_Al_mc_AKGC417L__0,crackle_score,0.8526108634,0
M39,train,cycle,200_2p4_Al_mc_AKGC417L__1,crackle_score,0.9658385093,0
M39,train,cycle,200_2p4_Al_mc_AKGC417L__2,crackle_score,0.9618632885,0
M39,train,cycle,200_2p4_Al_mc_AKGC417L__3,crackle_score,1,0
M39,train,cycle,200_2p4_Al_mc_AKGC417L__4,crackle_score,0.7282012646,0
M39,train,cycle,200_2p4_Ar_mc_AKGC417L__0,crackle_score,0.5207313625,0
M39,train,cycle,200_2p4_Ar_mc_AKGC417L__1,crackle_score,0.5168350215,0
M39,train,cycle,200_2p4_Ar_mc_AKGC417L__2,crackle_score,0.5149998179,0
M39,train,cycle,200_2p4_Ar_mc_AKGC417L__3,crackle_score,0.5135138487,0
M39,train,cycle,200_2p4_Ar_mc_AKGC417L__4,crackle_score,0.462203834,0
M39,train,cycle,200_2p4_Lr_mc_AKGC417L__0,crackle_score,0.7047375315,0
M39,train,cycle,200_2p4_Lr_mc_AKGC417L__1,crackle_score,0.6841509364,0
M39,train,cycle,200_2p4_Lr_mc_AKGC417L__2,crackle_score,0.679831877,0
M39,train,cycle,200_2p4_Lr_mc_AKGC417L__3,crackle_score,0.6920175392,0
M39,train,cycle,200_2p4_Lr_mc_AKGC417L__4,crackle_score,0.5779728075,0
M39,train,cycle,200_2p4_Pl_mc_AKGC417L__0,crackle_score,0.5730309894,0
M39,train,cycle,200_2p4_Pl_mc_AKGC417L__1,crackle_score,0.6447546259,0
M39,train,cycle,200_2p4_Pl_mc_AKGC417L__2,crackle_score,0.5303128083,0
M39,train,cycle,200_2p4_Pl_mc_AKGC417L__3,crackle_score,0.4899295573,1
M39,train,cycle,200_2p4_Pl_mc_AKGC417L__4,crackle_score,0.6129424873,0
M39,train,cycle,200_2p4_Pr_mc_AKGC417L__0,crackle_score,0.69378929,1
M39,train,cycle,200_2p4_Pr_mc_AKGC417L__1,crackle_score,0.5539450853,0
M39,train,cycle,200_2p4_Pr_mc_AKGC417L__2,crackle_score,0.8342988097,0
M39,train,cycle,200_2p4_Pr_mc_AKGC417L__3,crackle_score,0.7205109956,0
M39,train,cycle,200_2p4_Pr_mc_AKGC417L__4,crackle_score,0.476944651,0
M39,train,cycle,200_2p4_Tc_mc_AKGC417L__0,crackle_score,0.3790410765,0
M39,train,cycle,200_2p4_Tc_mc_AKGC417L__1,crackle_score,0.5477384633,0
M39,train,cycle,200_2p4_Tc_mc_AKGC417L__2,crackle_score,0.5527843758,0
M39,train,cycle,200_2p4_Tc_mc_AKGC417L__3,crackle_score,1,0
M39,train,cycle,200_2p4_Tc_mc_AKGC417L__4,crackle_score,0.904040404,0
M39,train,cycle,200_3p4_Al_mc_AKGC417L__0,crackle_score,0.8557015534,0
M39,train,cycle,200_3p4_Al_mc_AKGC417L__1,crackle_score,0.8225437749,0
M39,train,cycle,200_3p4_Al_mc_AKGC417L__2,crackle_score,0.8730020437,0
M39,train,cycle,200_3p4_Al_mc_AKGC417L__3,crackle_score,0.8719626059,0
M39,train,cycle,200_3p4_Ar_mc_AKGC417L__0,crackle_score,0.4998325677,0
M39,train,cycle,200_3p4_Ar_mc_AKGC417L__1,crackle_score,0.7674134734,0
M39,train,cycle,200_3p4_Ar_mc_AKGC417L__2,crackle_score,0.9354167995,0
M39,train,cycle,200_3p4_Ar_mc_AKGC417L__3,crackle_score,0.8597044912,0
M39,train,cycle,200_3p4_Pl_mc_AKGC417L__0,crackle_score,0.3918178729,0
M39,train,cycle,200_3p4_Pl_mc_AKGC417L__1,crackle_score,0.4279760915,0
M39,train,cycle,200_3p4_Pl_mc_AKGC417L__2,crackle_score,0.4870646585,0
M39,train,cycle,200_3p4_Pl_mc_AKGC417L__3,crackle_score,0.4952041339,0
M39,train,cycle,200_3p4_Pr_mc_AKGC417L__0,crackle_score,0.6202667255,0
M39,train,cycle,200_3p4_Pr_mc_AKGC417L__1,crackle_score,0.6105748523,0
M39,train,cycle,200_3p4_Pr_mc_AKGC417L__2,crackle_score,0.7116579008,0
M39,train,cycle,200_3p4_Pr_mc_AKGC417L__3,crackle_score,0.7075468168,0
M39,train,cycle,200_3p4_Tc_mc_AKGC417L__0,crackle_score,0.5322893122,1
M39,train,cycle,200_3p4_Tc_mc_AKGC417L__1,crackle_score,0.7395992159,0
M39,train,cycle,200_3p4_Tc_mc_AKGC417L__2,crackle_score,0.7435064935,0
M39,train,cycle,200_3p4_Tc_mc_AKGC417L__3,crackle_score,0.5234356691,0
M39,train,cycle,201_1b1_Al_sc_Meditron__0,crackle_score,1,0
M39,train,cycle,201_1b1_Al_sc_Meditron__1,crackle_score,0.804975923,1
M39,train,cycle,201_1b1_Al_sc_Meditron__2,crackle_score,1,0
M39,train,cycle,201_1b1_Al_sc_Meditron__3,crackle_score,1,1
M39,train,cycle,201_1b1_Al_sc_Meditron__4,crackle_score,0.9628641805,1
M39,train,cycle,201_1b1_Al_sc_Meditron__5,crackle_score,0.9741897285,0
M39,train,cycle,201_1b1_Al_sc_Meditron__6,crackle_score,0.8262158956,0
M39,train,cycle,201_1b1_Ar_sc_Meditron__0,crackle_score,0.7182223651,0
M39,train,cycle,201_1b1_Ar_sc_Meditron__1,crackle_score,1,0
M39,train,cycle,201_1b1_Ar_sc_Meditron__2,crackle_score,1,0
M39,train,cycle,201_1b1_Ar_sc_Meditron__3,crackle_score,1,0
M39,train,cycle,201_1b1_Ar_sc_Meditron__4,crackle_score,1,0
M39,train,cycle,201_1b1_Ar_sc_Meditron__5,crackle_score,0.9411764706,0
M39,train,cycle,201_1b1_Ar_sc_Meditron__6,crackle_score,0.9572634541,0
M39,train,cycle,201_1b2_Al_sc_Meditron__0,crackle_score,1,0
M39,train,cycle,201_1b2_Al_sc_Meditron__1,crackle_score,1,1
M39,train,cycle,201_1b2_Al_sc_Meditron__2,crackle_score,1,1
M39,train,cycle,201_1b2_Al_sc_Meditron__3,crackle_score,1,1
M39,train,cycle,201_1b2_Al_sc_Meditron__4,crackle_score,1,1
M39,train,cycle,201_1b2_Al_sc_Meditron__5,crackle_score,1,1
M39,train,cycle,201_1b2_Al_sc_Meditron__6,crackle_score,0.5442354452,0
M39,train,cycle,201_1b2_Ar_sc_Meditron__0,crackle_score,0.9963245218,0
M39,train,cycle,201_1b2_Ar_sc_Meditron__1,crackle_score,1,0
M39,train,cycle,201_1b2_Ar_sc_Meditron__2,crackle_score,1,1
M39,train,cycle,201_1b2_Ar_sc_Meditron__3,crackle_score,0.8991403132,0
M39,train,cycle,201_1b2_Ar_sc_Meditron__4,crackle_score,0.7383080131,0
M39,train,cycle,201_1b2_Ar_sc_Meditron__5,crackle_score,0.9436411436,0
M39,train,cycle,201_1b2_Ar_sc_Meditron__6,crackle_score,0.8963011889,0
M39,train,cycle,201_1b3_Al_sc_Meditron__0,crackle_score,1,0
M39,train,cycle,201_1b3_Al_sc_Meditron__1,crackle_score,0.7278645833,0
M39,train,cycle,201_1b3_Al_sc_Meditron__2,crackle_score,0.9870624049,1
M39,train,cycle,201_1b3_Al_sc_Meditron__3,crackle_score,1,1
M39,train,cycle,201_1b3_Al_sc_Meditron__4,crackle_score,1,0
M39,train,cycle,201_1b3_Al_sc_Meditron__5,crackle_score,0.977409729,0
M39,train,cycle,201_1b3_Ar_sc_Meditron__0,crackle_score,0.7527009955,0
M39,train,cycle,201_1b3_Ar_sc_Meditron__1,crackle_score,1,0
M39,train,cycle,201_1b3_Ar_sc_Meditron__2,crackle_score,1,0
M39,train,cycle,201_1b3_Ar_sc_Meditron__3,crackle_score,0.7978850164,0
M39,train,cycle,201_1b3_Ar_sc_Meditron__4,crackle_score,1,0
M39,train,cycle,201_1b3_Ar_sc_Meditron__5,crackle_score,0.9909724422,0
M39,train,cycle,201_1b3_Ar_sc_Meditron__6,crackle_score,0.9618376276,0
M39,train,cycle,203_1p2_Al_mc_AKGC417L__0,crackle_score,0.534928678,1
M39,train,cycle,203_1p2_Al_mc_AKGC417L__1,crackle_score,0.4424299007,1
M39,train,cycle,203_1p2_Al_mc_AKGC417L__2,crackle_score,0.5437434951,1
M39,train,cycle,203_1p2_Al_mc_AKGC417L__3,crackle_score,0.5348616429,1
M39,train,cycle,203_1p2_Al_mc_AKGC417L__4,crackle_score,0.5451687139,1
M39,train,cycle,203_1p2_Al_mc_AKGC417L__5,crackle_score,0.5428078381,1
M39,train,cycle,203_1p2_Al_mc_AKGC417L__6,crackle_score,0.5365142205,1
M39,train,cycle,203_1p2_Al_mc_AKGC417L__7,crackle_score,0.5454601722,1
M39,train,cycle,203_1p2_Al_mc_AKGC417L__8,crackle_score,0.532633547,1
M39,train,cycle,203_1p2_Al_mc_AKGC417L__9,crackle_score,0.534179321,0
M39,train,cycle,203_1p2_Ar_mc_AKGC417L__0,crackle_score,0.5659032292,1
M39,train,cycle,203_1p2_Ar_mc_AKGC417L__1,crackle_score,0.4874706154,1
M39,train,cycle,203_1p2_Ar_mc_AKGC417L__2,crackle_score,0.5681029872,1
M39,train,cycle,203_1p2_Ar_mc_AKGC417L__3,crackle_score,0.5665990888,1
M39,train,cycle,203_1p2_Ar_mc_AKGC417L__4,crackle_score,0.5451365568,1
M39,train,cycle,203_1p2_Ar_mc_AKGC417L__5,crackle_score,0.5710373506,1
M39,train,cycle,203_1p2_Ar_mc_AKGC417L__6,crackle_score,0.5703009172,1
M39,train,cycle,203_1p2_Ar_mc_AKGC417L__7,crackle_score,0.5597514014,1
M39,train,cycle,203_1p2_Ar_mc_AKGC417L__8,crackle_score,0.5600981218,1
M39,train,cycle,203_1p2_Ar_mc_AKGC417L__9,crackle_score,0.5882716515,1
M39,train,cycle,203_1p2_Lr_mc_AKGC417L__0,crackle_score,0.962271638,1
M39,train,cycle,203_1p2_Lr_mc_AKGC417L__1,crackle_score,0.9687841202,1
M39,train,cycle,203_1p2_Lr_mc_AKGC417L__2,crackle_score,0.8953675657,1
M39,train,cycle,203_1p2_Lr_mc_AKGC417L__3,crackle_score,0.7628259546,1
M39,train,cycle,203_1p2_Lr_mc_AKGC417L__4,crackle_score,0.3868480122,1
M39,train,cycle,203_1p2_Lr_mc_AKGC417L__5,crackle_score,0.4958513769,1
M39,train,cycle,203_1p2_Lr_mc_AKGC417L__6,crackle_score,0.6783245121,1
M39,train,cycle,203_1p2_Lr_mc_AKGC417L__7,crackle_score,0.9455796131,1
M39,train,cycle,203_1p2_Lr_mc_AKGC417L__8,crackle_score,0.675,0
M39,train,cycle,203_1p2_Lr_mc_AKGC417L__9,crackle_score,0.7547770701,1
M39,train,cycle,203_1p2_Pl_mc_AKGC417L__0,crackle_score,0.8021959952,1
M39,train,cycle,203_1p2_Pl_mc_AKGC417L__1,crackle_score,0.8095856793,1
M39,train,cycle,203_1p2_Pl_mc_AKGC417L__2,crackle_score,0.8734130757,1
M39,train,cycle,203_1p2_Pl_mc_AKGC417L__3,crackle_score,0.7055376087,0
M39,train,cycle,203_1p2_Pl_mc_AKGC417L__4,crackle_score,0.6789968002,1
M39,train,cycle,203_1p2_Pl_mc_AKGC417L__5,crackle_score,0.6958683172,1
M39,train,cycle,203_1p2_Pl_mc_AKGC417L__6,crackle_score,1,1
M39,train,cycle,203_1p2_Pl_mc_AKGC417L__7,crackle_score,0.8201079307,1
M39,train,cycle,203_1p2_Pl_mc_AKGC417L__8,crackle_score,0.7442518956,1
M39,train,cycle,203_1p2_Pl_mc_AKGC417L__9,crackle_score,0.7403055788,0
M39,train,cycle,203_1p2_Pr_mc_AKGC417L__0,crackle_score,0.7644502784,0
M39,train,cycle,203_1p2_Pr_mc_AKGC417L__1,crackle_score,0.7124777876,1
M39,train,cycle,203_1p2_Pr_mc_AKGC417L__2,crackle_score,0.8812087192,0
M39,train,cycle,203_1p2_Pr_mc_AKGC417L__3,crackle_score,0.7244165677,0
M39,train,cycle,203_1p2_Pr_mc_AKGC417L__4,crackle_score,0.6282259301,0
M39,train,cycle,203_1p2_Pr_mc_AKGC417L__5,crackle_score,0.918280562,0
M39,train,cycle,203_1p2_Pr_mc_AKGC417L__6,crackle_score,0.6351635086,0
M39,train,cycle,203_1p2_Pr_mc_AKGC417L__7,crackle_score,0.6835051583,1
M39,train,cycle,203_1p2_Pr_mc_AKGC417L__8,crackle_score,0.836208619,0
M39,train,cycle,203_1p2_Pr_mc_AKGC417L__9,crackle_score,0.6373752431,0
M39,train,cycle,203_1p2_Tc_mc_AKGC417L__0,crackle_score,0.7926942154,0
M39,train,cycle,203_1p2_Tc_mc_AKGC417L__1,crackle_score,0.9301619433,0
M39,train,cycle,203_1p2_Tc_mc_AKGC417L__2,crackle_score,0.9136164318,0
M39,train,cycle,203_1p2_Tc_mc_AKGC417L__3,crackle_score,0.7655479663,0
M39,train,cycle,203_1p2_Tc_mc_AKGC417L__4,crackle_score,0.873403273,0
M39,train,cycle,203_1p2_Tc_mc_AKGC417L__5,crackle_score,0.571719119,0
M39,train,cycle,203_1p2_Tc_mc_AKGC417L__6,crackle_score,0.641228676,0
M39,train,cycle,203_1p2_Tc_mc_AKGC417L__7,crackle_score,0.9509763298,0
M39,train,cycle,203_1p2_Tc_mc_AKGC417L__8,crackle_score,0.7649195131,0
M39,train,cycle,203_1p2_Tc_mc_AKGC417L__9,crackle_score,0.7987619257,0
M39,train,cycle,203_1p3_Al_mc_AKGC417L__0,crackle_score,0.7577079092,1
M39,train,cycle,203_1p3_Al_mc_AKGC417L__1,crackle_score,0.7828165143,1
M39,train,cycle,203_1p3_Al_mc_AKGC417L__2,crackle_score,0.7178704969,1
M39,train,cycle,203_1p3_Al_mc_AKGC417L__3,crackle_score,0.8270398325,0
M39,train,cycle,203_1p3_Al_mc_AKGC417L__4,crackle_score,0.8055438703,1
M39,train,cycle,203_1p3_Al_mc_AKGC417L__5,crackle_score,0.8278299359,1
M39,train,cycle,203_1p3_Al_mc_AKGC417L__6,crackle_score,0.8135448641,1
M39,train,cycle,203_1p3_Al_mc_AKGC417L__7,crackle_score,0.886472878,1
M39,train,cycle,203_1p3_Al_mc_AKGC417L__8,crackle_score,0.7879017834,1
M39,train,cycle,203_1p3_Al_mc_AKGC417L__9,crackle_score,0.8732522758,0
M39,train,cycle,203_1p3_Ar_mc_AKGC417L__0,crackle_score,0.5980933898,1
M39,train,cycle,203_1p3_Ar_mc_AKGC417L__1,crackle_score,0.5942709823,1
M39,train,cycle,203_1p3_Ar_mc_AKGC417L__2,crackle_score,0.6175169019,1
M39,train,cycle,203_1p3_Ar_mc_AKGC417L__3,crackle_score,0.6846369475,1
M39,train,cycle,203_1p3_Ar_mc_AKGC417L__4,crackle_score,0.6449930246,1
M39,train,cycle,203_1p3_Ar_mc_AKGC417L__5,crackle_score,0.7117120714,1
M39,train,cycle,203_1p3_Ar_mc_AKGC417L__6,crackle_score,0.697861788,1
M39,train,cycle,203_1p3_Ar_mc_AKGC417L__7,crackle_score,0.6715160516,1
M39,train,cycle,203_1p3_Ar_mc_AKGC417L__8,crackle_score,0.6725034912,1
M39,train,cycle,203_1p3_Ar_mc_AKGC417L__9,crackle_score,0.5062227085,1
M39,train,cycle,203_1p3_Pl_mc_AKGC417L__0,crackle_score,0.7457988433,0
M39,train,cycle,203_1p3_Pl_mc_AKGC417L__1,crackle_score,0.7878838891,1
M39,train,cycle,203_1p3_Pl_mc_AKGC417L__2,crackle_score,0.8139319189,1
M39,train,cycle,203_1p3_Pl_mc_AKGC417L__3,crackle_score,0.9044078778,1
M39,train,cycle,203_1p3_Pl_mc_AKGC417L__4,crackle_score,0.9104655136,1
M39,train,cycle,203_1p3_Pl_mc_AKGC417L__5,crackle_score,0.7852755557,1
M39,train,cycle,203_1p3_Pl_mc_AKGC417L__6,crackle_score,0.850748964,1
M39,train,cycle,203_1p3_Pl_mc_AKGC417L__7,crackle_score,0.7313100004,1
M39,train,cycle,203_1p3_Pl_mc_AKGC417L__8,crackle_score,0.8212443724,1
M39,train,cycle,203_1p3_Pl_mc_AKGC417L__9,crackle_score,0.7594566552,1
M39,train,cycle,203_1p3_Pr_mc_AKGC417L__0,crackle_score,0.7058350118,1
M39,train,cycle,203_1p3_Pr_mc_AKGC417L__1,crackle_score,0.7184459144,1
M39,train,cycle,203_1p3_Pr_mc_AKGC417L__2,crackle_score,0.6640378836,1
M39,train,cycle,203_1p3_Pr_mc_AKGC417L__3,crackle_score,0.8142883848,0
M39,train,cycle,203_1p3_Pr_mc_AKGC417L__4,crackle_score,0.80761535,0
M39,train,cycle,203_1p3_Pr_mc_AKGC417L__5,crackle_score,0.7285916952,1
M39,train,cycle,203_1p3_Pr_mc_AKGC417L__6,crackle_score,0.6484826833,1
M39,train,cycle,203_1p3_Pr_mc_AKGC417L__7,crackle_score,0.6343319412,0
M39,train,cycle,203_1p3_Pr_mc_AKGC417L__8,crackle_score,1,1
M39,train,cycle,203_1p3_Pr_mc_AKGC417L__9,crackle_score,0.7433318707,1
M39,train,cycle,203_1p3_Tc_mc_AKGC417L__0,crackle_score,0.5222999958,0
M39,train,cycle,203_1p3_Tc_mc_AKGC417L__1,crackle_score,0.536272485,0
M39,train,cycle,203_1p3_Tc_mc_AKGC417L__2,crackle_score,0.7228131281,0
M39,train,cycle,203_1p3_Tc_mc_AKGC417L__3,crackle_score,0.6320632862,0
M39,train,cycle,203_1p3_Tc_mc_AKGC417L__4,crackle_score,0.5980218905,0
M39,train,cycle,203_1p3_Tc_mc_AKGC417L__5,crackle_score,0.5310389678,0
M39,train,cycle,203_1p3_Tc_mc_AKGC417L__6,crackle_score,0.4638965506,0
M39,train,cycle,203_1p3_Tc_mc_AKGC417L__7,crackle_score,0.5946880377,0
M39,train,cycle,203_1p3_Tc_mc_AKGC417L__8,crackle_score,0.5563409432,0
M39,train,cycle,203_1p3_Tc_mc_AKGC417L__9,crackle_score,0.4490670115,0
M39,train,cycle,203_1p4_Al_mc_AKGC417L__0,crackle_score,0.9732826146,0
M39,train,cycle,203_1p4_Al_mc_AKGC417L__1,crackle_score,0.9019046271,1
M39,train,cycle,203_1p4_Al_mc_AKGC417L__2,crackle_score,0.9840756222,1
M39,train,cycle,203_1p4_Al_mc_AKGC417L__3,crackle_score,0.810452736,1
M39,train,cycle,203_1p4_Al_mc_AKGC417L__4,crackle_score,0.8372086981,0
M39,train,cycle,203_1p4_Al_mc_AKGC417L__5,crackle_score,0.9834043718,0
M39,train,cycle,203_1p4_Al_mc_AKGC417L__6,crackle_score,0.748728102,0
M39,train,cycle,203_1p4_Al_mc_AKGC417L__7,crackle_score,1,0
M39,train,cycle,203_1p4_Al_mc_AKGC417L__8,crackle_score,0.7201092619,0
M39,train,cycle,203_1p4_Ar_mc_AKGC417L__0,crackle_score,0.6585779773,0
M39,train,cycle,203_1p4_Ar_mc_AKGC417L__1,crackle_score,0.6171555947,1
M39,train,cycle,203_1p4_Ar_mc_AKGC417L__2,crackle_score,0.7127804924,1
M39,train,cycle,203_1p4_Ar_mc_AKGC417L__3,crackle_score,0.6961618149,1
M39,train,cycle,203_1p4_Ar_mc_AKGC417L__4,crackle_score,0.7765229733,1
M39,train,cycle,203_1p4_Ar_mc_AKGC417L__5,crackle_score,0.7295295341,1
M39,train,cycle,203_1p4_Ar_mc_AKGC417L__6,crackle_score,0.7272229195,1
M39,train,cycle,203_1p4_Ar_mc_AKGC417L__7,crackle_score,0.6863026716,0
M39,train,cycle,203_1p4_Ar_mc_AKGC417L__8,crackle_score,0.3248499964,1
M39,train,cycle,203_1p4_Pl_mc_AKGC417L__0,crackle_score,1,1
M39,train,cycle,203_1p4_Pl_mc_AKGC417L__1,crackle_score,0.8224941575,1
M39,train,cycle,203_1p4_Pl_mc_AKGC417L__2,crackle_score,0.8239222923,1
M39,train,cycle,203_1p4_Pl_mc_AKGC417L__3,crackle_score,0.8316882614,1
M39,train,cycle,203_1p4_Pl_mc_AKGC417L__4,crackle_score,0.9675052507,1
M39,train,cycle,203_1p4_Pl_mc_AKGC417L__5,crackle_score,0.6999214855,1
M39,train,cycle,203_1p4_Pl_mc_AKGC417L__6,crackle_score,0.9724237721,1
M39,train,cycle,203_1p4_Pl_mc_AKGC417L__7,crackle_score,1,1
M39,train,cycle,203_1p4_Pl_mc_AKGC417L__8,crackle_score,0.3839715055,0
M39,train,cycle,203_1p4_Pr_mc_AKGC417L__0,crackle_score,0.5426768626,0
M39,train,cycle,203_1p4_Pr_mc_AKGC417L__1,crackle_score,0.9283763996,1
M39,train,cycle,203_1p4_Pr_mc_AKGC417L__2,crackle_score,0.7766197289,0
M39,train,cycle,203_1p4_Pr_mc_AKGC417L__3,crackle_score,0.6853543984,1
M39,train,cycle,203_1p4_Pr_mc_AKGC417L__4,crackle_score,0.7705780076,0
M39,train,cycle,203_1p4_Pr_mc_AKGC417L__5,crackle_score,0.9692881319,0
M39,train,cycle,203_1p4_Pr_mc_AKGC417L__6,crackle_score,0.7595716251,0
M39,train,cycle,203_1p4_Pr_mc_AKGC417L__7,crackle_score,0.6855185048,0
M39,train,cycle,203_1p4_Pr_mc_AKGC417L__8,crackle_score,0.6314655648,0
M39,train,cycle,203_1p4_Tc_mc_AKGC417L__0,crackle_score,0.8024071317,0
M39,train,cycle,203_1p4_Tc_mc_AKGC417L__1,crackle_score,0.7813436432,1
M39,train,cycle,203_1p4_Tc_mc_AKGC417L__2,crackle_score,0.7926080683,1
M39,train,cycle,203_1p4_Tc_mc_AKGC417L__3,crackle_score,0.783063925,0
M39,train,cycle,203_1p4_Tc_mc_AKGC417L__4,crackle_score,0.3972115764,0
M39,train,cycle,203_1p4_Tc_mc_AKGC417L__5,crackle_score,0.5102406494,0
M39,train,cycle,203_1p4_Tc_mc_AKGC417L__6,crackle_score,0.9147387907,1
M39,train,cycle,203_1p4_Tc_mc_AKGC417L__7,crackle_score,0.6642150116,1
M39,train,cycle,203_1p4_Tc_mc_AKGC417L__8,crackle_score,0.229176798,0
M39,train,cycle,203_2p3_Al_mc_AKGC417L__0,crackle_score,0.7752144388,0
M39,train,cycle,203_2p3_Al_mc_AKGC417L__1,crackle_score,0.9315247796,0
M39,train,cycle,203_2p3_Al_mc_AKGC417L__2,crackle_score,0.8334765902,0
M39,train,cycle,203_2p3_Al_mc_AKGC417L__3,crackle_score,0.7871454659,0
M39,train,cycle,203_2p3_Al_mc_AKGC417L__4,crackle_score,0.7846220305,0
M39,train,cycle,203_2p3_Al_mc_AKGC417L__5,crackle_score,0.6940937898,0
M39,train,cycle,203_2p3_Ar_mc_AKGC417L__0,crackle_score,0.6547276592,0
M39,train,cycle,203_2p3_Ar_mc_AKGC417L__1,crackle_score,0.9478467783,1
M39,train,cycle,203_2p3_Ar_mc_AKGC417L__2,crackle_score,0.8258038191,1
M39,train,cycle,203_2p3_Ar_mc_AKGC417L__3,crackle_score,0.8687088991,1
M39,train,cycle,203_2p3_Ar_mc_AKGC417L__4,crackle_score,0.8870447821,1
M39,train,cycle,203_2p3_Ar_mc_AKGC417L__5,crackle_score,0.5359415227,1
M39,train,cycle,203_2p3_Pl_mc_AKGC417L__0,crackle_score,0.4437564258,0
M39,train,cycle,203_2p3_Pl_mc_AKGC417L__1,crackle_score,0.9735718101,0
M39,train,cycle,203_2p3_Pl_mc_AKGC417L__2,crackle_score,0.9623540206,1
M39,train,cycle,203_2p3_Pl_mc_AKGC417L__3,crackle_score,0.9554725932,0
M39,train,cycle,203_2p3_Pl_mc_AKGC417L__4,crackle_score,0.976388903,0
M39,train,cycle,203_2p3_Pl_mc_AKGC417L__5,crackle_score,0.3611985655,0
M39,train,cycle,203_2p3_Pr_mc_AKGC417L__0,crackle_score,0.5230646288,0
M39,train,cycle,203_2p3_Pr_mc_AKGC417L__1,crackle_score,0.9008296057,0
M39,train,cycle,203_2p3_Pr_mc_AKGC417L__2,crackle_score,0.8591782219,0
M39,train,cycle,203_2p3_Pr_mc_AKGC417L__3,crackle_score,0.8237239115,1
M39,train,cycle,203_2p3_Pr_mc_AKGC417L__4,crackle_score,0.876038974,0
M39,train,cycle,203_2p3_Pr_mc_AKGC417L__5,crackle_score,0.3294769549,1
M39,train,cycle,203_2p3_Tc_mc_AKGC417L__0,crackle_score,0.6615607175,0
M39,train,cycle,203_2p3_Tc_mc_AKGC417L__1,crackle_score,0.7332474344,0
M39,train,cycle,203_2p3_Tc_mc_AKGC417L__2,crackle_score,0.764885131,0
M39,train,cycle,203_2p3_Tc_mc_AKGC417L__3,crackle_score,0.9191480275,0
M39,train,cycle,203_2p3_Tc_mc_AKGC417L__4,crackle_score,0.9103953633,0
M39,train,cycle,203_2p3_Tc_mc_AKGC417L__5,crackle_score,0.3185217608,0
M39,train,cycle,204_2b5_Al_mc_AKGC417L__0,crackle_score,1,0
M39,train,cycle,204_2b5_Al_mc_AKGC417L__1,crackle_score,1,0
M39,train,cycle,204_2b5_Al_mc_AKGC417L__2,crackle_score,0.9682779456,0
M39,train,cycle,204_2b5_Al_mc_AKGC417L__3,crackle_score,1,0
M39,train,cycle,204_2b5_Al_mc_AKGC417L__4,crackle_score,1,0
M39,train,cycle,204_2b5_Al_mc_AKGC417L__5,crackle_score,0.8802281369,0
M39,train,cycle,204_2b5_Al_mc_AKGC417L__6,crackle_score,0.8666666667,0
M39,train,cycle,204_2b5_Ar_mc_AKGC417L__0,crackle_score,0.6549304136,0
M39,train,cycle,204_2b5_Ar_mc_AKGC417L__1,crackle_score,0.7906976744,0
M39,train,cycle,204_2b5_Ar_mc_AKGC417L__2,crackle_score,0.9285714286,0
M39,train,cycle,204_2b5_Ar_mc_AKGC417L__3,crackle_score,0.705497046,0
M39,train,cycle,204_2b5_Ar_mc_AKGC417L__4,crackle_score,0.9468845761,0
M39,train,cycle,204_2b5_Ar_mc_AKGC417L__5,crackle_score,0.635455469,0
M39,train,cycle,204_2b5_Ar_mc_AKGC417L__6,crackle_score,0.8415300546,0
M39,train,cycle,204_2b5_Ll_mc_AKGC417L__0,crackle_score,0.7574366423,0
M39,train,cycle,204_2b5_Ll_mc_AKGC417L__1,crackle_score,1,0
M39,train,cycle,204_2b5_Ll_mc_AKGC417L__2,crackle_score,0.9697920234,0
M39,train,cycle,204_2b5_Ll_mc_AKGC417L__3,crackle_score,1,0
M39,train,cycle,204_2b5_Ll_mc_AKGC417L__4,crackle_score,1,0
M39,train,cycle,204_2b5_Ll_mc_AKGC417L__5,crackle_score,1,0
M39,train,cycle,204_2b5_Ll_mc_AKGC417L__6,crackle_score,0.740321175,0
M39,train,cycle,204_7p5_Al_mc_AKGC417L__0,crackle_score,0.4948904727,0
M39,train,cycle,204_7p5_Al_mc_AKGC417L__1,crackle_score,0.635501355,0
M39,train,cycle,204_7p5_Al_mc_AKGC417L__2,crackle_score,0.6880288311,0
M39,train,cycle,204_7p5_Al_mc_AKGC417L__3,crackle_score,0.8036437247,0
M39,train,cycle,204_7p5_Al_mc_AKGC417L__4,crackle_score,0.7941176471,0
M39,train,cycle,204_7p5_Al_mc_AKGC417L__5,crackle_score,0.739540083,0
M39,train,cycle,204_7p5_Al_mc_AKGC417L__6,crackle_score,0.8641456583,0
M39,train,cycle,204_7p5_Ar_mc_AKGC417L__0,crackle_score,0.2321998378,0
M39,train,cycle,204_7p5_Ar_mc_AKGC417L__1,crackle_score,0.5534219694,0
M39,train,cycle,204_7p5_Ar_mc_AKGC417L__2,crackle_score,0.6172544473,0
M39,train,cycle,204_7p5_Ar_mc_AKGC417L__3,crackle_score,0.6241704772,0
M39,train,cycle,204_7p5_Ar_mc_AKGC417L__4,crackle_score,0.7028699134,0
M39,train,cycle,204_7p5_Ar_mc_AKGC417L__5,crackle_score,0.5898288056,0
M39,train,cycle,204_7p5_Ar_mc_AKGC417L__6,crackle_score,0.5981259411,0
M39,train,cycle,204_7p5_Ll_mc_AKGC417L__0,crackle_score,0.7810962755,0
M39,train,cycle,204_7p5_Ll_mc_AKGC417L__1,crackle_score,0.6146722034,0
M39,train,cycle,204_7p5_Ll_mc_AKGC417L__2,crackle_score,0.5522240089,0
M39,train,cycle,204_7p5_Ll_mc_AKGC417L__3,crackle_score,0.4503407439,0
M39,train,cycle,204_7p5_Ll_mc_AKGC417L__4,crackle_score,0.5022248153,0
M39,train,cycle,204_7p5_Ll_mc_AKGC417L__5,crackle_score,0.5381316418,0
M39,train,cycle,204_7p5_Ll_mc_AKGC417L__6,crackle_score,0.3685713777,0
M39,train,cycle,204_7p5_Lr_mc_AKGC417L__0,crackle_score,0.4819806201,0
M39,train,cycle,204_7p5_Lr_mc_AKGC417L__1,crackle_score,0.7279387822,0
M39,train,cycle,204_7p5_Lr_mc_AKGC417L__2,crackle_score,0.6738690546,0
M39,train,cycle,204_7p5_Lr_mc_AKGC417L__3,crackle_score,0.6862901719,0
M39,train,cycle,204_7p5_Lr_mc_AKGC417L__4,crackle_score,0.8595946388,0
M39,train,cycle,204_7p5_Lr_mc_AKGC417L__5,crackle_score,0.6490572623,0
M39,train,cycle,204_7p5_Lr_mc_AKGC417L__6,crackle_score,0.4587461511,0
M39,train,cycle,204_7p5_Pr_mc_AKGC417L__0,crackle_score,0.357022601,0
M39,train,cycle,204_7p5_Pr_mc_AKGC417L__1,crackle_score,0.6709861853,0
M39,train,cycle,204_7p5_Pr_mc_AKGC417L__2,crackle_score,0.5708788889,0
M39,train,cycle,204_7p5_Pr_mc_AKGC417L__3,crackle_score,0.3053737862,0
M39,train,cycle,204_7p5_Pr_mc_AKGC417L__4,crackle_score,0.5800077701,0
M39,train,cycle,204_7p5_Pr_mc_AKGC417L__5,crackle_score,0.340382103,0
M39,train,cycle,204_7p5_Pr_mc_AKGC417L__6,crackle_score,0.362051253,0
M39,train,cycle,204_7p5_Tc_mc_AKGC417L__0,crackle_score,0.6524827579,0
M39,train,cycle,204_7p5_Tc_mc_AKGC417L__1,crackle_score,0.646092038,0
M39,train,cycle,204_7p5_Tc_mc_AKGC417L__2,crackle_score,0.3982226266,0
M39,train,cycle,204_7p5_Tc_mc_AKGC417L__3,crackle_score,0.802071846,0
M39,train,cycle,204_7p5_Tc_mc_AKGC417L__4,crackle_score,0.7922818932,0
M39,train,cycle,204_7p5_Tc_mc_AKGC417L__5,crackle_score,0.5841398047,0
M39,train,cycle,204_7p5_Tc_mc_AKGC417L__6,crackle_score,0.5832537056,0
M39,train,cycle,206_1b1_Ar_sc_Meditron__0,crackle_score,0.7514843452,0
M39,train,cycle,206_1b1_Ar_sc_Meditron__1,crackle_score,0.6835117227,0
M39,train,cycle,206_1b1_Ar_sc_Meditron__2,crackle_score,0.7074846054,0
M39,train,cycle,206_1b1_Ar_sc_Meditron__3,crackle_score,1,0
M39,train,cycle,206_1b1_Ar_sc_Meditron__4,crackle_score,0.7206647834,0
M39,train,cycle,206_1b1_Ar_sc_Meditron__5,crackle_score,0.8216413533,0
M39,train,cycle,206_1b1_Ar_sc_Meditron__6,crackle_score,0.7851361561,1
M39,train,cycle,206_1b1_Ar_sc_Meditron__7,crackle_score,0.6938335868,0
M39,train,cycle,206_1b1_Ar_sc_Meditron__8,crackle_score,0.7313055918,0
M39,train,cycle,206_1b1_Ar_sc_Meditron__9,crackle_score,0.7155251888,0
M39,train,cycle,206_1b1_Ar_sc_Meditron__10,crackle_score,0.8115718844,0
M39,train,cycle,206_1b1_Lr_sc_Meditron__0,crackle_score,0.6648589716,0
M39,train,cycle,206_1b1_Lr_sc_Meditron__1,crackle_score,0.3812127121,0
M39,train,cycle,206_1b1_Lr_sc_Meditron__2,crackle_score,0.7699460379,0
M39,train,cycle,206_1b1_Lr_sc_Meditron__3,crackle_score,0.7307692308,0
M39,train,cycle,206_1b1_Lr_sc_Meditron__4,crackle_score,0.6668408571,0
M39,train,cycle,206_1b1_Lr_sc_Meditron__5,crackle_score,0.5689580779,0
M39,train,cycle,206_1b1_Lr_sc_Meditron__6,crackle_score,0.5123042331,0
M39,train,cycle,206_1b1_Lr_sc_Meditron__7,crackle_score,0.7052435158,0
M39,train,cycle,206_1b1_Pl_sc_Meditron__0,crackle_score,1,0
M39,train,cycle,206_1b1_Pl_sc_Meditron__1,crackle_score,0.4975532765,0
M39,train,cycle,206_1b1_Pl_sc_Meditron__2,crackle_score,0.3507950204,0
M39,train,cycle,206_1b1_Pl_sc_Meditron__3,crackle_score,0.3389060074,0
M39,train,cycle,206_1b1_Pl_sc_Meditron__4,crackle_score,0.8810149754,0
M39,train,cycle,206_1b1_Pl_sc_Meditron__5,crackle_score,0.7807611848,0
M39,train,cycle,206_1b1_Pl_sc_Meditron__6,crackle_score,0.7282663171,0
M39,train,cycle,206_1b1_Pl_sc_Meditron__7,crackle_score,0.8394844312,0
M39,train,cycle,208_1b1_Ll_sc_Meditron__0,crackle_score,0.670693961,0
M39,train,cycle,208_1b1_Ll_sc_Meditron__1,crackle_score,0.3166997693,0
M39,train,cycle,208_1b1_Ll_sc_Meditron__2,crackle_score,0.7248611447,0
M39,train,cycle,208_1b1_Ll_sc_Meditron__3,crackle_score,0.6754947321,0
M39,train,cycle,208_1b1_Ll_sc_Meditron__4,crackle_score,0.6230641258,0
M39,train,cycle,208_1b1_Ll_sc_Meditron__5,crackle_score,0.2871677687,0
M39,train,cycle,208_1b1_Ll_sc_Meditron__6,crackle_score,0.9878120443,0
M39,train,cycle,208_1b1_Ll_sc_Meditron__7,crackle_score,0.5869641486,0
M39,train,cycle,208_1b1_Ll_sc_Meditron__8,crackle_score,0.7768599781,0
M39,train,cycle,208_1b1_Ll_sc_Meditron__9,crackle_score,0.7377174302,0
M39,train,cycle,208_1b1_Ll_sc_Meditron__10,crackle_score,0.6904534963,0
M39,train,cycle,208_1b1_Ll_sc_Meditron__11,crackle_score,0.6757102183,0
M39,train,cycle,208_1b1_Ll_sc_Meditron__12,crackle_score,0.3611383643,0
M39,train,cycle,209_1b1_Tc_sc_Meditron__0,crackle_score,0.9265824158,0
M39,train,cycle,209_1b1_Tc_sc_Meditron__1,crackle_score,0.6407657658,0
M39,train,cycle,209_1b1_Tc_sc_Meditron__2,crackle_score,0.7560918827,0
M39,train,cycle,209_1b1_Tc_sc_Meditron__3,crackle_score,0.7528613255,0
M39,train,cycle,210_1b1_Al_sc_Meditron__0,crackle_score,0.7535473534,0
M39,train,cycle,210_1b1_Al_sc_Meditron__1,crackle_score,0.9052950215,0
M39,train,cycle,210_1b1_Al_sc_Meditron__2,crackle_score,1,0
M39,train,cycle,210_1b1_Al_sc_Meditron__3,crackle_score,0.7578597219,0
M39,train,cycle,210_1b1_Al_sc_Meditron__4,crackle_score,1,0
M39,train,cycle,210_1b1_Al_sc_Meditron__5,crackle_score,1,0
M39,train,cycle,210_1b1_Al_sc_Meditron__6,crackle_score,0.8311258278,0
M39,train,cycle,210_1b1_Al_sc_Meditron__7,crackle_score,0.9278666543,0
M39,train,cycle,210_1b1_Al_sc_Meditron__8,crackle_score,1,1
M39,train,cycle,210_1b1_Al_sc_Meditron__9,crackle_score,1,0
M39,train,cycle,210_1b1_Al_sc_Meditron__10,crackle_score,1,0
M39,train,cycle,210_1b1_Al_sc_Meditron__11,crackle_score,1,0
M39,train,cycle,210_1b1_Al_sc_Meditron__12,crackle_score,0.791883548,0
M39,train,cycle,210_1b1_Al_sc_Meditron__13,crackle_score,0.6569638743,0
M39,train,cycle,210_1b1_Al_sc_Meditron__14,crackle_score,0.6172532834,0
M39,train,cycle,210_1b1_Al_sc_Meditron__15,crackle_score,1,0
M39,train,cycle,210_1b1_Al_sc_Meditron__16,crackle_score,1,0
M39,train,cycle,210_1b1_Al_sc_Meditron__17,crackle_score,0.6883177557,0
M39,train,cycle,210_1b1_Ar_sc_Meditron__0,crackle_score,0.716457104,0
M39,train,cycle,210_1b1_Ar_sc_Meditron__1,crackle_score,0.8761322128,0
M39,train,cycle,210_1b1_Ar_sc_Meditron__2,crackle_score,0.4026030081,0
M39,train,cycle,210_1b1_Ar_sc_Meditron__3,crackle_score,0.7331778814,0
M39,train,cycle,210_1b1_Ar_sc_Meditron__4,crackle_score,0.6273987825,0
M39,train,cycle,210_1b1_Ar_sc_Meditron__5,crackle_score,0.9231197101,1
M39,train,cycle,210_1b1_Ar_sc_Meditron__6,crackle_score,0.4156050397,0
M39,train,cycle,210_1b1_Ar_sc_Meditron__7,crackle_score,0.7992224406,0
M39,train,cycle,210_1b1_Ar_sc_Meditron__8,crackle_score,0.7117084029,0
M39,train,cycle,210_1b1_Ar_sc_Meditron__9,crackle_score,0.7449251194,0
M39,train,cycle,210_1b1_Ar_sc_Meditron__10,crackle_score,0.661705255,0
M39,train,cycle,210_1b1_Ar_sc_Meditron__11,crackle_score,0.6226324119,0
M39,train,cycle,210_1b1_Ar_sc_Meditron__12,crackle_score,0.3972312424,0
M39,train,cycle,212_2b2_Tc_mc_LittC2SE__0,crackle_score,0.4047186961,0
M39,train,cycle,212_2b2_Tc_mc_LittC2SE__1,crackle_score,0.7154196893,1
M39,train,cycle,212_2b2_Tc_mc_LittC2SE__2,crackle_score,0.8198312963,0
M39,train,cycle,212_2b2_Tc_mc_LittC2SE__3,crackle_score,0.3971839072,1
M39,train,cycle,212_2b2_Tc_mc_LittC2SE__4,crackle_score,0.8459474562,0
M39,train,cycle,212_2b2_Tc_mc_LittC2SE__5,crackle_score,0.7792922142,0
M39,train,cycle,212_2b2_Tc_mc_LittC2SE__6,crackle_score,0.5473705633,0
M39,train,cycle,213_1p2_Al_mc_AKGC417L__0,crackle_score,0.5823701078,0
M39,train,cycle,213_1p2_Al_mc_AKGC417L__1,crackle_score,0.6417769927,0
M39,train,cycle,213_1p2_Al_mc_AKGC417L__2,crackle_score,0.5583534222,0
M39,train,cycle,213_1p2_Al_mc_AKGC417L__3,crackle_score,0.5377960274,0
M39,train,cycle,213_1p2_Al_mc_AKGC417L__4,crackle_score,0.6681417639,0
M39,train,cycle,213_1p2_Al_mc_AKGC417L__5,crackle_score,0.443708554,0
M39,train,cycle,213_1p2_Ar_mc_AKGC417L__0,crackle_score,1,0
M39,train,cycle,213_1p2_Ar_mc_AKGC417L__1,crackle_score,1,0
M39,train,cycle,213_1p2_Ar_mc_AKGC417L__2,crackle_score,1,0
M39,train,cycle,213_1p2_Ar_mc_AKGC417L__3,crackle_score,0.7690435751,0
M39,train,cycle,213_1p2_Ar_mc_AKGC417L__4,crackle_score,0.9386853591,0
M39,train,cycle,213_1p2_Ar_mc_AKGC417L__5,crackle_score,1,0
M39,train,cycle,213_1p2_Lr_mc_AKGC417L__0,crackle_score,0.5691119332,0
M39,train,cycle,213_1p2_Lr_mc_AKGC417L__1,crackle_score,0.6454585033,0
M39,train,cycle,213_1p2_Lr_mc_AKGC417L__2,crackle_score,0.5506542037,0
M39,train,cycle,213_1p2_Lr_mc_AKGC417L__3,crackle_score,0.8452345429,0
M39,train,cycle,213_1p2_Lr_mc_AKGC417L__4,crackle_score,0.6059752096,0
M39,train,cycle,213_1p2_Lr_mc_AKGC417L__5,crackle_score,0.7568198079,0
M39,train,cycle,213_1p2_Pl_mc_AKGC417L__0,crackle_score,0.5142612664,0
M39,train,cycle,213_1p2_Pl_mc_AKGC417L__1,crackle_score,1,0
M39,train,cycle,213_1p2_Pl_mc_AKGC417L__2,crackle_score,1,1
M39,train,cycle,213_1p2_Pl_mc_AKGC417L__3,crackle_score,1,0
M39,train,cycle,213_1p2_Pl_mc_AKGC417L__4,crackle_score,1,1
M39,train,cycle,213_1p2_Pl_mc_AKGC417L__5,crackle_score,1,1
M39,train,cycle,213_1p2_Pr_mc_AKGC417L__0,crackle_score,0.6803353,0
M39,train,cycle,213_1p2_Pr_mc_AKGC417L__1,crackle_score,0.5388617311,1
M39,train,cycle,213_1p2_Pr_mc_AKGC417L__2,crackle_score,0.4883733114,1
M39,train,cycle,213_1p2_Pr_mc_AKGC417L__3,crackle_score,0.3879888857,1
M39,train,cycle,213_1p2_Pr_mc_AKGC417L__4,crackle_score,0.578400266,1
M39,train,cycle,213_1p2_Pr_mc_AKGC417L__5,crackle_score,0.5730342476,0
M39,train,cycle,213_1p2_Tc_mc_AKGC417L__0,crackle_score,0.5522211616,0
M39,train,cycle,213_1p2_Tc_mc_AKGC417L__1,crackle_score,0.7218504979,0
M39,train,cycle,213_1p2_Tc_mc_AKGC417L__2,crackle_score,0.7133038953,0
M39,train,cycle,213_1p2_Tc_mc_AKGC417L__3,crackle_score,0.634317761,0
M39,train,cycle,213_1p2_Tc_mc_AKGC417L__4,crackle_score,0.6363295698,0
M39,train,cycle,213_1p2_Tc_mc_AKGC417L__5,crackle_score,0.4568892717,0
M39,train,cycle,213_1p3_Al_mc_AKGC417L__0,crackle_score,0.5442224367,0
M39,train,cycle,213_1p3_Al_mc_AKGC417L__1,crackle_score,0.6600386894,0
M39,train,cycle,213_1p3_Al_mc_AKGC417L__2,crackle_score,0.5159216612,0
M39,train,cycle,213_1p3_Al_mc_AKGC417L__3,crackle_score,0.561416961,0
M39,train,cycle,213_1p3_Al_mc_AKGC417L__4,crackle_score,0.6091294721,0
M39,train,cycle,213_1p3_Al_mc_AKGC417L__5,crackle_score,0.4555734857,0
M39,train,cycle,213_1p3_Al_mc_AKGC417L__6,crackle_score,0.3590514076,0
M39,train,cycle,213_1p3_Ar_mc_AKGC417L__0,crackle_score,0.509832783,0
M39,train,cycle,213_1p3_Ar_mc_AKGC417L__1,crackle_score,0.649496929,0
M39,train,cycle,213_1p3_Ar_mc_AKGC417L__2,crackle_score,0.3763520976,0
M39,train,cycle,213_1p3_Ar_mc_AKGC417L__3,crackle_score,0.6106936224,0
M39,train,cycle,213_1p3_Ar_mc_AKGC417L__4,crackle_score,0.4476168691,0
M39,train,cycle,213_1p3_Ar_mc_AKGC417L__5,crackle_score,0.4194780191,0
M39,train,cycle,213_1p3_Ar_mc_AKGC417L__6,crackle_score,0.2485053996,0
M39,train,cycle,213_1p3_Pl_mc_AKGC417L__0,crackle_score,0.7036418041,0
M39,train,cycle,213_1p3_Pl_mc_AKGC417L__1,crackle_score,1,0
M39,train,cycle,213_1p3_Pl_mc_AKGC417L__2,crackle_score,0.8893259168,0
M39,train,cycle,213_1p3_Pl_mc_AKGC417L__3,crackle_score,0.7565237964,0
M39,train,cycle,213_1p3_Pl_mc_AKGC417L__4,crackle_score,0.9443585781,0
M39,train,cycle,213_1p3_Pl_mc_AKGC417L__5,crackle_score,1,0
M39,train,cycle,213_1p3_Pl_mc_AKGC417L__6,crackle_score,0.5583416188,0
M39,train,cycle,213_1p3_Pr_mc_AKGC417L__0,crackle_score,0.3935419783,0
M39,train,cycle,213_1p3_Pr_mc_AKGC417L__1,crackle_score,0.3112469291,0
M39,train,cycle,213_1p3_Pr_mc_AKGC417L__2,crackle_score,0.4933240592,0
M39,train,cycle,213_1p3_Pr_mc_AKGC417L__3,crackle_score,0.5026450025,0
M39,train,cycle,213_1p3_Pr_mc_AKGC417L__4,crackle_score,0.4829984544,0
M39,train,cycle,213_1p3_Pr_mc_AKGC417L__5,crackle_score,0.392229907,0
M39,train,cycle,213_1p3_Pr_mc_AKGC417L__6,crackle_score,0.4066706235,0
M39,train,cycle,213_1p5_Al_mc_AKGC417L__0,crackle_score,0.5505036785,0
M39,train,cycle,213_1p5_Al_mc_AKGC417L__1,crackle_score,0.5869209048,0
M39,train,cycle,213_1p5_Al_mc_AKGC417L__2,crackle_score,0.5196117787,0
M39,train,cycle,213_1p5_Al_mc_AKGC417L__3,crackle_score,0.6359597973,0
M39,train,cycle,213_1p5_Al_mc_AKGC417L__4,crackle_score,0.4481293331,0
M39,train,cycle,213_1p5_Al_mc_AKGC417L__5,crackle_score,0.5574453854,0
M39,train,cycle,213_1p5_Ar_mc_AKGC417L__0,crackle_score,0.3719383481,0
M39,train,cycle,213_1p5_Ar_mc_AKGC417L__1,crackle_score,0.4949056252,0
M39,train,cycle,213_1p5_Ar_mc_AKGC417L__2,crackle_score,0.4556768023,0
M39,train,cycle,213_1p5_Ar_mc_AKGC417L__3,crackle_score,0.5420128426,0
M39,train,cycle,213_1p5_Ar_mc_AKGC417L__4,crackle_score,0.5928051976,0
M39,train,cycle,213_1p5_Ar_mc_AKGC417L__5,crackle_score,0.519225154,0
M39,train,cycle,213_1p5_Pl_mc_AKGC417L__0,crackle_score,0.8818069075,0
M39,train,cycle,213_1p5_Pl_mc_AKGC417L__1,crackle_score,0.9809794491,1
M39,train,cycle,213_1p5_Pl_mc_AKGC417L__2,crackle_score,0.7462703187,0
M39,train,cycle,213_1p5_Pl_mc_AKGC417L__3,crackle_score,0.8376857271,0
M39,train,cycle,213_1p5_Pl_mc_AKGC417L__4,crackle_score,0.8270983877,0
M39,train,cycle,213_1p5_Pl_mc_AKGC417L__5,crackle_score,0.5303566273,0
M39,train,cycle,213_1p5_Pr_mc_AKGC417L__0,crackle_score,0.3827282158,0
M39,train,cycle,213_1p5_Pr_mc_AKGC417L__1,crackle_score,0.5837926331,1
M39,train,cycle,213_1p5_Pr_mc_AKGC417L__2,crackle_score,0.55927487,0
M39,train,cycle,213_1p5_Pr_mc_AKGC417L__3,crackle_score,0.4407366956,0
M39,train,cycle,213_1p5_Pr_mc_AKGC417L__4,crackle_score,0.5718417052,0
M39,train,cycle,213_1p5_Pr_mc_AKGC417L__5,crackle_score,0.5942262975,1
M39,train,cycle,213_1p5_Tc_mc_AKGC417L__0,crackle_score,0.2680913365,0
M39,train,cycle,213_1p5_Tc_mc_AKGC417L__1,crackle_score,0.4325843288,0
M39,train,cycle,213_1p5_Tc_mc_AKGC417L__2,crackle_score,0.4292584063,0
M39,train,cycle,213_1p5_Tc_mc_AKGC417L__3,crackle_score,0.2802447334,0
M39,train,cycle,213_1p5_Tc_mc_AKGC417L__4,crackle_score,0.2225687026,0
M39,train,cycle,213_1p5_Tc_mc_AKGC417L__5,crackle_score,0.5394727103,0
M39,train,cycle,213_2p2_Al_mc_AKGC417L__0,crackle_score,0.8969686034,0
M39,train,cycle,213_2p2_Al_mc_AKGC417L__1,crackle_score,0.6107883183,0
M39,train,cycle,213_2p2_Al_mc_AKGC417L__2,crackle_score,0.5895504987,0
M39,train,cycle,213_2p2_Al_mc_AKGC417L__3,crackle_score,0.7675260438,0
M39,train,cycle,213_2p2_Al_mc_AKGC417L__4,crackle_score,0.652712247,0
M39,train,cycle,213_2p2_Al_mc_AKGC417L__5,crackle_score,0.8732884202,0
M39,train,cycle,213_2p2_Al_mc_AKGC417L__6,crackle_score,0.7496159754,0
M39,train,cycle,213_2p2_Ar_mc_AKGC417L__0,crackle_score,0.6954747278,1
M39,train,cycle,213_2p2_Ar_mc_AKGC417L__1,crackle_score,0.6469864264,0
M39,train,cycle,213_2p2_Ar_mc_AKGC417L__2,crackle_score,0.6843759731,0
M39,train,cycle,213_2p2_Ar_mc_AKGC417L__3,crackle_score,0.7319795484,0
M39,train,cycle,213_2p2_Ar_mc_AKGC417L__4,crackle_score,0.739794389,0
M39,train,cycle,213_2p2_Ar_mc_AKGC417L__5,crackle_score,0.4295435319,0
M39,train,cycle,213_2p2_Ar_mc_AKGC417L__6,crackle_score,0.6434876318,0
M39,train,cycle,213_2p2_Pl_mc_AKGC417L__0,crackle_score,0.5542307955,1
M39,train,cycle,213_2p2_Pl_mc_AKGC417L__1,crackle_score,0.6463204175,1
M39,train,cycle,213_2p2_Pl_mc_AKGC417L__2,crackle_score,0.5642944465,1
M39,train,cycle,213_2p2_Pl_mc_AKGC417L__3,crackle_score,0.6805021548,0
M39,train,cycle,213_2p2_Pl_mc_AKGC417L__4,crackle_score,0.6340703279,1
M39,train,cycle,213_2p2_Pl_mc_AKGC417L__5,crackle_score,0.5339830328,0
M39,train,cycle,213_2p2_Pl_mc_AKGC417L__6,crackle_score,0.5657211545,1
M39,train,cycle,213_2p2_Pr_mc_AKGC417L__0,crackle_score,0.5504479269,0
M39,train,cycle,213_2p2_Pr_mc_AKGC417L__1,crackle_score,0.5517192393,0
M39,train,cycle,213_2p2_Pr_mc_AKGC417L__2,crackle_score,0.5347068404,0
M39,train,cycle,213_2p2_Pr_mc_AKGC417L__3,crackle_score,0.5257364464,0
M39,train,cycle,213_2p2_Pr_mc_AKGC417L__4,crackle_score,0.5231675283,0
M39,train,cycle,213_2p2_Pr_mc_AKGC417L__5,crackle_score,0.5299972311,1
M39,train,cycle,213_2p2_Pr_mc_AKGC417L__6,crackle_score,0.5078110943,1
M39,train,cycle,213_2p2_Tc_mc_AKGC417L__0,crackle_score,0.1682650448,0
M39,train,cycle,213_2p2_Tc_mc_AKGC417L__1,crackle_score,0.4116926486,0
M39,train,cycle,213_2p2_Tc_mc_AKGC417L__2,crackle_score,0.5051584025,0
M39,train,cycle,213_2p2_Tc_mc_AKGC417L__3,crackle_score,0.3968079271,0
M39,train,cycle,213_2p2_Tc_mc_AKGC417L__4,crackle_score,0.2696890321,0
M39,train,cycle,213_2p2_Tc_mc_AKGC417L__5,crackle_score,0.3306106573,0
M39,train,cycle,213_2p2_Tc_mc_AKGC417L__6,crackle_score,0.2468361836,0
M39,train,cycle,215_1b2_Ar_sc_Meditron__0,crackle_score,0.4672284708,0
M39,train,cycle,215_1b2_Ar_sc_Meditron__1,crackle_score,0.9583333333,0
M39,train,cycle,215_1b2_Ar_sc_Meditron__2,crackle_score,0.9971002486,0
M39,train,cycle,215_1b2_Ar_sc_Meditron__3,crackle_score,1,0
M39,train,cycle,215_1b2_Ar_sc_Meditron__4,crackle_score,0.7907231389,0
M39,train,cycle,215_1b3_Tc_sc_Meditron__0,crackle_score,0.2921126042,0
M39,train,cycle,215_1b3_Tc_sc_Meditron__1,crackle_score,0.7568542141,0
M39,train,cycle,215_1b3_Tc_sc_Meditron__2,crackle_score,0.9347826087,0
M39,train,cycle,215_1b3_Tc_sc_Meditron__3,crackle_score,0.9931440943,0
M39,train,cycle,215_1b3_Tc_sc_Meditron__4,crackle_score,0.8840748357,0
M39,train,cycle,215_1b3_Tc_sc_Meditron__5,crackle_score,0.6570838787,0
M39,train,cycle,217_1b1_Tc_sc_Meditron__0,crackle_score,0.6233536547,0
M39,train,cycle,217_1b1_Tc_sc_Meditron__1,crackle_score,0.6881028411,0
M39,train,cycle,217_1b1_Tc_sc_Meditron__2,crackle_score,0.5317972906,0
M39,train,cycle,217_1b1_Tc_sc_Meditron__3,crackle_score,0.6556195457,0
M39,train,cycle,217_1b1_Tc_sc_Meditron__4,crackle_score,0.498132717,0
M39,train,cycle,217_1b1_Tc_sc_Meditron__5,crackle_score,0.5362702138,0
M39,train,cycle,217_1b1_Tc_sc_Meditron__6,crackle_score,0.6346540215,0
M39,train,cycle,217_1b1_Tc_sc_Meditron__7,crackle_score,0.6827493892,0
M39,train,cycle,217_1b1_Tc_sc_Meditron__8,crackle_score,0.4438507598,0
M39,train,cycle,217_1b1_Tc_sc_Meditron__9,crackle_score,0.5449486476,0
M39,train,cycle,217_1b1_Tc_sc_Meditron__10,crackle_score,0.03669762856,0
M39,train,cycle,218_1b1_Al_sc_Meditron__0,crackle_score,0.6199676317,0
M39,train,cycle,218_1b1_Al_sc_Meditron__1,crackle_score,0.6726725284,0
M39,train,cycle,218_1b1_Al_sc_Meditron__2,crackle_score,0.8095620158,0
M39,train,cycle,218_1b1_Al_sc_Meditron__3,crackle_score,0.7254525933,0
M39,train,cycle,218_1b1_Al_sc_Meditron__4,crackle_score,0.7745136857,0
M39,train,cycle,218_1b1_Al_sc_Meditron__5,crackle_score,0.7586314215,1
M39,train,cycle,218_1b1_Al_sc_Meditron__6,crackle_score,0.8131252327,1
M39,train,cycle,218_1b1_Al_sc_Meditron__7,crackle_score,0.9115395122,1
M39,train,cycle,218_1b1_Al_sc_Meditron__8,crackle_score,0.791957463,1
M39,train,cycle,218_1b1_Al_sc_Meditron__9,crackle_score,0.1877408659,1
M39,train,cycle,218_1b1_Al_sc_Meditron__10,crackle_score,0.619905286,1
M39,train,cycle,218_1b1_Al_sc_Meditron__11,crackle_score,0.7413382699,1
M39,train,cycle,218_1b1_Al_sc_Meditron__12,crackle_score,0.5980366456,1
M39,train,cycle,218_1b1_Al_sc_Meditron__13,crackle_score,0.4638913221,0
M39,train,cycle,218_1b1_Al_sc_Meditron__14,crackle_score,0.2767505952,1
M39,train,cycle,218_1b1_Ar_sc_Meditron__0,crackle_score,0.7292251755,1
M39,train,cycle,218_1b1_Ar_sc_Meditron__1,crackle_score,0.6537616935,1
M39,train,cycle,218_1b1_Ar_sc_Meditron__2,crackle_score,0.1645016026,1
M39,train,cycle,218_1b1_Ar_sc_Meditron__3,crackle_score,0.3259919542,0
M39,train,cycle,218_1b1_Ar_sc_Meditron__4,crackle_score,0.6999232783,0
M39,train,cycle,218_1b1_Ar_sc_Meditron__5,crackle_score,0.8228966826,1
M39,train,cycle,218_1b1_Ar_sc_Meditron__6,crackle_score,0.6970979772,1
M39,train,cycle,218_1b1_Ar_sc_Meditron__7,crackle_score,0.7398718974,1
M39,train,cycle,218_1b1_Ar_sc_Meditron__8,crackle_score,0.7500789888,1
M39,train,cycle,218_1b1_Ar_sc_Meditron__9,crackle_score,0.5175913011,1
M39,train,cycle,218_1b1_Ar_sc_Meditron__10,crackle_score,0.247992708,1
M39,train,cycle,218_1b1_Ar_sc_Meditron__11,crackle_score,0.6230939534,1
M39,train,cycle,218_1b1_Ar_sc_Meditron__12,crackle_score,0.4247429513,1
M39,train,cycle,218_1b1_Ar_sc_Meditron__13,crackle_score,0.694119757,1
M39,train,cycle,218_1b1_Ar_sc_Meditron__14,crackle_score,0.5643221812,1
M39,train,cycle,218_1b1_Ar_sc_Meditron__15,crackle_score,0.1975615689,0
M39,train,cycle,218_1b1_Lr_sc_Meditron__0,crackle_score,0.5858744172,1
M39,train,cycle,218_1b1_Lr_sc_Meditron__1,crackle_score,0.3941973106,1
M39,train,cycle,218_1b1_Lr_sc_Meditron__2,crackle_score,0.866993649,1
M39,train,cycle,218_1b1_Lr_sc_Meditron__3,crackle_score,0.7324562043,1
M39,train,cycle,218_1b1_Lr_sc_Meditron__4,crackle_score,0.5593307431,1
M39,train,cycle,218_1b1_Lr_sc_Meditron__5,crackle_score,0.7203580925,1
M39,train,cycle,218_1b1_Lr_sc_Meditron__6,crackle_score,0.603506591,1
M39,train,cycle,218_1b1_Lr_sc_Meditron__7,crackle_score,0.4161819476,1
M39,train,cycle,218_1b1_Lr_sc_Meditron__8,crackle_score,0.2442952038,1
M39,train,cycle,218_1b1_Lr_sc_Meditron__9,crackle_score,0.2345143425,0
M39,train,cycle,218_1b1_Lr_sc_Meditron__10,crackle_score,0.1602564103,1
M39,train,cycle,218_1b1_Lr_sc_Meditron__11,crackle_score,0.6986876556,1
M39,train,cycle,218_1b1_Lr_sc_Meditron__12,crackle_score,0.6043581082,1
M39,train,cycle,218_1b1_Lr_sc_Meditron__13,crackle_score,0.6431803246,1
M39,train,cycle,218_1b1_Lr_sc_Meditron__14,crackle_score,0.4975273159,1
M39,train,cycle,218_1b1_Lr_sc_Meditron__15,crackle_score,0.4594450273,0
M39,train,cycle,218_1b1_Lr_sc_Meditron__16,crackle_score,0.1685710716,0
M39,train,cycle,218_1b1_Lr_sc_Meditron__17,crackle_score,0.5057129161,1
M39,train,cycle,218_1b1_Lr_sc_Meditron__18,crackle_score,0.08751530175,0
M39,train,cycle,218_1b1_Pl_sc_Meditron__0,crackle_score,0.6372844733,0
M39,train,cycle,218_1b1_Pl_sc_Meditron__1,crackle_score,0.8059333702,1
M39,train,cycle,218_1b1_Pl_sc_Meditron__2,crackle_score,0.5284917424,1
M39,train,cycle,218_1b1_Pl_sc_Meditron__3,crackle_score,0.7946785629,1
M39,train,cycle,218_1b1_Pl_sc_Meditron__4,crackle_score,0.5541393713,1
M39,train,cycle,218_1b1_Pl_sc_Meditron__5,crackle_score,0.7731460413,1
M39,train,cycle,218_1b1_Pl_sc_Meditron__6,crackle_score,0.6391559366,1
M39,train,cycle,218_1b1_Pl_sc_Meditron__7,crackle_score,0.7751067433,1
M39,train,cycle,218_1b1_Pl_sc_Meditron__8,crackle_score,0.6289447901,1
M39,train,cycle,218_1b1_Pl_sc_Meditron__9,crackle_score,0.6885473919,1
M39,train,cycle,218_1b1_Pl_sc_Meditron__10,crackle_score,0.5399029221,1
M39,train,cycle,218_1b1_Pl_sc_Meditron__11,crackle_score,0.3428514084,1
M39,train,cycle,218_1b1_Pl_sc_Meditron__12,crackle_score,0.2098683886,1
M39,train,cycle,218_1b1_Pl_sc_Meditron__13,crackle_score,0.5334927541,1
M39,train,cycle,218_1b1_Pl_sc_Meditron__14,crackle_score,0.4792062438,0
M39,train,cycle,218_1b1_Pl_sc_Meditron__15,crackle_score,0.5422759422,0
M39,train,cycle,218_1b1_Pl_sc_Meditron__16,crackle_score,0.5218617612,0
M39,train,cycle,218_1b1_Pl_sc_Meditron__17,crackle_score,0.2242218889,0
M39,train,cycle,218_1b1_Pr_sc_Meditron__0,crackle_score,0.3571234726,1
M39,train,cycle,218_1b1_Pr_sc_Meditron__1,crackle_score,0.6587053373,1
M39,train,cycle,218_1b1_Pr_sc_Meditron__2,crackle_score,0.6081856321,0
M39,train,cycle,218_1b1_Pr_sc_Meditron__3,crackle_score,0.9212920862,1
M39,train,cycle,218_1b1_Pr_sc_Meditron__4,crackle_score,0.7719069096,1
M39,train,cycle,218_1b1_Pr_sc_Meditron__5,crackle_score,0.7337051888,1
M39,train,cycle,218_1b1_Pr_sc_Meditron__6,crackle_score,0.7116138621,1
M39,train,cycle,218_1b1_Pr_sc_Meditron__7,crackle_score,0.5883822993,1
M39,train,cycle,218_1b1_Pr_sc_Meditron__8,crackle_score,0.4056940896,1
M39,train,cycle,218_1b1_Pr_sc_Meditron__9,crackle_score,0.3497967041,1
M39,train,cycle,218_1b1_Pr_sc_Meditron__10,crackle_score,0.1829272284,1
M39,train,cycle,218_1b1_Pr_sc_Meditron__11,crackle_score,0.6749376144,1
M39,train,cycle,218_1b1_Pr_sc_Meditron__12,crackle_score,0.673321551,1
M39,train,cycle,218_1b1_Pr_sc_Meditron__13,crackle_score,0.6553005597,1
M39,train,cycle,218_1b1_Pr_sc_Meditron__14,crackle_score,0.7105925829,1
M39,train,cycle,218_1b1_Pr_sc_Meditron__15,crackle_score,0.8090474028,0
M39,train,cycle,218_1b1_Pr_sc_Meditron__16,crackle_score,0.2623299247,0
M39,train,cycle,218_1b1_Pr_sc_Meditron__17,crackle_score,0.4159907074,0
M39,train,cycle,218_1p1_Ar_sc_Litt3200__0,crackle_score,0.513620554,0
M39,train,cycle,218_1p1_Ar_sc_Litt3200__1,crackle_score,0.5427060405,0
M39,train,cycle,218_1p1_Ar_sc_Litt3200__2,crackle_score,0.7008412493,0
M39,train,cycle,218_1p1_Ar_sc_Litt3200__3,crackle_score,0.9080839487,0
M39,train,cycle,218_1p1_Ar_sc_Litt3200__4,crackle_score,0.625254423,0
M39,train,cycle,218_1p1_Ar_sc_Litt3200__5,crackle_score,0.5503862949,0
M39,train,cycle,218_1p1_Pl_sc_Litt3200__0,crackle_score,1,0
M39,train,cycle,218_1p1_Pl_sc_Litt3200__1,crackle_score,0.8823083687,1
M39,train,cycle,218_1p1_Pl_sc_Litt3200__2,crackle_score,0.8682321754,1
M39,train,cycle,218_1p1_Pl_sc_Litt3200__3,crackle_score,0.6577099971,0
M39,train,cycle,218_1p1_Pl_sc_Litt3200__4,crackle_score,0.9960077426,1
M39,train,cycle,218_1p1_Pl_sc_Litt3200__5,crackle_score,1,1
M39,train,cycle,218_1p1_Pl_sc_Litt3200__6,crackle_score,1,1
M39,train,cycle,218_1p1_Pl_sc_Litt3200__7,crackle_score,1,1
M39,train,cycle,218_1p1_Pr_sc_Litt3200__0,crackle_score,0.8584815214,1
M39,train,cycle,218_1p1_Pr_sc_Litt3200__1,crackle_score,1,1
M39,train,cycle,218_1p1_Pr_sc_Litt3200__2,crackle_score,0.9506407548,0
M39,train,cycle,218_1p1_Pr_sc_Litt3200__3,crackle_score,1,1
M39,train,cycle,218_1p1_Pr_sc_Litt3200__4,crackle_score,0.9352987732,1
M39,train,cycle,218_1p1_Pr_sc_Litt3200__5,crackle_score,1,1
M39,train,cycle,218_1p1_Pr_sc_Litt3200__6,crackle_score,0.8197997775,1
M39,train,cycle,219_2b1_Ar_mc_LittC2SE__0,crackle_score,0.2485050792,0
M39,train,cycle,219_2b1_Ar_mc_LittC2SE__1,crackle_score,0.6673462227,0
M39,train,cycle,219_2b1_Ar_mc_LittC2SE__2,crackle_score,0.1842296599,0
M39,train,cycle,219_2b1_Ar_mc_LittC2SE__3,crackle_score,0.3368784229,0
M39,train,cycle,219_2b1_Ar_mc_LittC2SE__4,crackle_score,0.4541224842,0
M39,train,cycle,219_2b1_Tc_mc_LittC2SE__0,crackle_score,0.7010166829,0
M39,train,cycle,219_2b1_Tc_mc_LittC2SE__1,crackle_score,0.6906077391,0
M39,train,cycle,219_2b1_Tc_mc_LittC2SE__2,crackle_score,0.804576042,0
M39,train,cycle,219_2b1_Tc_mc_LittC2SE__3,crackle_score,0.7050707116,0
M39,train,cycle,219_2b1_Tc_mc_LittC2SE__4,crackle_score,0.3920341109,0
M39,train,cycle,219_2b2_Ar_mc_LittC2SE__0,crackle_score,0.16379723,0
M39,train,cycle,219_2b2_Ar_mc_LittC2SE__1,crackle_score,0.3075857848,0
M39,train,cycle,219_2b2_Ar_mc_LittC2SE__2,crackle_score,0.602432181,1
M39,train,cycle,219_2b2_Ar_mc_LittC2SE__3,crackle_score,0.3881851438,0
M39,train,cycle,219_2b2_Ar_mc_LittC2SE__4,crackle_score,0.3204746338,0
M39,train,cycle,219_2b2_Tc_mc_LittC2SE__0,crackle_score,0.6423326618,0
M39,train,cycle,219_2b2_Tc_mc_LittC2SE__1,crackle_score,0.8427969886,0
M39,train,cycle,219_2b2_Tc_mc_LittC2SE__2,crackle_score,0.7013345722,0
M39,train,cycle,219_2b2_Tc_mc_LittC2SE__3,crackle_score,0.5020967978,0
M39,train,cycle,219_2b2_Tc_mc_LittC2SE__4,crackle_score,0.6437490168,0
M39,train,cycle,219_2b2_Tc_mc_LittC2SE__5,crackle_score,0.5348214386,0
M39,train,cycle,219_2b3_Tc_mc_LittC2SE__0,crackle_score,0.6483299555,0
M39,train,cycle,219_2b3_Tc_mc_LittC2SE__1,crackle_score,0.5159364246,0
M39,train,cycle,219_2b3_Tc_mc_LittC2SE__2,crackle_score,0.66,0
M39,train,cycle,219_2b3_Tc_mc_LittC2SE__3,crackle_score,0.6309281145,0
M39,train,cycle,219_2b3_Tc_mc_LittC2SE__4,crackle_score,0.4424550037,0
M39,train,cycle,220_1b1_Tc_mc_LittC2SE__0,crackle_score,0.637213631,0
M39,train,cycle,220_1b1_Tc_mc_LittC2SE__1,crackle_score,0.5075616656,0
M39,train,cycle,220_1b1_Tc_mc_LittC2SE__2,crackle_score,0.5145082653,0
M39,train,cycle,220_1b1_Tc_mc_LittC2SE__3,crackle_score,0.7295910623,0
M39,train,cycle,220_1b1_Tc_mc_LittC2SE__4,crackle_score,0.5527311462,0
M39,train,cycle,220_1b1_Tc_mc_LittC2SE__5,crackle_score,0.5374981371,1
M39,train,cycle,220_1b1_Tc_mc_LittC2SE__6,crackle_score,0.7252850828,1
M39,train,cycle,220_1b2_Al_mc_LittC2SE__0,crackle_score,0.9985479781,0
M39,train,cycle,220_1b2_Al_mc_LittC2SE__1,crackle_score,0.924721734,0
M39,train,cycle,220_1b2_Al_mc_LittC2SE__2,crackle_score,0.9319979218,0
M39,train,cycle,220_1b2_Al_mc_LittC2SE__3,crackle_score,0.7862619473,0
M39,train,cycle,220_1b2_Al_mc_LittC2SE__4,crackle_score,0.6947662177,0
M39,train,cycle,220_1b2_Al_mc_LittC2SE__5,crackle_score,0.9772924501,0
M39,train,cycle,220_1b2_Al_mc_LittC2SE__6,crackle_score,0.8424216931,0
M39,train,cycle,221_2b1_Al_mc_LittC2SE__0,crackle_score,0.7098963217,0
M39,train,cycle,221_2b1_Al_mc_LittC2SE__1,crackle_score,0.7586287032,1
M39,train,cycle,221_2b1_Al_mc_LittC2SE__2,crackle_score,0.7757588455,1
M39,train,cycle,221_2b1_Al_mc_LittC2SE__3,crackle_score,0.9111017608,1
M39,train,cycle,221_2b1_Al_mc_LittC2SE__4,crackle_score,0.904887896,1
M39,train,cycle,221_2b1_Ar_mc_LittC2SE__0,crackle_score,0.6438137398,0
M39,train,cycle,221_2b1_Ar_mc_LittC2SE__1,crackle_score,0.8080556942,1
M39,train,cycle,221_2b1_Ar_mc_LittC2SE__2,crackle_score,0.6177383892,0
M39,train,cycle,221_2b1_Ar_mc_LittC2SE__3,crackle_score,0.9400251336,1
M39,train,cycle,221_2b1_Ar_mc_LittC2SE__4,crackle_score,0.5602880751,1
M39,train,cycle,221_2b1_Lr_mc_LittC2SE__0,crackle_score,0.8968670643,1
M39,train,cycle,221_2b1_Lr_mc_LittC2SE__1,crackle_score,0.690042731,1
M39,train,cycle,221_2b1_Lr_mc_LittC2SE__2,crackle_score,0.7917268306,0
M39,train,cycle,221_2b1_Lr_mc_LittC2SE__3,crackle_score,1,1
M39,train,cycle,221_2b1_Lr_mc_LittC2SE__4,crackle_score,0.637020199,1
M39,train,cycle,221_2b1_Pl_mc_LittC2SE__0,crackle_score,0.7456428247,0
M39,train,cycle,221_2b1_Pl_mc_LittC2SE__1,crackle_score,0.8332017493,0
M39,train,cycle,221_2b1_Pl_mc_LittC2SE__2,crackle_score,0.8452166787,0
M39,train,cycle,221_2b1_Pl_mc_LittC2SE__3,crackle_score,0.7742109143,0
M39,train,cycle,221_2b1_Pl_mc_LittC2SE__4,crackle_score,0.672349421,0
M39,train,cycle,221_2b2_Al_mc_LittC2SE__0,crackle_score,0.5309603026,0
M39,train,cycle,221_2b2_Al_mc_LittC2SE__1,crackle_score,0.7831976979,0
M39,train,cycle,221_2b2_Al_mc_LittC2SE__2,crackle_score,0.7699406106,0
M39,train,cycle,221_2b2_Al_mc_LittC2SE__3,crackle_score,0.8106387244,0
M39,train,cycle,221_2b2_Al_mc_LittC2SE__4,crackle_score,0.7135240872,0
M39,train,cycle,221_2b2_Al_mc_LittC2SE__5,crackle_score,0.6888132347,0
M39,train,cycle,221_2b2_Ar_mc_LittC2SE__0,crackle_score,0.285299742,0
M39,train,cycle,221_2b2_Ar_mc_LittC2SE__1,crackle_score,0.8244260189,1
M39,train,cycle,221_2b2_Ar_mc_LittC2SE__2,crackle_score,0.7239559233,1
M39,train,cycle,221_2b2_Ar_mc_LittC2SE__3,crackle_score,0.8104167458,1
M39,train,cycle,221_2b2_Ar_mc_LittC2SE__4,crackle_score,0.7510574106,1
M39,train,cycle,221_2b2_Ar_mc_LittC2SE__5,crackle_score,0.4467221896,0
M39,train,cycle,221_2b2_Lr_mc_LittC2SE__0,crackle_score,0.4087429971,0
M39,train,cycle,221_2b2_Lr_mc_LittC2SE__1,crackle_score,0.7624926271,1
M39,train,cycle,221_2b2_Lr_mc_LittC2SE__2,crackle_score,0.851554688,1
M39,train,cycle,221_2b2_Lr_mc_LittC2SE__3,crackle_score,0.620953001,1
M39,train,cycle,221_2b2_Lr_mc_LittC2SE__4,crackle_score,0.4182119293,1
M39,train,cycle,221_2b2_Pl_mc_LittC2SE__0,crackle_score,0.275595413,0
M39,train,cycle,221_2b2_Pl_mc_LittC2SE__1,crackle_score,0.9582794765,0
M39,train,cycle,221_2b2_Pl_mc_LittC2SE__2,crackle_score,0.8952982057,0
M39,train,cycle,221_2b2_Pl_mc_LittC2SE__3,crackle_score,0.7393427681,0
M39,train,cycle,221_2b2_Pl_mc_LittC2SE__4,crackle_score,0.9093294044,0
M39,train,cycle,221_2b2_Pl_mc_LittC2SE__5,crackle_score,0.437977893,0
M39,train,cycle,221_2b3_Al_mc_LittC2SE__0,crackle_score,0.7805134336,0
M39,train,cycle,221_2b3_Al_mc_LittC2SE__1,crackle_score,0.9798289674,0
M39,train,cycle,221_2b3_Al_mc_LittC2SE__2,crackle_score,0.8408044521,0
M39,train,cycle,221_2b3_Al_mc_LittC2SE__3,crackle_score,0.8581488737,0
M39,train,cycle,221_2b3_Al_mc_LittC2SE__4,crackle_score,0.7466456881,0
M39,train,cycle,221_2b3_Ar_mc_LittC2SE__0,crackle_score,0.7481800312,0
M39,train,cycle,221_2b3_Ar_mc_LittC2SE__1,crackle_score,0.8050973179,1
M39,train,cycle,221_2b3_Ar_mc_LittC2SE__2,crackle_score,0.7972794155,1
M39,train,cycle,221_2b3_Ar_mc_LittC2SE__3,crackle_score,0.7128362905,1
M39,train,cycle,221_2b3_Ar_mc_LittC2SE__4,crackle_score,0.8072074928,1
M39,train,cycle,221_2b3_Lr_mc_LittC2SE__0,crackle_score,0.8468036796,0
M39,train,cycle,221_2b3_Lr_mc_LittC2SE__1,crackle_score,0.7459276298,1
M39,train,cycle,221_2b3_Lr_mc_LittC2SE__2,crackle_score,0.9816141006,1
M39,train,cycle,221_2b3_Lr_mc_LittC2SE__3,crackle_score,0.8692150684,1
M39,train,cycle,221_2b3_Lr_mc_LittC2SE__4,crackle_score,0.6714082428,1
M39,train,cycle,221_2b3_Pr_mc_LittC2SE__0,crackle_score,0.6087210808,0
M39,train,cycle,221_2b3_Pr_mc_LittC2SE__1,crackle_score,0.8353204267,0
M39,train,cycle,221_2b3_Pr_mc_LittC2SE__2,crackle_score,0.8010309487,1
M39,train,cycle,221_2b3_Pr_mc_LittC2SE__3,crackle_score,0.6359245307,1
M39,train,cycle,221_2b3_Pr_mc_LittC2SE__4,crackle_score,0.7267815552,1
M39,train,cycle,222_1b1_Ar_sc_Meditron__0,crackle_score,0.352849181,0
M39,train,cycle,222_1b1_Ar_sc_Meditron__1,crackle_score,0.5789157489,0
M39,train,cycle,222_1b1_Ar_sc_Meditron__2,crackle_score,0.3490261245,0
M39,train,cycle,222_1b1_Ar_sc_Meditron__3,crackle_score,0.5746516257,0
M39,train,cycle,222_1b1_Ar_sc_Meditron__4,crackle_score,0.5381280983,0
M39,train,cycle,222_1b1_Ar_sc_Meditron__5,crackle_score,0.6923176078,0
M39,train,cycle,222_1b1_Ar_sc_Meditron__6,crackle_score,0.683695379,0
M39,train,cycle,222_1b1_Ar_sc_Meditron__7,crackle_score,0.2050482107,0
M39,train,cycle,222_1b1_Ar_sc_Meditron__8,crackle_score,0.6384279533,0
M39,train,cycle,222_1b1_Ar_sc_Meditron__9,crackle_score,0.6513639988,0
M39,train,cycle,222_1b1_Lr_sc_Meditron__0,crackle_score,0.7375558126,1
M39,train,cycle,222_1b1_Lr_sc_Meditron__1,crackle_score,0.5854659357,0
M39,train,cycle,222_1b1_Lr_sc_Meditron__2,crackle_score,0.4100012839,1
M39,train,cycle,222_1b1_Lr_sc_Meditron__3,crackle_score,0.3287495532,0
M39,train,cycle,222_1b1_Lr_sc_Meditron__4,crackle_score,0.4195394774,0
M39,train,cycle,222_1b1_Lr_sc_Meditron__5,crackle_score,0.6693743194,1
M39,train,cycle,222_1b1_Lr_sc_Meditron__6,crackle_score,0.3741765084,0
M39,train,cycle,222_1b1_Lr_sc_Meditron__7,crackle_score,0.4993267015,1
M39,train,cycle,222_1b1_Lr_sc_Meditron__8,crackle_score,0.1376141036,0
M39,train,cycle,222_1b1_Lr_sc_Meditron__9,crackle_score,0.6465458287,1
M39,train,cycle,222_1b1_Lr_sc_Meditron__10,crackle_score,0.6844581883,1
M39,train,cycle,222_1b1_Lr_sc_Meditron__11,crackle_score,0.5509501644,1
M39,train,cycle,222_1b1_Lr_sc_Meditron__12,crackle_score,0.72863954,1
M39,train,cycle,222_1b1_Lr_sc_Meditron__13,crackle_score,0.6353841267,1
M39,train,cycle,222_1b1_Lr_sc_Meditron__14,crackle_score,0.688408739,1
M39,train,cycle,222_1b1_Lr_sc_Meditron__15,crackle_score,0.6745666388,1
M39,train,cycle,222_1b1_Lr_sc_Meditron__16,crackle_score,0.3497816352,1
M39,train,cycle,222_1b1_Lr_sc_Meditron__17,crackle_score,0.385777684,0
M39,train,cycle,222_1b1_Lr_sc_Meditron__18,crackle_score,0.8012467183,1
M39,train,cycle,222_1b1_Lr_sc_Meditron__19,crackle_score,0.3473365012,0
M39,train,cycle,222_1b1_Pr_sc_Meditron__0,crackle_score,0.1744536682,0
M39,train,cycle,222_1b1_Pr_sc_Meditron__1,crackle_score,1,0
M39,train,cycle,222_1b1_Pr_sc_Meditron__2,crackle_score,0.4129647775,0
M39,train,cycle,222_1b1_Pr_sc_Meditron__3,crackle_score,0.551752517,0
M39,train,cycle,222_1b1_Pr_sc_Meditron__4,crackle_score,0.1940654007,0
M39,train,cycle,222_1b1_Pr_sc_Meditron__5,crackle_score,0.404681457,0
M39,train,cycle,222_1b1_Pr_sc_Meditron__6,crackle_score,0.5729428401,0
M39,train,cycle,222_1b1_Pr_sc_Meditron__7,crackle_score,0.7195702789,0
M39,train,cycle,222_1b1_Pr_sc_Meditron__8,crackle_score,0.5720014247,0
M39,train,cycle,222_1b1_Pr_sc_Meditron__9,crackle_score,0.618807295,0
M39,train,cycle,222_1b1_Pr_sc_Meditron__10,crackle_score,0.6656334297,0
M39,train,cycle,222_1b1_Pr_sc_Meditron__11,crackle_score,0.8289888996,0
M39,train,cycle,222_1b1_Pr_sc_Meditron__12,crackle_score,0.5781291412,0
M39,train,cycle,222_1b1_Pr_sc_Meditron__13,crackle_score,0.4953418915,0
M39,train,cycle,222_1b1_Pr_sc_Meditron__14,crackle_score,0.3548116099,0
M39,train,cycle,226_1b1_Al_sc_Meditron__0,crackle_score,0.7463087943,0
M39,train,cycle,226_1b1_Al_sc_Meditron__1,crackle_score,1,0
M39,train,cycle,226_1b1_Al_sc_Meditron__2,crackle_score,0.9635973141,1
M39,train,cycle,226_1b1_Al_sc_Meditron__3,crackle_score,1,1
M39,train,cycle,226_1b1_Al_sc_Meditron__4,crackle_score,1,0
M39,train,cycle,226_1b1_Al_sc_Meditron__5,crackle_score,0.8968371582,0
M39,train,cycle,226_1b1_Al_sc_Meditron__6,crackle_score,0.9119858346,0
M39,train,cycle,226_1b1_Al_sc_Meditron__7,crackle_score,1,0
M39,train,cycle,226_1b1_Al_sc_Meditron__8,crackle_score,1,0
M39,train,cycle,226_1b1_Al_sc_Meditron__9,crackle_score,0.8845507174,0
M39,train,cycle,226_1b1_Ll_sc_Meditron__0,crackle_score,0.755502993,0
M39,train,cycle,226_1b1_Ll_sc_Meditron__1,crackle_score,0.7312734927,1
M39,train,cycle,226_1b1_Ll_sc_Meditron__2,crackle_score,0.6527498401,1
M39,train,cycle,226_1b1_Ll_sc_Meditron__3,crackle_score,0.7482513982,1
M39,train,cycle,226_1b1_Ll_sc_Meditron__4,crackle_score,0.6917012493,0
M39,train,cycle,226_1b1_Ll_sc_Meditron__5,crackle_score,0.776404927,1
M39,train,cycle,226_1b1_Ll_sc_Meditron__6,crackle_score,0.8236916164,1
M39,train,cycle,226_1b1_Ll_sc_Meditron__7,crackle_score,0.8833216029,1
M39,train,cycle,226_1b1_Ll_sc_Meditron__8,crackle_score,0.7179038286,0
M39,train,cycle,226_1b1_Ll_sc_Meditron__9,crackle_score,0.7184238879,0
M39,test,cycle,101_1b1_Al_sc_Meditron__0,wheeze_score,0,0
M39,test,cycle,101_1b1_Al_sc_Meditron__1,wheeze_score,0,0
M39,test,cycle,101_1b1_Al_sc_Meditron__2,wheeze_score,0,0
M39,test,cycle,101_1b1_Al_sc_Meditron__3,wheeze_score,0,0
M39,test,cycle,101_1b1_Al_sc_Meditron__4,wheeze_score,0,0
M39,test,cycle,101_1b1_Al_sc_Meditron__5,wheeze_score,0,0
M39,test,cycle,101_1b1_Al_sc_Meditron__6,wheeze_score,0,0
M39,test,cycle,101_1b1_Al_sc_Meditron__7,wheeze_score,0,0
M39,test,cycle,101_1b1_Al_sc_Meditron__8,wheeze_score,0,0
M39,test,cycle,101_1b1_Al_sc_Meditron__9,wheeze_score,0,0
M39,test,cycle,101_1b1_Al_sc_Meditron__10,wheeze_score,0,0
M39,test,cycle,101_1b1_Al_sc_Meditron__11,wheeze_score,0,0
M39,test,cycle,101_1b1_Pr_sc_Meditron__0,wheeze_score,0,0
M39,test,cycle,101_1b1_Pr_sc_Meditron__1,wheeze_score,0,0
M39,test,cycle,101_1b1_Pr_sc_Meditron__2,wheeze_score,0,0
M39,test,cycle,101_1b1_Pr_sc_Meditron__3,wheeze_score,0,0
M39,test,cycle,101_1b1_Pr_sc_Meditron__4,wheeze_score,0,0
M39,test,cycle,101_1b1_Pr_sc_Meditron__5,wheeze_score,0,0
M39,test,cycle,101_1b1_Pr_sc_Meditron__6,wheeze_score,0,0
M39,test,cycle,101_1b1_Pr_sc_Meditron__7,wheeze_score,0,0
M39,test,cycle,101_1b1_Pr_sc_Meditron__8,wheeze_score,0,0
M39,test,cycle,101_1b1_Pr_sc_Meditron__9,wheeze_score,0,0
M39,test,cycle,101_1b1_Pr_sc_Meditron__10,wheeze_score,0,0
M39,test,cycle,102_1b1_Ar_sc_Meditron__0,wheeze_score,0,0
M39,test,cycle,102_1b1_Ar_sc_Meditron__1,wheeze_score,0,0
M39,test,cycle,102_1b1_Ar_sc_Meditron__2,wheeze_score,0,0
M39,test,cycle,102_1b1_Ar_sc_Meditron__3,wheeze_score,0,0
M39,test,cycle,102_1b1_Ar_sc_Meditron__4,wheeze_score,0,0
M39,test,cycle,102_1b1_Ar_sc_Meditron__5,wheeze_score,0,0
M39,test,cycle,102_1b1_Ar_sc_Meditron__6,wheeze_score,0,0
M39,test,cycle,102_1b1_Ar_sc_Meditron__7,wheeze_score,0,0
M39,test,cycle,102_1b1_Ar_sc_Meditron__8,wheeze_score,0,0
M39,test,cycle,102_1b1_Ar_sc_Meditron__9,wheeze_score,0,0
M39,test,cycle,102_1b1_Ar_sc_Meditron__10,wheeze_score,0,0
M39,test,cycle,102_1b1_Ar_sc_Meditron__11,wheeze_score,0,0
M39,test,cycle,102_1b1_Ar_sc_Meditron__12,wheeze_score,0,0
M39,test,cycle,104_1b1_Al_sc_Litt3200__0,wheeze_score,0.07458462358,0
M39,test,cycle,104_1b1_Al_sc_Litt3200__1,wheeze_score,0.08523389379,0
M39,test,cycle,104_1b1_Al_sc_Litt3200__2,wheeze_score,0,0
M39,test,cycle,104_1b1_Al_sc_Litt3200__3,wheeze_score,0.05132691747,0
M39,test,cycle,104_1b1_Al_sc_Litt3200__4,wheeze_score,0.391500322,0
M39,test,cycle,104_1b1_Al_sc_Litt3200__5,wheeze_score,0.3119209389,0
M39,test,cycle,104_1b1_Ar_sc_Litt3200__0,wheeze_score,0,1
M39,test,cycle,104_1b1_Ar_sc_Litt3200__1,wheeze_score,0.1075241025,1
M39,test,cycle,104_1b1_Ar_sc_Litt3200__2,wheeze_score,0.05592450192,1
M39,test,cycle,104_1b1_Ar_sc_Litt3200__3,wheeze_score,0.06639200925,1
M39,test,cycle,104_1b1_Ar_sc_Litt3200__4,wheeze_score,0,1
M39,test,cycle,104_1b1_Ar_sc_Litt3200__5,wheeze_score,0.06532478667,1
M39,test,cycle,104_1b1_Ar_sc_Litt3200__6,wheeze_score,0.08254716981,1
M39,test,cycle,104_1b1_Ar_sc_Litt3200__7,wheeze_score,0,1
M39,test,cycle,104_1b1_Ar_sc_Litt3200__8,wheeze_score,0,1
M39,test,cycle,104_1b1_Ar_sc_Litt3200__9,wheeze_score,0,1
M39,test,cycle,104_1b1_Ar_sc_Litt3200__10,wheeze_score,0.4251918159,0
M39,test,cycle,104_1b1_Ar_sc_Litt3200__11,wheeze_score,0.2967741935,0
M39,test,cycle,104_1b1_Ar_sc_Litt3200__12,wheeze_score,0.08172796264,0
M39,test,cycle,104_1b1_Ar_sc_Litt3200__13,wheeze_score,0.1630434783,0
M39,test,cycle,104_1b1_Ll_sc_Litt3200__0,wheeze_score,0,0
M39,test,cycle,104_1b1_Ll_sc_Litt3200__1,wheeze_score,0.05291705252,0
M39,test,cycle,104_1b1_Ll_sc_Litt3200__2,wheeze_score,0,0
M39,test,cycle,104_1b1_Ll_sc_Litt3200__3,wheeze_score,0,0
M39,test,cycle,104_1b1_Ll_sc_Litt3200__4,wheeze_score,0,0
M39,test,cycle,104_1b1_Ll_sc_Litt3200__5,wheeze_score,0,0
M39,test,cycle,104_1b1_Ll_sc_Litt3200__6,wheeze_score,0.2031602709,0
M39,test,cycle,104_1b1_Lr_sc_Litt3200__0,wheeze_score,0,0
M39,test,cycle,104_1b1_Lr_sc_Litt3200__1,wheeze_score,0,0
M39,test,cycle,104_1b1_Lr_sc_Litt3200__2,wheeze_score,0,0
M39,test,cycle,104_1b1_Lr_sc_Litt3200__3,wheeze_score,0,0
M39,test,cycle,104_1b1_Lr_sc_Litt3200__4,wheeze_score,0.1000998981,0
M39,test,cycle,104_1b1_Pl_sc_Litt3200__0,wheeze_score,0.1031411158,0
M39,test,cycle,104_1b1_Pl_sc_Litt3200__1,wheeze_score,0,0
M39,test,cycle,104_1b1_Pl_sc_Litt3200__2,wheeze_score,0,0
M39,test,cycle,104_1b1_Pl_sc_Litt3200__3,wheeze_score,0,0
M39,test,cycle,104_1b1_Pl_sc_Litt3200__4,wheeze_score,0.3401345635,0
M39,test,cycle,104_1b1_Pl_sc_Litt3200__5,wheeze_score,0.3789731051,0
M39,test,cycle,104_1b1_Pl_sc_Litt3200__6,wheeze_score,0.4654255319,0
M39,test,cycle,104_1b1_Pl_sc_Litt3200__7,wheeze_score,0.1996007984,0
M39,test,cycle,104_1b1_Pl_sc_Litt3200__8,wheeze_score,0.2112211221,0
M39,test,cycle,104_1b1_Pl_sc_Litt3200__9,wheeze_score,0.4634146341,0
M39,test,cycle,104_1b1_Pl_sc_Litt3200__10,wheeze_score,0.340673037,0
M39,test,cycle,104_1b1_Pl_sc_Litt3200__11,wheeze_score,0.1964512041,0
M39,test,cycle,104_1b1_Pl_sc_Litt3200__12,wheeze_score,0.1111111111,0
M39,test,cycle,104_1b1_Pr_sc_Litt3200__0,wheeze_score,0,0
M39,test,cycle,104_1b1_Pr_sc_Litt3200__1,wheeze_score,0.05382427597,0
M39,test,cycle,104_1b1_Pr_sc_Litt3200__2,wheeze_score,0,0
M39,test,cycle,104_1b1_Pr_sc_Litt3200__3,wheeze_score,0,0
M39,test,cycle,104_1b1_Pr_sc_Litt3200__4,wheeze_score,0,0
M39,test,cycle,104_1b1_Pr_sc_Litt3200__5,wheeze_score,0.334983979,0
M39,test,cycle,104_1b1_Pr_sc_Litt3200__6,wheeze_score,0.2261306533,0
M39,test,cycle,104_1b1_Pr_sc_Litt3200__7,wheeze_score,0.3050397878,0
M39,test,cycle,104_1b1_Pr_sc_Litt3200__8,wheeze_score,0.1701427003,0
M39,test,cycle,104_1b1_Pr_sc_Litt3200__9,wheeze_score,0.2040816327,0
M39,test,cycle,109_1b1_Al_sc_Litt3200__0,wheeze_score,0,0
M39,test,cycle,109_1b1_Al_sc_Litt3200__1,wheeze_score,0,0
M39,test,cycle,109_1b1_Al_sc_Litt3200__2,wheeze_score,0.06171410939,0
M39,test,cycle,109_1b1_Al_sc_Litt3200__3,wheeze_score,0.06857218211,0
M39,test,cycle,109_1b1_Al_sc_Litt3200__4,wheeze_score,0.05256414468,0
M39,test,cycle,109_1b1_Al_sc_Litt3200__5,wheeze_score,0,0
M39,test,cycle,109_1b1_Al_sc_Litt3200__6,wheeze_score,0,0
M39,test,cycle,109_1b1_Al_sc_Litt3200__7,wheeze_score,0.3346613546,0
M39,test,cycle,109_1b1_Al_sc_Litt3200__8,wheeze_score,0.2790014684,0
M39,test,cycle,109_1b1_Ar_sc_Litt3200__0,wheeze_score,0.07041013906,0
M39,test,cycle,109_1b1_Ar_sc_Litt3200__1,wheeze_score,0,0
M39,test,cycle,109_1b1_Ar_sc_Litt3200__2,wheeze_score,0,0
M39,test,cycle,109_1b1_Ar_sc_Litt3200__3,wheeze_score,0,0
M39,test,cycle,109_1b1_Ar_sc_Litt3200__4,wheeze_score,0,0
M39,test,cycle,109_1b1_Ar_sc_Litt3200__5,wheeze_score,0,0
M39,test,cycle,109_1b1_Ar_sc_Litt3200__6,wheeze_score,0,0
M39,test,cycle,109_1b1_Ar_sc_Litt3200__7,wheeze_score,0,0
M39,test,cycle,109_1b1_Ar_sc_Litt3200__8,wheeze_score,0.09303636876,0
M39,test,cycle,109_1b1_Ar_sc_Litt3200__9,wheeze_score,0,0
M39,test,cycle,109_1b1_Ll_sc_Litt3200__0,wheeze_score,0,0
M39,test,cycle,109_1b1_Ll_sc_Litt3200__1,wheeze_score,0,0
M39,test,cycle,109_1b1_Ll_sc_Litt3200__2,wheeze_score,0,0
M39,test,cycle,109_1b1_Ll_sc_Litt3200__3,wheeze_score,0,0
M39,test,cycle,109_1b1_Ll_sc_Litt3200__4,wheeze_score,0,0
M39,test,cycle,109_1b1_Ll_sc_Litt3200__5,wheeze_score,0,0
M39,test,cycle,109_1b1_Ll_sc_Litt3200__6,wheeze_score,0.3707052441,0
M39,test,cycle,109_1b1_Ll_sc_Litt3200__7,wheeze_score,0.08223684211,0
M39,test,cycle,109_1b1_Lr_sc_Litt3200__0,wheeze_score,0,0
M39,test,cycle,109_1b1_Lr_sc_Litt3200__1,wheeze_score,0,0
M39,test,cycle,109_1b1_Lr_sc_Litt3200__2,wheeze_score,0,0
M39,test,cycle,109_1b1_Lr_sc_Litt3200__3,wheeze_score,0,0
M39,test,cycle,109_1b1_Lr_sc_Litt3200__4,wheeze_score,0,0
M39,test,cycle,109_1b1_Lr_sc_Litt3200__5,wheeze_score,0.2858958069,0
M39,test,cycle,109_1b1_Lr_sc_Litt3200__6,wheeze_score,0.1140125046,0
M39,test,cycle,109_1b1_Lr_sc_Litt3200__7,wheeze_score,0,0
M39,test,cycle,109_1b1_Pl_sc_Litt3200__0,wheeze_score,0,0
M39,test,cycle,109_1b1_Pl_sc_Litt3200__1,wheeze_score,0,0
M39,test,cycle,109_1b1_Pl_sc_Litt3200__2,wheeze_score,0,0
M39,test,cycle,109_1b1_Pl_sc_Litt3200__3,wheeze_score,0,0
M39,test,cycle,109_1b1_Pl_sc_Litt3200__4,wheeze_score,0,0
M39,test,cycle,109_1b1_Pl_sc_Litt3200__5,wheeze_score,0.09159482759,0
M39,test,cycle,109_1b1_Pl_sc_Litt3200__6,wheeze_score,0,0
M39,test,cycle,109_1b1_Pl_sc_Litt3200__7,wheeze_score,0,0
M39,test,cycle,109_1b1_Pl_sc_Litt3200__8,wheeze_score,0,0
M39,test,cycle,109_1b1_Pr_sc_Litt3200__0,wheeze_score,0,0
M39,test,cycle,109_1b1_Pr_sc_Litt3200__1,wheeze_score,0,0
M39,test,cycle,109_1b1_Pr_sc_Litt3200__2,wheeze_score,0,0
M39,test,cycle,109_1b1_Pr_sc_Litt3200__3,wheeze_score,0,0
M39,test,cycle,109_1b1_Pr_sc_Litt3200__4,wheeze_score,0,0
M39,test,cycle,109_1b1_Pr_sc_Litt3200__5,wheeze_score,0,0
M39,test,cycle,109_1b1_Pr_sc_Litt3200__6,wheeze_score,0,0
M39,test,cycle,109_1b1_Pr_sc_Litt3200__7,wheeze_score,0,0
M39,test,cycle,109_1b1_Pr_sc_Litt3200__8,wheeze_score,0.1363771124,0
M39,test,cycle,109_1b1_Pr_sc_Litt3200__9,wheeze_score,0.1536312849,0
M39,test,cycle,109_1b1_Pr_sc_Litt3200__10,wheeze_score,0.1553004727,0
M39,test,cycle,109_1b1_Pr_sc_Litt3200__11,wheeze_score,0.1480567551,0
M39,test,cycle,109_1b1_Pr_sc_Litt3200__12,wheeze_score,0.1854395604,0
M39,test,cycle,109_1b1_Pr_sc_Litt3200__13,wheeze_score,0.08313539192,0
M39,test,cycle,109_1b1_Pr_sc_Litt3200__14,wheeze_score,0.1502145923,0
M39,test,cycle,109_1b1_Pr_sc_Litt3200__15,wheeze_score,0,0
M39,test,cycle,109_1b1_Pr_sc_Litt3200__16,wheeze_score,0.2593192869,0
M39,test,cycle,113_1b1_Al_sc_Litt3200__0,wheeze_score,0,0
M39,test,cycle,113_1b1_Al_sc_Litt3200__1,wheeze_score,0.06124295358,0
M39,test,cycle,113_1b1_Al_sc_Litt3200__2,wheeze_score,0.1413368107,0
M39,test,cycle,113_1b1_Al_sc_Litt3200__3,wheeze_score,0.08148714031,0
M39,test,cycle,113_1b1_Al_sc_Litt3200__4,wheeze_score,0,0
M39,test,cycle,113_1b1_Al_sc_Litt3200__5,wheeze_score,0,0
M39,test,cycle,113_1b1_Al_sc_Litt3200__6,wheeze_score,0.3900525699,0
M39,test,cycle,113_1b1_Ar_sc_Litt3200__0,wheeze_score,0.08110711208,0
M39,test,cycle,113_1b1_Ar_sc_Litt3200__1,wheeze_score,0,0
M39,test,cycle,113_1b1_Ar_sc_Litt3200__2,wheeze_score,0,0
M39,test,cycle,113_1b1_Ar_sc_Litt3200__3,wheeze_score,0,0
M39,test,cycle,113_1b1_Ar_sc_Litt3200__4,wheeze_score,0,0
M39,test,cycle,113_1b1_Ar_sc_Litt3200__5,wheeze_score,0,0
M39,test,cycle,113_1b1_Ar_sc_Litt3200__6,wheeze_score,0,0
M39,test,cycle,113_1b1_Ar_sc_Litt3200__7,wheeze_score,0.1787709497,0
M39,test,cycle,113_1b1_Ll_sc_Litt3200__0,wheeze_score,0,0
M39,test,cycle,113_1b1_Ll_sc_Litt3200__1,wheeze_score,0,0
M39,test,cycle,113_1b1_Ll_sc_Litt3200__2,wheeze_score,0.08834084844,0
M39,test,cycle,113_1b1_Ll_sc_Litt3200__3,wheeze_score,0,0
M39,test,cycle,113_1b1_Ll_sc_Litt3200__4,wheeze_score,0,0
M39,test,cycle,113_1b1_Ll_sc_Litt3200__5,wheeze_score,0.156133829,0
M39,test,cycle,113_1b1_Ll_sc_Litt3200__6,wheeze_score,0.07359705612,0
M39,test,cycle,113_1b1_Ll_sc_Litt3200__7,wheeze_score,0.09408602151,0
M39,test,cycle,113_1b1_Ll_sc_Litt3200__8,wheeze_score,0,0
M39,test,cycle,113_1b1_Ll_sc_Litt3200__9,wheeze_score,0,0
M39,test,cycle,113_1b1_Ll_sc_Litt3200__10,wheeze_score,0.1966717095,0
M39,test,cycle,113_1b1_Lr_sc_Litt3200__0,wheeze_score,0,0
M39,test,cycle,113_1b1_Lr_sc_Litt3200__1,wheeze_score,0.1308846988,0
M39,test,cycle,113_1b1_Lr_sc_Litt3200__2,wheeze_score,0.1452615406,0
M39,test,cycle,113_1b1_Lr_sc_Litt3200__3,wheeze_score,0.06666944456,0
M39,test,cycle,113_1b1_Lr_sc_Litt3200__4,wheeze_score,0,0
M39,test,cycle,113_1b1_Lr_sc_Litt3200__5,wheeze_score,0.08016032064,0
M39,test,cycle,113_1b1_Lr_sc_Litt3200__6,wheeze_score,0.3507480991,0
M39,test,cycle,113_1b1_Pl_sc_Litt3200__0,wheeze_score,0,0
M39,test,cycle,113_1b1_Pl_sc_Litt3200__1,wheeze_score,0,0
M39,test,cycle,113_1b1_Pl_sc_Litt3200__2,wheeze_score,0.1069688962,0
M39,test,cycle,113_1b1_Pl_sc_Litt3200__3,wheeze_score,0.09134654596,0
M39,test,cycle,113_1b1_Pl_sc_Litt3200__4,wheeze_score,0,0
M39,test,cycle,113_1b1_Pl_sc_Litt3200__5,wheeze_score,0,0
M39,test,cycle,113_1b1_Pl_sc_Litt3200__6,wheeze_score,0.07518796992,0
M39,test,cycle,113_1b1_Pl_sc_Litt3200__7,wheeze_score,0.3552188552,0
M39,test,cycle,113_1b1_Pr_sc_Litt3200__0,wheeze_score,0.1317463882,0
M39,test,cycle,113_1b1_Pr_sc_Litt3200__1,wheeze_score,0,0
M39,test,cycle,113_1b1_Pr_sc_Litt3200__2,wheeze_score,0,0
M39,test,cycle,113_1b1_Pr_sc_Litt3200__3,wheeze_score,0.1069176908,0
M39,test,cycle,113_1b1_Pr_sc_Litt3200__4,wheeze_score,0.04890125004,0
M39,test,cycle,113_1b1_Pr_sc_Litt3200__5,wheeze_score,0.0826446281,0
M39,test,cycle,113_1b1_Pr_sc_Litt3200__6,wheeze_score,0.05720823799,0
M39,test,cycle,113_1b1_Pr_sc_Litt3200__7,wheeze_score,0,0
M39,test,cycle,113_1b1_Pr_sc_Litt3200__8,wheeze_score,0.2068486007,0
M39,test,cycle,118_1b1_Al_sc_Litt3200__0,wheeze_score,0,0
M39,test,cycle,118_1b1_Al_sc_Litt3200__1,wheeze_score,0,1
M39,test,cycle,118_1b1_Al_sc_Litt3200__2,wheeze_score,0,1
M39,test,cycle,118_1b1_Al_sc_Litt3200__3,wheeze_score,0,1
M39,test,cycle,118_1b1_Al_sc_Litt3200__4,wheeze_score,0.1168145569,1
M39,test,cycle,118_1b1_Al_sc_Litt3200__5,wheeze_score,0.1173635125,1
M39,test,cycle,118_1b1_Al_sc_Litt3200__6,wheeze_score,0,1
M39,test,cycle,118_1b1_Al_sc_Litt3200__7,wheeze_score,0,1
M39,test,cycle,118_1b1_Al_sc_Litt3200__8,wheeze_score,0.2420574887,0
M39,test,cycle,118_1b1_Ar_sc_Litt3200__0,wheeze_score,0.1601783805,1
M39,test,cycle,118_1b1_Ar_sc_Litt3200__1,wheeze_score,0.07784372871,1
M39,test,cycle,118_1b1_Ar_sc_Litt3200__2,wheeze_score,0.09547854028,1
M39,test,cycle,118_1b1_Ar_sc_Litt3200__3,wheeze_score,0.262402624,1
M39,test,cycle,118_1b1_Ar_sc_Litt3200__4,wheeze_score,0,1
M39,test,cycle,118_1b1_Ar_sc_Litt3200__5,wheeze_score,0,1
M39,test,cycle,118_1b1_Ar_sc_Litt3200__6,wheeze_score,0,1
M39,test,cycle,118_1b1_Ar_sc_Litt3200__7,wheeze_score,0.1012145749,1
M39,test,cycle,118_1b1_Ar_sc_Litt3200__8,wheeze_score,0.5928712162,0
M39,test,cycle,118_1b1_Ll_sc_Litt3200__0,wheeze_score,0.1008076064,0
M39,test,cycle,118_1b1_Ll_sc_Litt3200__1,wheeze_score,0.1034989709,1
M39,test,cycle,118_1b1_Ll_sc_Litt3200__2,wheeze_score,0.1164483261,0
M39,test,cycle,118_1b1_Ll_sc_Litt3200__3,wheeze_score,0.07776599505,1
M39,test,cycle,118_1b1_Ll_sc_Litt3200__4,wheeze_score,0.2636362822,0
M39,test,cycle,118_1b1_Lr_sc_Litt3200__0,wheeze_score,0.1029269862,1
M39,test,cycle,118_1b1_Lr_sc_Litt3200__1,wheeze_score,0.1114922813,1
M39,test,cycle,118_1b1_Lr_sc_Litt3200__2,wheeze_score,0,1
M39,test,cycle,118_1b1_Lr_sc_Litt3200__3,wheeze_score,0.2129075183,1
M39,test,cycle,118_1b1_Lr_sc_Litt3200__4,wheeze_score,0.1034208433,1
M39,test,cycle,118_1b1_Lr_sc_Litt3200__5,wheeze_score,0,0
M39,test,cycle,118_1b1_Lr_sc_Litt3200__6,wheeze_score,0.7028399175,0
M39,test,cycle,118_1b1_Pl_sc_Litt3200__0,wheeze_score,0,0
M39,test,cycle,118_1b1_Pl_sc_Litt3200__1,wheeze_score,0.09327179985,0
M39,test,cycle,118_1b1_Pl_sc_Litt3200__2,wheeze_score,0,0
M39,test,cycle,118_1b1_Pl_sc_Litt3200__3,wheeze_score,0,0
M39,test,cycle,118_1b1_Pl_sc_Litt3200__4,wheeze_score,0.6681028347,0
M39,test,cycle,118_1b1_Pr_sc_Litt3200__0,wheeze_score,0,0
M39,test,cycle,118_1b1_Pr_sc_Litt3200__1,wheeze_score,0,1
M39,test,cycle,118_1b1_Pr_sc_Litt3200__2,wheeze_score,0.1701265823,1
M39,test,cycle,118_1b1_Pr_sc_Litt3200__3,wheeze_score,0.08610697135,1
M39,test,cycle,118_1b1_Pr_sc_Litt3200__4,wheeze_score,0.5132212033,0
M39,test,cycle,119_1b1_Ar_sc_Meditron__0,wheeze_score,0,0
M39,test,cycle,119_1b1_Ar_sc_Meditron__1,wheeze_score,0,0
M39,test,cycle,119_1b1_Ar_sc_Meditron__2,wheeze_score,0,0
M39,test,cycle,119_1b1_Ar_sc_Meditron__3,wheeze_score,0,0
M39,test,cycle,119_1b1_Ar_sc_Meditron__4,wheeze_score,0,0
M39,test,cycle,119_1b1_Ar_sc_Meditron__5,wheeze_score,0,0
M39,test,cycle,119_1b1_Ar_sc_Meditron__6,wheeze_score,0,0
M39,test,cycle,119_1b1_Ar_sc_Meditron__7,wheeze_score,0,0
M39,test,cycle,119_1b1_Ar_sc_Meditron__8,wheeze_score,0,0
M39,test,cycle,123_1b1_Al_sc_Meditron__0,wheeze_score,0,0
M39,test,cycle,123_1b1_Al_sc_Meditron__1,wheeze_score,0,0
M39,test,cycle,123_1b1_Al_sc_Meditron__2,wheeze_score,0,0
M39,test,cycle,123_1b1_Al_sc_Meditron__3,wheeze_score,0,0
M39,test,cycle,123_1b1_Al_sc_Meditron__4,wheeze_score,0,0
M39,test,cycle,123_1b1_Al_sc_Meditron__5,wheeze_score,0,0
M39,test,cycle,123_1b1_Al_sc_Meditron__6,wheeze_score,0,0
M39,test,cycle,123_1b1_Al_sc_Meditron__7,wheeze_score,0,0
M39,test,cycle,124_1b1_Al_sc_Litt3200__0,wheeze_score,0.05803600871,1
M39,test,cycle,124_1b1_Al_sc_Litt3200__1,wheeze_score,0.09959300934,1
M39,test,cycle,124_1b1_Al_sc_Litt3200__2,wheeze_score,0,1
M39,test,cycle,124_1b1_Al_sc_Litt3200__3,wheeze_score,0.09279396839,1
M39,test,cycle,124_1b1_Al_sc_Litt3200__4,wheeze_score,0.07453300415,1
M39,test,cycle,124_1b1_Al_sc_Litt3200__5,wheeze_score,0.09516728625,1
M39,test,cycle,124_1b1_Al_sc_Litt3200__6,wheeze_score,0.1034594245,1
M39,test,cycle,124_1b1_Al_sc_Litt3200__7,wheeze_score,0.5205734985,0
M39,test,cycle,124_1b1_Ar_sc_Litt3200__0,wheeze_score,0.07741436036,1
M39,test,cycle,124_1b1_Ar_sc_Litt3200__1,wheeze_score,0.1160471442,1
M39,test,cycle,124_1b1_Ar_sc_Litt3200__2,wheeze_score,0.1002139986,1
M39,test,cycle,124_1b1_Ar_sc_Litt3200__3,wheeze_score,0,1
M39,test,cycle,124_1b1_Ar_sc_Litt3200__4,wheeze_score,0.102960103,1
M39,test,cycle,124_1b1_Ar_sc_Litt3200__5,wheeze_score,0.09502880561,1
M39,test,cycle,124_1b1_Ar_sc_Litt3200__6,wheeze_score,0.5690556752,0
M39,test,cycle,124_1b1_Ll_sc_Litt3200__0,wheeze_score,0,0
M39,test,cycle,124_1b1_Ll_sc_Litt3200__1,wheeze_score,0,0
M39,test,cycle,124_1b1_Ll_sc_Litt3200__2,wheeze_score,0.07803355443,0
M39,test,cycle,124_1b1_Ll_sc_Litt3200__3,wheeze_score,0.08858867172,0
M39,test,cycle,124_1b1_Ll_sc_Litt3200__4,wheeze_score,0,0
M39,test,cycle,124_1b1_Ll_sc_Litt3200__5,wheeze_score,0,0
M39,test,cycle,124_1b1_Ll_sc_Litt3200__6,wheeze_score,0,0
M39,test,cycle,124_1b1_Ll_sc_Litt3200__7,wheeze_score,0.4654520003,0
M39,test,cycle,124_1b1_Ll_sc_Litt3200__8,wheeze_score,0.3488372093,0
M39,test,cycle,124_1b1_Ll_sc_Litt3200__9,wheeze_score,0.5978647687,0
M39,test,cycle,124_1b1_Lr_sc_Litt3200__0,wheeze_score,0,0
M39,test,cycle,124_1b1_Lr_sc_Litt3200__1,wheeze_score,0,0
M39,test,cycle,124_1b1_Lr_sc_Litt3200__2,wheeze_score,0,0
M39,test,cycle,124_1b1_Lr_sc_Litt3200__3,wheeze_score,0,0
M39,test,cycle,124_1b1_Lr_sc_Litt3200__4,wheeze_score,0,0
M39,test,cycle,124_1b1_Lr_sc_Litt3200__5,wheeze_score,0,0
M39,test,cycle,124_1b1_Lr_sc_Litt3200__6,wheeze_score,0,0
M39,test,cycle,124_1b1_Lr_sc_Litt3200__7,wheeze_score,0.2588398428,0
M39,test,cycle,124_1b1_Lr_sc_Litt3200__8,wheeze_score,0.09627459188,0
M39,test,cycle,124_1b1_Lr_sc_Litt3200__9,wheeze_score,0.6774193548,0
M39,test,cycle,124_1b1_Pl_sc_Litt3200__0,wheeze_score,0,0
M39,test,cycle,124_1b1_Pl_sc_Litt3200__1,wheeze_score,0.07734903753,1
M39,test,cycle,124_1b1_Pl_sc_Litt3200__2,wheeze_score,0.09773976787,0
M39,test,cycle,124_1b1_Pl_sc_Litt3200__3,wheeze_score,0.1010898752,0
M39,test,cycle,124_1b1_Pl_sc_Litt3200__4,wheeze_score,0,1
M39,test,cycle,124_1b1_Pl_sc_Litt3200__5,wheeze_score,0,0
M39,test,cycle,124_1b1_Pl_sc_Litt3200__6,wheeze_score,0.52901306,0
M39,test,cycle,124_1b1_Pr_sc_Litt3200__0,wheeze_score,0,0
M39,test,cycle,124_1b1_Pr_sc_Litt3200__1,wheeze_score,0,0
M39,test,cycle,124_1b1_Pr_sc_Litt3200__2,wheeze_score,0,0
M39,test,cycle,124_1b1_Pr_sc_Litt3200__3,wheeze_score,0,0
M39,test,cycle,124_1b1_Pr_sc_Litt3200__4,wheeze_score,0,0
M39,test,cycle,124_1b1_Pr_sc_Litt3200__5,wheeze_score,0.563161472,0
M39,test,cycle,126_1b1_Al_sc_Meditron__0,wheeze_score,0,0
M39,test,cycle,126_1b1_Al_sc_Meditron__1,wheeze_score,0,0
M39,test,cycle,126_1b1_Al_sc_Meditron__2,wheeze_score,0,0
M39,test,cycle,126_1b1_Al_sc_Meditron__3,wheeze_score,0,0
M39,test,cycle,126_1b1_Al_sc_Meditron__4,wheeze_score,0,0
M39,test,cycle,126_1b1_Al_sc_Meditron__5,wheeze_score,0,0
M39,test,cycle,126_1b1_Al_sc_Meditron__6,wheeze_score,0,0
M39,test,cycle,126_1b1_Al_sc_Meditron__7,wheeze_score,0,0
M39,test,cycle,126_1b1_Al_sc_Meditron__8,wheeze_score,0,0
M39,test,cycle,126_1b1_Al_sc_Meditron__9,wheeze_score,0,0
M39,test,cycle,126_1b1_Al_sc_Meditron__10,wheeze_score,0,0
M39,test,cycle,133_2p2_Al_mc_AKGC417L__0,wheeze_score,0,0
M39,test,cycle,133_2p2_Al_mc_AKGC417L__1,wheeze_score,0,0
M39,test,cycle,133_2p2_Al_mc_AKGC417L__2,wheeze_score,0,0
M39,test,cycle,133_2p2_Al_mc_AKGC417L__3,wheeze_score,0,0
M39,test,cycle,133_2p2_Al_mc_AKGC417L__4,wheeze_score,0,0
M39,test,cycle,133_2p2_Al_mc_AKGC417L__5,wheeze_score,0,0
M39,test,cycle,133_2p2_Al_mc_AKGC417L__6,wheeze_score,0,0
M39,test,cycle,133_2p2_Al_mc_AKGC417L__7,wheeze_score,0,0
M39,test,cycle,133_2p2_Al_mc_AKGC417L__8,wheeze_score,0.1150747986,0
M39,test,cycle,133_2p2_Ar_mc_AKGC417L__0,wheeze_score,0,0
M39,test,cycle,133_2p2_Ar_mc_AKGC417L__1,wheeze_score,0,0
M39,test,cycle,133_2p2_Ar_mc_AKGC417L__2,wheeze_score,0,0
M39,test,cycle,133_2p2_Ar_mc_AKGC417L__3,wheeze_score,0,0
M39,test,cycle,133_2p2_Ar_mc_AKGC417L__4,wheeze_score,0,0
M39,test,cycle,133_2p2_Ar_mc_AKGC417L__5,wheeze_score,0,0
M39,test,cycle,133_2p2_Ar_mc_AKGC417L__6,wheeze_score,0,0
M39,test,cycle,133_2p2_Ar_mc_AKGC417L__7,wheeze_score,0,0
M39,test,cycle,133_2p2_Ar_mc_AKGC417L__8,wheeze_score,0,0
M39,test,cycle,133_2p2_Pl_mc_AKGC417L__0,wheeze_score,0,0
M39,test,cycle,133_2p2_Pl_mc_AKGC417L__1,wheeze_score,0.1095779221,0
M39,test,cycle,133_2p2_Pl_mc_AKGC417L__2,wheeze_score,0,0
M39,test,cycle,133_2p2_Pl_mc_AKGC417L__3,wheeze_score,0.08564437194,0
M39,test,cycle,133_2p2_Pl_mc_AKGC417L__4,wheeze_score,0.06206040546,0
M39,test,cycle,133_2p2_Pl_mc_AKGC417L__5,wheeze_score,0.04374453193,0
M39,test,cycle,133_2p2_Pl_mc_AKGC417L__6,wheeze_score,0,0
M39,test,cycle,133_2p2_Pl_mc_AKGC417L__7,wheeze_score,0.04566210046,0
M39,test,cycle,133_2p2_Pl_mc_AKGC417L__8,wheeze_score,0,0
M39,test,cycle,133_2p2_Tc_mc_AKGC417L__0,wheeze_score,0,0
M39,test,cycle,133_2p2_Tc_mc_AKGC417L__1,wheeze_score,0,0
M39,test,cycle,133_2p2_Tc_mc_AKGC417L__2,wheeze_score,0.05065428451,0
M39,test,cycle,133_2p2_Tc_mc_AKGC417L__3,wheeze_score,0,0
M39,test,cycle,133_2p2_Tc_mc_AKGC417L__4,wheeze_score,0,0
M39,test,cycle,133_2p2_Tc_mc_AKGC417L__5,wheeze_score,0.06999125109,0
M39,test,cycle,133_2p2_Tc_mc_AKGC417L__6,wheeze_score,0,0
M39,test,cycle,133_2p2_Tc_mc_AKGC417L__7,wheeze_score,0.05936073059,0
M39,test,cycle,133_2p2_Tc_mc_AKGC417L__8,wheeze_score,0,0
M39,test,cycle,133_2p3_Al_mc_AKGC417L__0,wheeze_score,0,0
M39,test,cycle,133_2p3_Al_mc_AKGC417L__1,wheeze_score,0,0
M39,test,cycle,133_2p3_Al_mc_AKGC417L__2,wheeze_score,0,0
M39,test,cycle,133_2p3_Al_mc_AKGC417L__3,wheeze_score,0,0
M39,test,cycle,133_2p3_Al_mc_AKGC417L__4,wheeze_score,0.03852080123,0
M39,test,cycle,133_2p3_Al_mc_AKGC417L__5,wheeze_score,0.07063197026,0
M39,test,cycle,133_2p3_Al_mc_AKGC417L__6,wheeze_score,0,0
M39,test,cycle,133_2p3_Al_mc_AKGC417L__7,wheeze_score,0,0
M39,test,cycle,133_2p3_Ar_mc_AKGC417L__0,wheeze_score,0,0
M39,test,cycle,133_2p3_Ar_mc_AKGC417L__1,wheeze_score,0,0
M39,test,cycle,133_2p3_Ar_mc_AKGC417L__2,wheeze_score,0,0
M39,test,cycle,133_2p3_Ar_mc_AKGC417L__3,wheeze_score,0,0
M39,test,cycle,133_2p3_Ar_mc_AKGC417L__4,wheeze_score,0,0
M39,test,cycle,133_2p3_Ar_mc_AKGC417L__5,wheeze_score,0,0
M39,test,cycle,133_2p3_Ar_mc_AKGC417L__6,wheeze_score,0,0
M39,test,cycle,133_2p3_Ar_mc_AKGC417L__7,wheeze_score,0,0
M39,test,cycle,133_2p3_Pl_mc_AKGC417L__0,wheeze_score,0.1429190126,0
M39,test,cycle,133_2p3_Pl_mc_AKGC417L__1,wheeze_score,0,0
M39,test,cycle,133_2p3_Pl_mc_AKGC417L__2,wheeze_score,0,0
M39,test,cycle,133_2p3_Pl_mc_AKGC417L__3,wheeze_score,0,0
M39,test,cycle,133_2p3_Pl_mc_AKGC417L__4,wheeze_score,0.03852080123,0
M39,test,cycle,133_2p3_Pl_mc_AKGC417L__5,wheeze_score,0,0
M39,test,cycle,133_2p3_Pl_mc_AKGC417L__6,wheeze_score,0.04219409283,0
M39,test,cycle,133_2p3_Pl_mc_AKGC417L__7,wheeze_score,0,0
M39,test,cycle,133_2p3_Pr_mc_AKGC417L__0,wheeze_score,0.09527934171,0
M39,test,cycle,133_2p3_Pr_mc_AKGC417L__1,wheeze_score,0,0
M39,test,cycle,133_2p3_Pr_mc_AKGC417L__2,wheeze_score,0.05275974026,0
M39,test,cycle,133_2p3_Pr_mc_AKGC417L__3,wheeze_score,0.05445352003,0
M39,test,cycle,133_2p3_Pr_mc_AKGC417L__4,wheeze_score,0,0
M39,test,cycle,133_2p3_Pr_mc_AKGC417L__5,wheeze_score,0.07434944238,0
M39,test,cycle,133_2p3_Pr_mc_AKGC417L__6,wheeze_score,0.07671653241,0
M39,test,cycle,133_2p3_Pr_mc_AKGC417L__7,wheeze_score,0,0
M39,test,cycle,133_2p3_Tc_mc_AKGC417L__0,wheeze_score,0.1039411,0
M39,test,cycle,133_2p3_Tc_mc_AKGC417L__1,wheeze_score,0,0
M39,test,cycle,133_2p3_Tc_mc_AKGC417L__2,wheeze_score,0,0
M39,test,cycle,133_2p3_Tc_mc_AKGC417L__3,wheeze_score,0,0
M39,test,cycle,133_2p3_Tc_mc_AKGC417L__4,wheeze_score,0,0
M39,test,cycle,133_2p3_Tc_mc_AKGC417L__5,wheeze_score,0,0
M39,test,cycle,133_2p3_Tc_mc_AKGC417L__6,wheeze_score,0.05370157269,0
M39,test,cycle,133_2p3_Tc_mc_AKGC417L__7,wheeze_score,0,0
M39,test,cycle,133_2p4_Al_mc_AKGC417L__0,wheeze_score,0,0
M39,test,cycle,133_2p4_Al_mc_AKGC417L__1,wheeze_score,0,0
M39,test,cycle,133_2p4_Al_mc_AKGC417L__2,wheeze_score,0,0
M39,test,cycle,133_2p4_Al_mc_AKGC417L__3,wheeze_score,0,0
M39,test,cycle,133_2p4_Al_mc_AKGC417L__4,wheeze_score,0,0
M39,test,cycle,133_2p4_Al_mc_AKGC417L__5,wheeze_score,0,1
M39,test,cycle,133_2p4_Al_mc_AKGC417L__6,wheeze_score,0,1
M39,test,cycle,133_2p4_Al_mc_AKGC417L__7,wheeze_score,0,0
M39,test,cycle,133_2p4_Ar_mc_AKGC417L__0,wheeze_score,0,0
M39,test,cycle,133_2p4_Ar_mc_AKGC417L__1,wheeze_score,0,0
M39,test,cycle,133_2p4_Ar_mc_AKGC417L__2,wheeze_score,0,0
M39,test,cycle,133_2p4_Ar_mc_AKGC417L__3,wheeze_score,0,0
M39,test,cycle,133_2p4_Ar_mc_AKGC417L__4,wheeze_score,0,0
M39,test,cycle,133_2p4_Ar_mc_AKGC417L__5,wheeze_score,0,0
M39,test,cycle,133_2p4_Ar_mc_AKGC417L__6,wheeze_score,0,0
M39,test,cycle,133_2p4_Ar_mc_AKGC417L__7,wheeze_score,0,0
M39,test,cycle,133_2p4_Pl_mc_AKGC417L__0,wheeze_score,0,0
M39,test,cycle,133_2p4_Pl_mc_AKGC417L__1,wheeze_score,0,0
M39,test,cycle,133_2p4_Pl_mc_AKGC417L__2,wheeze_score,0,0
M39,test,cycle,133_2p4_Pl_mc_AKGC417L__3,wheeze_score,0,0
M39,test,cycle,133_2p4_Pl_mc_AKGC417L__4,wheeze_score,0,0
M39,test,cycle,133_2p4_Pl_mc_AKGC417L__5,wheeze_score,0,0
M39,test,cycle,133_2p4_Pl_mc_AKGC417L__6,wheeze_score,0.05175159236,0
M39,test,cycle,133_2p4_Pl_mc_AKGC417L__7,wheeze_score,0,0
M39,test,cycle,133_2p4_Pr_mc_AKGC417L__0,wheeze_score,0.04421221865,0
M39,test,cycle,133_2p4_Pr_mc_AKGC417L__1,wheeze_score,0,0
M39,test,cycle,133_2p4_Pr_mc_AKGC417L__2,wheeze_score,0,0
M39,test,cycle,133_2p4_Pr_mc_AKGC417L__3,wheeze_score,0,0
M39,test,cycle,133_2p4_Pr_mc_AKGC417L__4,wheeze_score,0.04619907602,0
M39,test,cycle,133_2p4_Pr_mc_AKGC417L__5,wheeze_score,0,0
M39,test,cycle,133_2p4_Pr_mc_AKGC417L__6,wheeze_score,0.0398089172,0
M39,test,cycle,133_2p4_Pr_mc_AKGC417L__7,wheeze_score,0,0
M39,test,cycle,133_2p4_Tc_mc_AKGC417L__0,wheeze_score,0,0
M39,test,cycle,133_2p4_Tc_mc_AKGC417L__1,wheeze_score,0.05487547488,0
M39,test,cycle,133_2p4_Tc_mc_AKGC417L__2,wheeze_score,0,0
M39,test,cycle,133_2p4_Tc_mc_AKGC417L__3,wheeze_score,0,0
M39,test,cycle,133_2p4_Tc_mc_AKGC417L__4,wheeze_score,0,0
M39,test,cycle,133_2p4_Tc_mc_AKGC417L__5,wheeze_score,0,1
M39,test,cycle,133_2p4_Tc_mc_AKGC417L__6,wheeze_score,0,1
M39,test,cycle,133_2p4_Tc_mc_AKGC417L__7,wheeze_score,0,0
M39,test,cycle,133_3p2_Al_mc_AKGC417L__0,wheeze_score,0,0
M39,test,cycle,133_3p2_Al_mc_AKGC417L__1,wheeze_score,0,1
M39,test,cycle,133_3p2_Al_mc_AKGC417L__2,wheeze_score,0.0905141202,0
M39,test,cycle,133_3p2_Al_mc_AKGC417L__3,wheeze_score,0,1
M39,test,cycle,133_3p2_Al_mc_AKGC417L__4,wheeze_score,0.05039899202,1
M39,test,cycle,133_3p2_Al_mc_AKGC417L__5,wheeze_score,0,1
M39,test,cycle,133_3p2_Al_mc_AKGC417L__6,wheeze_score,0,1
M39,test,cycle,133_3p2_Al_mc_AKGC417L__7,wheeze_score,0,1
M39,test,cycle,133_3p2_Ar_mc_AKGC417L__0,wheeze_score,0,0
M39,test,cycle,133_3p2_Ar_mc_AKGC417L__1,wheeze_score,0,1
M39,test,cycle,133_3p2_Ar_mc_AKGC417L__2,wheeze_score,0,1
M39,test,cycle,133_3p2_Ar_mc_AKGC417L__3,wheeze_score,0,1
M39,test,cycle,133_3p2_Ar_mc_AKGC417L__4,wheeze_score,0,1
M39,test,cycle,133_3p2_Ar_mc_AKGC417L__5,wheeze_score,0,1
M39,test,cycle,133_3p2_Ar_mc_AKGC417L__6,wheeze_score,0,1
M39,test,cycle,133_3p2_Ar_mc_AKGC417L__7,wheeze_score,0,0
M39,test,cycle,133_3p2_Pl_mc_AKGC417L__0,wheeze_score,0,1
M39,test,cycle,133_3p2_Pl_mc_AKGC417L__1,wheeze_score,0.04058441558,1
M39,test,cycle,133_3p2_Pl_mc_AKGC417L__2,wheeze_score,0.03620564808,0
M39,test,cycle,133_3p2_Pl_mc_AKGC417L__3,wheeze_score,0.04221190376,1
M39,test,cycle,133_3p2_Pl_mc_AKGC417L__4,wheeze_score,0,0
M39,test,cycle,133_3p2_Pl_mc_AKGC417L__5,wheeze_score,0,1
M39,test,cycle,133_3p2_Pl_mc_AKGC417L__6,wheeze_score,0,1
M39,test,cycle,133_3p2_Pl_mc_AKGC417L__7,wheeze_score,0,0
M39,test,cycle,133_3p2_Pr_mc_AKGC417L__0,wheeze_score,0.1188707281,1
M39,test,cycle,133_3p2_Pr_mc_AKGC417L__1,wheeze_score,0,1
M39,test,cycle,133_3p2_Pr_mc_AKGC417L__2,wheeze_score,0.03620564808,1
M39,test,cycle,133_3p2_Pr_mc_AKGC417L__3,wheeze_score,0,1
M39,test,cycle,133_3p2_Pr_mc_AKGC417L__4,wheeze_score,0,1
M39,test,cycle,133_3p2_Pr_mc_AKGC417L__5,wheeze_score,0.03889537145,1
M39,test,cycle,133_3p2_Pr_mc_AKGC417L__6,wheeze_score,0.04116920543,1
M39,test,cycle,133_3p2_Pr_mc_AKGC417L__7,wheeze_score,0,1
M39,test,cycle,133_3p4_Tc_mc_AKGC417L__0,wheeze_score,0,1
M39,test,cycle,133_3p4_Tc_mc_AKGC417L__1,wheeze_score,0.0500770416,0
M39,test,cycle,133_3p4_Tc_mc_AKGC417L__2,wheeze_score,0,1
M39,test,cycle,133_3p4_Tc_mc_AKGC417L__3,wheeze_score,0,1
M39,test,cycle,133_3p4_Tc_mc_AKGC417L__4,wheeze_score,0,1
M39,test,cycle,133_3p4_Tc_mc_AKGC417L__5,wheeze_score,0,1
M39,test,cycle,133_3p4_Tc_mc_AKGC417L__6,wheeze_score,0,1
M39,test,cycle,133_3p4_Tc_mc_AKGC417L__7,wheeze_score,0.11,0
M39,test,cycle,136_1b1_Ar_sc_Meditron__0,wheeze_score,0,0
M39,test,cycle,136_1b1_Ar_sc_Meditron__1,wheeze_score,0,0
M39,test,cycle,136_1b1_Ar_sc_Meditron__2,wheeze_score,0,0
M39,test,cycle,136_1b1_Ar_sc_Meditron__3,wheeze_score,0,0
M39,test,cycle,136_1b1_Ar_sc_Meditron__4,wheeze_score,0,0
M39,test,cycle,136_1b1_Ar_sc_Meditron__5,wheeze_score,0,0
M39,test,cycle,136_1b1_Ar_sc_Meditron__6,wheeze_score,0,0
M39,test,cycle,136_1b1_Ar_sc_Meditron__7,wheeze_score,0,0
M39,test,cycle,136_1b1_Ar_sc_Meditron__8,wheeze_score,0,0
M39,test,cycle,139_1b1_Al_sc_Litt3200__0,wheeze_score,0.03689356207,0
M39,test,cycle,139_1b1_Al_sc_Litt3200__1,wheeze_score,0,0
M39,test,cycle,139_1b1_Al_sc_Litt3200__2,wheeze_score,0,0
M39,test,cycle,139_1b1_Al_sc_Litt3200__3,wheeze_score,0.12956777,0
M39,test,cycle,139_1b1_Al_sc_Litt3200__4,wheeze_score,0,0
M39,test,cycle,139_1b1_Al_sc_Litt3200__5,wheeze_score,0,0
M39,test,cycle,139_1b1_Al_sc_Litt3200__6,wheeze_score,0,0
M39,test,cycle,139_1b1_Al_sc_Litt3200__7,wheeze_score,0,0
M39,test,cycle,139_1b1_Al_sc_Litt3200__8,wheeze_score,0.2419946223,0
M39,test,cycle,139_1b1_Al_sc_Litt3200__9,wheeze_score,0.2361623616,0
M39,test,cycle,139_1b1_Ar_sc_Litt3200__0,wheeze_score,0,0
M39,test,cycle,139_1b1_Ar_sc_Litt3200__1,wheeze_score,0.09739130435,0
M39,test,cycle,139_1b1_Ar_sc_Litt3200__2,wheeze_score,0,0
M39,test,cycle,139_1b1_Ar_sc_Litt3200__3,wheeze_score,0,0
M39,test,cycle,139_1b1_Ar_sc_Litt3200__4,wheeze_score,0.0906817803,0
M39,test,cycle,139_1b1_Ar_sc_Litt3200__5,wheeze_score,0,0
M39,test,cycle,139_1b1_Ar_sc_Litt3200__6,wheeze_score,0.1020408163,0
M39,test,cycle,139_1b1_Ar_sc_Litt3200__7,wheeze_score,0.3834541063,0
M39,test,cycle,139_1b1_Ar_sc_Litt3200__8,wheeze_score,0.4661389622,0
M39,test,cycle,139_1b1_Ll_sc_Litt3200__0,wheeze_score,0.06574996049,1
M39,test,cycle,139_1b1_Ll_sc_Litt3200__1,wheeze_score,0.137250697,0
M39,test,cycle,139_1b1_Ll_sc_Litt3200__2,wheeze_score,0.1333119692,0
M39,test,cycle,139_1b1_Ll_sc_Litt3200__3,wheeze_score,0,0
M39,test,cycle,139_1b1_Ll_sc_Litt3200__4,wheeze_score,0.0530944085,0
M39,test,cycle,139_1b1_Ll_sc_Litt3200__5,wheeze_score,0,0
M39,test,cycle,139_1b1_Ll_sc_Litt3200__6,wheeze_score,0.3586661497,0
M39,test,cycle,139_1b1_Ll_sc_Litt3200__7,wheeze_score,0.4797208897,0
M39,test,cycle,139_1b1_Lr_sc_Litt3200__0,wheeze_score,0.09088843445,0
M39,test,cycle,139_1b1_Lr_sc_Litt3200__1,wheeze_score,0.09464490762,0
M39,test,cycle,139_1b1_Lr_sc_Litt3200__2,wheeze_score,0.06999831735,0
M39,test,cycle,139_1b1_Lr_sc_Litt3200__3,wheeze_score,0.06751687922,0
M39,test,cycle,139_1b1_Lr_sc_Litt3200__4,wheeze_score,0.4507796591,0
M39,test,cycle,139_1b1_Lr_sc_Litt3200__5,wheeze_score,0,0
M39,test,cycle,139_1b1_Pl_sc_Litt3200__0,wheeze_score,0,1
M39,test,cycle,139_1b1_Pl_sc_Litt3200__1,wheeze_score,0,1
M39,test,cycle,139_1b1_Pl_sc_Litt3200__2,wheeze_score,0,1
M39,test,cycle,139_1b1_Pl_sc_Litt3200__3,wheeze_score,0,0
M39,test,cycle,139_1b1_Pl_sc_Litt3200__4,wheeze_score,0.1511430191,0
M39,test,cycle,139_1b1_Pl_sc_Litt3200__5,wheeze_score,0.1884253028,0
M39,test,cycle,139_1b1_Pr_sc_Litt3200__0,wheeze_score,0,0
M39,test,cycle,139_1b1_Pr_sc_Litt3200__1,wheeze_score,0.06341908122,0
M39,test,cycle,139_1b1_Pr_sc_Litt3200__2,wheeze_score,0.09351899605,1
M39,test,cycle,139_1b1_Pr_sc_Litt3200__3,wheeze_score,0.1363442693,1
M39,test,cycle,139_1b1_Pr_sc_Litt3200__4,wheeze_score,0.09311528837,1
M39,test,cycle,139_1b1_Pr_sc_Litt3200__5,wheeze_score,0.3064916637,1
M39,test,cycle,139_1b1_Pr_sc_Litt3200__6,wheeze_score,0.1971706019,0
M39,test,cycle,143_1b1_Al_sc_Meditron__0,wheeze_score,0,0
M39,test,cycle,143_1b1_Al_sc_Meditron__1,wheeze_score,0,0
M39,test,cycle,143_1b1_Al_sc_Meditron__2,wheeze_score,0,0
M39,test,cycle,143_1b1_Al_sc_Meditron__3,wheeze_score,0,0
M39,test,cycle,143_1b1_Al_sc_Meditron__4,wheeze_score,0,0
M39,test,cycle,143_1b1_Al_sc_Meditron__5,wheeze_score,0,0
M39,test,cycle,143_1b1_Al_sc_Meditron__6,wheeze_score,0,0
M39,test,cycle,143_1b1_Al_sc_Meditron__7,wheeze_score,0,0
M39,test,cycle,143_1b1_Al_sc_Meditron__8,wheeze_score,0,0
M39,test,cycle,143_1b1_Al_sc_Meditron__9,wheeze_score,0,0
M39,test,cycle,143_1b1_Al_sc_Meditron__10,wheeze_score,0,0
M39,test,cycle,143_1b1_Al_sc_Meditron__11,wheeze_score,0,0
M39,test,cycle,143_1b1_Al_sc_Meditron__12,wheeze_score,0,0
M39,test,cycle,143_1b1_Al_sc_Meditron__13,wheeze_score,0,0
M39,test,cycle,143_1b1_Al_sc_Meditron__14,wheeze_score,0,0
M39,test,cycle,143_1b1_Al_sc_Meditron__15,wheeze_score,0,0
M39,test,cycle,143_1b1_Al_sc_Meditron__16,wheeze_score,0,0
M39,test,cycle,143_1b1_Al_sc_Meditron__17,wheeze_score,0,0
M39,test,cycle,144_1b1_Al_sc_Meditron__0,wheeze_score,0,0
M39,test,cycle,144_1b1_Al_sc_Meditron__1,wheeze_score,0,0
M39,test,cycle,144_1b1_Al_sc_Meditron__2,wheeze_score,0,0
M39,test,cycle,144_1b1_Al_sc_Meditron__3,wheeze_score,0,0
M39,test,cycle,144_1b1_Al_sc_Meditron__4,wheeze_score,0,0
M39,test,cycle,144_1b1_Al_sc_Meditron__5,wheeze_score,0,0
M39,test,cycle,144_1b1_Al_sc_Meditron__6,wheeze_score,0,0
M39,test,cycle,144_1b1_Al_sc_Meditron__7,wheeze_score,0,0
M39,test,cycle,144_1b1_Al_sc_Meditron__8,wheeze_score,0,0
M39,test,cycle,144_1b1_Al_sc_Meditron__9,wheeze_score,0,0
M39,test,cycle,144_1b1_Tc_sc_Meditron__0,wheeze_score,0,0
M39,test,cycle,144_1b1_Tc_sc_Meditron__1,wheeze_score,0,0
M39,test,cycle,144_1b1_Tc_sc_Meditron__2,wheeze_score,0,0
M39,test,cycle,144_1b1_Tc_sc_Meditron__3,wheeze_score,0,0
M39,test,cycle,144_1b1_Tc_sc_Meditron__4,wheeze_score,0,0
M39,test,cycle,144_1b1_Tc_sc_Meditron__5,wheeze_score,0,0
M39,test,cycle,144_1b1_Tc_sc_Meditron__6,wheeze_score,0,0
M39,test,cycle,144_1b1_Tc_sc_Meditron__7,wheeze_score,0,0
M39,test,cycle,144_1b1_Tc_sc_Meditron__8,wheeze_score,0,0
M39,test,cycle,144_1b1_Tc_sc_Meditron__9,wheeze_score,0,0
M39,test,cycle,145_2b2_Al_mc_AKGC417L__0,wheeze_score,0.118893771,0
M39,test,cycle,145_2b2_Al_mc_AKGC417L__1,wheeze_score,0.06480041472,0
M39,test,cycle,145_2b2_Al_mc_AKGC417L__2,wheeze_score,0.1050080775,0
M39,test,cycle,145_2b2_Al_mc_AKGC417L__3,wheeze_score,0.03629764065,0
M39,test,cycle,145_2b2_Al_mc_AKGC417L__4,wheeze_score,0.1074568544,0
M39,test,cycle,145_2b2_Ar_mc_AKGC417L__0,wheeze_score,0,0
M39,test,cycle,145_2b2_Ar_mc_AKGC417L__1,wheeze_score,0,0
M39,test,cycle,145_2b2_Ar_mc_AKGC417L__2,wheeze_score,0.03500269251,0
M39,test,cycle,145_2b2_Ar_mc_AKGC417L__3,wheeze_score,0,0
M39,test,cycle,145_2b2_Ar_mc_AKGC417L__4,wheeze_score,0.03256268317,0
M39,test,cycle,145_2b2_Lr_mc_AKGC417L__0,wheeze_score,0,0
M39,test,cycle,145_2b2_Lr_mc_AKGC417L__1,wheeze_score,0,0
M39,test,cycle,145_2b2_Lr_mc_AKGC417L__2,wheeze_score,0,0
M39,test,cycle,145_2b2_Lr_mc_AKGC417L__3,wheeze_score,0,0
M39,test,cycle,145_2b2_Lr_mc_AKGC417L__4,wheeze_score,0,0
M39,test,cycle,145_2b2_Pr_mc_AKGC417L__0,wheeze_score,0.03876970793,0
M39,test,cycle,145_2b2_Pr_mc_AKGC417L__1,wheeze_score,0.05961638154,0
M39,test,cycle,145_2b2_Pr_mc_AKGC417L__2,wheeze_score,0,0
M39,test,cycle,145_2b2_Pr_mc_AKGC417L__3,wheeze_score,0.02592688618,0
M39,test,cycle,145_2b2_Pr_mc_AKGC417L__4,wheeze_score,0,0
M39,test,cycle,145_3b2_Ar_mc_AKGC417L__0,wheeze_score,0,0
M39,test,cycle,145_3b2_Ar_mc_AKGC417L__1,wheeze_score,0,0
M39,test,cycle,145_3b2_Ar_mc_AKGC417L__2,wheeze_score,0,0
M39,test,cycle,145_3b2_Ar_mc_AKGC417L__3,wheeze_score,0,0
M39,test,cycle,145_3b2_Ar_mc_AKGC417L__4,wheeze_score,0,0
M39,test,cycle,145_3b2_Ar_mc_AKGC417L__5,wheeze_score,0,0
M39,test,cycle,145_3b2_Lr_mc_AKGC417L__0,wheeze_score,0,0
M39,test,cycle,145_3b2_Lr_mc_AKGC417L__1,wheeze_score,0,0
M39,test,cycle,145_3b2_Lr_mc_AKGC417L__2,wheeze_score,0,0
M39,test,cycle,145_3b2_Lr_mc_AKGC417L__3,wheeze_score,0,0
M39,test,cycle,145_3b2_Lr_mc_AKGC417L__4,wheeze_score,0,0
M39,test,cycle,145_3b2_Lr_mc_AKGC417L__5,wheeze_score,0,0
M39,test,cycle,145_3b4_Pl_mc_AKGC417L__0,wheeze_score,0.03343549735,0
M39,test,cycle,145_3b4_Pl_mc_AKGC417L__1,wheeze_score,0,0
M39,test,cycle,145_3b4_Pl_mc_AKGC417L__2,wheeze_score,0,0
M39,test,cycle,145_3b4_Pl_mc_AKGC417L__3,wheeze_score,0,0
M39,test,cycle,145_3b4_Pl_mc_AKGC417L__4,wheeze_score,0,0
M39,test,cycle,146_2b2_Pl_mc_AKGC417L__0,wheeze_score,0,0
M39,test,cycle,146_2b2_Pl_mc_AKGC417L__1,wheeze_score,0,0
M39,test,cycle,146_2b2_Pl_mc_AKGC417L__2,wheeze_score,0,1
M39,test,cycle,146_2b2_Pl_mc_AKGC417L__3,wheeze_score,0.04395604396,1
M39,test,cycle,146_2b2_Pl_mc_AKGC417L__4,wheeze_score,0.03652711436,1
M39,test,cycle,146_2b4_Al_mc_AKGC417L__0,wheeze_score,0.03230148048,0
M39,test,cycle,146_2b4_Al_mc_AKGC417L__1,wheeze_score,0,0
M39,test,cycle,146_2b4_Al_mc_AKGC417L__2,wheeze_score,0.02455795678,0
M39,test,cycle,146_2b4_Al_mc_AKGC417L__3,wheeze_score,0.0603833027,0
M39,test,cycle,146_2b4_Al_mc_AKGC417L__4,wheeze_score,0,0
M39,test,cycle,146_2b4_Al_mc_AKGC417L__5,wheeze_score,0.1380897583,0
M39,test,cycle,146_2b4_Ar_mc_AKGC417L__0,wheeze_score,0,0
M39,test,cycle,146_2b4_Ar_mc_AKGC417L__1,wheeze_score,0.03220611916,0
M39,test,cycle,146_2b4_Ar_mc_AKGC417L__2,wheeze_score,0.02871500359,0
M39,test,cycle,146_2b4_Ar_mc_AKGC417L__3,wheeze_score,0,0
M39,test,cycle,146_2b4_Ar_mc_AKGC417L__4,wheeze_score,0,0
M39,test,cycle,146_2b4_Ar_mc_AKGC417L__5,wheeze_score,0.113507378,0
M39,test,cycle,146_2b4_Ll_mc_AKGC417L__0,wheeze_score,0,0
M39,test,cycle,146_2b4_Ll_mc_AKGC417L__1,wheeze_score,0.0625,0
M39,test,cycle,146_2b4_Ll_mc_AKGC417L__2,wheeze_score,0,0
M39,test,cycle,146_2b4_Ll_mc_AKGC417L__3,wheeze_score,0,0
M39,test,cycle,146_2b4_Ll_mc_AKGC417L__4,wheeze_score,0,0
M39,test,cycle,146_2b4_Ll_mc_AKGC417L__5,wheeze_score,0,0
M39,test,cycle,146_2b4_Lr_mc_AKGC417L__0,wheeze_score,0,0
M39,test,cycle,146_2b4_Lr_mc_AKGC417L__1,wheeze_score,0,0
M39,test,cycle,146_2b4_Lr_mc_AKGC417L__2,wheeze_score,0,0
M39,test,cycle,146_2b4_Lr_mc_AKGC417L__3,wheeze_score,0.04226096144,0
M39,test,cycle,146_2b4_Lr_mc_AKGC417L__4,wheeze_score,0.03080369644,0
M39,test,cycle,146_2b4_Lr_mc_AKGC417L__5,wheeze_score,0,0
M39,test,cycle,146_2b4_Pr_mc_AKGC417L__0,wheeze_score,0.06526674234,0
M39,test,cycle,146_2b4_Pr_mc_AKGC417L__1,wheeze_score,0.0375,0
M39,test,cycle,146_2b4_Pr_mc_AKGC417L__2,wheeze_score,0,0
M39,test,cycle,146_2b4_Pr_mc_AKGC417L__3,wheeze_score,0.02878827532,0
M39,test,cycle,146_2b4_Pr_mc_AKGC417L__4,wheeze_score,0.04050769646,0
M39,test,cycle,146_2b4_Pr_mc_AKGC417L__5,wheeze_score,0.1483312732,0
M39,test,cycle,146_8p3_Al_mc_AKGC417L__0,wheeze_score,0.09623797025,0
M39,test,cycle,146_8p3_Al_mc_AKGC417L__1,wheeze_score,0.05526897568,0
M39,test,cycle,146_8p3_Al_mc_AKGC417L__2,wheeze_score,0,0
M39,test,cycle,146_8p3_Al_mc_AKGC417L__3,wheeze_score,0,0
M39,test,cycle,146_8p3_Al_mc_AKGC417L__4,wheeze_score,0,0
M39,test,cycle,146_8p3_Al_mc_AKGC417L__5,wheeze_score,0.0386996904,0
M39,test,cycle,146_8p3_Al_mc_AKGC417L__6,wheeze_score,0.09646302251,0
M39,test,cycle,146_8p3_Al_mc_AKGC417L__7,wheeze_score,0.04378980892,0
M39,test,cycle,146_8p3_Al_mc_AKGC417L__8,wheeze_score,0.1185344828,0
M39,test,cycle,146_8p3_Ar_mc_AKGC417L__0,wheeze_score,0.3820439351,0
M39,test,cycle,146_8p3_Ar_mc_AKGC417L__1,wheeze_score,0.2687569989,0
M39,test,cycle,146_8p3_Ar_mc_AKGC417L__2,wheeze_score,0.4460966543,0
M39,test,cycle,146_8p3_Ar_mc_AKGC417L__3,wheeze_score,0.2465524446,0
M39,test,cycle,146_8p3_Ar_mc_AKGC417L__4,wheeze_score,0.152,0
M39,test,cycle,146_8p3_Ar_mc_AKGC417L__5,wheeze_score,0.1283048212,0
M39,test,cycle,146_8p3_Ar_mc_AKGC417L__6,wheeze_score,0.1664774877,0
M39,test,cycle,146_8p3_Ar_mc_AKGC417L__7,wheeze_score,0.1794310722,0
M39,test,cycle,146_8p3_Ar_mc_AKGC417L__8,wheeze_score,0.2348690154,0
M39,test,cycle,146_8p3_Lr_mc_AKGC417L__0,wheeze_score,0,0
M39,test,cycle,146_8p3_Lr_mc_AKGC417L__1,wheeze_score,0.04480955937,1
M39,test,cycle,146_8p3_Lr_mc_AKGC417L__2,wheeze_score,0.2247605011,1
M39,test,cycle,146_8p3_Lr_mc_AKGC417L__3,wheeze_score,0.125,1
M39,test,cycle,146_8p3_Lr_mc_AKGC417L__4,wheeze_score,0.04296875,1
M39,test,cycle,146_8p3_Lr_mc_AKGC417L__5,wheeze_score,0.1090468498,1
M39,test,cycle,146_8p3_Lr_mc_AKGC417L__6,wheeze_score,0,1
M39,test,cycle,146_8p3_Lr_mc_AKGC417L__7,wheeze_score,0.1386687797,1
M39,test,cycle,146_8p3_Lr_mc_AKGC417L__8,wheeze_score,0.2694300518,1
M39,test,cycle,146_8p3_Pl_mc_AKGC417L__0,wheeze_score,0.1867572156,0
M39,test,cycle,146_8p3_Pl_mc_AKGC417L__1,wheeze_score,0.2972872538,0
M39,test,cycle,146_8p3_Pl_mc_AKGC417L__2,wheeze_score,0.1603665521,0
M39,test,cycle,146_8p3_Pl_mc_AKGC417L__3,wheeze_score,0.1085209003,0
M39,test,cycle,146_8p3_Pl_mc_AKGC417L__4,wheeze_score,0.1516393443,0
M39,test,cycle,146_8p3_Pl_mc_AKGC417L__5,wheeze_score,0.1610429448,0
M39,test,cycle,146_8p3_Pl_mc_AKGC417L__6,wheeze_score,0.1808681672,0
M39,test,cycle,146_8p3_Pl_mc_AKGC417L__7,wheeze_score,0.1768488746,0
M39,test,cycle,146_8p3_Pl_mc_AKGC417L__8,wheeze_score,0.1637554585,0
M39,test,cycle,146_8p3_Pr_mc_AKGC417L__0,wheeze_score,0.2943722944,0
M39,test,cycle,146_8p3_Pr_mc_AKGC417L__1,wheeze_score,0.3788447112,0
M39,test,cycle,146_8p3_Pr_mc_AKGC417L__2,wheeze_score,0.3567318757,0
M39,test,cycle,146_8p3_Pr_mc_AKGC417L__3,wheeze_score,0.1433838591,0
M39,test,cycle,146_8p3_Pr_mc_AKGC417L__4,wheeze_score,0.2321654707,0
M39,test,cycle,146_8p3_Pr_mc_AKGC417L__5,wheeze_score,0.3023164507,0
M39,test,cycle,146_8p3_Pr_mc_AKGC417L__6,wheeze_score,0.3207331042,0
M39,test,cycle,146_8p3_Pr_mc_AKGC417L__7,wheeze_score,0.2515479876,0
M39,test,cycle,146_8p3_Pr_mc_AKGC417L__8,wheeze_score,0.2234042553,0
M39,test,cycle,147_1b2_Tc_mc_AKGC417L__0,wheeze_score,0.1140487299,0
M39,test,cycle,147_1b2_Tc_mc_AKGC417L__1,wheeze_score,0,0
M39,test,cycle,147_1b2_Tc_mc_AKGC417L__2,wheeze_score,0.1929625426,0
M39,test,cycle,147_1b2_Tc_mc_AKGC417L__3,wheeze_score,0.04965243297,0
M39,test,cycle,147_1b2_Tc_mc_AKGC417L__4,wheeze_score,0,0
M39,test,cycle,147_1b2_Tc_mc_AKGC417L__5,wheeze_score,0.06981740064,0
M39,test,cycle,147_1b2_Tc_mc_AKGC417L__6,wheeze_score,0.06428988895,0
M39,test,cycle,147_1b2_Tc_mc_AKGC417L__7,wheeze_score,0.07203667322,1
M39,test,cycle,147_1b2_Tc_mc_AKGC417L__8,wheeze_score,0,1
M39,test,cycle,147_1b2_Tc_mc_AKGC417L__9,wheeze_score,0.06406149904,1
M39,test,cycle,147_1b2_Tc_mc_AKGC417L__10,wheeze_score,0,1
M39,test,cycle,147_1b2_Tc_mc_AKGC417L__11,wheeze_score,0,0
M39,test,cycle,147_1b3_Tc_mc_AKGC417L__0,wheeze_score,0.1606217617,0
M39,test,cycle,147_1b3_Tc_mc_AKGC417L__1,wheeze_score,0.08747949699,0
M39,test,cycle,147_1b3_Tc_mc_AKGC417L__2,wheeze_score,0.1192411924,0
M39,test,cycle,147_1b3_Tc_mc_AKGC417L__3,wheeze_score,0.1710914454,0
M39,test,cycle,147_1b3_Tc_mc_AKGC417L__4,wheeze_score,0.1003764115,0
M39,test,cycle,147_1b3_Tc_mc_AKGC417L__5,wheeze_score,0.09294696555,0
M39,test,cycle,147_1b3_Tc_mc_AKGC417L__6,wheeze_score,0.1300813008,0
M39,test,cycle,147_1b3_Tc_mc_AKGC417L__7,wheeze_score,0.1191709845,0
M39,test,cycle,147_1b3_Tc_mc_AKGC417L__8,wheeze_score,0.1849948613,0
M39,test,cycle,147_1b3_Tc_mc_AKGC417L__9,wheeze_score,0.08808290155,0
M39,test,cycle,147_1b3_Tc_mc_AKGC417L__10,wheeze_score,0,0
M39,test,cycle,147_1b4_Tc_mc_AKGC417L__0,wheeze_score,0,1
M39,test,cycle,147_1b4_Tc_mc_AKGC417L__1,wheeze_score,0.06489675516,1
M39,test,cycle,147_1b4_Tc_mc_AKGC417L__2,wheeze_score,0.07994186047,0
M39,test,cycle,147_1b4_Tc_mc_AKGC417L__3,wheeze_score,0,1
M39,test,cycle,147_1b4_Tc_mc_AKGC417L__4,wheeze_score,0,1
M39,test,cycle,147_1b4_Tc_mc_AKGC417L__5,wheeze_score,0,1
M39,test,cycle,147_1b4_Tc_mc_AKGC417L__6,wheeze_score,0,1
M39,test,cycle,147_1b4_Tc_mc_AKGC417L__7,wheeze_score,0,1
M39,test,cycle,147_1b4_Tc_mc_AKGC417L__8,wheeze_score,0,1
M39,test,cycle,147_1b4_Tc_mc_AKGC417L__9,wheeze_score,0.08094186902,0
M39,test,cycle,147_1b4_Tc_mc_AKGC417L__10,wheeze_score,0,1
M39,test,cycle,147_1b4_Tc_mc_AKGC417L__11,wheeze_score,0,0
M39,test,cycle,147_1b4_Tc_mc_AKGC417L__12,wheeze_score,0.1111993646,0
M39,test,cycle,147_1b4_Tc_mc_AKGC417L__13,wheeze_score,0,1
M39,test,cycle,147_1b4_Tc_mc_AKGC417L__14,wheeze_score,0,0
M39,test,cycle,147_2b2_Al_mc_AKGC417L__0,wheeze_score,0.0406283857,1
M39,test,cycle,147_2b2_Al_mc_AKGC417L__1,wheeze_score,0.100514259,1
M39,test,cycle,147_2b2_Al_mc_AKGC417L__2,wheeze_score,0.1760722348,1
M39,test,cycle,147_2b2_Al_mc_AKGC417L__3,wheeze_score,0.1122678098,0
M39,test,cycle,147_2b2_Al_mc_AKGC417L__4,wheeze_score,0,0
M39,test,cycle,147_2b2_Ar_mc_AKGC417L__0,wheeze_score,0,1
M39,test,cycle,147_2b2_Ar_mc_AKGC417L__1,wheeze_score,0.02337540907,1
M39,test,cycle,147_2b2_Ar_mc_AKGC417L__2,wheeze_score,0.07674943567,1
M39,test,cycle,147_2b2_Ar_mc_AKGC417L__3,wheeze_score,0.02857726067,0
M39,test,cycle,147_2b2_Ar_mc_AKGC417L__4,wheeze_score,0,0
M39,test,cycle,147_2b2_Pl_mc_AKGC417L__0,wheeze_score,0.02979414951,0
M39,test,cycle,147_2b2_Pl_mc_AKGC417L__1,wheeze_score,0.1683029453,1
M39,test,cycle,147_2b2_Pl_mc_AKGC417L__2,wheeze_score,0.08803611738,1
M39,test,cycle,147_2b2_Pl_mc_AKGC417L__3,wheeze_score,0.2041232905,1
M39,test,cycle,147_2b2_Pl_mc_AKGC417L__4,wheeze_score,0,0
M39,test,cycle,147_2b3_Al_mc_AKGC417L__0,wheeze_score,0.07647679325,0
M39,test,cycle,147_2b3_Al_mc_AKGC417L__1,wheeze_score,0.1221299463,1
M39,test,cycle,147_2b3_Al_mc_AKGC417L__2,wheeze_score,0,0
M39,test,cycle,147_2b3_Al_mc_AKGC417L__3,wheeze_score,0.1205626256,1
M39,test,cycle,147_2b3_Al_mc_AKGC417L__4,wheeze_score,0,0
M39,test,cycle,147_2b3_Ar_mc_AKGC417L__0,wheeze_score,0.02900843882,0
M39,test,cycle,147_2b3_Ar_mc_AKGC417L__1,wheeze_score,0.06106497313,1
M39,test,cycle,147_2b3_Ar_mc_AKGC417L__2,wheeze_score,0.02182929491,0
M39,test,cycle,147_2b3_Ar_mc_AKGC417L__3,wheeze_score,0,0
M39,test,cycle,147_2b3_Ar_mc_AKGC417L__4,wheeze_score,0,0
M39,test,cycle,147_2b3_Ll_mc_AKGC417L__0,wheeze_score,0.2347046414,0
M39,test,cycle,147_2b3_Ll_mc_AKGC417L__1,wheeze_score,0.1758671226,0
M39,test,cycle,147_2b3_Ll_mc_AKGC417L__2,wheeze_score,0.06767081423,0
M39,test,cycle,147_2b3_Ll_mc_AKGC417L__3,wheeze_score,0.2232641215,0
M39,test,cycle,147_2b3_Ll_mc_AKGC417L__4,wheeze_score,0,0
M39,test,cycle,147_2b3_Lr_mc_AKGC417L__0,wheeze_score,0.07911392405,0
M39,test,cycle,147_2b3_Lr_mc_AKGC417L__1,wheeze_score,0.02686858818,0
M39,test,cycle,147_2b3_Lr_mc_AKGC417L__2,wheeze_score,0.02401222441,0
M39,test,cycle,147_2b3_Lr_mc_AKGC417L__3,wheeze_score,0.04688546551,0
M39,test,cycle,147_2b3_Lr_mc_AKGC417L__4,wheeze_score,0,0
M39,test,cycle,147_2b3_Pl_mc_AKGC417L__0,wheeze_score,0.04483122363,1
M39,test,cycle,147_2b3_Pl_mc_AKGC417L__1,wheeze_score,0.03419638495,1
M39,test,cycle,147_2b3_Pl_mc_AKGC417L__2,wheeze_score,0.04802444881,1
M39,test,cycle,147_2b3_Pl_mc_AKGC417L__3,wheeze_score,0.03795490065,1
M39,test,cycle,147_2b3_Pl_mc_AKGC417L__4,wheeze_score,0,0
M39,test,cycle,147_2b4_Al_mc_AKGC417L__0,wheeze_score,0.02887897086,0
M39,test,cycle,147_2b4_Al_mc_AKGC417L__1,wheeze_score,0,0
M39,test,cycle,147_2b4_Al_mc_AKGC417L__2,wheeze_score,0.03611971104,0
M39,test,cycle,147_2b4_Al_mc_AKGC417L__3,wheeze_score,0.06152662949,0
M39,test,cycle,147_2b4_Al_mc_AKGC417L__4,wheeze_score,0,0
M39,test,cycle,147_2b4_Ar_mc_AKGC417L__0,wheeze_score,0,0
M39,test,cycle,147_2b4_Ar_mc_AKGC417L__1,wheeze_score,0,0
M39,test,cycle,147_2b4_Ar_mc_AKGC417L__2,wheeze_score,0,0
M39,test,cycle,147_2b4_Ar_mc_AKGC417L__3,wheeze_score,0,0
M39,test,cycle,147_2b4_Ar_mc_AKGC417L__4,wheeze_score,0,0
M39,test,cycle,147_2b4_Ll_mc_AKGC417L__0,wheeze_score,0.08926227356,0
M39,test,cycle,147_2b4_Ll_mc_AKGC417L__1,wheeze_score,0.02393489708,0
M39,test,cycle,147_2b4_Ll_mc_AKGC417L__2,wheeze_score,0.1625386997,0
M39,test,cycle,147_2b4_Ll_mc_AKGC417L__3,wheeze_score,0.146125745,0
M39,test,cycle,147_2b4_Ll_mc_AKGC417L__4,wheeze_score,0.09351256575,0
M39,test,cycle,147_2b4_Lr_mc_AKGC417L__0,wheeze_score,0,0
M39,test,cycle,147_2b4_Lr_mc_AKGC417L__1,wheeze_score,0.03829583533,0
M39,test,cycle,147_2b4_Lr_mc_AKGC417L__2,wheeze_score,0,0
M39,test,cycle,147_2b4_Lr_mc_AKGC417L__3,wheeze_score,0,0
M39,test,cycle,147_2b4_Lr_mc_AKGC417L__4,wheeze_score,0,0
M39,test,cycle,147_2b4_Pl_mc_AKGC417L__0,wheeze_score,0.02887897086,1
M39,test,cycle,147_2b4_Pl_mc_AKGC417L__1,wheeze_score,0.02393489708,0
M39,test,cycle,147_2b4_Pl_mc_AKGC417L__2,wheeze_score,0,0
M39,test,cycle,147_2b4_Pl_mc_AKGC417L__3,wheeze_score,0.09613535858,0
M39,test,cycle,147_2b4_Pl_mc_AKGC417L__4,wheeze_score,0,0
M39,test,cycle,149_1b1_Al_sc_Meditron__0,wheeze_score,0,0
M39,test,cycle,149_1b1_Al_sc_Meditron__1,wheeze_score,0,0
M39,test,cycle,149_1b1_Al_sc_Meditron__2,wheeze_score,0,1
M39,test,cycle,149_1b1_Al_sc_Meditron__3,wheeze_score,0,1
M39,test,cycle,149_1b1_Al_sc_Meditron__4,wheeze_score,0.1040681173,1
M39,test,cycle,149_1b1_Al_sc_Meditron__5,wheeze_score,0,1
M39,test,cycle,149_1b1_Al_sc_Meditron__6,wheeze_score,0,0
M39,test,cycle,149_1b1_Al_sc_Meditron__7,wheeze_score,0,0
M39,test,cycle,149_1b1_Al_sc_Meditron__8,wheeze_score,0,1
M39,test,cycle,149_1b1_Al_sc_Meditron__9,wheeze_score,0,1
M39,test,cycle,149_1b1_Al_sc_Meditron__10,wheeze_score,0.1547531319,1
M39,test,cycle,149_1b1_Al_sc_Meditron__11,wheeze_score,0,1
M39,test,cycle,149_1b1_Al_sc_Meditron__12,wheeze_score,0,1
M39,test,cycle,149_1b1_Al_sc_Meditron__13,wheeze_score,0,1
M39,test,cycle,149_1b1_Al_sc_Meditron__14,wheeze_score,0.1070840198,1
M39,test,cycle,149_1b1_Al_sc_Meditron__15,wheeze_score,0,1
M39,test,cycle,149_1b1_Al_sc_Meditron__16,wheeze_score,0,1
M39,test,cycle,149_1b1_Al_sc_Meditron__17,wheeze_score,0,1
M39,test,cycle,149_1b1_Lr_sc_Meditron__0,wheeze_score,0,0
M39,test,cycle,149_1b1_Lr_sc_Meditron__1,wheeze_score,0,0
M39,test,cycle,149_1b1_Lr_sc_Meditron__2,wheeze_score,0.1187648456,0
M39,test,cycle,149_1b1_Lr_sc_Meditron__3,wheeze_score,0.11,0
M39,test,cycle,149_1b1_Lr_sc_Meditron__4,wheeze_score,0.2120890774,0
M39,test,cycle,149_1b1_Lr_sc_Meditron__5,wheeze_score,0,0
M39,test,cycle,149_1b1_Lr_sc_Meditron__6,wheeze_score,0,0
M39,test,cycle,149_1b1_Lr_sc_Meditron__7,wheeze_score,0.1607347876,0
M39,test,cycle,149_1b1_Lr_sc_Meditron__8,wheeze_score,0.1291711518,0
M39,test,cycle,149_1b1_Lr_sc_Meditron__9,wheeze_score,0.125,0
M39,test,cycle,149_1b1_Lr_sc_Meditron__10,wheeze_score,0,0
M39,test,cycle,149_1b1_Lr_sc_Meditron__11,wheeze_score,0,0
M39,test,cycle,149_1b1_Lr_sc_Meditron__12,wheeze_score,0.09718172983,0
M39,test,cycle,149_1b1_Lr_sc_Meditron__13,wheeze_score,0.0987432675,0
M39,test,cycle,149_1b1_Lr_sc_Meditron__14,wheeze_score,0,0
M39,test,cycle,149_1b1_Lr_sc_Meditron__15,wheeze_score,0,0
M39,test,cycle,149_1b1_Pl_sc_Meditron__0,wheeze_score,0,1
M39,test,cycle,149_1b1_Pl_sc_Meditron__1,wheeze_score,0,0
M39,test,cycle,149_1b1_Pl_sc_Meditron__2,wheeze_score,0,0
M39,test,cycle,149_1b1_Pl_sc_Meditron__3,wheeze_score,0,0
M39,test,cycle,149_1b1_Pl_sc_Meditron__4,wheeze_score,0.06729475101,1
M39,test,cycle,149_1b1_Pl_sc_Meditron__5,wheeze_score,0,1
M39,test,cycle,149_1b1_Pl_sc_Meditron__6,wheeze_score,0,1
M39,test,cycle,149_1b1_Pl_sc_Meditron__7,wheeze_score,0.1283547258,1
M39,test,cycle,149_1b1_Pl_sc_Meditron__8,wheeze_score,0,0
M39,test,cycle,149_1b1_Pl_sc_Meditron__9,wheeze_score,0.08658008658,0
M39,test,cycle,149_1b1_Pl_sc_Meditron__10,wheeze_score,0,1
M39,test,cycle,149_1b1_Pl_sc_Meditron__11,wheeze_score,0,0
M39,test,cycle,149_1b1_Pl_sc_Meditron__12,wheeze_score,0,0
M39,test,cycle,149_1b1_Pl_sc_Meditron__13,wheeze_score,0,0
M39,test,cycle,149_1b1_Pl_sc_Meditron__14,wheeze_score,0,0
M39,test,cycle,149_1b1_Pl_sc_Meditron__15,wheeze_score,0,0
M39,test,cycle,149_1b1_Pl_sc_Meditron__16,wheeze_score,0,0
M39,test,cycle,150_1b2_Al_sc_Meditron__0,wheeze_score,0,0
M39,test,cycle,150_1b2_Al_sc_Meditron__1,wheeze_score,0,0
M39,test,cycle,150_1b2_Al_sc_Meditron__2,wheeze_score,0,0
M39,test,cycle,150_1b2_Al_sc_Meditron__3,wheeze_score,0,0
M39,test,cycle,150_1b2_Al_sc_Meditron__4,wheeze_score,0,0
M39,test,cycle,150_1b2_Al_sc_Meditron__5,wheeze_score,0,0
M39,test,cycle,150_1b2_Al_sc_Meditron__6,wheeze_score,0,0
M39,test,cycle,150_1b2_Al_sc_Meditron__7,wheeze_score,0,0
M39,test,cycle,150_1b2_Al_sc_Meditron__8,wheeze_score,0,0
M39,test,cycle,150_1b2_Al_sc_Meditron__9,wheeze_score,0,0
M39,test,cycle,150_1b2_Al_sc_Meditron__10,wheeze_score,0,0
M39,test,cycle,150_1b2_Al_sc_Meditron__11,wheeze_score,0,0
M39,test,cycle,150_1b2_Al_sc_Meditron__12,wheeze_score,0,0
M39,test,cycle,150_1b2_Al_sc_Meditron__13,wheeze_score,0,0
M39,test,cycle,150_1b2_Al_sc_Meditron__14,wheeze_score,0.2159344751,1
M39,test,cycle,150_1b2_Al_sc_Meditron__15,wheeze_score,0,0
M39,test,cycle,150_1b2_Al_sc_Meditron__16,wheeze_score,0,0
M39,test,cycle,151_2p2_Al_mc_AKGC417L__0,wheeze_score,0.2107598447,1
M39,test,cycle,151_2p2_Al_mc_AKGC417L__1,wheeze_score,0.07525870179,1
M39,test,cycle,151_2p2_Al_mc_AKGC417L__2,wheeze_score,0.156100669,1
M39,test,cycle,151_2p2_Al_mc_AKGC417L__3,wheeze_score,0,0
M39,test,cycle,151_2p2_Al_mc_AKGC417L__4,wheeze_score,0,0
M39,test,cycle,151_2p2_Al_mc_AKGC417L__5,wheeze_score,0.150462963,1
M39,test,cycle,151_2p2_Ar_mc_AKGC417L__0,wheeze_score,0.4270660011,0
M39,test,cycle,151_2p2_Ar_mc_AKGC417L__1,wheeze_score,0.06898714331,0
M39,test,cycle,151_2p2_Ar_mc_AKGC417L__2,wheeze_score,0.1433577572,0
M39,test,cycle,151_2p2_Ar_mc_AKGC417L__3,wheeze_score,0.03198604245,0
M39,test,cycle,151_2p2_Ar_mc_AKGC417L__4,wheeze_score,0,0
M39,test,cycle,151_2p2_Ar_mc_AKGC417L__5,wheeze_score,0.2430555556,0
M39,test,cycle,151_2p2_Ll_mc_AKGC417L__0,wheeze_score,0.2440377149,1
M39,test,cycle,151_2p2_Ll_mc_AKGC417L__1,wheeze_score,0.07212292255,1
M39,test,cycle,151_2p2_Ll_mc_AKGC417L__2,wheeze_score,0.1975151322,1
M39,test,cycle,151_2p2_Ll_mc_AKGC417L__3,wheeze_score,0,0
M39,test,cycle,151_2p2_Ll_mc_AKGC417L__4,wheeze_score,0,0
M39,test,cycle,151_2p2_Ll_mc_AKGC417L__5,wheeze_score,0.2141203704,1
M39,test,cycle,151_2p2_Lr_mc_AKGC417L__0,wheeze_score,0.3216860788,1
M39,test,cycle,151_2p2_Lr_mc_AKGC417L__1,wheeze_score,0.07839448103,0
M39,test,cycle,151_2p2_Lr_mc_AKGC417L__2,wheeze_score,0.2516725072,0
M39,test,cycle,151_2p2_Lr_mc_AKGC417L__3,wheeze_score,0.0348938645,0
M39,test,cycle,151_2p2_Lr_mc_AKGC417L__4,wheeze_score,0.05110732538,0
M39,test,cycle,151_2p2_Lr_mc_AKGC417L__5,wheeze_score,0.2083333333,0
M39,test,cycle,151_2p2_Pl_mc_AKGC417L__0,wheeze_score,0.2773155851,1
M39,test,cycle,151_2p2_Pl_mc_AKGC417L__1,wheeze_score,0.1285669489,1
M39,test,cycle,151_2p2_Pl_mc_AKGC417L__2,wheeze_score,0.2134437719,1
M39,test,cycle,151_2p2_Pl_mc_AKGC417L__3,wheeze_score,0,0
M39,test,cycle,151_2p2_Pl_mc_AKGC417L__4,wheeze_score,0,0
M39,test,cycle,151_2p2_Pl_mc_AKGC417L__5,wheeze_score,0.2459490741,1
M39,test,cycle,151_2p2_Pr_mc_AKGC417L__0,wheeze_score,0.2939545202,1
M39,test,cycle,151_2p2_Pr_mc_AKGC417L__1,wheeze_score,0,0
M39,test,cycle,151_2p2_Pr_mc_AKGC417L__2,wheeze_score,0.1497292131,0
M39,test,cycle,151_2p2_Pr_mc_AKGC417L__3,wheeze_score,0,0
M39,test,cycle,151_2p2_Pr_mc_AKGC417L__4,wheeze_score,0.02839295855,0
M39,test,cycle,151_2p2_Pr_mc_AKGC417L__5,wheeze_score,0.1417824074,0
M39,test,cycle,151_2p2_Tc_mc_AKGC417L__0,wheeze_score,0.3605102607,0
M39,test,cycle,151_2p2_Tc_mc_AKGC417L__1,wheeze_score,0.1567889621,1
M39,test,cycle,151_2p2_Tc_mc_AKGC417L__2,wheeze_score,0.1879579484,0
M39,test,cycle,151_2p2_Tc_mc_AKGC417L__3,wheeze_score,0,0
M39,test,cycle,151_2p2_Tc_mc_AKGC417L__4,wheeze_score,0,0
M39,test,cycle,151_2p2_Tc_mc_AKGC417L__5,wheeze_score,0.1909722222,1
M39,test,cycle,151_2p3_Al_mc_AKGC417L__0,wheeze_score,0.223135643,1
M39,test,cycle,151_2p3_Al_mc_AKGC417L__1,wheeze_score,0.1730214675,1
M39,test,cycle,151_2p3_Al_mc_AKGC417L__2,wheeze_score,0.1661891117,1
M39,test,cycle,151_2p3_Al_mc_AKGC417L__3,wheeze_score,0.093979442,1
M39,test,cycle,151_2p3_Al_mc_AKGC417L__4,wheeze_score,0,0
M39,test,cycle,151_2p3_Al_mc_AKGC417L__5,wheeze_score,0.06792219821,0
M39,test,cycle,151_2p3_Ar_mc_AKGC417L__0,wheeze_score,0.281855549,1
M39,test,cycle,151_2p3_Ar_mc_AKGC417L__1,wheeze_score,0.1313681512,0
M39,test,cycle,151_2p3_Ar_mc_AKGC417L__2,wheeze_score,0.1404011461,1
M39,test,cycle,151_2p3_Ar_mc_AKGC417L__3,wheeze_score,0.09691629956,0
M39,test,cycle,151_2p3_Ar_mc_AKGC417L__4,wheeze_score,0.03185727939,0
M39,test,cycle,151_2p3_Ar_mc_AKGC417L__5,wheeze_score,0.07100957086,0
M39,test,cycle,151_2p3_Ll_mc_AKGC417L__0,wheeze_score,0.3581914269,1
M39,test,cycle,151_2p3_Ll_mc_AKGC417L__1,wheeze_score,0.20506248,1
M39,test,cycle,151_2p3_Ll_mc_AKGC417L__2,wheeze_score,0.2349570201,1
M39,test,cycle,151_2p3_Ll_mc_AKGC417L__3,wheeze_score,0.1497797357,1
M39,test,cycle,151_2p3_Ll_mc_AKGC417L__4,wheeze_score,0.03185727939,1
M39,test,cycle,151_2p3_Ll_mc_AKGC417L__5,wheeze_score,0.07100957086,1
M39,test,cycle,151_2p3_Lr_mc_AKGC417L__0,wheeze_score,0.3875513799,0
M39,test,cycle,151_2p3_Lr_mc_AKGC417L__1,wheeze_score,0.2883691125,0
M39,test,cycle,151_2p3_Lr_mc_AKGC417L__2,wheeze_score,0.2320916905,0
M39,test,cycle,151_2p3_Lr_mc_AKGC417L__3,wheeze_score,0.1585903084,0
M39,test,cycle,151_2p3_Lr_mc_AKGC417L__4,wheeze_score,0.09238611023,0
M39,test,cycle,151_2p3_Lr_mc_AKGC417L__5,wheeze_score,0.08335906144,0
M39,test,cycle,151_2p3_Pl_mc_AKGC417L__0,wheeze_score,0.3405754551,1
M39,test,cycle,151_2p3_Pl_mc_AKGC417L__1,wheeze_score,0.346042935,1
M39,test,cycle,151_2p3_Pl_mc_AKGC417L__2,wheeze_score,0.3638968481,1
M39,test,cycle,151_2p3_Pl_mc_AKGC417L__3,wheeze_score,0.2290748899,1
M39,test,cycle,151_2p3_Pl_mc_AKGC417L__4,wheeze_score,0.03185727939,0
M39,test,cycle,151_2p3_Pl_mc_AKGC417L__5,wheeze_score,0.08335906144,1
M39,test,cycle,151_2p3_Pr_mc_AKGC417L__0,wheeze_score,0.2407516148,0
M39,test,cycle,151_2p3_Pr_mc_AKGC417L__1,wheeze_score,0.1730214675,0
M39,test,cycle,151_2p3_Pr_mc_AKGC417L__2,wheeze_score,0.1661891117,0
M39,test,cycle,151_2p3_Pr_mc_AKGC417L__3,wheeze_score,0.1233480176,0
M39,test,cycle,151_2p3_Pr_mc_AKGC417L__4,wheeze_score,0,0
M39,test,cycle,151_2p3_Pr_mc_AKGC417L__5,wheeze_score,0.05866008027,0
M39,test,cycle,151_2p3_Tc_mc_AKGC417L__0,wheeze_score,0.3640634175,0
M39,test,cycle,151_2p3_Tc_mc_AKGC417L__1,wheeze_score,0.1986542775,0
M39,test,cycle,151_2p3_Tc_mc_AKGC417L__2,wheeze_score,0.2349570201,0
M39,test,cycle,151_2p3_Tc_mc_AKGC417L__3,wheeze_score,0.140969163,1
M39,test,cycle,151_2p3_Tc_mc_AKGC417L__4,wheeze_score,0,0
M39,test,cycle,151_2p3_Tc_mc_AKGC417L__5,wheeze_score,0.08953380673,1
M39,test,cycle,151_2p4_Al_mc_AKGC417L__0,wheeze_score,0.3558844257,0
M39,test,cycle,151_2p4_Al_mc_AKGC417L__1,wheeze_score,0.2814154361,0
M39,test,cycle,151_2p4_Al_mc_AKGC417L__2,wheeze_score,0,0
M39,test,cycle,151_2p4_Al_mc_AKGC417L__3,wheeze_score,0.04319032537,0
M39,test,cycle,151_2p4_Al_mc_AKGC417L__4,wheeze_score,0.1182528147,1
M39,test,cycle,151_2p4_Al_mc_AKGC417L__5,wheeze_score,0,0
M39,test,cycle,151_2p4_Ar_mc_AKGC417L__0,wheeze_score,0.3136011276,0
M39,test,cycle,151_2p4_Ar_mc_AKGC417L__1,wheeze_score,0.3733630538,1
M39,test,cycle,151_2p4_Ar_mc_AKGC417L__2,wheeze_score,0.05963675793,1
M39,test,cycle,151_2p4_Ar_mc_AKGC417L__3,wheeze_score,0.03167290527,0
M39,test,cycle,151_2p4_Ar_mc_AKGC417L__4,wheeze_score,0.1064275332,0
M39,test,cycle,151_2p4_Ar_mc_AKGC417L__5,wheeze_score,0,0
M39,test,cycle,151_2p4_Ll_mc_AKGC417L__0,wheeze_score,0.3699788584,1
M39,test,cycle,151_2p4_Ll_mc_AKGC417L__1,wheeze_score,0.3984396768,1
M39,test,cycle,151_2p4_Ll_mc_AKGC417L__2,wheeze_score,0.187042559,1
M39,test,cycle,151_2p4_Ll_mc_AKGC417L__3,wheeze_score,0.09501871581,1
M39,test,cycle,151_2p4_Ll_mc_AKGC417L__4,wheeze_score,0.2404473898,1
M39,test,cycle,151_2p4_Ll_mc_AKGC417L__5,wheeze_score,0,0
M39,test,cycle,151_2p4_Lr_mc_AKGC417L__0,wheeze_score,0.3805496829,0
M39,test,cycle,151_2p4_Lr_mc_AKGC417L__1,wheeze_score,0.3705767623,1
M39,test,cycle,151_2p4_Lr_mc_AKGC417L__2,wheeze_score,0.05963675793,0
M39,test,cycle,151_2p4_Lr_mc_AKGC417L__3,wheeze_score,0.115174201,0
M39,test,cycle,151_2p4_Lr_mc_AKGC417L__4,wheeze_score,0.2010297849,0
M39,test,cycle,151_2p4_Lr_mc_AKGC417L__5,wheeze_score,0.143909376,0
M39,test,cycle,151_2p4_Pl_mc_AKGC417L__0,wheeze_score,0.4862579281,1
M39,test,cycle,151_2p4_Pl_mc_AKGC417L__1,wheeze_score,0.493173586,1
M39,test,cycle,151_2p4_Pl_mc_AKGC417L__2,wheeze_score,0.2792084576,1
M39,test,cycle,151_2p4_Pl_mc_AKGC417L__3,wheeze_score,0.1756406565,1
M39,test,cycle,151_2p4_Pl_mc_AKGC417L__4,wheeze_score,0.2798649947,1
M39,test,cycle,151_2p4_Pl_mc_AKGC417L__5,wheeze_score,0,0
M39,test,cycle,151_2p4_Pr_mc_AKGC417L__0,wheeze_score,0.2607470049,0
M39,test,cycle,151_2p4_Pr_mc_AKGC417L__1,wheeze_score,0.4820284202,1
M39,test,cycle,151_2p4_Pr_mc_AKGC417L__2,wheeze_score,0.1111412307,0
M39,test,cycle,151_2p4_Pr_mc_AKGC417L__3,wheeze_score,0,0
M39,test,cycle,151_2p4_Pr_mc_AKGC417L__4,wheeze_score,0.1458451381,0
M39,test,cycle,151_2p4_Pr_mc_AKGC417L__5,wheeze_score,0,0
M39,test,cycle,151_2p4_Tc_mc_AKGC417L__0,wheeze_score,0.3488372093,0
M39,test,cycle,151_2p4_Tc_mc_AKGC417L__1,wheeze_score,0.4095848426,1
M39,test,cycle,151_2p4_Tc_mc_AKGC417L__2,wheeze_score,0.1436703714,1
M39,test,cycle,151_2p4_Tc_mc_AKGC417L__3,wheeze_score,0.04606968039,0
M39,test,cycle,151_2p4_Tc_mc_AKGC417L__4,wheeze_score,0.2167968269,1
M39,test,cycle,151_2p4_Tc_mc_AKGC417L__5,wheeze_score,0,0
M39,test,cycle,151_3p2_Al_mc_AKGC417L__0,wheeze_score,0.08104196816,0
M39,test,cycle,151_3p2_Al_mc_AKGC417L__1,wheeze_score,0.05787619527,1
M39,test,cycle,151_3p2_Al_mc_AKGC417L__2,wheeze_score,0,0
M39,test,cycle,151_3p2_Al_mc_AKGC417L__3,wheeze_score,0,0
M39,test,cycle,151_3p2_Al_mc_AKGC417L__4,wheeze_score,0,0
M39,test,cycle,151_3p2_Al_mc_AKGC417L__5,wheeze_score,0,0
M39,test,cycle,151_3p2_Ar_mc_AKGC417L__0,wheeze_score,0.2633863965,0
M39,test,cycle,151_3p2_Ar_mc_AKGC417L__1,wheeze_score,0.2214393558,1
M39,test,cycle,151_3p2_Ar_mc_AKGC417L__2,wheeze_score,0.1037959668,0
M39,test,cycle,151_3p2_Ar_mc_AKGC417L__3,wheeze_score,0.1126927639,0
M39,test,cycle,151_3p2_Ar_mc_AKGC417L__4,wheeze_score,0.2261246091,0
M39,test,cycle,151_3p2_Ar_mc_AKGC417L__5,wheeze_score,0,0
M39,test,cycle,151_3p2_Lr_mc_AKGC417L__0,wheeze_score,0.486251809,1
M39,test,cycle,151_3p2_Lr_mc_AKGC417L__1,wheeze_score,0.3548062406,1
M39,test,cycle,151_3p2_Lr_mc_AKGC417L__2,wheeze_score,0.1957295374,0
M39,test,cycle,151_3p2_Lr_mc_AKGC417L__3,wheeze_score,0.1245551601,0
M39,test,cycle,151_3p2_Lr_mc_AKGC417L__4,wheeze_score,0.413759923,1
M39,test,cycle,151_3p2_Lr_mc_AKGC417L__5,wheeze_score,0.06373486297,0
M39,test,cycle,151_3p2_Pl_mc_AKGC417L__0,wheeze_score,0.1360347323,0
M39,test,cycle,151_3p2_Pl_mc_AKGC417L__1,wheeze_score,0.1258178158,1
M39,test,cycle,151_3p2_Pl_mc_AKGC417L__2,wheeze_score,0.2046263345,0
M39,test,cycle,151_3p2_Pl_mc_AKGC417L__3,wheeze_score,0.02965599051,0
M39,test,cycle,151_3p2_Pl_mc_AKGC417L__4,wheeze_score,0,0
M39,test,cycle,151_3p2_Pl_mc_AKGC417L__5,wheeze_score,0,0
M39,test,cycle,151_3p2_Pr_mc_AKGC417L__0,wheeze_score,0.4254703329,1
M39,test,cycle,151_3p2_Pr_mc_AKGC417L__1,wheeze_score,0.09310518369,1
M39,test,cycle,151_3p2_Pr_mc_AKGC417L__2,wheeze_score,0.05338078292,0
M39,test,cycle,151_3p2_Pr_mc_AKGC417L__3,wheeze_score,0,0
M39,test,cycle,151_3p2_Pr_mc_AKGC417L__4,wheeze_score,0.1323069521,0
M39,test,cycle,151_3p2_Pr_mc_AKGC417L__5,wheeze_score,0,0
M39,test,cycle,151_3p2_Tc_mc_AKGC417L__0,wheeze_score,0.3299565847,0
M39,test,cycle,151_3p2_Tc_mc_AKGC417L__1,wheeze_score,0.198792149,1
M39,test,cycle,151_3p2_Tc_mc_AKGC417L__2,wheeze_score,0.1245551601,0
M39,test,cycle,151_3p2_Tc_mc_AKGC417L__3,wheeze_score,0.1393831554,0
M39,test,cycle,151_3p2_Tc_mc_AKGC417L__4,wheeze_score,0.2429636757,0
M39,test,cycle,151_3p2_Tc_mc_AKGC417L__5,wheeze_score,0,0
M39,test,cycle,151_3p3_Ll_mc_AKGC417L__0,wheeze_score,0.1875174923,0
M39,test,cycle,151_3p3_Ll_mc_AKGC417L__1,wheeze_score,0.3966244726,1
M39,test,cycle,151_3p3_Ll_mc_AKGC417L__2,wheeze_score,0.09428729895,1
M39,test,cycle,151_3p3_Ll_mc_AKGC417L__3,wheeze_score,0.05445140212,0
M39,test,cycle,151_3p3_Ll_mc_AKGC417L__4,wheeze_score,0,0
M39,test,cycle,151_3p3_Ll_mc_AKGC417L__5,wheeze_score,0,0
M39,test,cycle,160_1b2_Al_mc_AKGC417L__0,wheeze_score,0.1309856131,1
M39,test,cycle,160_1b2_Al_mc_AKGC417L__1,wheeze_score,0.02510760402,1
M39,test,cycle,160_1b2_Ar_mc_AKGC417L__0,wheeze_score,0,1
M39,test,cycle,160_1b2_Ar_mc_AKGC417L__1,wheeze_score,0,1
M39,test,cycle,160_1b2_Lr_mc_AKGC417L__0,wheeze_score,0.06656645909,0
M39,test,cycle,160_1b2_Lr_mc_AKGC417L__1,wheeze_score,0.04662840746,1
M39,test,cycle,160_1b2_Pl_mc_AKGC417L__0,wheeze_score,0.09233412068,1
M39,test,cycle,160_1b2_Pl_mc_AKGC417L__1,wheeze_score,0.02331420373,1
M39,test,cycle,160_1b2_Pr_mc_AKGC417L__0,wheeze_score,0.1288383079,1
M39,test,cycle,160_1b2_Pr_mc_AKGC417L__1,wheeze_score,0.06276901004,1
M39,test,cycle,160_1b2_Tc_mc_AKGC417L__0,wheeze_score,0.06227184883,0
M39,test,cycle,160_1b2_Tc_mc_AKGC417L__1,wheeze_score,0,1
M39,test,cycle,160_1b3_Al_mc_AKGC417L__0,wheeze_score,0.0596473029,1
M39,test,cycle,160_1b3_Al_mc_AKGC417L__1,wheeze_score,0.05989518343,1
M39,test,cycle,160_1b3_Al_mc_AKGC417L__2,wheeze_score,0.07456929802,1
M39,test,cycle,160_1b3_Al_mc_AKGC417L__3,wheeze_score,0.03204338181,1
M39,test,cycle,160_1b3_Al_mc_AKGC417L__4,wheeze_score,0,0
M39,test,cycle,160_1b3_Ar_mc_AKGC417L__0,wheeze_score,0,1
M39,test,cycle,160_1b3_Ar_mc_AKGC417L__1,wheeze_score,0,1
M39,test,cycle,160_1b3_Ar_mc_AKGC417L__2,wheeze_score,0,1
M39,test,cycle,160_1b3_Ar_mc_AKGC417L__3,wheeze_score,0,1
M39,test,cycle,160_1b3_Ar_mc_AKGC417L__4,wheeze_score,0,0
M39,test,cycle,160_1b3_Lr_mc_AKGC417L__0,wheeze_score,0,1
M39,test,cycle,160_1b3_Lr_mc_AKGC417L__1,wheeze_score,0,1
M39,test,cycle,160_1b3_Lr_mc_AKGC417L__2,wheeze_score,0,1
M39,test,cycle,160_1b3_Lr_mc_AKGC417L__3,wheeze_score,0.03697313286,1
M39,test,cycle,160_1b3_Lr_mc_AKGC417L__4,wheeze_score,0,0
M39,test,cycle,160_1b3_Pl_mc_AKGC417L__0,wheeze_score,0.03371369295,1
M39,test,cycle,160_1b3_Pl_mc_AKGC417L__1,wheeze_score,0,1
M39,test,cycle,160_1b3_Pl_mc_AKGC417L__2,wheeze_score,0,1
M39,test,cycle,160_1b3_Pl_mc_AKGC417L__3,wheeze_score,0,1
M39,test,cycle,160_1b3_Pl_mc_AKGC417L__4,wheeze_score,0,0
M39,test,cycle,160_1b3_Pr_mc_AKGC417L__0,wheeze_score,0.07261410788,1
M39,test,cycle,160_1b3_Pr_mc_AKGC417L__1,wheeze_score,0.03743448964,1
M39,test,cycle,160_1b3_Pr_mc_AKGC417L__2,wheeze_score,0,1
M39,test,cycle,160_1b3_Pr_mc_AKGC417L__3,wheeze_score,0.02957850629,1
M39,test,cycle,160_1b3_Pr_mc_AKGC417L__4,wheeze_score,0,0
M39,test,cycle,160_1b3_Tc_mc_AKGC417L__0,wheeze_score,0.02593360996,0
M39,test,cycle,160_1b3_Tc_mc_AKGC417L__1,wheeze_score,0,1
M39,test,cycle,160_1b3_Tc_mc_AKGC417L__2,wheeze_score,0,1
M39,test,cycle,160_1b3_Tc_mc_AKGC417L__3,wheeze_score,0,1
M39,test,cycle,160_1b3_Tc_mc_AKGC417L__4,wheeze_score,0,0
M39,test,cycle,160_1b4_Al_mc_AKGC417L__0,wheeze_score,0.02395992159,1
M39,test,cycle,160_1b4_Al_mc_AKGC417L__1,wheeze_score,0.07597134795,1
M39,test,cycle,160_1b4_Al_mc_AKGC417L__2,wheeze_score,0.05659042679,1
M39,test,cycle,160_1b4_Al_mc_AKGC417L__3,wheeze_score,0.06081081081,1
M39,test,cycle,160_1b4_Ar_mc_AKGC417L__0,wheeze_score,0,1
M39,test,cycle,160_1b4_Ar_mc_AKGC417L__1,wheeze_score,0,1
M39,test,cycle,160_1b4_Ar_mc_AKGC417L__2,wheeze_score,0,1
M39,test,cycle,160_1b4_Ar_mc_AKGC417L__3,wheeze_score,0,1
M39,test,cycle,160_1b4_Lr_mc_AKGC417L__0,wheeze_score,0,1
M39,test,cycle,160_1b4_Lr_mc_AKGC417L__1,wheeze_score,0,1
M39,test,cycle,160_1b4_Lr_mc_AKGC417L__2,wheeze_score,0.02593727894,1
M39,test,cycle,160_1b4_Lr_mc_AKGC417L__3,wheeze_score,0.03603603604,1
M39,test,cycle,160_1b4_Pl_mc_AKGC417L__0,wheeze_score,0,1
M39,test,cycle,160_1b4_Pl_mc_AKGC417L__1,wheeze_score,0,1
M39,test,cycle,160_1b4_Pl_mc_AKGC417L__2,wheeze_score,0.02593727894,1
M39,test,cycle,160_1b4_Pl_mc_AKGC417L__3,wheeze_score,0.03153153153,1
M39,test,cycle,160_1b4_Pr_mc_AKGC417L__0,wheeze_score,0,1
M39,test,cycle,160_1b4_Pr_mc_AKGC417L__1,wheeze_score,0,1
M39,test,cycle,160_1b4_Pr_mc_AKGC417L__2,wheeze_score,0,0
M39,test,cycle,160_1b4_Pr_mc_AKGC417L__3,wheeze_score,0,0
M39,test,cycle,160_1b4_Tc_mc_AKGC417L__0,wheeze_score,0,1
M39,test,cycle,160_1b4_Tc_mc_AKGC417L__1,wheeze_score,0,1
M39,test,cycle,160_1b4_Tc_mc_AKGC417L__2,wheeze_score,0,1
M39,test,cycle,160_1b4_Tc_mc_AKGC417L__3,wheeze_score,0.04954954955,1
M39,test,cycle,160_2b3_Lr_mc_AKGC417L__0,wheeze_score,0,0
M39,test,cycle,160_2b3_Lr_mc_AKGC417L__1,wheeze_score,0,0
M39,test,cycle,160_2b3_Lr_mc_AKGC417L__2,wheeze_score,0,0
M39,test,cycle,160_2b3_Lr_mc_AKGC417L__3,wheeze_score,0,0
M39,test,cycle,160_2b3_Lr_mc_AKGC417L__4,wheeze_score,0,0
M39,test,cycle,160_2b3_Lr_mc_AKGC417L__5,wheeze_score,0,0
M39,test,cycle,160_2b3_Lr_mc_AKGC417L__6,wheeze_score,0,0
M39,test,cycle,160_2b4_Ar_mc_AKGC417L__0,wheeze_score,0,0
M39,test,cycle,160_2b4_Ar_mc_AKGC417L__1,wheeze_score,0,0
M39,test,cycle,160_2b4_Ar_mc_AKGC417L__2,wheeze_score,0,0
M39,test,cycle,160_2b4_Ar_mc_AKGC417L__3,wheeze_score,0,0
M39,test,cycle,160_2b4_Ar_mc_AKGC417L__4,wheeze_score,0,0
M39,test,cycle,160_2b4_Ar_mc_AKGC417L__5,wheeze_score,0,0
M39,test,cycle,160_2b4_Ar_mc_AKGC417L__6,wheeze_score,0,0
M39,test,cycle,160_2b4_Pl_mc_AKGC417L__0,wheeze_score,0,0
M39,test,cycle,160_2b4_Pl_mc_AKGC417L__1,wheeze_score,0,0
M39,test,cycle,160_2b4_Pl_mc_AKGC417L__2,wheeze_score,0,0
M39,test,cycle,160_2b4_Pl_mc_AKGC417L__3,wheeze_score,0,0
M39,test,cycle,160_2b4_Pl_mc_AKGC417L__4,wheeze_score,0,0
M39,test,cycle,160_2b4_Pl_mc_AKGC417L__5,wheeze_score,0.05723006486,0
M39,test,cycle,160_2b4_Pl_mc_AKGC417L__6,wheeze_score,0,0
M39,test,cycle,160_2b4_Pr_mc_AKGC417L__0,wheeze_score,0.03608805485,0
M39,test,cycle,160_2b4_Pr_mc_AKGC417L__1,wheeze_score,0.04196871423,0
M39,test,cycle,160_2b4_Pr_mc_AKGC417L__2,wheeze_score,0,0
M39,test,cycle,160_2b4_Pr_mc_AKGC417L__3,wheeze_score,0,0
M39,test,cycle,160_2b4_Pr_mc_AKGC417L__4,wheeze_score,0,0
M39,test,cycle,160_2b4_Pr_mc_AKGC417L__5,wheeze_score,0,0
M39,test,cycle,160_2b4_Pr_mc_AKGC417L__6,wheeze_score,0,0
M39,test,cycle,160_2b4_Tc_mc_AKGC417L__0,wheeze_score,0,0
M39,test,cycle,160_2b4_Tc_mc_AKGC417L__1,wheeze_score,0,0
M39,test,cycle,160_2b4_Tc_mc_AKGC417L__2,wheeze_score,0,0
M39,test,cycle,160_2b4_Tc_mc_AKGC417L__3,wheeze_score,0,0
M39,test,cycle,160_2b4_Tc_mc_AKGC417L__4,wheeze_score,0,0
M39,test,cycle,160_2b4_Tc_mc_AKGC417L__5,wheeze_score,0,0
M39,test,cycle,160_2b4_Tc_mc_AKGC417L__6,wheeze_score,0,0
M39,test,cycle,165_1b1_Ar_sc_Meditron__0,wheeze_score,0,0
M39,test,cycle,165_1b1_Ar_sc_Meditron__1,wheeze_score,0,0
M39,test,cycle,165_1b1_Ar_sc_Meditron__2,wheeze_score,0,0
M39,test,cycle,165_1b1_Ar_sc_Meditron__3,wheeze_score,0,0
M39,test,cycle,165_1b1_Ar_sc_Meditron__4,wheeze_score,0,0
M39,test,cycle,165_1b1_Ar_sc_Meditron__5,wheeze_score,0,0
M39,test,cycle,165_1b1_Ar_sc_Meditron__6,wheeze_score,0,0
M39,test,cycle,165_1b1_Pl_sc_Meditron__0,wheeze_score,0,0
M39,test,cycle,165_1b1_Pl_sc_Meditron__1,wheeze_score,0,0
M39,test,cycle,165_1b1_Pl_sc_Meditron__2,wheeze_score,0,0
M39,test,cycle,165_1b1_Pl_sc_Meditron__3,wheeze_score,0,0
M39,test,cycle,165_1b1_Pl_sc_Meditron__4,wheeze_score,0,0
M39,test,cycle,165_1b1_Pl_sc_Meditron__5,wheeze_score,0,0
M39,test,cycle,165_1b1_Pl_sc_Meditron__6,wheeze_score,0,0
M39,test,cycle,165_1b1_Pl_sc_Meditron__7,wheeze_score,0,0
M39,test,cycle,165_1b1_Pr_sc_Meditron__0,wheeze_score,0,0
M39,test,cycle,165_1b1_Pr_sc_Meditron__1,wheeze_score,0,0
M39,test,cycle,165_1b1_Pr_sc_Meditron__2,wheeze_score,0,0
M39,test,cycle,165_1b1_Pr_sc_Meditron__3,wheeze_score,0,0
M39,test,cycle,165_1b1_Pr_sc_Meditron__4,wheeze_score,0,0
M39,test,cycle,165_1b1_Pr_sc_Meditron__5,wheeze_score,0,1
M39,test,cycle,165_1b1_Pr_sc_Meditron__6,wheeze_score,0,0
M39,test,cycle,165_1b1_Pr_sc_Meditron__7,wheeze_score,0,0
M39,test,cycle,169_1b1_Lr_sc_Meditron__0,wheeze_score,0,0
M39,test,cycle,169_1b1_Lr_sc_Meditron__1,wheeze_score,0,0
M39,test,cycle,169_1b1_Lr_sc_Meditron__2,wheeze_score,0.05330490405,0
M39,test,cycle,169_1b1_Lr_sc_Meditron__3,wheeze_score,0,0
M39,test,cycle,169_1b1_Lr_sc_Meditron__4,wheeze_score,0.09621765096,0
M39,test,cycle,169_1b1_Lr_sc_Meditron__5,wheeze_score,0,0
M39,test,cycle,169_1b1_Lr_sc_Meditron__6,wheeze_score,0,0
M39,test,cycle,169_1b2_Ll_sc_Meditron__0,wheeze_score,0,0
M39,test,cycle,169_1b2_Ll_sc_Meditron__1,wheeze_score,0,0
M39,test,cycle,169_1b2_Ll_sc_Meditron__2,wheeze_score,0,0
M39,test,cycle,169_1b2_Ll_sc_Meditron__3,wheeze_score,0,0
M39,test,cycle,169_1b2_Ll_sc_Meditron__4,wheeze_score,0.0933572711,0
M39,test,cycle,169_1b2_Ll_sc_Meditron__5,wheeze_score,0,0
M39,test,cycle,169_1b2_Ll_sc_Meditron__6,wheeze_score,0,0
M39,test,cycle,170_1b2_Al_mc_AKGC417L__0,wheeze_score,0.1513240858,0
M39,test,cycle,170_1b2_Al_mc_AKGC417L__1,wheeze_score,0.07405022537,0
M39,test,cycle,170_1b2_Al_mc_AKGC417L__2,wheeze_score,0.03277613897,0
M39,test,cycle,170_1b2_Al_mc_AKGC417L__3,wheeze_score,0,0
M39,test,cycle,170_1b2_Al_mc_AKGC417L__4,wheeze_score,0.03588907015,0
M39,test,cycle,170_1b2_Ar_mc_AKGC417L__0,wheeze_score,0.1923076923,0
M39,test,cycle,170_1b2_Ar_mc_AKGC417L__1,wheeze_score,0.1609787508,0
M39,test,cycle,170_1b2_Ar_mc_AKGC417L__2,wheeze_score,0.1474926254,0
M39,test,cycle,170_1b2_Ar_mc_AKGC417L__3,wheeze_score,0.04395604396,0
M39,test,cycle,170_1b2_Ar_mc_AKGC417L__4,wheeze_score,0.088091354,0
M39,test,cycle,170_1b2_Lr_mc_AKGC417L__0,wheeze_score,0.1292559899,0
M39,test,cycle,170_1b2_Lr_mc_AKGC417L__1,wheeze_score,0.04829362524,0
M39,test,cycle,170_1b2_Lr_mc_AKGC417L__2,wheeze_score,0,0
M39,test,cycle,170_1b2_Lr_mc_AKGC417L__3,wheeze_score,0.05337519623,0
M39,test,cycle,170_1b2_Lr_mc_AKGC417L__4,wheeze_score,0,0
M39,test,cycle,170_1b2_Pl_mc_AKGC417L__0,wheeze_score,0,0
M39,test,cycle,170_1b2_Pl_mc_AKGC417L__1,wheeze_score,0,0
M39,test,cycle,170_1b2_Pl_mc_AKGC417L__2,wheeze_score,0.03605375287,0
M39,test,cycle,170_1b2_Pl_mc_AKGC417L__3,wheeze_score,0,0
M39,test,cycle,170_1b2_Pl_mc_AKGC417L__4,wheeze_score,0,0
M39,test,cycle,170_1b2_Pr_mc_AKGC417L__0,wheeze_score,0,0
M39,test,cycle,170_1b2_Pr_mc_AKGC417L__1,wheeze_score,0,0
M39,test,cycle,170_1b2_Pr_mc_AKGC417L__2,wheeze_score,0.07538511963,0
M39,test,cycle,170_1b2_Pr_mc_AKGC417L__3,wheeze_score,0,0
M39,test,cycle,170_1b2_Pr_mc_AKGC417L__4,wheeze_score,0,0
M39,test,cycle,170_1b2_Tc_mc_AKGC417L__0,wheeze_score,0.04413619168,0
M39,test,cycle,170_1b2_Tc_mc_AKGC417L__1,wheeze_score,0.2446877012,0
M39,test,cycle,170_1b2_Tc_mc_AKGC417L__2,wheeze_score,0.03605375287,0
M39,test,cycle,170_1b2_Tc_mc_AKGC417L__3,wheeze_score,0.05023547881,0
M39,test,cycle,170_1b2_Tc_mc_AKGC417L__4,wheeze_score,0.06525285481,0
M39,test,cycle,170_1b3_Al_mc_AKGC417L__0,wheeze_score,0.08884501481,0
M39,test,cycle,170_1b3_Al_mc_AKGC417L__1,wheeze_score,0.119090581,0
M39,test,cycle,170_1b3_Al_mc_AKGC417L__2,wheeze_score,0.05193905817,0
M39,test,cycle,170_1b3_Al_mc_AKGC417L__3,wheeze_score,0,0
M39,test,cycle,170_1b3_Al_mc_AKGC417L__4,wheeze_score,0.04098360656,0
M39,test,cycle,170_1b3_Al_mc_AKGC417L__5,wheeze_score,0.05478451424,0
M39,test,cycle,170_1b3_Ar_mc_AKGC417L__0,wheeze_score,0.2402105956,0
M39,test,cycle,170_1b3_Ar_mc_AKGC417L__1,wheeze_score,0.2093107182,0
M39,test,cycle,170_1b3_Ar_mc_AKGC417L__2,wheeze_score,0.07617728532,0
M39,test,cycle,170_1b3_Ar_mc_AKGC417L__3,wheeze_score,0.05657237937,0
M39,test,cycle,170_1b3_Ar_mc_AKGC417L__4,wheeze_score,0.08827238335,0
M39,test,cycle,170_1b3_Ar_mc_AKGC417L__5,wheeze_score,0.2118334551,0
M39,test,cycle,170_1b3_Ll_mc_AKGC417L__0,wheeze_score,0,0
M39,test,cycle,170_1b3_Ll_mc_AKGC417L__1,wheeze_score,0.04691447131,0
M39,test,cycle,170_1b3_Ll_mc_AKGC417L__2,wheeze_score,0,0
M39,test,cycle,170_1b3_Ll_mc_AKGC417L__3,wheeze_score,0,0
M39,test,cycle,170_1b3_Ll_mc_AKGC417L__4,wheeze_score,0,0
M39,test,cycle,170_1b3_Ll_mc_AKGC417L__5,wheeze_score,0,0
M39,test,cycle,170_1b3_Lr_mc_AKGC417L__0,wheeze_score,0.09213557091,0
M39,test,cycle,170_1b3_Lr_mc_AKGC417L__1,wheeze_score,0.06134969325,0
M39,test,cycle,170_1b3_Lr_mc_AKGC417L__2,wheeze_score,0.03462603878,0
M39,test,cycle,170_1b3_Lr_mc_AKGC417L__3,wheeze_score,0.08985024958,0
M39,test,cycle,170_1b3_Lr_mc_AKGC417L__4,wheeze_score,0,0
M39,test,cycle,170_1b3_Lr_mc_AKGC417L__5,wheeze_score,0.1205259313,0
M39,test,cycle,170_1b3_Pl_mc_AKGC417L__0,wheeze_score,0,0
M39,test,cycle,170_1b3_Pl_mc_AKGC417L__1,wheeze_score,0.04330566582,0
M39,test,cycle,170_1b3_Pl_mc_AKGC417L__2,wheeze_score,0.03462603878,0
M39,test,cycle,170_1b3_Pl_mc_AKGC417L__3,wheeze_score,0.03993344426,0
M39,test,cycle,170_1b3_Pl_mc_AKGC417L__4,wheeze_score,0.0472887768,0
M39,test,cycle,170_1b3_Pl_mc_AKGC417L__5,wheeze_score,0,0
M39,test,cycle,170_1b3_Pr_mc_AKGC417L__0,wheeze_score,0.04277722935,0
M39,test,cycle,170_1b3_Pr_mc_AKGC417L__1,wheeze_score,0,0
M39,test,cycle,170_1b3_Pr_mc_AKGC417L__2,wheeze_score,0,0
M39,test,cycle,170_1b3_Pr_mc_AKGC417L__3,wheeze_score,0.09317803661,0
M39,test,cycle,170_1b3_Pr_mc_AKGC417L__4,wheeze_score,0.06620428752,0
M39,test,cycle,170_1b3_Pr_mc_AKGC417L__5,wheeze_score,0.1022644266,0
M39,test,cycle,170_1b3_Tc_mc_AKGC417L__0,wheeze_score,0.07568279039,0
M39,test,cycle,170_1b3_Tc_mc_AKGC417L__1,wheeze_score,0.133525803,0
M39,test,cycle,170_1b3_Tc_mc_AKGC417L__2,wheeze_score,0.03462603878,0
M39,test,cycle,170_1b3_Tc_mc_AKGC417L__3,wheeze_score,0.08652246256,0
M39,test,cycle,170_1b3_Tc_mc_AKGC417L__4,wheeze_score,0.1860025221,0
M39,test,cycle,170_1b3_Tc_mc_AKGC417L__5,wheeze_score,0.09130752374,0
M39,test,cycle,170_1b4_Al_mc_AKGC417L__0,wheeze_score,0.03169572108,0
M39,test,cycle,170_1b4_Al_mc_AKGC417L__1,wheeze_score,0.03327787022,0
M39,test,cycle,170_1b4_Al_mc_AKGC417L__2,wheeze_score,0.04804612428,0
M39,test,cycle,170_1b4_Al_mc_AKGC417L__3,wheeze_score,0,0
M39,test,cycle,170_1b4_Al_mc_AKGC417L__4,wheeze_score,0.04303210857,0
M39,test,cycle,170_1b4_Al_mc_AKGC417L__5,wheeze_score,0.07174048659,0
M39,test,cycle,170_1b4_Ar_mc_AKGC417L__0,wheeze_score,0.03169572108,0
M39,test,cycle,170_1b4_Ar_mc_AKGC417L__1,wheeze_score,0.1297836938,1
M39,test,cycle,170_1b4_Ar_mc_AKGC417L__2,wheeze_score,0.1473414478,1
M39,test,cycle,170_1b4_Ar_mc_AKGC417L__3,wheeze_score,0.174205379,1
M39,test,cycle,170_1b4_Ar_mc_AKGC417L__4,wheeze_score,0.06951340616,1
M39,test,cycle,170_1b4_Ar_mc_AKGC417L__5,wheeze_score,0.07174048659,1
M39,test,cycle,170_1b4_Lr_mc_AKGC417L__0,wheeze_score,0.145800317,0
M39,test,cycle,170_1b4_Lr_mc_AKGC417L__1,wheeze_score,0.1697171381,0
M39,test,cycle,170_1b4_Lr_mc_AKGC417L__2,wheeze_score,0.131326073,0
M39,test,cycle,170_1b4_Lr_mc_AKGC417L__3,wheeze_score,0.07334963325,0
M39,test,cycle,170_1b4_Lr_mc_AKGC417L__4,wheeze_score,0,0
M39,test,cycle,170_1b4_Lr_mc_AKGC417L__5,wheeze_score,0.1029320025,0
M39,test,cycle,170_1b4_Pl_mc_AKGC417L__0,wheeze_score,0,0
M39,test,cycle,170_1b4_Pl_mc_AKGC417L__1,wheeze_score,0.03993344426,0
M39,test,cycle,170_1b4_Pl_mc_AKGC417L__2,wheeze_score,0.03523382447,0
M39,test,cycle,170_1b4_Pl_mc_AKGC417L__3,wheeze_score,0.03056234719,0
M39,test,cycle,170_1b4_Pl_mc_AKGC417L__4,wheeze_score,0.03310162198,0
M39,test,cycle,170_1b4_Pl_mc_AKGC417L__5,wheeze_score,0,0
M39,test,cycle,170_1b4_Pr_mc_AKGC417L__0,wheeze_score,0.06022187005,0
M39,test,cycle,170_1b4_Pr_mc_AKGC417L__1,wheeze_score,0,0
M39,test,cycle,170_1b4_Pr_mc_AKGC417L__2,wheeze_score,0.03843689942,0
M39,test,cycle,170_1b4_Pr_mc_AKGC417L__3,wheeze_score,0,0
M39,test,cycle,170_1b4_Pr_mc_AKGC417L__4,wheeze_score,0.1257861635,0
M39,test,cycle,170_1b4_Pr_mc_AKGC417L__5,wheeze_score,0.068621335,0
M39,test,cycle,170_1b4_Tc_mc_AKGC417L__0,wheeze_score,0.1141045959,0
M39,test,cycle,170_1b4_Tc_mc_AKGC417L__1,wheeze_score,0.06988352745,0
M39,test,cycle,170_1b4_Tc_mc_AKGC417L__2,wheeze_score,0,0
M39,test,cycle,170_1b4_Tc_mc_AKGC417L__3,wheeze_score,0.1069682152,0
M39,test,cycle,170_1b4_Tc_mc_AKGC417L__4,wheeze_score,0.03972194638,0
M39,test,cycle,170_1b4_Tc_mc_AKGC417L__5,wheeze_score,0.06238303182,0
M39,test,cycle,170_2b2_Al_mc_AKGC417L__0,wheeze_score,0.05583756345,0
M39,test,cycle,170_2b2_Al_mc_AKGC417L__1,wheeze_score,0,0
M39,test,cycle,170_2b2_Al_mc_AKGC417L__2,wheeze_score,0.06912442396,0
M39,test,cycle,170_2b2_Al_mc_AKGC417L__3,wheeze_score,0.1857783472,0
M39,test,cycle,170_2b2_Al_mc_AKGC417L__4,wheeze_score,0.05017246786,0
M39,test,cycle,170_2b2_Al_mc_AKGC417L__5,wheeze_score,0.1520218912,0
M39,test,cycle,170_2b2_Al_mc_AKGC417L__6,wheeze_score,0.1098901099,0
M39,test,cycle,170_2b2_Ar_mc_AKGC417L__0,wheeze_score,0,0
M39,test,cycle,170_2b2_Ar_mc_AKGC417L__1,wheeze_score,0,0
M39,test,cycle,170_2b2_Ar_mc_AKGC417L__2,wheeze_score,0.08887425938,0
M39,test,cycle,170_2b2_Ar_mc_AKGC417L__3,wheeze_score,0.03523382447,0
M39,test,cycle,170_2b2_Ar_mc_AKGC417L__4,wheeze_score,0.06585136406,0
M39,test,cycle,170_2b2_Ar_mc_AKGC417L__5,wheeze_score,0,0
M39,test,cycle,170_2b2_Ar_mc_AKGC417L__6,wheeze_score,0.1398601399,0
M39,test,cycle,170_2b2_Lr_mc_AKGC417L__0,wheeze_score,0,0
M39,test,cycle,170_2b2_Lr_mc_AKGC417L__1,wheeze_score,0.05776831864,0
M39,test,cycle,170_2b2_Lr_mc_AKGC417L__2,wheeze_score,0,0
M39,test,cycle,170_2b2_Lr_mc_AKGC417L__3,wheeze_score,0,0
M39,test,cycle,170_2b2_Lr_mc_AKGC417L__4,wheeze_score,0,0
M39,test,cycle,170_2b2_Lr_mc_AKGC417L__5,wheeze_score,0.06384919428,0
M39,test,cycle,170_2b2_Lr_mc_AKGC417L__6,wheeze_score,0,0
M39,test,cycle,170_2b2_Pl_mc_AKGC417L__0,wheeze_score,0,0
M39,test,cycle,170_2b2_Pl_mc_AKGC417L__1,wheeze_score,0,0
M39,test,cycle,170_2b2_Pl_mc_AKGC417L__2,wheeze_score,0,0
M39,test,cycle,170_2b2_Pl_mc_AKGC417L__3,wheeze_score,0,0
M39,test,cycle,170_2b2_Pl_mc_AKGC417L__4,wheeze_score,0,0
M39,test,cycle,170_2b2_Pl_mc_AKGC417L__5,wheeze_score,0.07601094558,0
M39,test,cycle,170_2b2_Pl_mc_AKGC417L__6,wheeze_score,0,0
M39,test,cycle,170_2b2_Pr_mc_AKGC417L__0,wheeze_score,0,0
M39,test,cycle,170_2b2_Pr_mc_AKGC417L__1,wheeze_score,0,0
M39,test,cycle,170_2b2_Pr_mc_AKGC417L__2,wheeze_score,0,0
M39,test,cycle,170_2b2_Pr_mc_AKGC417L__3,wheeze_score,0,0
M39,test,cycle,170_2b2_Pr_mc_AKGC417L__4,wheeze_score,0,0
M39,test,cycle,170_2b2_Pr_mc_AKGC417L__5,wheeze_score,0,0
M39,test,cycle,170_2b2_Pr_mc_AKGC417L__6,wheeze_score,0,0
M39,test,cycle,170_2b2_Tc_mc_AKGC417L__0,wheeze_score,0.06091370558,0
M39,test,cycle,170_2b2_Tc_mc_AKGC417L__1,wheeze_score,0.0395256917,0
M39,test,cycle,170_2b2_Tc_mc_AKGC417L__2,wheeze_score,0,0
M39,test,cycle,170_2b2_Tc_mc_AKGC417L__3,wheeze_score,0.04163997438,0
M39,test,cycle,170_2b2_Tc_mc_AKGC417L__4,wheeze_score,0.08153026027,0
M39,test,cycle,170_2b2_Tc_mc_AKGC417L__5,wheeze_score,0.03648525388,1
M39,test,cycle,170_2b2_Tc_mc_AKGC417L__6,wheeze_score,0.1498501499,0
M39,test,cycle,171_1b1_Al_sc_Meditron__0,wheeze_score,0,0
M39,test,cycle,171_1b1_Al_sc_Meditron__1,wheeze_score,0,0
M39,test,cycle,171_1b1_Al_sc_Meditron__2,wheeze_score,0,0
M39,test,cycle,171_1b1_Al_sc_Meditron__3,wheeze_score,0,0
M39,test,cycle,171_1b1_Al_sc_Meditron__4,wheeze_score,0,0
M39,test,cycle,171_1b1_Al_sc_Meditron__5,wheeze_score,0,0
M39,test,cycle,171_1b1_Al_sc_Meditron__6,wheeze_score,0,0
M39,test,cycle,171_1b1_Al_sc_Meditron__7,wheeze_score,0,0
M39,test,cycle,171_1b1_Al_sc_Meditron__8,wheeze_score,0,0
M39,test,cycle,173_1b1_Al_sc_Meditron__0,wheeze_score,0,0
M39,test,cycle,173_1b1_Al_sc_Meditron__1,wheeze_score,0,0
M39,test,cycle,173_1b1_Al_sc_Meditron__2,wheeze_score,0,0
M39,test,cycle,173_1b1_Al_sc_Meditron__3,wheeze_score,0,0
M39,test,cycle,173_1b1_Al_sc_Meditron__4,wheeze_score,0,0
M39,test,cycle,173_1b1_Al_sc_Meditron__5,wheeze_score,0,0
M39,test,cycle,173_1b1_Al_sc_Meditron__6,wheeze_score,0,0
M39,test,cycle,173_1b1_Al_sc_Meditron__7,wheeze_score,0,0
M39,test,cycle,173_1b1_Al_sc_Meditron__8,wheeze_score,0,0
M39,test,cycle,173_1b1_Al_sc_Meditron__9,wheeze_score,0,0
M39,test,cycle,173_1b1_Al_sc_Meditron__10,wheeze_score,0,0
M39,test,cycle,173_1b1_Al_sc_Meditron__11,wheeze_score,0,0
M39,test,cycle,173_1b1_Al_sc_Meditron__12,wheeze_score,0,0
M39,test,cycle,174_1p2_Ar_mc_AKGC417L__0,wheeze_score,0,1
M39,test,cycle,174_1p2_Ar_mc_AKGC417L__1,wheeze_score,0.02604845012,0
M39,test,cycle,174_1p2_Ar_mc_AKGC417L__2,wheeze_score,0.03629764065,0
M39,test,cycle,174_1p2_Ar_mc_AKGC417L__3,wheeze_score,0,0
M39,test,cycle,174_1p2_Ar_mc_AKGC417L__4,wheeze_score,0.03085626125,0
M39,test,cycle,174_1p2_Ll_mc_AKGC417L__0,wheeze_score,0,1
M39,test,cycle,174_1p2_Ll_mc_AKGC417L__1,wheeze_score,0,0
M39,test,cycle,174_1p2_Ll_mc_AKGC417L__2,wheeze_score,0,0
M39,test,cycle,174_1p2_Ll_mc_AKGC417L__3,wheeze_score,0,0
M39,test,cycle,174_1p2_Ll_mc_AKGC417L__4,wheeze_score,0,0
M39,test,cycle,174_1p2_Lr_mc_AKGC417L__0,wheeze_score,0,1
M39,test,cycle,174_1p2_Lr_mc_AKGC417L__1,wheeze_score,0,0
M39,test,cycle,174_1p2_Lr_mc_AKGC417L__2,wheeze_score,0,0
M39,test,cycle,174_1p2_Lr_mc_AKGC417L__3,wheeze_score,0.03700277521,0
M39,test,cycle,174_1p2_Lr_mc_AKGC417L__4,wheeze_score,0,0
M39,test,cycle,174_1p2_Pl_mc_AKGC417L__0,wheeze_score,0,1
M39,test,cycle,174_1p2_Pl_mc_AKGC417L__1,wheeze_score,0,0
M39,test,cycle,174_1p2_Pl_mc_AKGC417L__2,wheeze_score,0,0
M39,test,cycle,174_1p2_Pl_mc_AKGC417L__3,wheeze_score,0,0
M39,test,cycle,174_1p2_Pl_mc_AKGC417L__4,wheeze_score,0,0
M39,test,cycle,174_1p2_Pr_mc_AKGC417L__0,wheeze_score,0,1
M39,test,cycle,174_1p2_Pr_mc_AKGC417L__1,wheeze_score,0,0
M39,test,cycle,174_1p2_Pr_mc_AKGC417L__2,wheeze_score,0,0
M39,test,cycle,174_1p2_Pr_mc_AKGC417L__3,wheeze_score,0,0
M39,test,cycle,174_1p2_Pr_mc_AKGC417L__4,wheeze_score,0,0
M39,test,cycle,174_1p2_Tc_mc_AKGC417L__0,wheeze_score,0,0
M39,test,cycle,174_1p2_Tc_mc_AKGC417L__1,wheeze_score,0,0
M39,test,cycle,174_1p2_Tc_mc_AKGC417L__2,wheeze_score,0,0
M39,test,cycle,174_1p2_Tc_mc_AKGC417L__3,wheeze_score,0,0
M39,test,cycle,174_1p2_Tc_mc_AKGC417L__4,wheeze_score,0,0
M39,test,cycle,174_1p3_Ar_mc_AKGC417L__0,wheeze_score,0,0
M39,test,cycle,174_1p3_Ar_mc_AKGC417L__1,wheeze_score,0,0
M39,test,cycle,174_1p3_Ar_mc_AKGC417L__2,wheeze_score,0.03430984429,0
M39,test,cycle,174_1p3_Ar_mc_AKGC417L__3,wheeze_score,0,0
M39,test,cycle,174_1p3_Ar_mc_AKGC417L__4,wheeze_score,0,0
M39,test,cycle,174_1p3_Ll_mc_AKGC417L__0,wheeze_score,0,0
M39,test,cycle,174_1p3_Ll_mc_AKGC417L__1,wheeze_score,0,0
M39,test,cycle,174_1p3_Ll_mc_AKGC417L__2,wheeze_score,0.0290314067,0
M39,test,cycle,174_1p3_Ll_mc_AKGC417L__3,wheeze_score,0.05035780546,0
M39,test,cycle,174_1p3_Ll_mc_AKGC417L__4,wheeze_score,0,0
M39,test,cycle,174_1p3_Lr_mc_AKGC417L__0,wheeze_score,0,0
M39,test,cycle,174_1p3_Lr_mc_AKGC417L__1,wheeze_score,0,0
M39,test,cycle,174_1p3_Lr_mc_AKGC417L__2,wheeze_score,0,0
M39,test,cycle,174_1p3_Lr_mc_AKGC417L__3,wheeze_score,0,0
M39,test,cycle,174_1p3_Lr_mc_AKGC417L__4,wheeze_score,0,0
M39,test,cycle,174_1p3_Pl_mc_AKGC417L__0,wheeze_score,0,0
M39,test,cycle,174_1p3_Pl_mc_AKGC417L__1,wheeze_score,0,0
M39,test,cycle,174_1p3_Pl_mc_AKGC417L__2,wheeze_score,0,0
M39,test,cycle,174_1p3_Pl_mc_AKGC417L__3,wheeze_score,0.02650410814,0
M39,test,cycle,174_1p3_Pl_mc_AKGC417L__4,wheeze_score,0,0
M39,test,cycle,174_1p3_Pr_mc_AKGC417L__0,wheeze_score,0,1
M39,test,cycle,174_1p3_Pr_mc_AKGC417L__1,wheeze_score,0,0
M39,test,cycle,174_1p3_Pr_mc_AKGC417L__2,wheeze_score,0,1
M39,test,cycle,174_1p3_Pr_mc_AKGC417L__3,wheeze_score,0,0
M39,test,cycle,174_1p3_Pr_mc_AKGC417L__4,wheeze_score,0,0
M39,test,cycle,174_1p3_Tc_mc_AKGC417L__0,wheeze_score,0,0
M39,test,cycle,174_1p3_Tc_mc_AKGC417L__1,wheeze_score,0,0
M39,test,cycle,174_1p3_Tc_mc_AKGC417L__2,wheeze_score,0,0
M39,test,cycle,174_1p3_Tc_mc_AKGC417L__3,wheeze_score,0,0
M39,test,cycle,174_1p3_Tc_mc_AKGC417L__4,wheeze_score,0,0
M39,test,cycle,174_1p4_Ar_mc_AKGC417L__0,wheeze_score,0,0
M39,test,cycle,174_1p4_Ar_mc_AKGC417L__1,wheeze_score,0.02475247525,0
M39,test,cycle,174_1p4_Ar_mc_AKGC417L__2,wheeze_score,0,0
M39,test,cycle,174_1p4_Ar_mc_AKGC417L__3,wheeze_score,0,0
M39,test,cycle,174_1p4_Ar_mc_AKGC417L__4,wheeze_score,0,0
M39,test,cycle,174_1p4_Ll_mc_AKGC417L__0,wheeze_score,0,0
M39,test,cycle,174_1p4_Ll_mc_AKGC417L__1,wheeze_score,0,0
M39,test,cycle,174_1p4_Ll_mc_AKGC417L__2,wheeze_score,0,0
M39,test,cycle,174_1p4_Ll_mc_AKGC417L__3,wheeze_score,0.0316532749,0
M39,test,cycle,174_1p4_Ll_mc_AKGC417L__4,wheeze_score,0.09548611111,0
M39,test,cycle,174_1p4_Lr_mc_AKGC417L__0,wheeze_score,0,0
M39,test,cycle,174_1p4_Lr_mc_AKGC417L__1,wheeze_score,0,0
M39,test,cycle,174_1p4_Lr_mc_AKGC417L__2,wheeze_score,0.03299492386,0
M39,test,cycle,174_1p4_Lr_mc_AKGC417L__3,wheeze_score,0,0
M39,test,cycle,174_1p4_Lr_mc_AKGC417L__4,wheeze_score,0.1302083333,0
M39,test,cycle,174_1p4_Pl_mc_AKGC417L__0,wheeze_score,0,0
M39,test,cycle,174_1p4_Pl_mc_AKGC417L__1,wheeze_score,0,0
M39,test,cycle,174_1p4_Pl_mc_AKGC417L__2,wheeze_score,0,0
M39,test,cycle,174_1p4_Pl_mc_AKGC417L__3,wheeze_score,0.024348673,0
M39,test,cycle,174_1p4_Pl_mc_AKGC417L__4,wheeze_score,0.1736111111,0
M39,test,cycle,174_1p4_Pr_mc_AKGC417L__0,wheeze_score,0,0
M39,test,cycle,174_1p4_Pr_mc_AKGC417L__1,wheeze_score,0,0
M39,test,cycle,174_1p4_Pr_mc_AKGC417L__2,wheeze_score,0,0
M39,test,cycle,174_1p4_Pr_mc_AKGC417L__3,wheeze_score,0,0
M39,test,cycle,174_1p4_Pr_mc_AKGC417L__4,wheeze_score,0,0
M39,test,cycle,174_1p4_Tc_mc_AKGC417L__0,wheeze_score,0,0
M39,test,cycle,174_1p4_Tc_mc_AKGC417L__1,wheeze_score,0,0
M39,test,cycle,174_1p4_Tc_mc_AKGC417L__2,wheeze_score,0,0
M39,test,cycle,174_1p4_Tc_mc_AKGC417L__3,wheeze_score,0,0
M39,test,cycle,174_1p4_Tc_mc_AKGC417L__4,wheeze_score,0,0
M39,test,cycle,174_2p3_Al_mc_AKGC417L__0,wheeze_score,0.03436426117,0
M39,test,cycle,174_2p3_Al_mc_AKGC417L__1,wheeze_score,0.05198915009,0
M39,test,cycle,174_2p3_Al_mc_AKGC417L__2,wheeze_score,0.02902155887,0
M39,test,cycle,174_2p3_Al_mc_AKGC417L__3,wheeze_score,0.03839262862,0
M39,test,cycle,174_2p3_Ar_mc_AKGC417L__0,wheeze_score,0,0
M39,test,cycle,174_2p3_Ar_mc_AKGC417L__1,wheeze_score,0,0
M39,test,cycle,174_2p3_Ar_mc_AKGC417L__2,wheeze_score,0,0
M39,test,cycle,174_2p3_Ar_mc_AKGC417L__3,wheeze_score,0,0
M39,test,cycle,174_2p3_Pl_mc_AKGC417L__0,wheeze_score,0,0
M39,test,cycle,174_2p3_Pl_mc_AKGC417L__1,wheeze_score,0,0
M39,test,cycle,174_2p3_Pl_mc_AKGC417L__2,wheeze_score,0,0
M39,test,cycle,174_2p3_Pl_mc_AKGC417L__3,wheeze_score,0,0
M39,test,cycle,174_2p3_Pr_mc_AKGC417L__0,wheeze_score,0,0
M39,test,cycle,174_2p3_Pr_mc_AKGC417L__1,wheeze_score,0,0
M39,test,cycle,174_2p3_Pr_mc_AKGC417L__2,wheeze_score,0,0
M39,test,cycle,174_2p3_Pr_mc_AKGC417L__3,wheeze_score,0,0
M39,test,cycle,174_2p3_Tc_mc_AKGC417L__0,wheeze_score,0,0
M39,test,cycle,174_2p3_Tc_mc_AKGC417L__1,wheeze_score,0,0
M39,test,cycle,174_2p3_Tc_mc_AKGC417L__2,wheeze_score,0,0
M39,test,cycle,174_2p3_Tc_mc_AKGC417L__3,wheeze_score,0,0
M39,test,cycle,175_1b1_Al_sc_Litt3200__0,wheeze_score,0.07126575314,1
M39,test,cycle,175_1b1_Al_sc_Litt3200__1,wheeze_score,0.08717410606,1
M39,test,cycle,175_1b1_Al_sc_Litt3200__2,wheeze_score,0.1279836181,1
M39,test,cycle,175_1b1_Al_sc_Litt3200__3,wheeze_score,0.6129343629,1
M39,test,cycle,175_1b1_Ar_sc_Litt3200__0,wheeze_score,0.1462359839,0
M39,test,cycle,175_1b1_Ar_sc_Litt3200__1,wheeze_score,0.04011461318,1
M39,test,cycle,175_1b1_Ar_sc_Litt3200__2,wheeze_score,0.5424557472,1
M39,test,cycle,175_1b1_Ll_sc_Litt3200__0,wheeze_score,0.0588003675,1
M39,test,cycle,175_1b1_Ll_sc_Litt3200__1,wheeze_score,0.06492715984,0
M39,test,cycle,175_1b1_Ll_sc_Litt3200__2,wheeze_score,0.03687910568,1
M39,test,cycle,175_1b1_Ll_sc_Litt3200__3,wheeze_score,0.5586754736,1
M39,test,cycle,175_1b1_Lr_sc_Litt3200__0,wheeze_score,0.1034340091,0
M39,test,cycle,175_1b1_Lr_sc_Litt3200__1,wheeze_score,0.03539823009,1
M39,test,cycle,175_1b1_Lr_sc_Litt3200__2,wheeze_score,0,1
M39,test,cycle,175_1b1_Lr_sc_Litt3200__3,wheeze_score,0.578313253,1
M39,test,cycle,175_1b1_Pl_sc_Litt3200__0,wheeze_score,0.07419273248,1
M39,test,cycle,175_1b1_Pl_sc_Litt3200__1,wheeze_score,0.06112956811,1
M39,test,cycle,175_1b1_Pl_sc_Litt3200__2,wheeze_score,0.1116928447,1
M39,test,cycle,175_1b1_Pl_sc_Litt3200__3,wheeze_score,0.491483129,1
M39,test,cycle,175_1b1_Pr_sc_Litt3200__0,wheeze_score,0.04952723998,0
M39,test,cycle,175_1b1_Pr_sc_Litt3200__1,wheeze_score,0.1507649102,1
M39,test,cycle,175_1b1_Pr_sc_Litt3200__2,wheeze_score,0.05916894527,1
M39,test,cycle,175_1b1_Pr_sc_Litt3200__3,wheeze_score,0.4577275175,1
M39,test,cycle,176_1b3_Al_mc_AKGC417L__0,wheeze_score,0,0
M39,test,cycle,176_1b3_Al_mc_AKGC417L__1,wheeze_score,0.02430133657,0
M39,test,cycle,176_1b3_Al_mc_AKGC417L__2,wheeze_score,0,0
M39,test,cycle,176_1b3_Al_mc_AKGC417L__3,wheeze_score,0.03640436852,0
M39,test,cycle,176_1b3_Al_mc_AKGC417L__4,wheeze_score,0,0
M39,test,cycle,176_1b3_Al_mc_AKGC417L__5,wheeze_score,0,0
M39,test,cycle,176_1b3_Ar_mc_AKGC417L__0,wheeze_score,0,0
M39,test,cycle,176_1b3_Ar_mc_AKGC417L__1,wheeze_score,0,0
M39,test,cycle,176_1b3_Ar_mc_AKGC417L__2,wheeze_score,0,0
M39,test,cycle,176_1b3_Ar_mc_AKGC417L__3,wheeze_score,0,0
M39,test,cycle,176_1b3_Ar_mc_AKGC417L__4,wheeze_score,0,0
M39,test,cycle,176_1b3_Ar_mc_AKGC417L__5,wheeze_score,0,0
M39,test,cycle,176_1b3_Ll_mc_AKGC417L__0,wheeze_score,0,0
M39,test,cycle,176_1b3_Ll_mc_AKGC417L__1,wheeze_score,0,0
M39,test,cycle,176_1b3_Ll_mc_AKGC417L__2,wheeze_score,0,0
M39,test,cycle,176_1b3_Ll_mc_AKGC417L__3,wheeze_score,0,0
M39,test,cycle,176_1b3_Ll_mc_AKGC417L__4,wheeze_score,0,0
M39,test,cycle,176_1b3_Ll_mc_AKGC417L__5,wheeze_score,0,0
M39,test,cycle,176_1b3_Lr_mc_AKGC417L__0,wheeze_score,0,0
M39,test,cycle,176_1b3_Lr_mc_AKGC417L__1,wheeze_score,0,0
M39,test,cycle,176_1b3_Lr_mc_AKGC417L__2,wheeze_score,0,0
M39,test,cycle,176_1b3_Lr_mc_AKGC417L__3,wheeze_score,0,0
M39,test,cycle,176_1b3_Lr_mc_AKGC417L__4,wheeze_score,0,0
M39,test,cycle,176_1b3_Lr_mc_AKGC417L__5,wheeze_score,0,0
M39,test,cycle,176_1b3_Pl_mc_AKGC417L__0,wheeze_score,0,0
M39,test,cycle,176_1b3_Pl_mc_AKGC417L__1,wheeze_score,0.0340218712,0
M39,test,cycle,176_1b3_Pl_mc_AKGC417L__2,wheeze_score,0,0
M39,test,cycle,176_1b3_Pl_mc_AKGC417L__3,wheeze_score,0,0
M39,test,cycle,176_1b3_Pl_mc_AKGC417L__4,wheeze_score,0,0
M39,test,cycle,176_1b3_Pl_mc_AKGC417L__5,wheeze_score,0,0
M39,test,cycle,176_1b3_Pr_mc_AKGC417L__0,wheeze_score,0,0
M39,test,cycle,176_1b3_Pr_mc_AKGC417L__1,wheeze_score,0,0
M39,test,cycle,176_1b3_Pr_mc_AKGC417L__2,wheeze_score,0,0
M39,test,cycle,176_1b3_Pr_mc_AKGC417L__3,wheeze_score,0,0
M39,test,cycle,176_1b3_Pr_mc_AKGC417L__4,wheeze_score,0,0
M39,test,cycle,176_1b3_Pr_mc_AKGC417L__5,wheeze_score,0,0
M39,test,cycle,176_1b3_Tc_mc_AKGC417L__0,wheeze_score,0.1392891451,0
M39,test,cycle,176_1b3_Tc_mc_AKGC417L__1,wheeze_score,0.06075334143,0
M39,test,cycle,176_1b3_Tc_mc_AKGC417L__2,wheeze_score,0.03881341835,0
M39,test,cycle,176_1b3_Tc_mc_AKGC417L__3,wheeze_score,0.1036124335,0
M39,test,cycle,176_1b3_Tc_mc_AKGC417L__4,wheeze_score,0.02585315408,0
M39,test,cycle,176_1b3_Tc_mc_AKGC417L__5,wheeze_score,0,0
M39,test,cycle,176_1b4_Al_mc_AKGC417L__0,wheeze_score,0,0
M39,test,cycle,176_1b4_Al_mc_AKGC417L__1,wheeze_score,0,0
M39,test,cycle,176_1b4_Al_mc_AKGC417L__2,wheeze_score,0,0
M39,test,cycle,176_1b4_Al_mc_AKGC417L__3,wheeze_score,0,0
M39,test,cycle,176_1b4_Al_mc_AKGC417L__4,wheeze_score,0,0
M39,test,cycle,176_1b4_Al_mc_AKGC417L__5,wheeze_score,0,0
M39,test,cycle,176_1b4_Ar_mc_AKGC417L__0,wheeze_score,0,0
M39,test,cycle,176_1b4_Ar_mc_AKGC417L__1,wheeze_score,0,0
M39,test,cycle,176_1b4_Ar_mc_AKGC417L__2,wheeze_score,0,0
M39,test,cycle,176_1b4_Ar_mc_AKGC417L__3,wheeze_score,0,0
M39,test,cycle,176_1b4_Ar_mc_AKGC417L__4,wheeze_score,0,0
M39,test,cycle,176_1b4_Ar_mc_AKGC417L__5,wheeze_score,0,0
M39,test,cycle,176_1b4_Ll_mc_AKGC417L__0,wheeze_score,0,0
M39,test,cycle,176_1b4_Ll_mc_AKGC417L__1,wheeze_score,0.0526478786,0
M39,test,cycle,176_1b4_Ll_mc_AKGC417L__2,wheeze_score,0.07357268982,0
M39,test,cycle,176_1b4_Ll_mc_AKGC417L__3,wheeze_score,0,0
M39,test,cycle,176_1b4_Ll_mc_AKGC417L__4,wheeze_score,0,0
M39,test,cycle,176_1b4_Ll_mc_AKGC417L__5,wheeze_score,0,0
M39,test,cycle,176_1b4_Lr_mc_AKGC417L__0,wheeze_score,0,0
M39,test,cycle,176_1b4_Lr_mc_AKGC417L__1,wheeze_score,0,0
M39,test,cycle,176_1b4_Lr_mc_AKGC417L__2,wheeze_score,0,0
M39,test,cycle,176_1b4_Lr_mc_AKGC417L__3,wheeze_score,0,0
M39,test,cycle,176_1b4_Lr_mc_AKGC417L__4,wheeze_score,0,0
M39,test,cycle,176_1b4_Lr_mc_AKGC417L__5,wheeze_score,0,0
M39,test,cycle,176_1b4_Pl_mc_AKGC417L__0,wheeze_score,0,0
M39,test,cycle,176_1b4_Pl_mc_AKGC417L__1,wheeze_score,0,0
M39,test,cycle,176_1b4_Pl_mc_AKGC417L__2,wheeze_score,0.03531489111,0
M39,test,cycle,176_1b4_Pl_mc_AKGC417L__3,wheeze_score,0,0
M39,test,cycle,176_1b4_Pl_mc_AKGC417L__4,wheeze_score,0,0
M39,test,cycle,176_1b4_Pl_mc_AKGC417L__5,wheeze_score,0,0
M39,test,cycle,176_1b4_Pr_mc_AKGC417L__0,wheeze_score,0,0
M39,test,cycle,176_1b4_Pr_mc_AKGC417L__1,wheeze_score,0,0
M39,test,cycle,176_1b4_Pr_mc_AKGC417L__2,wheeze_score,0,0
M39,test,cycle,176_1b4_Pr_mc_AKGC417L__3,wheeze_score,0,0
M39,test,cycle,176_1b4_Pr_mc_AKGC417L__4,wheeze_score,0,0
M39,test,cycle,176_1b4_Pr_mc_AKGC417L__5,wheeze_score,0,0
M39,test,cycle,176_1b4_Tc_mc_AKGC417L__0,wheeze_score,0,0
M39,test,cycle,176_1b4_Tc_mc_AKGC417L__1,wheeze_score,0.03716320842,0
M39,test,cycle,176_1b4_Tc_mc_AKGC417L__2,wheeze_score,0.03825779871,0
M39,test,cycle,176_1b4_Tc_mc_AKGC417L__3,wheeze_score,0.02899391128,0
M39,test,cycle,176_1b4_Tc_mc_AKGC417L__4,wheeze_score,0.1142041399,0
M39,test,cycle,176_1b4_Tc_mc_AKGC417L__5,wheeze_score,0,0
M39,test,cycle,176_2b3_Al_mc_AKGC417L__0,wheeze_score,0,0
M39,test,cycle,176_2b3_Al_mc_AKGC417L__1,wheeze_score,0,0
M39,test,cycle,176_2b3_Al_mc_AKGC417L__2,wheeze_score,0,0
M39,test,cycle,176_2b3_Al_mc_AKGC417L__3,wheeze_score,0,0
M39,test,cycle,176_2b3_Al_mc_AKGC417L__4,wheeze_score,0,0
M39,test,cycle,176_2b3_Al_mc_AKGC417L__5,wheeze_score,0,0
M39,test,cycle,176_2b3_Al_mc_AKGC417L__6,wheeze_score,0,0
M39,test,cycle,176_2b3_Ar_mc_AKGC417L__0,wheeze_score,0,0
M39,test,cycle,176_2b3_Ar_mc_AKGC417L__1,wheeze_score,0.03939393939,0
M39,test,cycle,176_2b3_Ar_mc_AKGC417L__2,wheeze_score,0,0
M39,test,cycle,176_2b3_Ar_mc_AKGC417L__3,wheeze_score,0,0
M39,test,cycle,176_2b3_Ar_mc_AKGC417L__4,wheeze_score,0,0
M39,test,cycle,176_2b3_Ar_mc_AKGC417L__5,wheeze_score,0,0
M39,test,cycle,176_2b3_Ar_mc_AKGC417L__6,wheeze_score,0,0
M39,test,cycle,176_2b3_Ll_mc_AKGC417L__0,wheeze_score,0,0
M39,test,cycle,176_2b3_Ll_mc_AKGC417L__1,wheeze_score,0,0
M39,test,cycle,176_2b3_Ll_mc_AKGC417L__2,wheeze_score,0,0
M39,test,cycle,176_2b3_Ll_mc_AKGC417L__3,wheeze_score,0,0
M39,test,cycle,176_2b3_Ll_mc_AKGC417L__4,wheeze_score,0,0
M39,test,cycle,176_2b3_Ll_mc_AKGC417L__5,wheeze_score,0,0
M39,test,cycle,176_2b3_Ll_mc_AKGC417L__6,wheeze_score,0,0
M39,test,cycle,176_2b3_Lr_mc_AKGC417L__0,wheeze_score,0,0
M39,test,cycle,176_2b3_Lr_mc_AKGC417L__1,wheeze_score,0,0
M39,test,cycle,176_2b3_Lr_mc_AKGC417L__2,wheeze_score,0,0
M39,test,cycle,176_2b3_Lr_mc_AKGC417L__3,wheeze_score,0,0
M39,test,cycle,176_2b3_Lr_mc_AKGC417L__4,wheeze_score,0.03917727718,0
M39,test,cycle,176_2b3_Lr_mc_AKGC417L__5,wheeze_score,0,0
M39,test,cycle,176_2b3_Lr_mc_AKGC417L__6,wheeze_score,0,0
M39,test,cycle,176_2b3_Pl_mc_AKGC417L__0,wheeze_score,0,0
M39,test,cycle,176_2b3_Pl_mc_AKGC417L__1,wheeze_score,0,0
M39,test,cycle,176_2b3_Pl_mc_AKGC417L__2,wheeze_score,0,0
M39,test,cycle,176_2b3_Pl_mc_AKGC417L__3,wheeze_score,0,0
M39,test,cycle,176_2b3_Pl_mc_AKGC417L__4,wheeze_score,0,0
M39,test,cycle,176_2b3_Pl_mc_AKGC417L__5,wheeze_score,0,0
M39,test,cycle,176_2b3_Pl_mc_AKGC417L__6,wheeze_score,0,0
M39,test,cycle,176_2b3_Pr_mc_AKGC417L__0,wheeze_score,0,0
M39,test,cycle,176_2b3_Pr_mc_AKGC417L__1,wheeze_score,0.0303030303,0
M39,test,cycle,176_2b3_Pr_mc_AKGC417L__2,wheeze_score,0.08591065292,0
M39,test,cycle,176_2b3_Pr_mc_AKGC417L__3,wheeze_score,0,0
M39,test,cycle,176_2b3_Pr_mc_AKGC417L__4,wheeze_score,0,0
M39,test,cycle,176_2b3_Pr_mc_AKGC417L__5,wheeze_score,0,0
M39,test,cycle,176_2b3_Pr_mc_AKGC417L__6,wheeze_score,0,0
M39,test,cycle,176_2b3_Tc_mc_AKGC417L__0,wheeze_score,0,0
M39,test,cycle,176_2b3_Tc_mc_AKGC417L__1,wheeze_score,0.03333333333,0
M39,test,cycle,176_2b3_Tc_mc_AKGC417L__2,wheeze_score,0.05841924399,0
M39,test,cycle,176_2b3_Tc_mc_AKGC417L__3,wheeze_score,0,0
M39,test,cycle,176_2b3_Tc_mc_AKGC417L__4,wheeze_score,0.1240613777,0
M39,test,cycle,176_2b3_Tc_mc_AKGC417L__5,wheeze_score,0.07133152174,0
M39,test,cycle,176_2b3_Tc_mc_AKGC417L__6,wheeze_score,0.07567567568,0
M39,test,cycle,177_1b2_Al_mc_AKGC417L__0,wheeze_score,0.01871782873,0
M39,test,cycle,177_1b2_Al_mc_AKGC417L__1,wheeze_score,0,0
M39,test,cycle,177_1b2_Al_mc_AKGC417L__2,wheeze_score,0,0
M39,test,cycle,177_1b2_Al_mc_AKGC417L__3,wheeze_score,0,0
M39,test,cycle,177_1b2_Ar_mc_AKGC417L__0,wheeze_score,0.01715800967,0
M39,test,cycle,177_1b2_Ar_mc_AKGC417L__1,wheeze_score,0.09343226161,0
M39,test,cycle,177_1b2_Ar_mc_AKGC417L__2,wheeze_score,0.15625,0
M39,test,cycle,177_1b2_Ar_mc_AKGC417L__3,wheeze_score,0.1073749647,0
M39,test,cycle,177_1b2_Lr_mc_AKGC417L__0,wheeze_score,0.02651692404,0
M39,test,cycle,177_1b2_Lr_mc_AKGC417L__1,wheeze_score,0.03022808464,0
M39,test,cycle,177_1b2_Lr_mc_AKGC417L__2,wheeze_score,0.02864583333,0
M39,test,cycle,177_1b2_Lr_mc_AKGC417L__3,wheeze_score,0.03108222662,0
M39,test,cycle,177_1b2_Pl_mc_AKGC417L__0,wheeze_score,0.2324130401,0
M39,test,cycle,177_1b2_Pl_mc_AKGC417L__1,wheeze_score,0.2445726848,0
M39,test,cycle,177_1b2_Pl_mc_AKGC417L__2,wheeze_score,0.1588541667,0
M39,test,cycle,177_1b2_Pl_mc_AKGC417L__3,wheeze_score,0.1158519356,0
M39,test,cycle,177_1b2_Pr_mc_AKGC417L__0,wheeze_score,0.3275620028,0
M39,test,cycle,177_1b2_Pr_mc_AKGC417L__1,wheeze_score,0.2280846386,1
M39,test,cycle,177_1b2_Pr_mc_AKGC417L__2,wheeze_score,0.09895833333,1
M39,test,cycle,177_1b2_Pr_mc_AKGC417L__3,wheeze_score,0.2571347838,1
M39,test,cycle,177_1b2_Tc_mc_AKGC417L__0,wheeze_score,0.07019185774,0
M39,test,cycle,177_1b2_Tc_mc_AKGC417L__1,wheeze_score,0.1099203078,0
M39,test,cycle,177_1b2_Tc_mc_AKGC417L__2,wheeze_score,0.109375,0
M39,test,cycle,177_1b2_Tc_mc_AKGC417L__3,wheeze_score,0.03390788358,0
M39,test,cycle,177_1b4_Al_mc_AKGC417L__0,wheeze_score,0,0
M39,test,cycle,177_1b4_Al_mc_AKGC417L__1,wheeze_score,0,0
M39,test,cycle,177_1b4_Al_mc_AKGC417L__2,wheeze_score,0.03486529319,0
M39,test,cycle,177_1b4_Al_mc_AKGC417L__3,wheeze_score,0,0
M39,test,cycle,177_1b4_Al_mc_AKGC417L__4,wheeze_score,0,0
M39,test,cycle,177_1b4_Ar_mc_AKGC417L__0,wheeze_score,0.07986688852,0
M39,test,cycle,177_1b4_Ar_mc_AKGC417L__1,wheeze_score,0.1436781609,0
M39,test,cycle,177_1b4_Ar_mc_AKGC417L__2,wheeze_score,0.1267828843,0
M39,test,cycle,177_1b4_Ar_mc_AKGC417L__3,wheeze_score,0.1355932203,0
M39,test,cycle,177_1b4_Ar_mc_AKGC417L__4,wheeze_score,0.0553283618,0
M39,test,cycle,177_1b4_Lr_mc_AKGC417L__0,wheeze_score,0,0
M39,test,cycle,177_1b4_Lr_mc_AKGC417L__1,wheeze_score,0,0
M39,test,cycle,177_1b4_Lr_mc_AKGC417L__2,wheeze_score,0,0
M39,test,cycle,177_1b4_Lr_mc_AKGC417L__3,wheeze_score,0,0
M39,test,cycle,177_1b4_Lr_mc_AKGC417L__4,wheeze_score,0,0
M39,test,cycle,177_1b4_Pl_mc_AKGC417L__0,wheeze_score,0.09650582363,0
M39,test,cycle,177_1b4_Pl_mc_AKGC417L__1,wheeze_score,0.09504862953,0
M39,test,cycle,177_1b4_Pl_mc_AKGC417L__2,wheeze_score,0.145800317,0
M39,test,cycle,177_1b4_Pl_mc_AKGC417L__3,wheeze_score,0.1073446328,0
M39,test,cycle,177_1b4_Pl_mc_AKGC417L__4,wheeze_score,0.1130623045,0
M39,test,cycle,177_1b4_Pr_mc_AKGC417L__0,wheeze_score,0.0765391015,1
M39,test,cycle,177_1b4_Pr_mc_AKGC417L__1,wheeze_score,0.1105216622,1
M39,test,cycle,177_1b4_Pr_mc_AKGC417L__2,wheeze_score,0.08874801902,1
M39,test,cycle,177_1b4_Pr_mc_AKGC417L__3,wheeze_score,0.1779661017,1
M39,test,cycle,177_1b4_Pr_mc_AKGC417L__4,wheeze_score,0.137118114,1
M39,test,cycle,177_1b4_Tc_mc_AKGC417L__0,wheeze_score,0,0
M39,test,cycle,177_1b4_Tc_mc_AKGC417L__1,wheeze_score,0.02431476569,0
M39,test,cycle,177_1b4_Tc_mc_AKGC417L__2,wheeze_score,0.04437400951,0
M39,test,cycle,177_1b4_Tc_mc_AKGC417L__3,wheeze_score,0,0
M39,test,cycle,177_1b4_Tc_mc_AKGC417L__4,wheeze_score,0,0
M39,test,cycle,177_2b4_Al_mc_AKGC417L__0,wheeze_score,0,0
M39,test,cycle,177_2b4_Al_mc_AKGC417L__1,wheeze_score,0,0
M39,test,cycle,177_2b4_Al_mc_AKGC417L__2,wheeze_score,0.07712082262,0
M39,test,cycle,177_2b4_Al_mc_AKGC417L__3,wheeze_score,0.02796550921,0
M39,test,cycle,177_2b4_Al_mc_AKGC417L__4,wheeze_score,0.1669195751,0
M39,test,cycle,177_2b4_Lr_mc_AKGC417L__0,wheeze_score,0,0
M39,test,cycle,177_2b4_Lr_mc_AKGC417L__1,wheeze_score,0,0
M39,test,cycle,177_2b4_Lr_mc_AKGC417L__2,wheeze_score,0,0
M39,test,cycle,177_2b4_Lr_mc_AKGC417L__3,wheeze_score,0,0
M39,test,cycle,177_2b4_Lr_mc_AKGC417L__4,wheeze_score,0,0
M39,test,cycle,177_2b4_Pl_mc_AKGC417L__0,wheeze_score,0.02875629044,0
M39,test,cycle,177_2b4_Pl_mc_AKGC417L__1,wheeze_score,0,0
M39,test,cycle,177_2b4_Pl_mc_AKGC417L__2,wheeze_score,0.04370179949,0
M39,test,cycle,177_2b4_Pl_mc_AKGC417L__3,wheeze_score,0.08622698672,0
M39,test,cycle,177_2b4_Pl_mc_AKGC417L__4,wheeze_score,0,0
M39,test,cycle,177_2b4_Pr_mc_AKGC417L__0,wheeze_score,0.1102324467,0
M39,test,cycle,177_2b4_Pr_mc_AKGC417L__1,wheeze_score,0.1026894866,0
M39,test,cycle,177_2b4_Pr_mc_AKGC417L__2,wheeze_score,0.04370179949,0
M39,test,cycle,177_2b4_Pr_mc_AKGC417L__3,wheeze_score,0.06292239571,0
M39,test,cycle,177_2b4_Pr_mc_AKGC417L__4,wheeze_score,0.07587253414,0
M39,test,cycle,177_2b4_Tc_mc_AKGC417L__0,wheeze_score,0.06709801102,0
M39,test,cycle,177_2b4_Tc_mc_AKGC417L__1,wheeze_score,0.02444987775,0
M39,test,cycle,177_2b4_Tc_mc_AKGC417L__2,wheeze_score,0.05655526992,0
M39,test,cycle,177_2b4_Tc_mc_AKGC417L__3,wheeze_score,0.023304591,0
M39,test,cycle,177_2b4_Tc_mc_AKGC417L__4,wheeze_score,0.08345978756,0
M39,test,cycle,178_1b2_Al_mc_AKGC417L__0,wheeze_score,0,0
M39,test,cycle,178_1b2_Al_mc_AKGC417L__1,wheeze_score,0,1
M39,test,cycle,178_1b2_Al_mc_AKGC417L__2,wheeze_score,0,1
M39,test,cycle,178_1b2_Al_mc_AKGC417L__3,wheeze_score,0,1
M39,test,cycle,178_1b2_Al_mc_AKGC417L__4,wheeze_score,0,1
M39,test,cycle,178_1b2_Al_mc_AKGC417L__5,wheeze_score,0,0
M39,test,cycle,178_1b2_Al_mc_AKGC417L__6,wheeze_score,0,0
M39,test,cycle,178_1b2_Al_mc_AKGC417L__7,wheeze_score,0,1
M39,test,cycle,178_1b2_Al_mc_AKGC417L__8,wheeze_score,0,1
M39,test,cycle,178_1b2_Al_mc_AKGC417L__9,wheeze_score,0.1238556812,0
M39,test,cycle,178_1b2_Al_mc_AKGC417L__10,wheeze_score,0.05561735261,0
M39,test,cycle,178_1b2_Al_mc_AKGC417L__11,wheeze_score,0.05220692928,0
M39,test,cycle,178_1b2_Ar_mc_AKGC417L__0,wheeze_score,0,1
M39,test,cycle,178_1b2_Ar_mc_AKGC417L__1,wheeze_score,0,1
M39,test,cycle,178_1b2_Ar_mc_AKGC417L__2,wheeze_score,0,1
M39,test,cycle,178_1b2_Ar_mc_AKGC417L__3,wheeze_score,0.1133333333,0
M39,test,cycle,178_1b2_Ar_mc_AKGC417L__4,wheeze_score,0.2147820594,1
M39,test,cycle,178_1b2_Ar_mc_AKGC417L__5,wheeze_score,0,1
M39,test,cycle,178_1b2_Ar_mc_AKGC417L__6,wheeze_score,0,0
M39,test,cycle,178_1b2_Ar_mc_AKGC417L__7,wheeze_score,0.186697783,1
M39,test,cycle,178_1b2_Ar_mc_AKGC417L__8,wheeze_score,0,0
M39,test,cycle,178_1b2_Ar_mc_AKGC417L__9,wheeze_score,0.07539041465,0
M39,test,cycle,178_1b2_Ar_mc_AKGC417L__10,wheeze_score,0.05561735261,0
M39,test,cycle,178_1b2_Ar_mc_AKGC417L__11,wheeze_score,0.0474608448,0
M39,test,cycle,178_1b2_Lr_mc_AKGC417L__0,wheeze_score,0,1
M39,test,cycle,178_1b2_Lr_mc_AKGC417L__1,wheeze_score,0,1
M39,test,cycle,178_1b2_Lr_mc_AKGC417L__2,wheeze_score,0,1
M39,test,cycle,178_1b2_Lr_mc_AKGC417L__3,wheeze_score,0,1
M39,test,cycle,178_1b2_Lr_mc_AKGC417L__4,wheeze_score,0.1389766267,1
M39,test,cycle,178_1b2_Lr_mc_AKGC417L__5,wheeze_score,0,0
M39,test,cycle,178_1b2_Lr_mc_AKGC417L__6,wheeze_score,0.08540925267,0
M39,test,cycle,178_1b2_Lr_mc_AKGC417L__7,wheeze_score,0,1
M39,test,cycle,178_1b2_Lr_mc_AKGC417L__8,wheeze_score,0,0
M39,test,cycle,178_1b2_Lr_mc_AKGC417L__9,wheeze_score,0,0
M39,test,cycle,178_1b2_Lr_mc_AKGC417L__10,wheeze_score,0,0
M39,test,cycle,178_1b2_Lr_mc_AKGC417L__11,wheeze_score,0.06169909824,0
M39,test,cycle,178_1b2_Pl_mc_AKGC417L__0,wheeze_score,0.2504038772,0
M39,test,cycle,178_1b2_Pl_mc_AKGC417L__1,wheeze_score,0.1693719125,0
M39,test,cycle,178_1b2_Pl_mc_AKGC417L__2,wheeze_score,0.2673796791,0
M39,test,cycle,178_1b2_Pl_mc_AKGC417L__3,wheeze_score,0.22,0
M39,test,cycle,178_1b2_Pl_mc_AKGC417L__4,wheeze_score,0.4106127606,0
M39,test,cycle,178_1b2_Pl_mc_AKGC417L__5,wheeze_score,0,0
M39,test,cycle,178_1b2_Pl_mc_AKGC417L__6,wheeze_score,0.3060498221,0
M39,test,cycle,178_1b2_Pl_mc_AKGC417L__7,wheeze_score,0.3208868145,0
M39,test,cycle,178_1b2_Pl_mc_AKGC417L__8,wheeze_score,0.3714285714,0
M39,test,cycle,178_1b2_Pl_mc_AKGC417L__9,wheeze_score,0.3284868067,0
M39,test,cycle,178_1b2_Pl_mc_AKGC417L__10,wheeze_score,0,0
M39,test,cycle,178_1b2_Pl_mc_AKGC417L__11,wheeze_score,0.4556241101,0
M39,test,cycle,178_1b2_Pr_mc_AKGC417L__0,wheeze_score,0,0
M39,test,cycle,178_1b2_Pr_mc_AKGC417L__1,wheeze_score,0,1
M39,test,cycle,178_1b2_Pr_mc_AKGC417L__2,wheeze_score,0,1
M39,test,cycle,178_1b2_Pr_mc_AKGC417L__3,wheeze_score,0,1
M39,test,cycle,178_1b2_Pr_mc_AKGC417L__4,wheeze_score,0.07580543272,1
M39,test,cycle,178_1b2_Pr_mc_AKGC417L__5,wheeze_score,0.1183765502,1
M39,test,cycle,178_1b2_Pr_mc_AKGC417L__6,wheeze_score,0,0
M39,test,cycle,178_1b2_Pr_mc_AKGC417L__7,wheeze_score,0,1
M39,test,cycle,178_1b2_Pr_mc_AKGC417L__8,wheeze_score,0,0
M39,test,cycle,178_1b2_Pr_mc_AKGC417L__9,wheeze_score,0,0
M39,test,cycle,178_1b2_Pr_mc_AKGC417L__10,wheeze_score,0.05561735261,0
M39,test,cycle,178_1b2_Pr_mc_AKGC417L__11,wheeze_score,0,0
M39,test,cycle,178_1b2_Tc_mc_AKGC417L__0,wheeze_score,0.09693053312,0
M39,test,cycle,178_1b2_Tc_mc_AKGC417L__1,wheeze_score,0,1
M39,test,cycle,178_1b2_Tc_mc_AKGC417L__2,wheeze_score,0,1
M39,test,cycle,178_1b2_Tc_mc_AKGC417L__3,wheeze_score,0,1
M39,test,cycle,178_1b2_Tc_mc_AKGC417L__4,wheeze_score,0.07580543272,0
M39,test,cycle,178_1b2_Tc_mc_AKGC417L__5,wheeze_score,0.07891770011,0
M39,test,cycle,178_1b2_Tc_mc_AKGC417L__6,wheeze_score,0,0
M39,test,cycle,178_1b2_Tc_mc_AKGC417L__7,wheeze_score,0.3325554259,1
M39,test,cycle,178_1b2_Tc_mc_AKGC417L__8,wheeze_score,0.2342857143,1
M39,test,cycle,178_1b2_Tc_mc_AKGC417L__9,wheeze_score,0.07000538503,0
M39,test,cycle,178_1b2_Tc_mc_AKGC417L__10,wheeze_score,0,0
M39,test,cycle,178_1b2_Tc_mc_AKGC417L__11,wheeze_score,0.1566207879,0
M39,test,cycle,178_1b3_Al_mc_AKGC417L__0,wheeze_score,0,1
M39,test,cycle,178_1b3_Al_mc_AKGC417L__1,wheeze_score,0,1
M39,test,cycle,178_1b3_Al_mc_AKGC417L__2,wheeze_score,0,1
M39,test,cycle,178_1b3_Al_mc_AKGC417L__3,wheeze_score,0.03149606299,0
M39,test,cycle,178_1b3_Al_mc_AKGC417L__4,wheeze_score,0,0
M39,test,cycle,178_1b3_Ar_mc_AKGC417L__0,wheeze_score,0.06097560976,0
M39,test,cycle,178_1b3_Ar_mc_AKGC417L__1,wheeze_score,0.02540650407,0
M39,test,cycle,178_1b3_Ar_mc_AKGC417L__2,wheeze_score,0,1
M39,test,cycle,178_1b3_Ar_mc_AKGC417L__3,wheeze_score,0.04094488189,0
M39,test,cycle,178_1b3_Ar_mc_AKGC417L__4,wheeze_score,0.08351488744,0
M39,test,cycle,178_1b3_Lr_mc_AKGC417L__0,wheeze_score,0,0
M39,test,cycle,178_1b3_Lr_mc_AKGC417L__1,wheeze_score,0.02540650407,0
M39,test,cycle,178_1b3_Lr_mc_AKGC417L__2,wheeze_score,0,0
M39,test,cycle,178_1b3_Lr_mc_AKGC417L__3,wheeze_score,0,0
M39,test,cycle,178_1b3_Lr_mc_AKGC417L__4,wheeze_score,0,0
M39,test,cycle,178_1b3_Pl_mc_AKGC417L__0,wheeze_score,0.02794715447,0
M39,test,cycle,178_1b3_Pl_mc_AKGC417L__1,wheeze_score,0.1270325203,0
M39,test,cycle,178_1b3_Pl_mc_AKGC417L__2,wheeze_score,0,0
M39,test,cycle,178_1b3_Pl_mc_AKGC417L__3,wheeze_score,0,0
M39,test,cycle,178_1b3_Pl_mc_AKGC417L__4,wheeze_score,0.1924473493,0
M39,test,cycle,178_1b3_Pr_mc_AKGC417L__0,wheeze_score,0.02540650407,0
M39,test,cycle,178_1b3_Pr_mc_AKGC417L__1,wheeze_score,0.02794715447,0
M39,test,cycle,178_1b3_Pr_mc_AKGC417L__2,wheeze_score,0,0
M39,test,cycle,178_1b3_Pr_mc_AKGC417L__3,wheeze_score,0.04724409449,0
M39,test,cycle,178_1b3_Pr_mc_AKGC417L__4,wheeze_score,0,0
M39,test,cycle,178_1b3_Tc_mc_AKGC417L__0,wheeze_score,0.1143292683,0
M39,test,cycle,178_1b3_Tc_mc_AKGC417L__1,wheeze_score,0.1448170732,0
M39,test,cycle,178_1b3_Tc_mc_AKGC417L__2,wheeze_score,0.1889938855,0
M39,test,cycle,178_1b3_Tc_mc_AKGC417L__3,wheeze_score,0.1858267717,0
M39,test,cycle,178_1b3_Tc_mc_AKGC417L__4,wheeze_score,0.2687000726,0
M39,test,cycle,178_1b6_Al_mc_AKGC417L__0,wheeze_score,0,0
M39,test,cycle,178_1b6_Al_mc_AKGC417L__1,wheeze_score,0,0
M39,test,cycle,178_1b6_Al_mc_AKGC417L__2,wheeze_score,0,0
M39,test,cycle,178_1b6_Al_mc_AKGC417L__3,wheeze_score,0,0
M39,test,cycle,178_1b6_Al_mc_AKGC417L__4,wheeze_score,0,0
M39,test,cycle,178_1b6_Al_mc_AKGC417L__5,wheeze_score,0,0
M39,test,cycle,178_1b6_Al_mc_AKGC417L__6,wheeze_score,0,0
M39,test,cycle,178_1b6_Al_mc_AKGC417L__7,wheeze_score,0,0
M39,test,cycle,178_1b6_Ar_mc_AKGC417L__0,wheeze_score,0,0
M39,test,cycle,178_1b6_Ar_mc_AKGC417L__1,wheeze_score,0,0
M39,test,cycle,178_1b6_Ar_mc_AKGC417L__2,wheeze_score,0.04199916002,0
M39,test,cycle,178_1b6_Ar_mc_AKGC417L__3,wheeze_score,0.092,0
M39,test,cycle,178_1b6_Ar_mc_AKGC417L__4,wheeze_score,0,0
M39,test,cycle,178_1b6_Ar_mc_AKGC417L__5,wheeze_score,0,0
M39,test,cycle,178_1b6_Ar_mc_AKGC417L__6,wheeze_score,0,0
M39,test,cycle,178_1b6_Ar_mc_AKGC417L__7,wheeze_score,0,0
M39,test,cycle,178_1b6_Ll_mc_AKGC417L__0,wheeze_score,0,1
M39,test,cycle,178_1b6_Ll_mc_AKGC417L__1,wheeze_score,0,1
M39,test,cycle,178_1b6_Ll_mc_AKGC417L__2,wheeze_score,0,1
M39,test,cycle,178_1b6_Ll_mc_AKGC417L__3,wheeze_score,0,1
M39,test,cycle,178_1b6_Ll_mc_AKGC417L__4,wheeze_score,0,1
M39,test,cycle,178_1b6_Ll_mc_AKGC417L__5,wheeze_score,0,1
M39,test,cycle,178_1b6_Ll_mc_AKGC417L__6,wheeze_score,0,1
M39,test,cycle,178_1b6_Ll_mc_AKGC417L__7,wheeze_score,0,1
M39,test,cycle,178_1b6_Lr_mc_AKGC417L__0,wheeze_score,0,0
M39,test,cycle,178_1b6_Lr_mc_AKGC417L__1,wheeze_score,0,0
M39,test,cycle,178_1b6_Lr_mc_AKGC417L__2,wheeze_score,0,0
M39,test,cycle,178_1b6_Lr_mc_AKGC417L__3,wheeze_score,0,0
M39,test,cycle,178_1b6_Lr_mc_AKGC417L__4,wheeze_score,0,0
M39,test,cycle,178_1b6_Lr_mc_AKGC417L__5,wheeze_score,0,0
M39,test,cycle,178_1b6_Lr_mc_AKGC417L__6,wheeze_score,0,0
M39,test,cycle,178_1b6_Lr_mc_AKGC417L__7,wheeze_score,0,0
M39,test,cycle,178_1b6_Pl_mc_AKGC417L__0,wheeze_score,0,0
M39,test,cycle,178_1b6_Pl_mc_AKGC417L__1,wheeze_score,0.08702232312,0
M39,test,cycle,178_1b6_Pl_mc_AKGC417L__2,wheeze_score,0,0
M39,test,cycle,178_1b6_Pl_mc_AKGC417L__3,wheeze_score,0.072,0
M39,test,cycle,178_1b6_Pl_mc_AKGC417L__4,wheeze_score,0.09956709957,0
M39,test,cycle,178_1b6_Pl_mc_AKGC417L__5,wheeze_score,0.110570544,0
M39,test,cycle,178_1b6_Pl_mc_AKGC417L__6,wheeze_score,0.09163802978,0
M39,test,cycle,178_1b6_Pl_mc_AKGC417L__7,wheeze_score,0,0
M39,test,cycle,178_1b6_Pr_mc_AKGC417L__0,wheeze_score,0,0
M39,test,cycle,178_1b6_Pr_mc_AKGC417L__1,wheeze_score,0,1
M39,test,cycle,178_1b6_Pr_mc_AKGC417L__2,wheeze_score,0,0
M39,test,cycle,178_1b6_Pr_mc_AKGC417L__3,wheeze_score,0,0
M39,test,cycle,178_1b6_Pr_mc_AKGC417L__4,wheeze_score,0,0
M39,test,cycle,178_1b6_Pr_mc_AKGC417L__5,wheeze_score,0,0
M39,test,cycle,178_1b6_Pr_mc_AKGC417L__6,wheeze_score,0,0
M39,test,cycle,178_1b6_Pr_mc_AKGC417L__7,wheeze_score,0,1
M39,test,cycle,178_1b6_Tc_mc_AKGC417L__0,wheeze_score,0.05527915976,0
M39,test,cycle,178_1b6_Tc_mc_AKGC417L__1,wheeze_score,0.04918653046,0
M39,test,cycle,178_1b6_Tc_mc_AKGC417L__2,wheeze_score,0,0
M39,test,cycle,178_1b6_Tc_mc_AKGC417L__3,wheeze_score,0.06,0
M39,test,cycle,178_1b6_Tc_mc_AKGC417L__4,wheeze_score,0.04761904762,0
M39,test,cycle,178_1b6_Tc_mc_AKGC417L__5,wheeze_score,0.0663423264,0
M39,test,cycle,178_1b6_Tc_mc_AKGC417L__6,wheeze_score,0.05727376861,0
M39,test,cycle,178_1b6_Tc_mc_AKGC417L__7,wheeze_score,0.1671974522,0
M39,test,cycle,178_2b2_Al_mc_AKGC417L__0,wheeze_score,0,0
M39,test,cycle,178_2b2_Al_mc_AKGC417L__1,wheeze_score,0.06109979633,0
M39,test,cycle,178_2b2_Al_mc_AKGC417L__2,wheeze_score,0.06666666667,0
M39,test,cycle,178_2b2_Al_mc_AKGC417L__3,wheeze_score,0.05738132499,0
M39,test,cycle,178_2b2_Al_mc_AKGC417L__4,wheeze_score,0.1970905678,0
M39,test,cycle,178_2b2_Al_mc_AKGC417L__5,wheeze_score,0,0
M39,test,cycle,178_2b2_Al_mc_AKGC417L__6,wheeze_score,0.09830205541,0
M39,test,cycle,178_2b2_Al_mc_AKGC417L__7,wheeze_score,0.05280844935,0
M39,test,cycle,178_2b2_Al_mc_AKGC417L__8,wheeze_score,0.08984725966,0
M39,test,cycle,178_2b2_Al_mc_AKGC417L__9,wheeze_score,0,0
M39,test,cycle,178_2b2_Ar_mc_AKGC417L__0,wheeze_score,0,0
M39,test,cycle,178_2b2_Ar_mc_AKGC417L__1,wheeze_score,0.06109979633,0
M39,test,cycle,178_2b2_Ar_mc_AKGC417L__2,wheeze_score,0,0
M39,test,cycle,178_2b2_Ar_mc_AKGC417L__3,wheeze_score,0,0
M39,test,cycle,178_2b2_Ar_mc_AKGC417L__4,wheeze_score,0,0
M39,test,cycle,178_2b2_Ar_mc_AKGC417L__5,wheeze_score,0,0
M39,test,cycle,178_2b2_Ar_mc_AKGC417L__6,wheeze_score,0.1072386059,0
M39,test,cycle,178_2b2_Ar_mc_AKGC417L__7,wheeze_score,0,0
M39,test,cycle,178_2b2_Ar_mc_AKGC417L__8,wheeze_score,0,0
M39,test,cycle,178_2b2_Ar_mc_AKGC417L__9,wheeze_score,0,0
M39,test,cycle,178_2b2_Lr_mc_AKGC417L__0,wheeze_score,0,0
M39,test,cycle,178_2b2_Lr_mc_AKGC417L__1,wheeze_score,0,0
M39,test,cycle,178_2b2_Lr_mc_AKGC417L__2,wheeze_score,0,0
M39,test,cycle,178_2b2_Lr_mc_AKGC417L__3,wheeze_score,0,0
M39,test,cycle,178_2b2_Lr_mc_AKGC417L__4,wheeze_score,0,0
M39,test,cycle,178_2b2_Lr_mc_AKGC417L__5,wheeze_score,0,0
M39,test,cycle,178_2b2_Lr_mc_AKGC417L__6,wheeze_score,0,0
M39,test,cycle,178_2b2_Lr_mc_AKGC417L__7,wheeze_score,0.04800768123,0
M39,test,cycle,178_2b2_Lr_mc_AKGC417L__8,wheeze_score,0,0
M39,test,cycle,178_2b2_Lr_mc_AKGC417L__9,wheeze_score,0,0
M39,test,cycle,178_2b2_Pr_mc_AKGC417L__0,wheeze_score,0,0
M39,test,cycle,178_2b2_Pr_mc_AKGC417L__1,wheeze_score,0,0
M39,test,cycle,178_2b2_Pr_mc_AKGC417L__2,wheeze_score,0.04888888889,0
M39,test,cycle,178_2b2_Pr_mc_AKGC417L__3,wheeze_score,0.0521648409,0
M39,test,cycle,178_2b2_Pr_mc_AKGC417L__4,wheeze_score,0.04692632567,0
M39,test,cycle,178_2b2_Pr_mc_AKGC417L__5,wheeze_score,0,0
M39,test,cycle,178_2b2_Pr_mc_AKGC417L__6,wheeze_score,0.04468275246,0
M39,test,cycle,178_2b2_Pr_mc_AKGC417L__7,wheeze_score,0.05280844935,0
M39,test,cycle,178_2b2_Pr_mc_AKGC417L__8,wheeze_score,0,0
M39,test,cycle,178_2b2_Pr_mc_AKGC417L__9,wheeze_score,0,0
M39,test,cycle,178_2b2_Tc_mc_AKGC417L__0,wheeze_score,0,0
M39,test,cycle,178_2b2_Tc_mc_AKGC417L__1,wheeze_score,0.08146639511,0
M39,test,cycle,178_2b2_Tc_mc_AKGC417L__2,wheeze_score,0.2533333333,0
M39,test,cycle,178_2b2_Tc_mc_AKGC417L__3,wheeze_score,0.2399582681,0
M39,test,cycle,178_2b2_Tc_mc_AKGC417L__4,wheeze_score,0,0
M39,test,cycle,178_2b2_Tc_mc_AKGC417L__5,wheeze_score,0.0464037123,0
M39,test,cycle,178_2b2_Tc_mc_AKGC417L__6,wheeze_score,0.1161751564,0
M39,test,cycle,178_2b2_Tc_mc_AKGC417L__7,wheeze_score,0.06721075372,0
M39,test,cycle,178_2b2_Tc_mc_AKGC417L__8,wheeze_score,0.1617250674,0
M39,test,cycle,178_2b2_Tc_mc_AKGC417L__9,wheeze_score,0.4471544715,0
M39,test,cycle,182_1b1_Tc_sc_Meditron__0,wheeze_score,0,0
M39,test,cycle,182_1b1_Tc_sc_Meditron__1,wheeze_score,0,0
M39,test,cycle,182_1b1_Tc_sc_Meditron__2,wheeze_score,0,0
M39,test,cycle,182_1b1_Tc_sc_Meditron__3,wheeze_score,0,0
M39,test,cycle,182_1b1_Tc_sc_Meditron__4,wheeze_score,0,0
M39,test,cycle,182_1b1_Tc_sc_Meditron__5,wheeze_score,0,0
M39,test,cycle,182_1b1_Tc_sc_Meditron__6,wheeze_score,0,0
M39,test,cycle,185_1b1_Al_sc_Litt3200__0,wheeze_score,0.1312741313,0
M39,test,cycle,185_1b1_Al_sc_Litt3200__1,wheeze_score,0.09525834574,0
M39,test,cycle,185_1b1_Al_sc_Litt3200__2,wheeze_score,0.103306738,0
M39,test,cycle,185_1b1_Al_sc_Litt3200__3,wheeze_score,0.1296146279,0
M39,test,cycle,185_1b1_Al_sc_Litt3200__4,wheeze_score,0.03242607867,0
M39,test,cycle,185_1b1_Al_sc_Litt3200__5,wheeze_score,0.0582284009,0
M39,test,cycle,185_1b1_Al_sc_Litt3200__6,wheeze_score,0.4455164586,0
M39,test,cycle,185_1b1_Ar_sc_Litt3200__0,wheeze_score,0.1161896625,0
M39,test,cycle,185_1b1_Ar_sc_Litt3200__1,wheeze_score,0.1073770069,0
M39,test,cycle,185_1b1_Ar_sc_Litt3200__2,wheeze_score,0.0697654138,0
M39,test,cycle,185_1b1_Ar_sc_Litt3200__3,wheeze_score,0.0852151683,0
M39,test,cycle,185_1b1_Ar_sc_Litt3200__4,wheeze_score,0.1451247166,0
M39,test,cycle,185_1b1_Ar_sc_Litt3200__5,wheeze_score,0.1425601426,0
M39,test,cycle,185_1b1_Ar_sc_Litt3200__6,wheeze_score,0.08661417323,0
M39,test,cycle,185_1b1_Ar_sc_Litt3200__7,wheeze_score,0,0
M39,test,cycle,185_1b1_Ar_sc_Litt3200__8,wheeze_score,0.101488498,0
M39,test,cycle,185_1b1_Ar_sc_Litt3200__9,wheeze_score,0.3883330507,0
M39,test,cycle,185_1b1_Ar_sc_Litt3200__10,wheeze_score,0.4259216854,0
M39,test,cycle,185_1b1_Ll_sc_Litt3200__0,wheeze_score,0.1439346758,0
M39,test,cycle,185_1b1_Ll_sc_Litt3200__1,wheeze_score,0.1256094538,0
M39,test,cycle,185_1b1_Ll_sc_Litt3200__2,wheeze_score,0.1292307692,0
M39,test,cycle,185_1b1_Ll_sc_Litt3200__3,wheeze_score,0,0
M39,test,cycle,185_1b1_Ll_sc_Litt3200__4,wheeze_score,0.06616043906,0
M39,test,cycle,185_1b1_Ll_sc_Litt3200__5,wheeze_score,0.09807619766,0
M39,test,cycle,185_1b1_Ll_sc_Litt3200__6,wheeze_score,0,0
M39,test,cycle,185_1b1_Ll_sc_Litt3200__7,wheeze_score,0,0
M39,test,cycle,185_1b1_Ll_sc_Litt3200__8,wheeze_score,0.1746419839,1
M39,test,cycle,185_1b1_Ll_sc_Litt3200__9,wheeze_score,0.5546649567,0
M39,test,cycle,185_1b1_Lr_sc_Litt3200__0,wheeze_score,0.1049896323,0
M39,test,cycle,185_1b1_Lr_sc_Litt3200__1,wheeze_score,0.0648911721,0
M39,test,cycle,185_1b1_Lr_sc_Litt3200__2,wheeze_score,0.06172244189,0
M39,test,cycle,185_1b1_Lr_sc_Litt3200__3,wheeze_score,0.1350310058,0
M39,test,cycle,185_1b1_Lr_sc_Litt3200__4,wheeze_score,0.06642820644,0
M39,test,cycle,185_1b1_Lr_sc_Litt3200__5,wheeze_score,0.03367003367,0
M39,test,cycle,185_1b1_Lr_sc_Litt3200__6,wheeze_score,0.6199392713,0
M39,test,cycle,185_1b1_Pl_sc_Litt3200__0,wheeze_score,0.1565120179,0
M39,test,cycle,185_1b1_Pl_sc_Litt3200__1,wheeze_score,0.09611258903,0
M39,test,cycle,185_1b1_Pl_sc_Litt3200__2,wheeze_score,0.06894390473,0
M39,test,cycle,185_1b1_Pl_sc_Litt3200__3,wheeze_score,0.1384562132,0
M39,test,cycle,185_1b1_Pl_sc_Litt3200__4,wheeze_score,0.06618133686,0
M39,test,cycle,185_1b1_Pl_sc_Litt3200__5,wheeze_score,0,0
M39,test,cycle,185_1b1_Pl_sc_Litt3200__6,wheeze_score,0.1170960187,0
M39,test,cycle,185_1b1_Pl_sc_Litt3200__7,wheeze_score,0.106698281,0
M39,test,cycle,185_1b1_Pl_sc_Litt3200__8,wheeze_score,0.434073107,0
M39,test,cycle,185_1b1_Pr_sc_Litt3200__0,wheeze_score,0.06475635422,0
M39,test,cycle,185_1b1_Pr_sc_Litt3200__1,wheeze_score,0,0
M39,test,cycle,185_1b1_Pr_sc_Litt3200__2,wheeze_score,0,0
M39,test,cycle,185_1b1_Pr_sc_Litt3200__3,wheeze_score,0.08984725966,0
M39,test,cycle,185_1b1_Pr_sc_Litt3200__4,wheeze_score,0,0
M39,test,cycle,185_1b1_Pr_sc_Litt3200__5,wheeze_score,0,0
M39,test,cycle,185_1b1_Pr_sc_Litt3200__6,wheeze_score,0.06743940991,0
M39,test,cycle,185_1b1_Pr_sc_Litt3200__7,wheeze_score,0.04818221638,0
M39,test,cycle,185_1b1_Pr_sc_Litt3200__8,wheeze_score,0,0
M39,test,cycle,185_1b1_Pr_sc_Litt3200__9,wheeze_score,0.5721889554,0
M39,test,cycle,185_1b1_Pr_sc_Litt3200__10,wheeze_score,0.176056338,0
M39,test,cycle,187_1b1_Ll_sc_Meditron__0,wheeze_score,0,0
M39,test,cycle,187_1b1_Ll_sc_Meditron__1,wheeze_score,0,0
M39,test,cycle,187_1b1_Ll_sc_Meditron__2,wheeze_score,0,0
M39,test,cycle,187_1b1_Ll_sc_Meditron__3,wheeze_score,0,0
M39,test,cycle,187_1b1_Ll_sc_Meditron__4,wheeze_score,0,0
M39,test,cycle,187_1b1_Ll_sc_Meditron__5,wheeze_score,0,0
M39,test,cycle,187_1b1_Ll_sc_Meditron__6,wheeze_score,0,0
M39,test,cycle,187_1b1_Ll_sc_Meditron__7,wheeze_score,0,0
M39,test,cycle,187_1b1_Ll_sc_Meditron__8,wheeze_score,0,0
M39,test,cycle,187_1b1_Ll_sc_Meditron__9,wheeze_score,0,0
M39,test,cycle,187_1b1_Ll_sc_Meditron__10,wheeze_score,0,0
M39,test,cycle,187_1b1_Ll_sc_Meditron__11,wheeze_score,0,0
M39,test,cycle,187_1b1_Ll_sc_Meditron__12,wheeze_score,0,0
M39,test,cycle,187_1b1_Ll_sc_Meditron__13,wheeze_score,0,0
M39,test,cycle,187_1b1_Ll_sc_Meditron__14,wheeze_score,0,0
M39,test,cycle,187_1b1_Ll_sc_Meditron__15,wheeze_score,0,0
M39,test,cycle,187_1b1_Ll_sc_Meditron__16,wheeze_score,0,0
M39,test,cycle,194_1b1_Lr_sc_Meditron__0,wheeze_score,0,0
M39,test,cycle,194_1b1_Lr_sc_Meditron__1,wheeze_score,0,0
M39,test,cycle,194_1b1_Lr_sc_Meditron__2,wheeze_score,0,0
M39,test,cycle,194_1b1_Lr_sc_Meditron__3,wheeze_score,0,0
M39,test,cycle,194_1b1_Lr_sc_Meditron__4,wheeze_score,0,0
M39,test,cycle,194_1b1_Lr_sc_Meditron__5,wheeze_score,0,0
M39,test,cycle,194_1b1_Lr_sc_Meditron__6,wheeze_score,0,0
M39,test,cycle,194_1b1_Lr_sc_Meditron__7,wheeze_score,0,0
M39,test,cycle,194_1b1_Lr_sc_Meditron__8,wheeze_score,0,0
M39,test,cycle,194_1b1_Pr_sc_Meditron__0,wheeze_score,0,0
M39,test,cycle,194_1b1_Pr_sc_Meditron__1,wheeze_score,0,0
M39,test,cycle,194_1b1_Pr_sc_Meditron__2,wheeze_score,0,0
M39,test,cycle,194_1b1_Pr_sc_Meditron__3,wheeze_score,0,0
M39,test,cycle,194_1b1_Pr_sc_Meditron__4,wheeze_score,0,0
M39,test,cycle,194_1b1_Pr_sc_Meditron__5,wheeze_score,0,0
M39,test,cycle,194_1b1_Pr_sc_Meditron__6,wheeze_score,0,0
M39,test,cycle,194_1b1_Pr_sc_Meditron__7,wheeze_score,0,0
M39,test,cycle,194_1b1_Pr_sc_Meditron__8,wheeze_score,0,0
M39,test,cycle,195_1b1_Al_sc_Litt3200__0,wheeze_score,0,1
M39,test,cycle,195_1b1_Al_sc_Litt3200__1,wheeze_score,0,0
M39,test,cycle,195_1b1_Al_sc_Litt3200__2,wheeze_score,0.0639597967,1
M39,test,cycle,195_1b1_Al_sc_Litt3200__3,wheeze_score,0,0
M39,test,cycle,195_1b1_Al_sc_Litt3200__4,wheeze_score,0.05845488014,0
M39,test,cycle,195_1b1_Al_sc_Litt3200__5,wheeze_score,0,1
M39,test,cycle,195_1b1_Al_sc_Litt3200__6,wheeze_score,0,0
M39,test,cycle,195_1b1_Al_sc_Litt3200__7,wheeze_score,0,1
M39,test,cycle,195_1b1_Al_sc_Litt3200__8,wheeze_score,0,1
M39,test,cycle,195_1b1_Al_sc_Litt3200__9,wheeze_score,0.04418912947,0
M39,test,cycle,195_1b1_Al_sc_Litt3200__10,wheeze_score,0.3346720214,0
M39,test,cycle,195_1b1_Al_sc_Litt3200__11,wheeze_score,0.4265010352,0
M39,test,cycle,195_1b1_Ar_sc_Litt3200__0,wheeze_score,0.08916863362,1
M39,test,cycle,195_1b1_Ar_sc_Litt3200__1,wheeze_score,0,0
M39,test,cycle,195_1b1_Ar_sc_Litt3200__2,wheeze_score,0,1
M39,test,cycle,195_1b1_Ar_sc_Litt3200__3,wheeze_score,0,0
M39,test,cycle,195_1b1_Ar_sc_Litt3200__4,wheeze_score,0,0
M39,test,cycle,195_1b1_Ar_sc_Litt3200__5,wheeze_score,0,0
M39,test,cycle,195_1b1_Ar_sc_Litt3200__6,wheeze_score,0.0593824228,0
M39,test,cycle,195_1b1_Ar_sc_Litt3200__7,wheeze_score,0,0
M39,test,cycle,195_1b1_Ar_sc_Litt3200__8,wheeze_score,0,0
M39,test,cycle,195_1b1_Ar_sc_Litt3200__9,wheeze_score,0,0
M39,test,cycle,195_1b1_Ar_sc_Litt3200__10,wheeze_score,0,0
M39,test,cycle,195_1b1_Ar_sc_Litt3200__11,wheeze_score,0,0
M39,test,cycle,195_1b1_Ar_sc_Litt3200__12,wheeze_score,0.05271481286,0
M39,test,cycle,195_1b1_Ar_sc_Litt3200__13,wheeze_score,0,0
M39,test,cycle,195_1b1_Ar_sc_Litt3200__14,wheeze_score,0,0
M39,test,cycle,195_1b1_Ar_sc_Litt3200__15,wheeze_score,0.3084260731,0
M39,test,cycle,195_1b1_Ar_sc_Litt3200__16,wheeze_score,0.2704576976,0
M39,test,cycle,195_1b1_Ll_sc_Litt3200__0,wheeze_score,0,1
M39,test,cycle,195_1b1_Ll_sc_Litt3200__1,wheeze_score,0,0
M39,test,cycle,195_1b1_Ll_sc_Litt3200__2,wheeze_score,0,0
M39,test,cycle,195_1b1_Ll_sc_Litt3200__3,wheeze_score,0,1
M39,test,cycle,195_1b1_Ll_sc_Litt3200__4,wheeze_score,0,1
M39,test,cycle,195_1b1_Ll_sc_Litt3200__5,wheeze_score,0,1
M39,test,cycle,195_1b1_Ll_sc_Litt3200__6,wheeze_score,0,1
M39,test,cycle,195_1b1_Ll_sc_Litt3200__7,wheeze_score,0,0
M39,test,cycle,195_1b1_Ll_sc_Litt3200__8,wheeze_score,0.5141916907,0
M39,test,cycle,195_1b1_Ll_sc_Litt3200__9,wheeze_score,0.2739067756,0
M39,test,cycle,195_1b1_Ll_sc_Litt3200__10,wheeze_score,0.2611940299,0
M39,test,cycle,195_1b1_Lr_sc_Litt3200__0,wheeze_score,0,1
M39,test,cycle,195_1b1_Lr_sc_Litt3200__1,wheeze_score,0,1
M39,test,cycle,195_1b1_Lr_sc_Litt3200__2,wheeze_score,0,1
M39,test,cycle,195_1b1_Lr_sc_Litt3200__3,wheeze_score,0,1
M39,test,cycle,195_1b1_Lr_sc_Litt3200__4,wheeze_score,0,1
M39,test,cycle,195_1b1_Lr_sc_Litt3200__5,wheeze_score,0,1
M39,test,cycle,195_1b1_Lr_sc_Litt3200__6,wheeze_score,0,1
M39,test,cycle,195_1b1_Lr_sc_Litt3200__7,wheeze_score,0.3390305408,0
M39,test,cycle,195_1b1_Lr_sc_Litt3200__8,wheeze_score,0.296430732,0
M39,test,cycle,195_1b1_Pl_sc_Litt3200__0,wheeze_score,0,1
M39,test,cycle,195_1b1_Pl_sc_Litt3200__1,wheeze_score,0,1
M39,test,cycle,195_1b1_Pl_sc_Litt3200__2,wheeze_score,0,0
M39,test,cycle,195_1b1_Pl_sc_Litt3200__3,wheeze_score,0,1
M39,test,cycle,195_1b1_Pl_sc_Litt3200__4,wheeze_score,0,1
M39,test,cycle,195_1b1_Pl_sc_Litt3200__5,wheeze_score,0,1
M39,test,cycle,195_1b1_Pl_sc_Litt3200__6,wheeze_score,0.06143045195,1
M39,test,cycle,195_1b1_Pl_sc_Litt3200__7,wheeze_score,0,1
M39,test,cycle,195_1b1_Pl_sc_Litt3200__8,wheeze_score,0.3603385732,0
M39,test,cycle,195_1b1_Pr_sc_Litt3200__0,wheeze_score,0,0
M39,test,cycle,195_1b1_Pr_sc_Litt3200__1,wheeze_score,0,0
M39,test,cycle,195_1b1_Pr_sc_Litt3200__2,wheeze_score,0.1360321768,0
M39,test,cycle,195_1b1_Pr_sc_Litt3200__3,wheeze_score,0.07259747724,0
M39,test,cycle,195_1b1_Pr_sc_Litt3200__4,wheeze_score,0,0
M39,test,cycle,195_1b1_Pr_sc_Litt3200__5,wheeze_score,0.1153984854,0
M39,test,cycle,195_1b1_Pr_sc_Litt3200__6,wheeze_score,0,1
M39,test,cycle,195_1b1_Pr_sc_Litt3200__7,wheeze_score,0,0
M39,test,cycle,195_1b1_Pr_sc_Litt3200__8,wheeze_score,0.06319883325,0
M39,test,cycle,195_1b1_Pr_sc_Litt3200__9,wheeze_score,0,0
M39,test,cycle,195_1b1_Pr_sc_Litt3200__10,wheeze_score,0,0
M39,test,cycle,195_1b1_Pr_sc_Litt3200__11,wheeze_score,0,0
M39,test,cycle,195_1b1_Pr_sc_Litt3200__12,wheeze_score,0,0
M39,test,cycle,195_1b1_Pr_sc_Litt3200__13,wheeze_score,0,0
M39,test,cycle,195_1b1_Pr_sc_Litt3200__14,wheeze_score,0.1984275552,0
M39,test,cycle,195_1b1_Pr_sc_Litt3200__15,wheeze_score,0.4334038055,0
M39,test,cycle,195_1b1_Pr_sc_Litt3200__16,wheeze_score,0.3480152257,1
M39,test,cycle,198_1b5_Al_mc_AKGC417L__0,wheeze_score,0.04886717015,1
M39,test,cycle,198_1b5_Al_mc_AKGC417L__1,wheeze_score,0,1
M39,test,cycle,198_1b5_Al_mc_AKGC417L__2,wheeze_score,0,1
M39,test,cycle,198_1b5_Al_mc_AKGC417L__3,wheeze_score,0,1
M39,test,cycle,198_1b5_Al_mc_AKGC417L__4,wheeze_score,0,1
M39,test,cycle,198_1b5_Al_mc_AKGC417L__5,wheeze_score,0,1
M39,test,cycle,198_1b5_Al_mc_AKGC417L__6,wheeze_score,0,0
M39,test,cycle,198_1b5_Ar_mc_AKGC417L__0,wheeze_score,0.05330964016,1
M39,test,cycle,198_1b5_Ar_mc_AKGC417L__1,wheeze_score,0.2256116937,1
M39,test,cycle,198_1b5_Ar_mc_AKGC417L__2,wheeze_score,0.07070135747,1
M39,test,cycle,198_1b5_Ar_mc_AKGC417L__3,wheeze_score,0.0877706261,1
M39,test,cycle,198_1b5_Ar_mc_AKGC417L__4,wheeze_score,0.0826183667,1
M39,test,cycle,198_1b5_Ar_mc_AKGC417L__5,wheeze_score,0.149970006,1
M39,test,cycle,198_1b5_Ar_mc_AKGC417L__6,wheeze_score,0,0
M39,test,cycle,198_1b5_Ll_mc_AKGC417L__0,wheeze_score,0.04886717015,0
M39,test,cycle,198_1b5_Ll_mc_AKGC417L__1,wheeze_score,0.03495392437,1
M39,test,cycle,198_1b5_Ll_mc_AKGC417L__2,wheeze_score,0.05938914027,1
M39,test,cycle,198_1b5_Ll_mc_AKGC417L__3,wheeze_score,0.03803393798,1
M39,test,cycle,198_1b5_Ll_mc_AKGC417L__4,wheeze_score,0,1
M39,test,cycle,198_1b5_Ll_mc_AKGC417L__5,wheeze_score,0,1
M39,test,cycle,198_1b5_Ll_mc_AKGC417L__6,wheeze_score,0,0
M39,test,cycle,198_1b5_Lr_mc_AKGC417L__0,wheeze_score,0.09773434029,1
M39,test,cycle,198_1b5_Lr_mc_AKGC417L__1,wheeze_score,0.04448681284,1
M39,test,cycle,198_1b5_Lr_mc_AKGC417L__2,wheeze_score,0.05656108597,1
M39,test,cycle,198_1b5_Lr_mc_AKGC417L__3,wheeze_score,0.04388531305,1
M39,test,cycle,198_1b5_Lr_mc_AKGC417L__4,wheeze_score,0.07308547823,1
M39,test,cycle,198_1b5_Lr_mc_AKGC417L__5,wheeze_score,0.07798440312,1
M39,test,cycle,198_1b5_Lr_mc_AKGC417L__6,wheeze_score,0,0
M39,test,cycle,198_1b5_Pl_mc_AKGC417L__0,wheeze_score,0,1
M39,test,cycle,198_1b5_Pl_mc_AKGC417L__1,wheeze_score,0,1
M39,test,cycle,198_1b5_Pl_mc_AKGC417L__2,wheeze_score,0,1
M39,test,cycle,198_1b5_Pl_mc_AKGC417L__3,wheeze_score,0,1
M39,test,cycle,198_1b5_Pl_mc_AKGC417L__4,wheeze_score,0,1
M39,test,cycle,198_1b5_Pl_mc_AKGC417L__5,wheeze_score,0,1
M39,test,cycle,198_1b5_Pl_mc_AKGC417L__6,wheeze_score,0,0
M39,test,cycle,198_1b5_Pr_mc_AKGC417L__0,wheeze_score,0.337627721,1
M39,test,cycle,198_1b5_Pr_mc_AKGC417L__1,wheeze_score,0.2129011757,1
M39,test,cycle,198_1b5_Pr_mc_AKGC417L__2,wheeze_score,0.1442307692,1
M39,test,cycle,198_1b5_Pr_mc_AKGC417L__3,wheeze_score,0.09947337624,1
M39,test,cycle,198_1b5_Pr_mc_AKGC417L__4,wheeze_score,0.08579599619,1
M39,test,cycle,198_1b5_Pr_mc_AKGC417L__5,wheeze_score,0.07798440312,1
M39,test,cycle,198_1b5_Pr_mc_AKGC417L__6,wheeze_score,0.1,0
M39,test,cycle,198_1b5_Tc_mc_AKGC417L__0,wheeze_score,0,1
M39,test,cycle,198_1b5_Tc_mc_AKGC417L__1,wheeze_score,0.06355258977,1
M39,test,cycle,198_1b5_Tc_mc_AKGC417L__2,wheeze_score,0,1
M39,test,cycle,198_1b5_Tc_mc_AKGC417L__3,wheeze_score,0.0643651258,1
M39,test,cycle,198_1b5_Tc_mc_AKGC417L__4,wheeze_score,0,1
M39,test,cycle,198_1b5_Tc_mc_AKGC417L__5,wheeze_score,0,1
M39,test,cycle,198_1b5_Tc_mc_AKGC417L__6,wheeze_score,0,0
M39,test,cycle,198_6p1_Al_mc_AKGC417L__0,wheeze_score,0.1734104046,0
M39,test,cycle,198_6p1_Al_mc_AKGC417L__1,wheeze_score,0.1234196267,0
M39,test,cycle,198_6p1_Al_mc_AKGC417L__2,wheeze_score,0.2044352044,0
M39,test,cycle,198_6p1_Al_mc_AKGC417L__3,wheeze_score,0.2041785375,0
M39,test,cycle,198_6p1_Al_mc_AKGC417L__4,wheeze_score,0.07500986972,0
M39,test,cycle,198_6p1_Al_mc_AKGC417L__5,wheeze_score,0.1942706618,0
M39,test,cycle,198_6p1_Al_mc_AKGC417L__6,wheeze_score,0.4359430605,0
M39,test,cycle,198_6p1_Ar_mc_AKGC417L__0,wheeze_score,0.1272264631,0
M39,test,cycle,198_6p1_Ar_mc_AKGC417L__1,wheeze_score,0.2138402138,0
M39,test,cycle,198_6p1_Ar_mc_AKGC417L__2,wheeze_score,0.115248227,0
M39,test,cycle,198_6p1_Ar_mc_AKGC417L__3,wheeze_score,0.1201011378,0
M39,test,cycle,198_6p1_Ar_mc_AKGC417L__4,wheeze_score,0.1470164312,0
M39,test,cycle,198_6p1_Ar_mc_AKGC417L__5,wheeze_score,0.08541168432,0
M39,test,cycle,198_6p1_Ll_mc_AKGC417L__0,wheeze_score,0.3098591549,0
M39,test,cycle,198_6p1_Ll_mc_AKGC417L__1,wheeze_score,0.1015531661,0
M39,test,cycle,198_6p1_Ll_mc_AKGC417L__2,wheeze_score,0.1722201423,0
M39,test,cycle,198_6p1_Ll_mc_AKGC417L__3,wheeze_score,0.08280757098,0
M39,test,cycle,198_6p1_Ll_mc_AKGC417L__4,wheeze_score,0.3024260552,0
M39,test,cycle,198_6p1_Ll_mc_AKGC417L__5,wheeze_score,0.16985138,0
M39,test,cycle,198_6p1_Ll_mc_AKGC417L__6,wheeze_score,0.1251956182,0
M39,test,cycle,198_6p1_Lr_mc_AKGC417L__0,wheeze_score,0.2830974188,0
M39,test,cycle,198_6p1_Lr_mc_AKGC417L__1,wheeze_score,0.3955808981,0
M39,test,cycle,198_6p1_Lr_mc_AKGC417L__2,wheeze_score,0.325147008,0
M39,test,cycle,198_6p1_Lr_mc_AKGC417L__3,wheeze_score,0.3711526856,0
M39,test,cycle,198_6p1_Lr_mc_AKGC417L__4,wheeze_score,0.3268991283,0
M39,test,cycle,198_6p1_Lr_mc_AKGC417L__5,wheeze_score,0.3733486502,0
M39,test,cycle,198_6p1_Lr_mc_AKGC417L__6,wheeze_score,0.3324313877,0
M39,test,cycle,198_6p1_Pl_mc_AKGC417L__0,wheeze_score,0.3504928806,0
M39,test,cycle,198_6p1_Pl_mc_AKGC417L__1,wheeze_score,0.4991452991,0
M39,test,cycle,198_6p1_Pl_mc_AKGC417L__2,wheeze_score,0.5148636224,0
M39,test,cycle,198_6p1_Pl_mc_AKGC417L__3,wheeze_score,0.555355211,0
M39,test,cycle,198_6p1_Pl_mc_AKGC417L__4,wheeze_score,0.3516266842,0
M39,test,cycle,198_6p1_Pl_mc_AKGC417L__5,wheeze_score,0.5776547907,0
M39,test,cycle,198_6p1_Pl_mc_AKGC417L__6,wheeze_score,0.5727699531,0
M39,test,cycle,198_6p1_Pr_mc_AKGC417L__0,wheeze_score,0.3149001536,0
M39,test,cycle,198_6p1_Pr_mc_AKGC417L__1,wheeze_score,0.4375377188,0
M39,test,cycle,198_6p1_Pr_mc_AKGC417L__2,wheeze_score,0.5191944619,0
M39,test,cycle,198_6p1_Pr_mc_AKGC417L__3,wheeze_score,0.4871259569,0
M39,test,cycle,198_6p1_Pr_mc_AKGC417L__4,wheeze_score,0.4577883472,0
M39,test,cycle,198_6p1_Pr_mc_AKGC417L__5,wheeze_score,0.5009416196,0
M39,test,cycle,198_6p1_Pr_mc_AKGC417L__6,wheeze_score,0.4744300678,0
M39,test,cycle,198_6p1_Tc_mc_AKGC417L__0,wheeze_score,0,0
M39,test,cycle,198_6p1_Tc_mc_AKGC417L__1,wheeze_score,0.1634058914,0
M39,test,cycle,198_6p1_Tc_mc_AKGC417L__2,wheeze_score,0.2247557003,0
M39,test,cycle,198_6p1_Tc_mc_AKGC417L__3,wheeze_score,0.08762705924,0
M39,test,cycle,198_6p1_Tc_mc_AKGC417L__4,wheeze_score,0,0
M39,test,cycle,198_6p1_Tc_mc_AKGC417L__5,wheeze_score,0.09811046512,0
M39,test,cycle,198_6p1_Tc_mc_AKGC417L__6,wheeze_score,0.2797202797,0
M39,test,cycle,198_6p1_Tc_mc_AKGC417L__7,wheeze_score,0.2235469449,0
M39,test,cycle,202_1b1_Ar_sc_Meditron__0,wheeze_score,0,0
M39,test,cycle,202_1b1_Ar_sc_Meditron__1,wheeze_score,0,0
M39,test,cycle,202_1b1_Ar_sc_Meditron__2,wheeze_score,0,0
M39,test,cycle,202_1b1_Ar_sc_Meditron__3,wheeze_score,0,0
M39,test,cycle,202_1b1_Ar_sc_Meditron__4,wheeze_score,0,0
M39,test,cycle,202_1b1_Ar_sc_Meditron__5,wheeze_score,0,0
M39,test,cycle,202_1b1_Ar_sc_Meditron__6,wheeze_score,0,0
M39,test,cycle,202_1b1_Ar_sc_Meditron__7,wheeze_score,0,0
M39,test,cycle,202_1b1_Ar_sc_Meditron__8,wheeze_score,0,0
M39,test,cycle,202_1b1_Ar_sc_Meditron__9,wheeze_score,0,0
M39,test,cycle,205_1b3_Al_mc_AKGC417L__0,wheeze_score,0.06289308176,0
M39,test,cycle,205_1b3_Al_mc_AKGC417L__1,wheeze_score,0.1220204313,0
M39,test,cycle,205_1b3_Al_mc_AKGC417L__2,wheeze_score,0.06272157077,0
M39,test,cycle,205_1b3_Al_mc_AKGC417L__3,wheeze_score,0.1231333508,0
M39,test,cycle,205_1b3_Al_mc_AKGC417L__4,wheeze_score,0.1386678791,0
M39,test,cycle,205_1b3_Al_mc_AKGC417L__5,wheeze_score,0.1595744681,0
M39,test,cycle,205_1b3_Ar_mc_AKGC417L__0,wheeze_score,0,0
M39,test,cycle,205_1b3_Ar_mc_AKGC417L__1,wheeze_score,0,0
M39,test,cycle,205_1b3_Ar_mc_AKGC417L__2,wheeze_score,0.1472593401,0
M39,test,cycle,205_1b3_Ar_mc_AKGC417L__3,wheeze_score,0.08645533141,0
M39,test,cycle,205_1b3_Ar_mc_AKGC417L__4,wheeze_score,0.07274380541,0
M39,test,cycle,205_1b3_Ar_mc_AKGC417L__5,wheeze_score,0,0
M39,test,cycle,205_1b3_Ll_mc_AKGC417L__0,wheeze_score,0,0
M39,test,cycle,205_1b3_Ll_mc_AKGC417L__1,wheeze_score,0,0
M39,test,cycle,205_1b3_Ll_mc_AKGC417L__2,wheeze_score,0,0
M39,test,cycle,205_1b3_Ll_mc_AKGC417L__3,wheeze_score,0,0
M39,test,cycle,205_1b3_Ll_mc_AKGC417L__4,wheeze_score,0,0
M39,test,cycle,205_1b3_Ll_mc_AKGC417L__5,wheeze_score,0,0
M39,test,cycle,205_1b3_Lr_mc_AKGC417L__0,wheeze_score,0.1841868823,0
M39,test,cycle,205_1b3_Lr_mc_AKGC417L__1,wheeze_score,0.2099886493,0
M39,test,cycle,205_1b3_Lr_mc_AKGC417L__2,wheeze_score,0.2181619853,0
M39,test,cycle,205_1b3_Lr_mc_AKGC417L__3,wheeze_score,0.2619858528,0
M39,test,cycle,205_1b3_Lr_mc_AKGC417L__4,wheeze_score,0.2091384406,0
M39,test,cycle,205_1b3_Lr_mc_AKGC417L__5,wheeze_score,0.08865248227,0
M39,test,cycle,205_1b3_Pl_mc_AKGC417L__0,wheeze_score,0.1886792453,0
M39,test,cycle,205_1b3_Pl_mc_AKGC417L__1,wheeze_score,0.3263337117,0
M39,test,cycle,205_1b3_Pl_mc_AKGC417L__2,wheeze_score,0.2863376057,0
M39,test,cycle,205_1b3_Pl_mc_AKGC417L__3,wheeze_score,0.2777050039,0
M39,test,cycle,205_1b3_Pl_mc_AKGC417L__4,wheeze_score,0.3864514662,0
M39,test,cycle,205_1b3_Pl_mc_AKGC417L__5,wheeze_score,0.5939716312,0
M39,test,cycle,205_1b3_Pr_mc_AKGC417L__0,wheeze_score,0.4177897574,0
M39,test,cycle,205_1b3_Pr_mc_AKGC417L__1,wheeze_score,0.4625425653,0
M39,test,cycle,205_1b3_Pr_mc_AKGC417L__2,wheeze_score,0.3081538042,0
M39,test,cycle,205_1b3_Pr_mc_AKGC417L__3,wheeze_score,0.4977731203,0
M39,test,cycle,205_1b3_Pr_mc_AKGC417L__4,wheeze_score,0.2295976358,0
M39,test,cycle,205_1b3_Pr_mc_AKGC417L__5,wheeze_score,0.3191489362,0
M39,test,cycle,205_2b2_Pr_mc_AKGC417L__0,wheeze_score,0.05696382797,0
M39,test,cycle,205_2b2_Pr_mc_AKGC417L__1,wheeze_score,0.0828892836,0
M39,test,cycle,205_2b2_Pr_mc_AKGC417L__2,wheeze_score,0.07285974499,0
M39,test,cycle,205_2b2_Pr_mc_AKGC417L__3,wheeze_score,0.09541984733,0
M39,test,cycle,205_2b2_Pr_mc_AKGC417L__4,wheeze_score,0.1494813911,0
M39,test,cycle,205_2b3_Al_mc_AKGC417L__0,wheeze_score,0.143412737,0
M39,test,cycle,205_2b3_Al_mc_AKGC417L__1,wheeze_score,0.1976685251,0
M39,test,cycle,205_2b3_Al_mc_AKGC417L__2,wheeze_score,0.4312244256,0
M39,test,cycle,205_2b3_Al_mc_AKGC417L__3,wheeze_score,0.3307888041,0
M39,test,cycle,205_2b3_Al_mc_AKGC417L__4,wheeze_score,0.3717472119,0
M39,test,cycle,205_2b3_Ar_mc_AKGC417L__0,wheeze_score,0,0
M39,test,cycle,205_2b3_Ar_mc_AKGC417L__1,wheeze_score,0.03547896604,0
M39,test,cycle,205_2b3_Ar_mc_AKGC417L__2,wheeze_score,0,0
M39,test,cycle,205_2b3_Ar_mc_AKGC417L__3,wheeze_score,0,0
M39,test,cycle,205_2b3_Ar_mc_AKGC417L__4,wheeze_score,0,0
M39,test,cycle,205_2b3_Ll_mc_AKGC417L__0,wheeze_score,0,0
M39,test,cycle,205_2b3_Ll_mc_AKGC417L__1,wheeze_score,0,0
M39,test,cycle,205_2b3_Ll_mc_AKGC417L__2,wheeze_score,0,0
M39,test,cycle,205_2b3_Ll_mc_AKGC417L__3,wheeze_score,0,0
M39,test,cycle,205_2b3_Ll_mc_AKGC417L__4,wheeze_score,0,0
M39,test,cycle,205_2b4_Pl_mc_AKGC417L__0,wheeze_score,0.1876172608,0
M39,test,cycle,205_2b4_Pl_mc_AKGC417L__1,wheeze_score,0.2458787371,0
M39,test,cycle,205_2b4_Pl_mc_AKGC417L__2,wheeze_score,0.1517939282,0
M39,test,cycle,205_2b4_Pl_mc_AKGC417L__3,wheeze_score,0.1576576577,0
M39,test,cycle,205_2b4_Pl_mc_AKGC417L__4,wheeze_score,0.1349614396,0
M39,test,cycle,205_3b4_Al_mc_AKGC417L__0,wheeze_score,0.07666360012,0
M39,test,cycle,205_3b4_Al_mc_AKGC417L__1,wheeze_score,0.1166909773,0
M39,test,cycle,205_3b4_Al_mc_AKGC417L__2,wheeze_score,0.2423304976,0
M39,test,cycle,205_3b4_Al_mc_AKGC417L__3,wheeze_score,0.1511732852,0
M39,test,cycle,205_3b4_Ar_mc_AKGC417L__0,wheeze_score,0.1226617602,0
M39,test,cycle,205_3b4_Ar_mc_AKGC417L__1,wheeze_score,0.1812877683,0
M39,test,cycle,205_3b4_Ar_mc_AKGC417L__2,wheeze_score,0.3454498582,0
M39,test,cycle,205_3b4_Ar_mc_AKGC417L__3,wheeze_score,0.0225631769,0
M39,test,cycle,205_3b4_Pl_mc_AKGC417L__0,wheeze_score,0,0
M39,test,cycle,205_3b4_Pl_mc_AKGC417L__1,wheeze_score,0,0
M39,test,cycle,205_3b4_Pl_mc_AKGC417L__2,wheeze_score,0,0
M39,test,cycle,205_3b4_Pl_mc_AKGC417L__3,wheeze_score,0,0
M39,test,cycle,205_3b4_Pr_mc_AKGC417L__0,wheeze_score,0.03679852806,0
M39,test,cycle,205_3b4_Pr_mc_AKGC417L__1,wheeze_score,0.05001041884,0
M39,test,cycle,205_3b4_Pr_mc_AKGC417L__2,wheeze_score,0.02577984016,0
M39,test,cycle,205_3b4_Pr_mc_AKGC417L__3,wheeze_score,0.05189530686,0
M39,test,cycle,205_4b2_Al_mc_AKGC417L__0,wheeze_score,0.159411404,0
M39,test,cycle,205_4b2_Al_mc_AKGC417L__1,wheeze_score,0.3150315032,0
M39,test,cycle,205_4b2_Al_mc_AKGC417L__2,wheeze_score,0.3949447077,0
M39,test,cycle,205_4b2_Al_mc_AKGC417L__3,wheeze_score,0.2274489532,0
M39,test,cycle,205_4b2_Al_mc_AKGC417L__4,wheeze_score,0.4060638874,0
M39,test,cycle,205_4b2_Ar_mc_AKGC417L__0,wheeze_score,0.07357449418,0
M39,test,cycle,205_4b2_Ar_mc_AKGC417L__1,wheeze_score,0,0
M39,test,cycle,205_4b2_Ar_mc_AKGC417L__2,wheeze_score,0,0
M39,test,cycle,205_4b2_Ar_mc_AKGC417L__3,wheeze_score,0,0
M39,test,cycle,205_4b2_Ar_mc_AKGC417L__4,wheeze_score,0,0
M39,test,cycle,205_4b2_Lr_mc_AKGC417L__0,wheeze_score,0.03065603924,0
M39,test,cycle,205_4b2_Lr_mc_AKGC417L__1,wheeze_score,0.04200420042,0
M39,test,cycle,205_4b2_Lr_mc_AKGC417L__2,wheeze_score,0.02632964718,0
M39,test,cycle,205_4b2_Lr_mc_AKGC417L__3,wheeze_score,0,0
M39,test,cycle,205_4b2_Lr_mc_AKGC417L__4,wheeze_score,0,0
M39,test,cycle,205_4b2_Pl_mc_AKGC417L__0,wheeze_score,0,0
M39,test,cycle,205_4b2_Pl_mc_AKGC417L__1,wheeze_score,0,0
M39,test,cycle,205_4b2_Pl_mc_AKGC417L__2,wheeze_score,0,0
M39,test,cycle,205_4b2_Pl_mc_AKGC417L__3,wheeze_score,0,0
M39,test,cycle,205_4b2_Pl_mc_AKGC417L__4,wheeze_score,0,0
M39,test,cycle,205_4b2_Pr_mc_AKGC417L__0,wheeze_score,0.3310852238,0
M39,test,cycle,205_4b2_Pr_mc_AKGC417L__1,wheeze_score,0.1170117012,0
M39,test,cycle,205_4b2_Pr_mc_AKGC417L__2,wheeze_score,0.2790942601,0
M39,test,cycle,205_4b2_Pr_mc_AKGC417L__3,wheeze_score,0.2171103644,0
M39,test,cycle,205_4b2_Pr_mc_AKGC417L__4,wheeze_score,0.2680021657,0
M39,test,cycle,207_2b2_Al_mc_AKGC417L__0,wheeze_score,0,0
M39,test,cycle,207_2b2_Al_mc_AKGC417L__1,wheeze_score,0.1014729951,0
M39,test,cycle,207_2b2_Al_mc_AKGC417L__2,wheeze_score,0.04469606675,0
M39,test,cycle,207_2b2_Al_mc_AKGC417L__3,wheeze_score,0.03138373752,0
M39,test,cycle,207_2b2_Al_mc_AKGC417L__4,wheeze_score,0.03611262625,0
M39,test,cycle,207_2b2_Al_mc_AKGC417L__5,wheeze_score,0,0
M39,test,cycle,207_2b2_Ar_mc_AKGC417L__0,wheeze_score,0.07989347537,0
M39,test,cycle,207_2b2_Ar_mc_AKGC417L__1,wheeze_score,0.08183306056,0
M39,test,cycle,207_2b2_Ar_mc_AKGC417L__2,wheeze_score,0,0
M39,test,cycle,207_2b2_Ar_mc_AKGC417L__3,wheeze_score,0.06276747504,0
M39,test,cycle,207_2b2_Ar_mc_AKGC417L__4,wheeze_score,0,0
M39,test,cycle,207_2b2_Ar_mc_AKGC417L__5,wheeze_score,0.02936803656,0
M39,test,cycle,207_2b2_Pl_mc_AKGC417L__0,wheeze_score,0,0
M39,test,cycle,207_2b2_Pl_mc_AKGC417L__1,wheeze_score,0,0
M39,test,cycle,207_2b2_Pl_mc_AKGC417L__2,wheeze_score,0,0
M39,test,cycle,207_2b2_Pl_mc_AKGC417L__3,wheeze_score,0.03138373752,0
M39,test,cycle,207_2b2_Pl_mc_AKGC417L__4,wheeze_score,0,0
M39,test,cycle,207_2b2_Pl_mc_AKGC417L__5,wheeze_score,0.02936803656,0
M39,test,cycle,207_2b2_Pr_mc_AKGC417L__0,wheeze_score,0,0
M39,test,cycle,207_2b2_Pr_mc_AKGC417L__1,wheeze_score,0.07855973813,0
M39,test,cycle,207_2b2_Pr_mc_AKGC417L__2,wheeze_score,0.1966626937,0
M39,test,cycle,207_2b2_Pr_mc_AKGC417L__3,wheeze_score,0.1597717546,0
M39,test,cycle,207_2b2_Pr_mc_AKGC417L__4,wheeze_score,0.03310324073,0
M39,test,cycle,207_2b2_Pr_mc_AKGC417L__5,wheeze_score,0.03524164388,0
M39,test,cycle,207_2b2_Tc_mc_AKGC417L__0,wheeze_score,0.1065246338,0
M39,test,cycle,207_2b2_Tc_mc_AKGC417L__1,wheeze_score,0.1342062193,0
M39,test,cycle,207_2b2_Tc_mc_AKGC417L__2,wheeze_score,0.1311084625,0
M39,test,cycle,207_2b2_Tc_mc_AKGC417L__3,wheeze_score,0.1027104137,0
M39,test,cycle,207_2b2_Tc_mc_AKGC417L__4,wheeze_score,0.03310324073,0
M39,test,cycle,207_2b2_Tc_mc_AKGC417L__5,wheeze_score,0.1820818267,0
M39,test,cycle,207_2b3_Al_mc_AKGC417L__0,wheeze_score,0.08799318762,0
M39,test,cycle,207_2b3_Al_mc_AKGC417L__1,wheeze_score,0.02907822041,0
M39,test,cycle,207_2b3_Al_mc_AKGC417L__2,wheeze_score,0.03456221198,0
M39,test,cycle,207_2b3_Al_mc_AKGC417L__3,wheeze_score,0.04541583877,0
M39,test,cycle,207_2b3_Al_mc_AKGC417L__4,wheeze_score,0,0
M39,test,cycle,207_2b3_Al_mc_AKGC417L__5,wheeze_score,0,0
M39,test,cycle,207_2b3_Ar_mc_AKGC417L__0,wheeze_score,0.03122338916,0
M39,test,cycle,207_2b3_Ar_mc_AKGC417L__1,wheeze_score,0.02907822041,0
M39,test,cycle,207_2b3_Ar_mc_AKGC417L__2,wheeze_score,0,0
M39,test,cycle,207_2b3_Ar_mc_AKGC417L__3,wheeze_score,0.03122338916,0
M39,test,cycle,207_2b3_Ar_mc_AKGC417L__4,wheeze_score,0,0
M39,test,cycle,207_2b3_Ar_mc_AKGC417L__5,wheeze_score,0,0
M39,test,cycle,207_2b3_Pl_mc_AKGC417L__0,wheeze_score,0.03122338916,0
M39,test,cycle,207_2b3_Pl_mc_AKGC417L__1,wheeze_score,0,0
M39,test,cycle,207_2b3_Pl_mc_AKGC417L__2,wheeze_score,0,0
M39,test,cycle,207_2b3_Pl_mc_AKGC417L__3,wheeze_score,0,0
M39,test,cycle,207_2b3_Pl_mc_AKGC417L__4,wheeze_score,0.03311258278,0
M39,test,cycle,207_2b3_Pl_mc_AKGC417L__5,wheeze_score,0,0
M39,test,cycle,207_2b3_Pr_mc_AKGC417L__0,wheeze_score,0.110701107,0
M39,test,cycle,207_2b3_Pr_mc_AKGC417L__1,wheeze_score,0.07851119511,0
M39,test,cycle,207_2b3_Pr_mc_AKGC417L__2,wheeze_score,0,0
M39,test,cycle,207_2b3_Pr_mc_AKGC417L__3,wheeze_score,0.05960828839,0
M39,test,cycle,207_2b3_Pr_mc_AKGC417L__4,wheeze_score,0,0
M39,test,cycle,207_2b3_Pr_mc_AKGC417L__5,wheeze_score,0,0
M39,test,cycle,207_2b3_Tc_mc_AKGC417L__0,wheeze_score,0.1674709055,0
M39,test,cycle,207_2b3_Tc_mc_AKGC417L__1,wheeze_score,0.1075894155,0
M39,test,cycle,207_2b3_Tc_mc_AKGC417L__2,wheeze_score,0.1324884793,0
M39,test,cycle,207_2b3_Tc_mc_AKGC417L__3,wheeze_score,0.2072097644,0
M39,test,cycle,207_2b3_Tc_mc_AKGC417L__4,wheeze_score,0.1384708007,0
M39,test,cycle,207_2b3_Tc_mc_AKGC417L__5,wheeze_score,0.4381443299,0
M39,test,cycle,207_2b4_Al_mc_AKGC417L__0,wheeze_score,0.03010234798,0
M39,test,cycle,207_2b4_Al_mc_AKGC417L__1,wheeze_score,0,0
M39,test,cycle,207_2b4_Al_mc_AKGC417L__2,wheeze_score,0,0
M39,test,cycle,207_2b4_Al_mc_AKGC417L__3,wheeze_score,0.03367813327,0
M39,test,cycle,207_2b4_Al_mc_AKGC417L__4,wheeze_score,0,0
M39,test,cycle,207_2b4_Ar_mc_AKGC417L__0,wheeze_score,0,0
M39,test,cycle,207_2b4_Ar_mc_AKGC417L__1,wheeze_score,0.0251698968,0
M39,test,cycle,207_2b4_Ar_mc_AKGC417L__2,wheeze_score,0.1354166667,0
M39,test,cycle,207_2b4_Ar_mc_AKGC417L__3,wheeze_score,0.02405580948,0
M39,test,cycle,207_2b4_Ar_mc_AKGC417L__4,wheeze_score,0.02907822041,0
M39,test,cycle,207_2b4_Pl_mc_AKGC417L__0,wheeze_score,0,0
M39,test,cycle,207_2b4_Pl_mc_AKGC417L__1,wheeze_score,0,0
M39,test,cycle,207_2b4_Pl_mc_AKGC417L__2,wheeze_score,0,0
M39,test,cycle,207_2b4_Pl_mc_AKGC417L__3,wheeze_score,0,0
M39,test,cycle,207_2b4_Pl_mc_AKGC417L__4,wheeze_score,0,0
M39,test,cycle,207_2b4_Pr_mc_AKGC417L__0,wheeze_score,0,0
M39,test,cycle,207_2b4_Pr_mc_AKGC417L__1,wheeze_score,0,0
M39,test,cycle,207_2b4_Pr_mc_AKGC417L__2,wheeze_score,0,0
M39,test,cycle,207_2b4_Pr_mc_AKGC417L__3,wheeze_score,0,0
M39,test,cycle,207_2b4_Pr_mc_AKGC417L__4,wheeze_score,0,0
M39,test,cycle,207_2b4_Tc_mc_AKGC417L__0,wheeze_score,0.03913305238,0
M39,test,cycle,207_2b4_Tc_mc_AKGC417L__1,wheeze_score,0,0
M39,test,cycle,207_2b4_Tc_mc_AKGC417L__2,wheeze_score,0.0703125,1
M39,test,cycle,207_2b4_Tc_mc_AKGC417L__3,wheeze_score,0.02405580948,0
M39,test,cycle,207_2b4_Tc_mc_AKGC417L__4,wheeze_score,0.139575458,0
M39,test,cycle,207_3b2_Al_mc_AKGC417L__0,wheeze_score,0,0
M39,test,cycle,207_3b2_Al_mc_AKGC417L__1,wheeze_score,0,0
M39,test,cycle,207_3b2_Al_mc_AKGC417L__2,wheeze_score,0,0
M39,test,cycle,207_3b2_Al_mc_AKGC417L__3,wheeze_score,0,0
M39,test,cycle,207_3b2_Al_mc_AKGC417L__4,wheeze_score,0,0
M39,test,cycle,207_3b2_Al_mc_AKGC417L__5,wheeze_score,0.0561534862,0
M39,test,cycle,207_3b2_Al_mc_AKGC417L__6,wheeze_score,0,0
M39,test,cycle,207_3b2_Al_mc_AKGC417L__7,wheeze_score,0,0
M39,test,cycle,207_3b2_Al_mc_AKGC417L__8,wheeze_score,0,0
M39,test,cycle,207_3b2_Ar_mc_AKGC417L__0,wheeze_score,0,0
M39,test,cycle,207_3b2_Ar_mc_AKGC417L__1,wheeze_score,0,0
M39,test,cycle,207_3b2_Ar_mc_AKGC417L__2,wheeze_score,0,0
M39,test,cycle,207_3b2_Ar_mc_AKGC417L__3,wheeze_score,0,0
M39,test,cycle,207_3b2_Ar_mc_AKGC417L__4,wheeze_score,0,0
M39,test,cycle,207_3b2_Ar_mc_AKGC417L__5,wheeze_score,0,0
M39,test,cycle,207_3b2_Ar_mc_AKGC417L__6,wheeze_score,0,0
M39,test,cycle,207_3b2_Ar_mc_AKGC417L__7,wheeze_score,0,0
M39,test,cycle,207_3b2_Ar_mc_AKGC417L__8,wheeze_score,0,0
M39,test,cycle,207_3b2_Lr_mc_AKGC417L__0,wheeze_score,0,0
M39,test,cycle,207_3b2_Lr_mc_AKGC417L__1,wheeze_score,0,0
M39,test,cycle,207_3b2_Lr_mc_AKGC417L__2,wheeze_score,0,0
M39,test,cycle,207_3b2_Lr_mc_AKGC417L__3,wheeze_score,0,0
M39,test,cycle,207_3b2_Lr_mc_AKGC417L__4,wheeze_score,0,0
M39,test,cycle,207_3b2_Lr_mc_AKGC417L__5,wheeze_score,0,0
M39,test,cycle,207_3b2_Lr_mc_AKGC417L__6,wheeze_score,0,0
M39,test,cycle,207_3b2_Lr_mc_AKGC417L__7,wheeze_score,0,0
M39,test,cycle,207_3b2_Lr_mc_AKGC417L__8,wheeze_score,0,0
M39,test,cycle,207_3b2_Pl_mc_AKGC417L__0,wheeze_score,0,0
M39,test,cycle,207_3b2_Pl_mc_AKGC417L__1,wheeze_score,0,0
M39,test,cycle,207_3b2_Pl_mc_AKGC417L__2,wheeze_score,0,0
M39,test,cycle,207_3b2_Pl_mc_AKGC417L__3,wheeze_score,0,0
M39,test,cycle,207_3b2_Pl_mc_AKGC417L__4,wheeze_score,0.08985879332,0
M39,test,cycle,207_3b2_Pl_mc_AKGC417L__5,wheeze_score,0,0
M39,test,cycle,207_3b2_Pl_mc_AKGC417L__6,wheeze_score,0.07959782153,0
M39,test,cycle,207_3b2_Pl_mc_AKGC417L__7,wheeze_score,0.07985803017,0
M39,test,cycle,207_3b2_Pl_mc_AKGC417L__8,wheeze_score,0,0
M39,test,cycle,207_3b2_Pr_mc_AKGC417L__0,wheeze_score,0.09913793103,0
M39,test,cycle,207_3b2_Pr_mc_AKGC417L__1,wheeze_score,0,0
M39,test,cycle,207_3b2_Pr_mc_AKGC417L__2,wheeze_score,0,0
M39,test,cycle,207_3b2_Pr_mc_AKGC417L__3,wheeze_score,0,0
M39,test,cycle,207_3b2_Pr_mc_AKGC417L__4,wheeze_score,0.0513478819,0
M39,test,cycle,207_3b2_Pr_mc_AKGC417L__5,wheeze_score,0,0
M39,test,cycle,207_3b2_Pr_mc_AKGC417L__6,wheeze_score,0,0
M39,test,cycle,207_3b2_Pr_mc_AKGC417L__7,wheeze_score,0,0
M39,test,cycle,207_3b2_Pr_mc_AKGC417L__8,wheeze_score,0.1013824885,0
M39,test,cycle,207_3b2_Tc_mc_AKGC417L__0,wheeze_score,0,0
M39,test,cycle,207_3b2_Tc_mc_AKGC417L__1,wheeze_score,0,0
M39,test,cycle,207_3b2_Tc_mc_AKGC417L__2,wheeze_score,0,0
M39,test,cycle,207_3b2_Tc_mc_AKGC417L__3,wheeze_score,0,0
M39,test,cycle,207_3b2_Tc_mc_AKGC417L__4,wheeze_score,0,0
M39,test,cycle,207_3b2_Tc_mc_AKGC417L__5,wheeze_score,0,0
M39,test,cycle,207_3b2_Tc_mc_AKGC417L__6,wheeze_score,0.06702974445,0
M39,test,cycle,207_3b2_Tc_mc_AKGC417L__7,wheeze_score,0.09316770186,0
M39,test,cycle,207_3b2_Tc_mc_AKGC417L__8,wheeze_score,0,0
M39,test,cycle,211_1p2_Ar_mc_AKGC417L__0,wheeze_score,0,0
M39,test,cycle,211_1p2_Ar_mc_AKGC417L__1,wheeze_score,0.06150061501,0
M39,test,cycle,211_1p2_Ar_mc_AKGC417L__2,wheeze_score,0.1004394225,0
M39,test,cycle,211_1p2_Ar_mc_AKGC417L__3,wheeze_score,0,0
M39,test,cycle,211_1p2_Ar_mc_AKGC417L__4,wheeze_score,0,0
M39,test,cycle,211_1p2_Ar_mc_AKGC417L__5,wheeze_score,0,0
M39,test,cycle,211_1p2_Ar_mc_AKGC417L__6,wheeze_score,0,0
M39,test,cycle,211_1p2_Ar_mc_AKGC417L__7,wheeze_score,0,0
M39,test,cycle,211_1p2_Ar_mc_AKGC417L__8,wheeze_score,0,0
M39,test,cycle,211_1p2_Ar_mc_AKGC417L__9,wheeze_score,0,0
M39,test,cycle,211_1p2_Ar_mc_AKGC417L__10,wheeze_score,0.07372654155,0
M39,test,cycle,211_1p2_Ar_mc_AKGC417L__11,wheeze_score,0,0
M39,test,cycle,211_1p2_Ar_mc_AKGC417L__12,wheeze_score,0,0
M39,test,cycle,211_1p2_Pl_mc_AKGC417L__0,wheeze_score,0.09416195857,1
M39,test,cycle,211_1p2_Pl_mc_AKGC417L__1,wheeze_score,0.2921068987,1
M39,test,cycle,211_1p2_Pl_mc_AKGC417L__2,wheeze_score,0.1004394225,1
M39,test,cycle,211_1p2_Pl_mc_AKGC417L__3,wheeze_score,0.2788586252,0
M39,test,cycle,211_1p2_Pl_mc_AKGC417L__4,wheeze_score,0.1924310455,0
M39,test,cycle,211_1p2_Pl_mc_AKGC417L__5,wheeze_score,0.07912355447,1
M39,test,cycle,211_1p2_Pl_mc_AKGC417L__6,wheeze_score,0.3051317614,0
M39,test,cycle,211_1p2_Pl_mc_AKGC417L__7,wheeze_score,0.1921802518,1
M39,test,cycle,211_1p2_Pl_mc_AKGC417L__8,wheeze_score,0.1825842697,1
M39,test,cycle,211_1p2_Pl_mc_AKGC417L__9,wheeze_score,0.1217948718,1
M39,test,cycle,211_1p2_Pl_mc_AKGC417L__10,wheeze_score,0.08327550312,1
M39,test,cycle,211_1p2_Pl_mc_AKGC417L__11,wheeze_score,0,0
M39,test,cycle,211_1p2_Pl_mc_AKGC417L__12,wheeze_score,0.1104972376,0
M39,test,cycle,211_1p2_Pr_mc_AKGC417L__0,wheeze_score,0,0
M39,test,cycle,211_1p2_Pr_mc_AKGC417L__1,wheeze_score,0,0
M39,test,cycle,211_1p2_Pr_mc_AKGC417L__2,wheeze_score,0,0
M39,test,cycle,211_1p2_Pr_mc_AKGC417L__3,wheeze_score,0,0
M39,test,cycle,211_1p2_Pr_mc_AKGC417L__4,wheeze_score,0,0
M39,test,cycle,211_1p2_Pr_mc_AKGC417L__5,wheeze_score,0,0
M39,test,cycle,211_1p2_Pr_mc_AKGC417L__6,wheeze_score,0,0
M39,test,cycle,211_1p2_Pr_mc_AKGC417L__7,wheeze_score,0,0
M39,test,cycle,211_1p2_Pr_mc_AKGC417L__8,wheeze_score,0.2528089888,0
M39,test,cycle,211_1p2_Pr_mc_AKGC417L__9,wheeze_score,0,0
M39,test,cycle,211_1p2_Pr_mc_AKGC417L__10,wheeze_score,0,0
M39,test,cycle,211_1p2_Pr_mc_AKGC417L__11,wheeze_score,0,0
M39,test,cycle,211_1p2_Pr_mc_AKGC417L__12,wheeze_score,0,0
M39,test,cycle,211_1p3_Ar_mc_AKGC417L__0,wheeze_score,0,0
M39,test,cycle,211_1p3_Ar_mc_AKGC417L__1,wheeze_score,0,0
M39,test,cycle,211_1p3_Ar_mc_AKGC417L__2,wheeze_score,0,0
M39,test,cycle,211_1p3_Ar_mc_AKGC417L__3,wheeze_score,0,0
M39,test,cycle,211_1p3_Ar_mc_AKGC417L__4,wheeze_score,0,0
M39,test,cycle,211_1p3_Ar_mc_AKGC417L__5,wheeze_score,0,0
M39,test,cycle,211_1p3_Ar_mc_AKGC417L__6,wheeze_score,0,0
M39,test,cycle,211_1p3_Ar_mc_AKGC417L__7,wheeze_score,0,0
M39,test,cycle,211_1p3_Ar_mc_AKGC417L__8,wheeze_score,0,0
M39,test,cycle,211_1p3_Ar_mc_AKGC417L__9,wheeze_score,0,0
M39,test,cycle,211_1p3_Ar_mc_AKGC417L__10,wheeze_score,0,0
M39,test,cycle,211_1p3_Ar_mc_AKGC417L__11,wheeze_score,0,0
M39,test,cycle,211_1p3_Ar_mc_AKGC417L__12,wheeze_score,0,0
M39,test,cycle,211_1p3_Ar_mc_AKGC417L__13,wheeze_score,0,0
M39,test,cycle,211_1p5_Ar_mc_AKGC417L__0,wheeze_score,0.07628294036,0
M39,test,cycle,211_1p5_Ar_mc_AKGC417L__1,wheeze_score,0.1043997017,0
M39,test,cycle,211_1p5_Ar_mc_AKGC417L__2,wheeze_score,0,0
M39,test,cycle,211_1p5_Ar_mc_AKGC417L__3,wheeze_score,0,0
M39,test,cycle,211_1p5_Ar_mc_AKGC417L__4,wheeze_score,0,0
M39,test,cycle,211_1p5_Ar_mc_AKGC417L__5,wheeze_score,0,0
M39,test,cycle,211_1p5_Ar_mc_AKGC417L__6,wheeze_score,0.07457121551,0
M39,test,cycle,211_1p5_Ar_mc_AKGC417L__7,wheeze_score,0.06557377049,0
M39,test,cycle,211_1p5_Ar_mc_AKGC417L__8,wheeze_score,0,0
M39,test,cycle,211_1p5_Ar_mc_AKGC417L__9,wheeze_score,0,0
M39,test,cycle,211_1p5_Ar_mc_AKGC417L__10,wheeze_score,0,0
M39,test,cycle,211_1p5_Ar_mc_AKGC417L__11,wheeze_score,0,0
M39,test,cycle,211_1p5_Ar_mc_AKGC417L__12,wheeze_score,0,0
M39,test,cycle,211_1p5_Ar_mc_AKGC417L__13,wheeze_score,0,0
M39,test,cycle,211_2p2_Tc_mc_AKGC417L__0,wheeze_score,0,0
M39,test,cycle,211_2p2_Tc_mc_AKGC417L__1,wheeze_score,0,0
M39,test,cycle,211_2p2_Tc_mc_AKGC417L__2,wheeze_score,0,0
M39,test,cycle,211_2p2_Tc_mc_AKGC417L__3,wheeze_score,0,0
M39,test,cycle,211_2p2_Tc_mc_AKGC417L__4,wheeze_score,0,0
M39,test,cycle,211_2p2_Tc_mc_AKGC417L__5,wheeze_score,0,0
M39,test,cycle,211_2p2_Tc_mc_AKGC417L__6,wheeze_score,0,0
M39,test,cycle,211_2p2_Tc_mc_AKGC417L__7,wheeze_score,0,0
M39,test,cycle,211_2p2_Tc_mc_AKGC417L__8,wheeze_score,0,0
M39,test,cycle,211_2p2_Tc_mc_AKGC417L__9,wheeze_score,0,0
M39,test,cycle,211_2p2_Tc_mc_AKGC417L__10,wheeze_score,0,0
M39,test,cycle,211_2p2_Tc_mc_AKGC417L__11,wheeze_score,0,0
M39,test,cycle,211_2p2_Tc_mc_AKGC417L__12,wheeze_score,0,0
M39,test,cycle,211_2p3_Tc_mc_AKGC417L__0,wheeze_score,0,0
M39,test,cycle,211_2p3_Tc_mc_AKGC417L__1,wheeze_score,0,0
M39,test,cycle,211_2p3_Tc_mc_AKGC417L__2,wheeze_score,0,0
M39,test,cycle,211_2p3_Tc_mc_AKGC417L__3,wheeze_score,0,0
M39,test,cycle,211_2p3_Tc_mc_AKGC417L__4,wheeze_score,0,0
M39,test,cycle,211_2p3_Tc_mc_AKGC417L__5,wheeze_score,0,0
M39,test,cycle,211_2p3_Tc_mc_AKGC417L__6,wheeze_score,0,0
M39,test,cycle,211_2p3_Tc_mc_AKGC417L__7,wheeze_score,0,0
M39,test,cycle,211_2p3_Tc_mc_AKGC417L__8,wheeze_score,0,0
M39,test,cycle,211_2p3_Tc_mc_AKGC417L__9,wheeze_score,0,0
M39,test,cycle,211_2p3_Tc_mc_AKGC417L__10,wheeze_score,0,0
M39,test,cycle,211_2p3_Tc_mc_AKGC417L__11,wheeze_score,0,0
M39,test,cycle,211_2p3_Tc_mc_AKGC417L__12,wheeze_score,0,0
M39,test,cycle,211_2p3_Tc_mc_AKGC417L__13,wheeze_score,0,0
M39,test,cycle,211_2p3_Tc_mc_AKGC417L__14,wheeze_score,0,0
M39,test,cycle,211_2p3_Tc_mc_AKGC417L__15,wheeze_score,0,0
M39,test,cycle,211_2p4_Tc_mc_AKGC417L__0,wheeze_score,0,0
M39,test,cycle,211_2p4_Tc_mc_AKGC417L__1,wheeze_score,0,0
M39,test,cycle,211_2p4_Tc_mc_AKGC417L__2,wheeze_score,0,0
M39,test,cycle,211_2p4_Tc_mc_AKGC417L__3,wheeze_score,0,0
M39,test,cycle,211_2p4_Tc_mc_AKGC417L__4,wheeze_score,0,0
M39,test,cycle,211_2p4_Tc_mc_AKGC417L__5,wheeze_score,0,0
M39,test,cycle,211_2p4_Tc_mc_AKGC417L__6,wheeze_score,0,0
M39,test,cycle,211_2p4_Tc_mc_AKGC417L__7,wheeze_score,0,0
M39,test,cycle,211_2p4_Tc_mc_AKGC417L__8,wheeze_score,0,0
M39,test,cycle,211_2p4_Tc_mc_AKGC417L__9,wheeze_score,0,0
M39,test,cycle,211_2p4_Tc_mc_AKGC417L__10,wheeze_score,0,0
M39,test,cycle,211_2p4_Tc_mc_AKGC417L__11,wheeze_score,0,0
M39,test,cycle,211_2p4_Tc_mc_AKGC417L__12,wheeze_score,0,0
M39,test,cycle,211_2p4_Tc_mc_AKGC417L__13,wheeze_score,0,0
M39,test,cycle,211_2p4_Tc_mc_AKGC417L__14,wheeze_score,0,0
M39,test,cycle,214_1b1_Ar_sc_Meditron__0,wheeze_score,0,0
M39,test,cycle,214_1b1_Ar_sc_Meditron__1,wheeze_score,0,0
M39,test,cycle,214_1b1_Ar_sc_Meditron__2,wheeze_score,0,0
M39,test,cycle,214_1b1_Ar_sc_Meditron__3,wheeze_score,0.0339320934,0
M39,test,cycle,214_1b1_Ar_sc_Meditron__4,wheeze_score,0,0
M39,test,cycle,214_1b1_Ar_sc_Meditron__5,wheeze_score,0,0
M39,test,cycle,214_1b1_Ar_sc_Meditron__6,wheeze_score,0,0
M39,test,cycle,216_1b1_Al_sc_Meditron__0,wheeze_score,0,0
M39,test,cycle,216_1b1_Al_sc_Meditron__1,wheeze_score,0,0
M39,test,cycle,216_1b1_Al_sc_Meditron__2,wheeze_score,0,0
M39,test,cycle,216_1b1_Al_sc_Meditron__3,wheeze_score,0,0
M39,test,cycle,216_1b1_Al_sc_Meditron__4,wheeze_score,0,0
M39,test,cycle,216_1b1_Al_sc_Meditron__5,wheeze_score,0,0
M39,test,cycle,216_1b1_Al_sc_Meditron__6,wheeze_score,0,0
M39,test,cycle,216_1b1_Al_sc_Meditron__7,wheeze_score,0,0
M39,test,cycle,216_1b1_Al_sc_Meditron__8,wheeze_score,0.1126516464,0
M39,test,cycle,216_1b1_Al_sc_Meditron__9,wheeze_score,0,0
M39,test,cycle,216_1b1_Al_sc_Meditron__10,wheeze_score,0,0
M39,test,cycle,216_1b1_Al_sc_Meditron__11,wheeze_score,0.08591065292,0
M39,test,cycle,216_1b1_Pl_sc_Meditron__0,wheeze_score,0,1
M39,test,cycle,216_1b1_Pl_sc_Meditron__1,wheeze_score,0,1
M39,test,cycle,216_1b1_Pl_sc_Meditron__2,wheeze_score,0,1
M39,test,cycle,216_1b1_Pl_sc_Meditron__3,wheeze_score,0,1
M39,test,cycle,216_1b1_Pl_sc_Meditron__4,wheeze_score,0,1
M39,test,cycle,216_1b1_Pl_sc_Meditron__5,wheeze_score,0,1
M39,test,cycle,216_1b1_Pl_sc_Meditron__6,wheeze_score,0,1
M39,test,cycle,216_1b1_Pl_sc_Meditron__7,wheeze_score,0,1
M39,test,cycle,216_1b1_Pl_sc_Meditron__8,wheeze_score,0,0
M39,test,cycle,216_1b1_Pl_sc_Meditron__9,wheeze_score,0,0
M39,test,cycle,223_1b1_Al_sc_Meditron__0,wheeze_score,0,0
M39,test,cycle,223_1b1_Al_sc_Meditron__1,wheeze_score,0,0
M39,test,cycle,223_1b1_Al_sc_Meditron__2,wheeze_score,0,0
M39,test,cycle,223_1b1_Al_sc_Meditron__3,wheeze_score,0,0
M39,test,cycle,223_1b1_Al_sc_Meditron__4,wheeze_score,0,0
M39,test,cycle,223_1b1_Al_sc_Meditron__5,wheeze_score,0,0
M39,test,cycle,223_1b1_Al_sc_Meditron__6,wheeze_score,0,0
M39,test,cycle,223_1b1_Al_sc_Meditron__7,wheeze_score,0,0
M39,test,cycle,223_1b1_Al_sc_Meditron__8,wheeze_score,0,0
M39,test,cycle,223_1b1_Al_sc_Meditron__9,wheeze_score,0,0
M39,test,cycle,223_1b1_Ar_sc_Meditron__0,wheeze_score,0,1
M39,test,cycle,223_1b1_Ar_sc_Meditron__1,wheeze_score,0,1
M39,test,cycle,223_1b1_Ar_sc_Meditron__2,wheeze_score,0,1
M39,test,cycle,223_1b1_Ar_sc_Meditron__3,wheeze_score,0,1
M39,test,cycle,223_1b1_Ar_sc_Meditron__4,wheeze_score,0,1
M39,test,cycle,223_1b1_Ar_sc_Meditron__5,wheeze_score,0,1
M39,test,cycle,223_1b1_Ar_sc_Meditron__6,wheeze_score,0,1
M39,test,cycle,223_1b1_Ar_sc_Meditron__7,wheeze_score,0,1
M39,test,cycle,223_1b1_Ar_sc_Meditron__8,wheeze_score,0,1
M39,test,cycle,223_1b1_Ar_sc_Meditron__9,wheeze_score,0,1
M39,test,cycle,223_1b1_Ll_sc_Meditron__0,wheeze_score,0,0
M39,test,cycle,223_1b1_Ll_sc_Meditron__1,wheeze_score,0,0
M39,test,cycle,223_1b1_Ll_sc_Meditron__2,wheeze_score,0,0
M39,test,cycle,223_1b1_Ll_sc_Meditron__3,wheeze_score,0,0
M39,test,cycle,223_1b1_Ll_sc_Meditron__4,wheeze_score,0,0
M39,test,cycle,223_1b1_Ll_sc_Meditron__5,wheeze_score,0,0
M39,test,cycle,223_1b1_Ll_sc_Meditron__6,wheeze_score,0,0
M39,test,cycle,223_1b1_Ll_sc_Meditron__7,wheeze_score,0,0
M39,test,cycle,223_1b1_Ll_sc_Meditron__8,wheeze_score,0,0
M39,test,cycle,223_1b1_Ll_sc_Meditron__9,wheeze_score,0,0
M39,test,cycle,223_1b1_Lr_sc_Meditron__0,wheeze_score,0,0
M39,test,cycle,223_1b1_Lr_sc_Meditron__1,wheeze_score,0,0
M39,test,cycle,223_1b1_Lr_sc_Meditron__2,wheeze_score,0,0
M39,test,cycle,223_1b1_Lr_sc_Meditron__3,wheeze_score,0,0
M39,test,cycle,223_1b1_Lr_sc_Meditron__4,wheeze_score,0,0
M39,test,cycle,223_1b1_Lr_sc_Meditron__5,wheeze_score,0,0
M39,test,cycle,223_1b1_Lr_sc_Meditron__6,wheeze_score,0,0
M39,test,cycle,223_1b1_Lr_sc_Meditron__7,wheeze_score,0,0
M39,test,cycle,223_1b1_Lr_sc_Meditron__8,wheeze_score,0,0
M39,test,cycle,223_1b1_Lr_sc_Meditron__9,wheeze_score,0,0
M39,test,cycle,223_1b1_Pl_sc_Meditron__0,wheeze_score,0,0
M39,test,cycle,223_1b1_Pl_sc_Meditron__1,wheeze_score,0,0
M39,test,cycle,223_1b1_Pl_sc_Meditron__2,wheeze_score,0,0
M39,test,cycle,223_1b1_Pl_sc_Meditron__3,wheeze_score,0,0
M39,test,cycle,223_1b1_Pl_sc_Meditron__4,wheeze_score,0,0
M39,test,cycle,223_1b1_Pl_sc_Meditron__5,wheeze_score,0,0
M39,test,cycle,223_1b1_Pl_sc_Meditron__6,wheeze_score,0,0
M39,test,cycle,223_1b1_Pl_sc_Meditron__7,wheeze_score,0,0
M39,test,cycle,223_1b1_Pl_sc_Meditron__8,wheeze_score,0,0
M39,test,cycle,223_1b1_Pl_sc_Meditron__9,wheeze_score,0,0
M39,test,cycle,223_1b1_Pl_sc_Meditron__10,wheeze_score,0,0
M39,test,cycle,223_1b1_Pr_sc_Meditron__0,wheeze_score,0,0
M39,test,cycle,223_1b1_Pr_sc_Meditron__1,wheeze_score,0,0
M39,test,cycle,223_1b1_Pr_sc_Meditron__2,wheeze_score,0,0
M39,test,cycle,223_1b1_Pr_sc_Meditron__3,wheeze_score,0,0
M39,test,cycle,223_1b1_Pr_sc_Meditron__4,wheeze_score,0,0
M39,test,cycle,223_1b1_Pr_sc_Meditron__5,wheeze_score,0,0
M39,test,cycle,223_1b1_Pr_sc_Meditron__6,wheeze_score,0,0
M39,test,cycle,223_1b1_Pr_sc_Meditron__7,wheeze_score,0,1
M39,test,cycle,223_1b1_Pr_sc_Meditron__8,wheeze_score,0,1
M39,test,cycle,223_1b1_Pr_sc_Meditron__9,wheeze_score,0,1
M39,test,cycle,224_1b1_Tc_sc_Meditron__0,wheeze_score,0,0
M39,test,cycle,224_1b1_Tc_sc_Meditron__1,wheeze_score,0,0
M39,test,cycle,224_1b1_Tc_sc_Meditron__2,wheeze_score,0,0
M39,test,cycle,224_1b1_Tc_sc_Meditron__3,wheeze_score,0,0
M39,test,cycle,224_1b1_Tc_sc_Meditron__4,wheeze_score,0,0
M39,test,cycle,224_1b1_Tc_sc_Meditron__5,wheeze_score,0,0
M39,test,cycle,224_1b1_Tc_sc_Meditron__6,wheeze_score,0,0
M39,test,cycle,224_1b2_Al_sc_Meditron__0,wheeze_score,0,0
M39,test,cycle,224_1b2_Al_sc_Meditron__1,wheeze_score,0,0
M39,test,cycle,224_1b2_Al_sc_Meditron__2,wheeze_score,0,0
M39,test,cycle,224_1b2_Al_sc_Meditron__3,wheeze_score,0,0
M39,test,cycle,224_1b2_Al_sc_Meditron__4,wheeze_score,0,0
M39,test,cycle,224_1b2_Al_sc_Meditron__5,wheeze_score,0,0
M39,test,cycle,224_1b2_Al_sc_Meditron__6,wheeze_score,0,0
M39,test,cycle,225_1b1_Pl_sc_Meditron__0,wheeze_score,0,0
M39,test,cycle,225_1b1_Pl_sc_Meditron__1,wheeze_score,0.07242003621,0
M39,test,cycle,225_1b1_Pl_sc_Meditron__2,wheeze_score,0,0
M39,test,cycle,225_1b1_Pl_sc_Meditron__3,wheeze_score,0.07333333333,0
M39,test,cycle,225_1b1_Pl_sc_Meditron__4,wheeze_score,0.06605019815,0
M39,test,cycle,225_1b1_Pl_sc_Meditron__5,wheeze_score,0,0
M39,test,cycle,225_1b1_Pl_sc_Meditron__6,wheeze_score,0,0
M39,test,cycle,225_1b1_Pl_sc_Meditron__7,wheeze_score,0,0
M39,test,cycle,225_1b1_Pl_sc_Meditron__8,wheeze_score,0,0
M39,test,cycle,225_1b1_Pl_sc_Meditron__9,wheeze_score,0,0
M39,test,cycle,225_1b1_Pl_sc_Meditron__10,wheeze_score,0,0
M39,test,cycle,225_1b1_Pl_sc_Meditron__11,wheeze_score,0,0
M39,test,cycle,225_1b1_Pl_sc_Meditron__12,wheeze_score,0.0823723229,0
M39,test,cycle,225_1b1_Pl_sc_Meditron__13,wheeze_score,0,0
M39,train,cycle,103_2b2_Ar_mc_LittC2SE__0,wheeze_score,0,1
M39,train,cycle,103_2b2_Ar_mc_LittC2SE__1,wheeze_score,0,0
M39,train,cycle,103_2b2_Ar_mc_LittC2SE__2,wheeze_score,0,1
M39,train,cycle,103_2b2_Ar_mc_LittC2SE__3,wheeze_score,0,1
M39,train,cycle,103_2b2_Ar_mc_LittC2SE__4,wheeze_score,0,1
M39,train,cycle,103_2b2_Ar_mc_LittC2SE__5,wheeze_score,0,0
M39,train,cycle,105_1b1_Tc_sc_Meditron__0,wheeze_score,0,0
M39,train,cycle,105_1b1_Tc_sc_Meditron__1,wheeze_score,0,0
M39,train,cycle,105_1b1_Tc_sc_Meditron__2,wheeze_score,0,0
M39,train,cycle,105_1b1_Tc_sc_Meditron__3,wheeze_score,0,0
M39,train,cycle,105_1b1_Tc_sc_Meditron__4,wheeze_score,0,0
M39,train,cycle,105_1b1_Tc_sc_Meditron__5,wheeze_score,0,0
M39,train,cycle,105_1b1_Tc_sc_Meditron__6,wheeze_score,0,0
M39,train,cycle,105_1b1_Tc_sc_Meditron__7,wheeze_score,0,0
M39,train,cycle,106_2b1_Pl_mc_LittC2SE__0,wheeze_score,0.1315789474,0
M39,train,cycle,106_2b1_Pl_mc_LittC2SE__1,wheeze_score,0.1953601954,0
M39,train,cycle,106_2b1_Pl_mc_LittC2SE__2,wheeze_score,0.05863956216,0
M39,train,cycle,106_2b1_Pl_mc_LittC2SE__3,wheeze_score,0.2523402523,0
M39,train,cycle,106_2b1_Pl_mc_LittC2SE__4,wheeze_score,0.27414593,0
M39,train,cycle,106_2b1_Pl_mc_LittC2SE__5,wheeze_score,0.5,0
M39,train,cycle,106_2b1_Pl_mc_LittC2SE__6,wheeze_score,0.3897736798,0
M39,train,cycle,106_2b1_Pl_mc_LittC2SE__7,wheeze_score,0.2154101077,0
M39,train,cycle,106_2b1_Pl_mc_LittC2SE__8,wheeze_score,0.3302509908,0
M39,train,cycle,106_2b1_Pr_mc_LittC2SE__0,wheeze_score,0.04962779156,1
M39,train,cycle,106_2b1_Pr_mc_LittC2SE__1,wheeze_score,0,1
M39,train,cycle,106_2b1_Pr_mc_LittC2SE__2,wheeze_score,0,0
M39,train,cycle,106_2b1_Pr_mc_LittC2SE__3,wheeze_score,0.214797136,1
M39,train,cycle,106_2b1_Pr_mc_LittC2SE__4,wheeze_score,0.1615575808,1
M39,train,cycle,106_2b1_Pr_mc_LittC2SE__5,wheeze_score,0.08639308855,1
M39,train,cycle,106_2b1_Pr_mc_LittC2SE__6,wheeze_score,0.04856333468,1
M39,train,cycle,106_2b1_Pr_mc_LittC2SE__7,wheeze_score,0.04753673293,1
M39,train,cycle,106_2b1_Pr_mc_LittC2SE__8,wheeze_score,0.2447552448,0
M39,train,cycle,107_2b3_Al_mc_AKGC417L__0,wheeze_score,0,0
M39,train,cycle,107_2b3_Al_mc_AKGC417L__1,wheeze_score,0.07336757153,0
M39,train,cycle,107_2b3_Al_mc_AKGC417L__2,wheeze_score,0,0
M39,train,cycle,107_2b3_Al_mc_AKGC417L__3,wheeze_score,0.03835826621,0
M39,train,cycle,107_2b3_Al_mc_AKGC417L__4,wheeze_score,0,0
M39,train,cycle,107_2b3_Al_mc_AKGC417L__5,wheeze_score,0,0
M39,train,cycle,107_2b3_Al_mc_AKGC417L__6,wheeze_score,0,0
M39,train,cycle,107_2b3_Al_mc_AKGC417L__7,wheeze_score,0,0
M39,train,cycle,107_2b3_Ar_mc_AKGC417L__0,wheeze_score,0,0
M39,train,cycle,107_2b3_Ar_mc_AKGC417L__1,wheeze_score,0.04402054292,1
M39,train,cycle,107_2b3_Ar_mc_AKGC417L__2,wheeze_score,0,1
M39,train,cycle,107_2b3_Ar_mc_AKGC417L__3,wheeze_score,0,1
M39,train,cycle,107_2b3_Ar_mc_AKGC417L__4,wheeze_score,0,1
M39,train,cycle,107_2b3_Ar_mc_AKGC417L__5,wheeze_score,0,1
M39,train,cycle,107_2b3_Ar_mc_AKGC417L__6,wheeze_score,0,1
M39,train,cycle,107_2b3_Ar_mc_AKGC417L__7,wheeze_score,0,1
M39,train,cycle,107_2b3_Ll_mc_AKGC417L__0,wheeze_score,0.05834305718,0
M39,train,cycle,107_2b3_Ll_mc_AKGC417L__1,wheeze_score,0.1834189288,0
M39,train,cycle,107_2b3_Ll_mc_AKGC417L__2,wheeze_score,0.250385208,0
M39,train,cycle,107_2b3_Ll_mc_AKGC417L__3,wheeze_score,0.2339854239,0
M39,train,cycle,107_2b3_Ll_mc_AKGC417L__4,wheeze_score,0.1800450113,0
M39,train,cycle,107_2b3_Ll_mc_AKGC417L__5,wheeze_score,0.1646264247,0
M39,train,cycle,107_2b3_Ll_mc_AKGC417L__6,wheeze_score,0.1687424669,0
M39,train,cycle,107_2b3_Ll_mc_AKGC417L__7,wheeze_score,0.1910219675,0
M39,train,cycle,107_2b3_Lr_mc_AKGC417L__0,wheeze_score,0,0
M39,train,cycle,107_2b3_Lr_mc_AKGC417L__1,wheeze_score,0,0
M39,train,cycle,107_2b3_Lr_mc_AKGC417L__2,wheeze_score,0.05392912173,0
M39,train,cycle,107_2b3_Lr_mc_AKGC417L__3,wheeze_score,0,0
M39,train,cycle,107_2b3_Lr_mc_AKGC417L__4,wheeze_score,0,0
M39,train,cycle,107_2b3_Lr_mc_AKGC417L__5,wheeze_score,0,0
M39,train,cycle,107_2b3_Lr_mc_AKGC417L__6,wheeze_score,0,0
M39,train,cycle,107_2b3_Lr_mc_AKGC417L__7,wheeze_score,0,0
M39,train,cycle,107_2b3_Pl_mc_AKGC417L__0,wheeze_score,0.08168028005,0
M39,train,cycle,107_2b3_Pl_mc_AKGC417L__1,wheeze_score,0,0
M39,train,cycle,107_2b3_Pl_mc_AKGC417L__2,wheeze_score,0,0
M39,train,cycle,107_2b3_Pl_mc_AKGC417L__3,wheeze_score,0.1035673188,0
M39,train,cycle,107_2b3_Pl_mc_AKGC417L__4,wheeze_score,0.06001500375,0
M39,train,cycle,107_2b3_Pl_mc_AKGC417L__5,wheeze_score,0.05909666526,0
M39,train,cycle,107_2b3_Pl_mc_AKGC417L__6,wheeze_score,0,0
M39,train,cycle,107_2b3_Pl_mc_AKGC417L__7,wheeze_score,0.1337153773,0
M39,train,cycle,107_2b3_Pr_mc_AKGC417L__0,wheeze_score,0,0
M39,train,cycle,107_2b3_Pr_mc_AKGC417L__1,wheeze_score,0,0
M39,train,cycle,107_2b3_Pr_mc_AKGC417L__2,wheeze_score,0,1
M39,train,cycle,107_2b3_Pr_mc_AKGC417L__3,wheeze_score,0,0
M39,train,cycle,107_2b3_Pr_mc_AKGC417L__4,wheeze_score,0.03750937734,0
M39,train,cycle,107_2b3_Pr_mc_AKGC417L__5,wheeze_score,0.05065428451,1
M39,train,cycle,107_2b3_Pr_mc_AKGC417L__6,wheeze_score,0.04821213339,0
M39,train,cycle,107_2b3_Pr_mc_AKGC417L__7,wheeze_score,0,1
M39,train,cycle,107_2b3_Tc_mc_AKGC417L__0,wheeze_score,0,0
M39,train,cycle,107_2b3_Tc_mc_AKGC417L__1,wheeze_score,0,0
M39,train,cycle,107_2b3_Tc_mc_AKGC417L__2,wheeze_score,0,0
M39,train,cycle,107_2b3_Tc_mc_AKGC417L__3,wheeze_score,0,0
M39,train,cycle,107_2b3_Tc_mc_AKGC417L__4,wheeze_score,0,0
M39,train,cycle,107_2b3_Tc_mc_AKGC417L__5,wheeze_score,0,0
M39,train,cycle,107_2b3_Tc_mc_AKGC417L__6,wheeze_score,0,0
M39,train,cycle,107_2b3_Tc_mc_AKGC417L__7,wheeze_score,0,0
M39,train,cycle,107_2b4_Al_mc_AKGC417L__0,wheeze_score,0.04178854994,0
M39,train,cycle,107_2b4_Al_mc_AKGC417L__1,wheeze_score,0,0
M39,train,cycle,107_2b4_Al_mc_AKGC417L__2,wheeze_score,0.0398089172,1
M39,train,cycle,107_2b4_Al_mc_AKGC417L__3,wheeze_score,0.04643962848,0
M39,train,cycle,107_2b4_Al_mc_AKGC417L__4,wheeze_score,0,1
M39,train,cycle,107_2b4_Al_mc_AKGC417L__5,wheeze_score,0,0
M39,train,cycle,107_2b4_Al_mc_AKGC417L__6,wheeze_score,0,0
M39,train,cycle,107_2b4_Al_mc_AKGC417L__7,wheeze_score,0,0
M39,train,cycle,107_2b4_Ar_mc_AKGC417L__0,wheeze_score,0,0
M39,train,cycle,107_2b4_Ar_mc_AKGC417L__1,wheeze_score,0,0
M39,train,cycle,107_2b4_Ar_mc_AKGC417L__2,wheeze_score,0,0
M39,train,cycle,107_2b4_Ar_mc_AKGC417L__3,wheeze_score,0,0
M39,train,cycle,107_2b4_Ar_mc_AKGC417L__4,wheeze_score,0,0
M39,train,cycle,107_2b4_Ar_mc_AKGC417L__5,wheeze_score,0.05869405723,0
M39,train,cycle,107_2b4_Ar_mc_AKGC417L__6,wheeze_score,0,0
M39,train,cycle,107_2b4_Ar_mc_AKGC417L__7,wheeze_score,0,0
M39,train,cycle,107_2b4_Ll_mc_AKGC417L__0,wheeze_score,0.1964061847,0
M39,train,cycle,107_2b4_Ll_mc_AKGC417L__1,wheeze_score,0.1655629139,0
M39,train,cycle,107_2b4_Ll_mc_AKGC417L__2,wheeze_score,0.1313694268,0
M39,train,cycle,107_2b4_Ll_mc_AKGC417L__3,wheeze_score,0.1160990712,0
M39,train,cycle,107_2b4_Ll_mc_AKGC417L__4,wheeze_score,0.1308569016,0
M39,train,cycle,107_2b4_Ll_mc_AKGC417L__5,wheeze_score,0.1467351431,0
M39,train,cycle,107_2b4_Ll_mc_AKGC417L__6,wheeze_score,0.101461039,0
M39,train,cycle,107_2b4_Ll_mc_AKGC417L__7,wheeze_score,0.4056603774,0
M39,train,cycle,107_2b4_Lr_mc_AKGC417L__0,wheeze_score,0,0
M39,train,cycle,107_2b4_Lr_mc_AKGC417L__1,wheeze_score,0,0
M39,train,cycle,107_2b4_Lr_mc_AKGC417L__2,wheeze_score,0.1114649682,0
M39,train,cycle,107_2b4_Lr_mc_AKGC417L__3,wheeze_score,0,0
M39,train,cycle,107_2b4_Lr_mc_AKGC417L__4,wheeze_score,0,0
M39,train,cycle,107_2b4_Lr_mc_AKGC417L__5,wheeze_score,0,0
M39,train,cycle,107_2b4_Lr_mc_AKGC417L__6,wheeze_score,0,0
M39,train,cycle,107_2b4_Lr_mc_AKGC417L__7,wheeze_score,0,0
M39,train,cycle,107_2b4_Pl_mc_AKGC417L__0,wheeze_score,0.04596740493,0
M39,train,cycle,107_2b4_Pl_mc_AKGC417L__1,wheeze_score,0,0
M39,train,cycle,107_2b4_Pl_mc_AKGC417L__2,wheeze_score,0,0
M39,train,cycle,107_2b4_Pl_mc_AKGC417L__3,wheeze_score,0,0
M39,train,cycle,107_2b4_Pl_mc_AKGC417L__4,wheeze_score,0.05065428451,0
M39,train,cycle,107_2b4_Pl_mc_AKGC417L__5,wheeze_score,0.03668378577,0
M39,train,cycle,107_2b4_Pl_mc_AKGC417L__6,wheeze_score,0.04058441558,0
M39,train,cycle,107_2b4_Pl_mc_AKGC417L__7,wheeze_score,0,0
M39,train,cycle,107_2b4_Pr_mc_AKGC417L__0,wheeze_score,0.04178854994,0
M39,train,cycle,107_2b4_Pr_mc_AKGC417L__1,wheeze_score,0,0
M39,train,cycle,107_2b4_Pr_mc_AKGC417L__2,wheeze_score,0.04777070064,0
M39,train,cycle,107_2b4_Pr_mc_AKGC417L__3,wheeze_score,0,0
M39,train,cycle,107_2b4_Pr_mc_AKGC417L__4,wheeze_score,0,0
M39,train,cycle,107_2b4_Pr_mc_AKGC417L__5,wheeze_score,0.04035216434,0
M39,train,cycle,107_2b4_Pr_mc_AKGC417L__6,wheeze_score,0,0
M39,train,cycle,107_2b4_Pr_mc_AKGC417L__7,wheeze_score,0,0
M39,train,cycle,107_2b4_Tc_mc_AKGC417L__0,wheeze_score,0,0
M39,train,cycle,107_2b4_Tc_mc_AKGC417L__1,wheeze_score,0,0
M39,train,cycle,107_2b4_Tc_mc_AKGC417L__2,wheeze_score,0,0
M39,train,cycle,107_2b4_Tc_mc_AKGC417L__3,wheeze_score,0,0
M39,train,cycle,107_2b4_Tc_mc_AKGC417L__4,wheeze_score,0,0
M39,train,cycle,107_2b4_Tc_mc_AKGC417L__5,wheeze_score,0,0
M39,train,cycle,107_2b4_Tc_mc_AKGC417L__6,wheeze_score,0,0
M39,train,cycle,107_2b4_Tc_mc_AKGC417L__7,wheeze_score,0,0
M39,train,cycle,107_2b5_Al_mc_AKGC417L__0,wheeze_score,0,0
M39,train,cycle,107_2b5_Al_mc_AKGC417L__1,wheeze_score,0,0
M39,train,cycle,107_2b5_Al_mc_AKGC417L__2,wheeze_score,0.0365230095,0
M39,train,cycle,107_2b5_Al_mc_AKGC417L__3,wheeze_score,0.1055297594,0
M39,train,cycle,107_2b5_Al_mc_AKGC417L__4,wheeze_score,0.04276827372,0
M39,train,cycle,107_2b5_Al_mc_AKGC417L__5,wheeze_score,0,0
M39,train,cycle,107_2b5_Al_mc_AKGC417L__6,wheeze_score,0,0
M39,train,cycle,107_2b5_Al_mc_AKGC417L__7,wheeze_score,0.04053058217,0
M39,train,cycle,107_2b5_Ar_mc_AKGC417L__0,wheeze_score,0,0
M39,train,cycle,107_2b5_Ar_mc_AKGC417L__1,wheeze_score,0.1264274062,0
M39,train,cycle,107_2b5_Ar_mc_AKGC417L__2,wheeze_score,0,0
M39,train,cycle,107_2b5_Ar_mc_AKGC417L__3,wheeze_score,0.04643309413,0
M39,train,cycle,107_2b5_Ar_mc_AKGC417L__4,wheeze_score,0,1
M39,train,cycle,107_2b5_Ar_mc_AKGC417L__5,wheeze_score,0.05522682446,0
M39,train,cycle,107_2b5_Ar_mc_AKGC417L__6,wheeze_score,0.03924646782,0
M39,train,cycle,107_2b5_Ar_mc_AKGC417L__7,wheeze_score,0.06632277082,1
M39,train,cycle,107_2b5_Ll_mc_AKGC417L__0,wheeze_score,0.1049475262,0
M39,train,cycle,107_2b5_Ll_mc_AKGC417L__1,wheeze_score,0.05301794454,0
M39,train,cycle,107_2b5_Ll_mc_AKGC417L__2,wheeze_score,0.09861212564,0
M39,train,cycle,107_2b5_Ll_mc_AKGC417L__3,wheeze_score,0.236386661,0
M39,train,cycle,107_2b5_Ll_mc_AKGC417L__4,wheeze_score,0.1827371695,0
M39,train,cycle,107_2b5_Ll_mc_AKGC417L__5,wheeze_score,0.2445759369,0
M39,train,cycle,107_2b5_Ll_mc_AKGC417L__6,wheeze_score,0.09419152276,0
M39,train,cycle,107_2b5_Ll_mc_AKGC417L__7,wheeze_score,0.1215917465,0
M39,train,cycle,107_2b5_Lr_mc_AKGC417L__0,wheeze_score,0,0
M39,train,cycle,107_2b5_Lr_mc_AKGC417L__1,wheeze_score,0,0
M39,train,cycle,107_2b5_Lr_mc_AKGC417L__2,wheeze_score,0.04017531045,0
M39,train,cycle,107_2b5_Lr_mc_AKGC417L__3,wheeze_score,0,0
M39,train,cycle,107_2b5_Lr_mc_AKGC417L__4,wheeze_score,0,0
M39,train,cycle,107_2b5_Lr_mc_AKGC417L__5,wheeze_score,0,0
M39,train,cycle,107_2b5_Lr_mc_AKGC417L__6,wheeze_score,0,0
M39,train,cycle,107_2b5_Lr_mc_AKGC417L__7,wheeze_score,0.04789977892,0
M39,train,cycle,107_2b5_Pl_mc_AKGC417L__0,wheeze_score,0,0
M39,train,cycle,107_2b5_Pl_mc_AKGC417L__1,wheeze_score,0.2120717781,0
M39,train,cycle,107_2b5_Pl_mc_AKGC417L__2,wheeze_score,0.07669831994,0
M39,train,cycle,107_2b5_Pl_mc_AKGC417L__3,wheeze_score,0,0
M39,train,cycle,107_2b5_Pl_mc_AKGC417L__4,wheeze_score,0.1244167963,0
M39,train,cycle,107_2b5_Pl_mc_AKGC417L__5,wheeze_score,0.04733727811,0
M39,train,cycle,107_2b5_Pl_mc_AKGC417L__6,wheeze_score,0,0
M39,train,cycle,107_2b5_Pl_mc_AKGC417L__7,wheeze_score,0,0
M39,train,cycle,107_2b5_Pr_mc_AKGC417L__0,wheeze_score,0,0
M39,train,cycle,107_2b5_Pr_mc_AKGC417L__1,wheeze_score,0.1141924959,0
M39,train,cycle,107_2b5_Pr_mc_AKGC417L__2,wheeze_score,0.1314828342,0
M39,train,cycle,107_2b5_Pr_mc_AKGC417L__3,wheeze_score,0.05065428451,0
M39,train,cycle,107_2b5_Pr_mc_AKGC417L__4,wheeze_score,0,0
M39,train,cycle,107_2b5_Pr_mc_AKGC417L__5,wheeze_score,0,0
M39,train,cycle,107_2b5_Pr_mc_AKGC417L__6,wheeze_score,0,0
M39,train,cycle,107_2b5_Pr_mc_AKGC417L__7,wheeze_score,0.05526897568,1
M39,train,cycle,107_2b5_Tc_mc_AKGC417L__0,wheeze_score,0,0
M39,train,cycle,107_2b5_Tc_mc_AKGC417L__1,wheeze_score,0,0
M39,train,cycle,107_2b5_Tc_mc_AKGC417L__2,wheeze_score,0,0
M39,train,cycle,107_2b5_Tc_mc_AKGC417L__3,wheeze_score,0,0
M39,train,cycle,107_2b5_Tc_mc_AKGC417L__4,wheeze_score,0,0
M39,train,cycle,107_2b5_Tc_mc_AKGC417L__5,wheeze_score,0,0
M39,train,cycle,107_2b5_Tc_mc_AKGC417L__6,wheeze_score,0,0
M39,train,cycle,107_2b5_Tc_mc_AKGC417L__7,wheeze_score,0,0
M39,train,cycle,107_3p2_Al_mc_AKGC417L__0,wheeze_score,0.05301794454,1
M39,train,cycle,107_3p2_Al_mc_AKGC417L__1,wheeze_score,0.06060606061,1
M39,train,cycle,107_3p2_Al_mc_AKGC417L__2,wheeze_score,0.05251641138,1
M39,train,cycle,107_3p2_Al_mc_AKGC417L__3,wheeze_score,0.04539264639,0
M39,train,cycle,107_3p2_Al_mc_AKGC417L__4,wheeze_score,0.04970178926,0
M39,train,cycle,107_3p2_Al_mc_AKGC417L__5,wheeze_score,0.04991680532,0
M39,train,cycle,107_3p2_Al_mc_AKGC417L__6,wheeze_score,0.04492362983,0
M39,train,cycle,107_3p2_Al_mc_AKGC417L__7,wheeze_score,0.0456412597,0
M39,train,cycle,107_3p2_Al_mc_AKGC417L__8,wheeze_score,0,0
M39,train,cycle,107_3p2_Ar_mc_AKGC417L__0,wheeze_score,0.1223491028,1
M39,train,cycle,107_3p2_Ar_mc_AKGC417L__1,wheeze_score,0.1818181818,1
M39,train,cycle,107_3p2_Ar_mc_AKGC417L__2,wheeze_score,0.06564551422,1
M39,train,cycle,107_3p2_Ar_mc_AKGC417L__3,wheeze_score,0.09986382206,1
M39,train,cycle,107_3p2_Ar_mc_AKGC417L__4,wheeze_score,0.0745526839,1
M39,train,cycle,107_3p2_Ar_mc_AKGC417L__5,wheeze_score,0,1
M39,train,cycle,107_3p2_Ar_mc_AKGC417L__6,wheeze_score,0,1
M39,train,cycle,107_3p2_Ar_mc_AKGC417L__7,wheeze_score,0,1
M39,train,cycle,107_3p2_Ar_mc_AKGC417L__8,wheeze_score,0.1215469613,1
M39,train,cycle,107_3p2_Ll_mc_AKGC417L__0,wheeze_score,0,0
M39,train,cycle,107_3p2_Ll_mc_AKGC417L__1,wheeze_score,0,0
M39,train,cycle,107_3p2_Ll_mc_AKGC417L__2,wheeze_score,0,0
M39,train,cycle,107_3p2_Ll_mc_AKGC417L__3,wheeze_score,0,0
M39,train,cycle,107_3p2_Ll_mc_AKGC417L__4,wheeze_score,0,0
M39,train,cycle,107_3p2_Ll_mc_AKGC417L__5,wheeze_score,0.04159733777,0
M39,train,cycle,107_3p2_Ll_mc_AKGC417L__6,wheeze_score,0,0
M39,train,cycle,107_3p2_Ll_mc_AKGC417L__7,wheeze_score,0,0
M39,train,cycle,107_3p2_Ll_mc_AKGC417L__8,wheeze_score,0,0
M39,train,cycle,107_3p2_Lr_mc_AKGC417L__0,wheeze_score,0.07340946166,1
M39,train,cycle,107_3p2_Lr_mc_AKGC417L__1,wheeze_score,0.1212121212,1
M39,train,cycle,107_3p2_Lr_mc_AKGC417L__2,wheeze_score,0,1
M39,train,cycle,107_3p2_Lr_mc_AKGC417L__3,wheeze_score,0,1
M39,train,cycle,107_3p2_Lr_mc_AKGC417L__4,wheeze_score,0,1
M39,train,cycle,107_3p2_Lr_mc_AKGC417L__5,wheeze_score,0,0
M39,train,cycle,107_3p2_Lr_mc_AKGC417L__6,wheeze_score,0,0
M39,train,cycle,107_3p2_Lr_mc_AKGC417L__7,wheeze_score,0,0
M39,train,cycle,107_3p2_Lr_mc_AKGC417L__8,wheeze_score,0,1
M39,train,cycle,107_3p2_Pl_mc_AKGC417L__0,wheeze_score,0,0
M39,train,cycle,107_3p2_Pl_mc_AKGC417L__1,wheeze_score,0,0
M39,train,cycle,107_3p2_Pl_mc_AKGC417L__2,wheeze_score,0,0
M39,train,cycle,107_3p2_Pl_mc_AKGC417L__3,wheeze_score,0,0
M39,train,cycle,107_3p2_Pl_mc_AKGC417L__4,wheeze_score,0,0
M39,train,cycle,107_3p2_Pl_mc_AKGC417L__5,wheeze_score,0,0
M39,train,cycle,107_3p2_Pl_mc_AKGC417L__6,wheeze_score,0.04492362983,0
M39,train,cycle,107_3p2_Pl_mc_AKGC417L__7,wheeze_score,0,0
M39,train,cycle,107_3p2_Pl_mc_AKGC417L__8,wheeze_score,0.1104972376,0
M39,train,cycle,107_3p2_Pr_mc_AKGC417L__0,wheeze_score,0.1223491028,1
M39,train,cycle,107_3p2_Pr_mc_AKGC417L__1,wheeze_score,0.2683982684,1
M39,train,cycle,107_3p2_Pr_mc_AKGC417L__2,wheeze_score,0.04376367615,1
M39,train,cycle,107_3p2_Pr_mc_AKGC417L__3,wheeze_score,0.05901044031,1
M39,train,cycle,107_3p2_Pr_mc_AKGC417L__4,wheeze_score,0.04970178926,1
M39,train,cycle,107_3p2_Pr_mc_AKGC417L__5,wheeze_score,0.05823627288,0
M39,train,cycle,107_3p2_Pr_mc_AKGC417L__6,wheeze_score,0,0
M39,train,cycle,107_3p2_Pr_mc_AKGC417L__7,wheeze_score,0,0
M39,train,cycle,107_3p2_Pr_mc_AKGC417L__8,wheeze_score,0,0
M39,train,cycle,107_3p2_Tc_mc_AKGC417L__0,wheeze_score,0.04486133768,1
M39,train,cycle,107_3p2_Tc_mc_AKGC417L__1,wheeze_score,0.05194805195,1
M39,train,cycle,107_3p2_Tc_mc_AKGC417L__2,wheeze_score,0,1
M39,train,cycle,107_3p2_Tc_mc_AKGC417L__3,wheeze_score,0,1
M39,train,cycle,107_3p2_Tc_mc_AKGC417L__4,wheeze_score,0,1
M39,train,cycle,107_3p2_Tc_mc_AKGC417L__5,wheeze_score,0,1
M39,train,cycle,107_3p2_Tc_mc_AKGC417L__6,wheeze_score,0,1
M39,train,cycle,107_3p2_Tc_mc_AKGC417L__7,wheeze_score,0,1
M39,train,cycle,107_3p2_Tc_mc_AKGC417L__8,wheeze_score,0,0
M39,train,cycle,108_1b1_Al_sc_Meditron__0,wheeze_score,0,0
M39,train,cycle,108_1b1_Al_sc_Meditron__1,wheeze_score,0,0
M39,train,cycle,108_1b1_Al_sc_Meditron__2,wheeze_score,0,0
M39,train,cycle,108_1b1_Al_sc_Meditron__3,wheeze_score,0,0
M39,train,cycle,108_1b1_Al_sc_Meditron__4,wheeze_score,0,0
M39,train,cycle,108_1b1_Al_sc_Meditron__5,wheeze_score,0,0
M39,train,cycle,108_1b1_Al_sc_Meditron__6,wheeze_score,0,0
M39,train,cycle,108_1b1_Al_sc_Meditron__7,wheeze_score,0,0
M39,train,cycle,110_1b1_Pr_sc_Meditron__0,wheeze_score,0,0
M39,train,cycle,110_1b1_Pr_sc_Meditron__1,wheeze_score,0,0
M39,train,cycle,110_1b1_Pr_sc_Meditron__2,wheeze_score,0,0
M39,train,cycle,110_1b1_Pr_sc_Meditron__3,wheeze_score,0,0
M39,train,cycle,110_1b1_Pr_sc_Meditron__4,wheeze_score,0,0
M39,train,cycle,110_1b1_Pr_sc_Meditron__5,wheeze_score,0,0
M39,train,cycle,110_1b1_Pr_sc_Meditron__6,wheeze_score,0,0
M39,train,cycle,110_1b1_Pr_sc_Meditron__7,wheeze_score,0,0
M39,train,cycle,110_1b1_Pr_sc_Meditron__8,wheeze_score,0,0
M39,train,cycle,110_1b1_Pr_sc_Meditron__9,wheeze_score,0.05239118753,0
M39,train,cycle,110_1b1_Pr_sc_Meditron__10,wheeze_score,0.04691689008,0
M39,train,cycle,110_1b1_Pr_sc_Meditron__11,wheeze_score,0,0
M39,train,cycle,110_1b1_Pr_sc_Meditron__12,wheeze_score,0,0
M39,train,cycle,110_1b1_Pr_sc_Meditron__13,wheeze_score,0,0
M39,train,cycle,110_1b1_Pr_sc_Meditron__14,wheeze_score,0,0
M39,train,cycle,110_1p1_Al_sc_Meditron__0,wheeze_score,0,1
M39,train,cycle,110_1p1_Al_sc_Meditron__1,wheeze_score,0,1
M39,train,cycle,110_1p1_Al_sc_Meditron__2,wheeze_score,0,1
M39,train,cycle,110_1p1_Al_sc_Meditron__3,wheeze_score,0,0
M39,train,cycle,110_1p1_Al_sc_Meditron__4,wheeze_score,0,0
M39,train,cycle,110_1p1_Al_sc_Meditron__5,wheeze_score,0,0
M39,train,cycle,110_1p1_Al_sc_Meditron__6,wheeze_score,0,0
M39,train,cycle,110_1p1_Ll_sc_Meditron__0,wheeze_score,0,1
M39,train,cycle,110_1p1_Ll_sc_Meditron__1,wheeze_score,0,1
M39,train,cycle,110_1p1_Ll_sc_Meditron__2,wheeze_score,0,0
M39,train,cycle,110_1p1_Ll_sc_Meditron__3,wheeze_score,0,0
M39,train,cycle,110_1p1_Ll_sc_Meditron__4,wheeze_score,0,1
M39,train,cycle,110_1p1_Ll_sc_Meditron__5,wheeze_score,0,0
M39,train,cycle,110_1p1_Ll_sc_Meditron__6,wheeze_score,0,0
M39,train,cycle,110_1p1_Lr_sc_Meditron__0,wheeze_score,0,0
M39,train,cycle,110_1p1_Lr_sc_Meditron__1,wheeze_score,0,0
M39,train,cycle,110_1p1_Lr_sc_Meditron__2,wheeze_score,0,0
M39,train,cycle,110_1p1_Lr_sc_Meditron__3,wheeze_score,0,0
M39,train,cycle,110_1p1_Lr_sc_Meditron__4,wheeze_score,0,0
M39,train,cycle,110_1p1_Lr_sc_Meditron__5,wheeze_score,0,0
M39,train,cycle,110_1p1_Lr_sc_Meditron__6,wheeze_score,0,0
M39,train,cycle,110_1p1_Pr_sc_Meditron__0,wheeze_score,0,0
M39,train,cycle,110_1p1_Pr_sc_Meditron__1,wheeze_score,0,0
M39,train,cycle,110_1p1_Pr_sc_Meditron__2,wheeze_score,0,0
M39,train,cycle,110_1p1_Pr_sc_Meditron__3,wheeze_score,0,0
M39,train,cycle,110_1p1_Pr_sc_Meditron__4,wheeze_score,0,0
M39,train,cycle,110_1p1_Pr_sc_Meditron__5,wheeze_score,0,0
M39,train,cycle,110_1p1_Pr_sc_Meditron__6,wheeze_score,0,0
M39,train,cycle,110_1p1_Pr_sc_Meditron__7,wheeze_score,0,0
M39,train,cycle,110_1p1_Pr_sc_Meditron__8,wheeze_score,0,0
M39,train,cycle,110_1p1_Pr_sc_Meditron__9,wheeze_score,0,0
M39,train,cycle,110_1p1_Pr_sc_Meditron__10,wheeze_score,0,0
M39,train,cycle,110_1p1_Pr_sc_Meditron__11,wheeze_score,0,0
M39,train,cycle,110_1p1_Pr_sc_Meditron__12,wheeze_score,0,0
M39,train,cycle,110_1p1_Pr_sc_Meditron__13,wheeze_score,0,0
M39,train,cycle,110_1p1_Pr_sc_Meditron__14,wheeze_score,0,0
M39,train,cycle,110_1p1_Pr_sc_Meditron__15,wheeze_score,0,0
M39,train,cycle,111_1b2_Tc_sc_Meditron__0,wheeze_score,0.06013745704,0
M39,train,cycle,111_1b2_Tc_sc_Meditron__1,wheeze_score,0,0
M39,train,cycle,111_1b2_Tc_sc_Meditron__2,wheeze_score,0,0
M39,train,cycle,111_1b2_Tc_sc_Meditron__3,wheeze_score,0.04285714286,0
M39,train,cycle,111_1b2_Tc_sc_Meditron__4,wheeze_score,0,0
M39,train,cycle,111_1b2_Tc_sc_Meditron__5,wheeze_score,0,0
M39,train,cycle,111_1b2_Tc_sc_Meditron__6,wheeze_score,0,0
M39,train,cycle,111_1b2_Tc_sc_Meditron__7,wheeze_score,0,0
M39,train,cycle,111_1b3_Tc_sc_Meditron__0,wheeze_score,0,0
M39,train,cycle,111_1b3_Tc_sc_Meditron__1,wheeze_score,0,0
M39,train,cycle,111_1b3_Tc_sc_Meditron__2,wheeze_score,0.056,0
M39,train,cycle,111_1b3_Tc_sc_Meditron__3,wheeze_score,0.185395384,0
M39,train,cycle,111_1b3_Tc_sc_Meditron__4,wheeze_score,0.044,0
M39,train,cycle,111_1b3_Tc_sc_Meditron__5,wheeze_score,0,0
M39,train,cycle,111_1b3_Tc_sc_Meditron__6,wheeze_score,0,0
M39,train,cycle,111_1b3_Tc_sc_Meditron__7,wheeze_score,0.06552006552,0
M39,train,cycle,111_1b3_Tc_sc_Meditron__8,wheeze_score,0,0
M39,train,cycle,112_1b1_Ar_sc_Meditron__0,wheeze_score,0,0
M39,train,cycle,112_1b1_Ar_sc_Meditron__1,wheeze_score,0,0
M39,train,cycle,112_1b1_Ar_sc_Meditron__2,wheeze_score,0,0
M39,train,cycle,112_1b1_Ar_sc_Meditron__3,wheeze_score,0,0
M39,train,cycle,112_1b1_Ar_sc_Meditron__4,wheeze_score,0,0
M39,train,cycle,112_1b1_Ar_sc_Meditron__5,wheeze_score,0,0
M39,train,cycle,112_1b1_Ar_sc_Meditron__6,wheeze_score,0,0
M39,train,cycle,112_1b1_Ar_sc_Meditron__7,wheeze_score,0,0
M39,train,cycle,112_1b1_Ar_sc_Meditron__8,wheeze_score,0,0
M39,train,cycle,112_1b1_Ar_sc_Meditron__9,wheeze_score,0,0
M39,train,cycle,112_1b1_Ar_sc_Meditron__10,wheeze_score,0,0
M39,train,cycle,112_1b1_Ar_sc_Meditron__11,wheeze_score,0,0
M39,train,cycle,112_1b1_Ar_sc_Meditron__12,wheeze_score,0,0
M39,train,cycle,112_1b1_Ar_sc_Meditron__13,wheeze_score,0,0
M39,train,cycle,112_1b1_Ar_sc_Meditron__14,wheeze_score,0,0
M39,train,cycle,112_1b1_Ar_sc_Meditron__15,wheeze_score,0.188542422,0
M39,train,cycle,112_1b1_Ar_sc_Meditron__16,wheeze_score,0,0
M39,train,cycle,112_1b1_Lr_sc_Meditron__0,wheeze_score,0,1
M39,train,cycle,112_1b1_Lr_sc_Meditron__1,wheeze_score,0,0
M39,train,cycle,112_1b1_Lr_sc_Meditron__2,wheeze_score,0,1
M39,train,cycle,112_1b1_Lr_sc_Meditron__3,wheeze_score,0,0
M39,train,cycle,112_1b1_Lr_sc_Meditron__4,wheeze_score,0,0
M39,train,cycle,112_1b1_Lr_sc_Meditron__5,wheeze_score,0,0
M39,train,cycle,112_1b1_Lr_sc_Meditron__6,wheeze_score,0,1
M39,train,cycle,112_1b1_Lr_sc_Meditron__7,wheeze_score,0,1
M39,train,cycle,112_1b1_Lr_sc_Meditron__8,wheeze_score,0,1
M39,train,cycle,112_1b1_Lr_sc_Meditron__9,wheeze_score,0,1
M39,train,cycle,112_1b1_Lr_sc_Meditron__10,wheeze_score,0,1
M39,train,cycle,112_1b1_Lr_sc_Meditron__11,wheeze_score,0,1
M39,train,cycle,112_1p1_Ll_sc_Litt3200__0,wheeze_score,0,0
M39,train,cycle,112_1p1_Ll_sc_Litt3200__1,wheeze_score,0,0
M39,train,cycle,112_1p1_Ll_sc_Litt3200__2,wheeze_score,0,0
M39,train,cycle,112_1p1_Ll_sc_Litt3200__3,wheeze_score,0,1
M39,train,cycle,112_1p1_Ll_sc_Litt3200__4,wheeze_score,0,1
M39,train,cycle,112_1p1_Ll_sc_Litt3200__5,wheeze_score,0,1
M39,train,cycle,112_1p1_Ll_sc_Litt3200__6,wheeze_score,0,0
M39,train,cycle,112_1p1_Ll_sc_Litt3200__7,wheeze_score,0,1
M39,train,cycle,112_1p1_Ll_sc_Litt3200__8,wheeze_score,0,1
M39,train,cycle,112_1p1_Ll_sc_Litt3200__9,wheeze_score,0,0
M39,train,cycle,112_1p1_Pl_sc_Litt3200__0,wheeze_score,0,0
M39,train,cycle,112_1p1_Pl_sc_Litt3200__1,wheeze_score,0,0
M39,train,cycle,112_1p1_Pl_sc_Litt3200__2,wheeze_score,0,1
M39,train,cycle,112_1p1_Pl_sc_Litt3200__3,wheeze_score,0,1
M39,train,cycle,112_1p1_Pl_sc_Litt3200__4,wheeze_score,0,1
M39,train,cycle,112_1p1_Pl_sc_Litt3200__5,wheeze_score,0,1
M39,train,cycle,112_1p1_Pl_sc_Litt3200__6,wheeze_score,0,1
M39,train,cycle,112_1p1_Pl_sc_Litt3200__7,wheeze_score,0,1
M39,train,cycle,112_1p1_Pl_sc_Litt3200__8,wheeze_score,0,1
M39,train,cycle,112_1p1_Pr_sc_Litt3200__0,wheeze_score,0,0
M39,train,cycle,112_1p1_Pr_sc_Litt3200__1,wheeze_score,0,1
M39,train,cycle,112_1p1_Pr_sc_Litt3200__2,wheeze_score,0,1
M39,train,cycle,112_1p1_Pr_sc_Litt3200__3,wheeze_score,0,1
M39,train,cycle,112_1p1_Pr_sc_Litt3200__4,wheeze_score,0,1
M39,train,cycle,112_1p1_Pr_sc_Litt3200__5,wheeze_score,0,1
M39,train,cycle,112_1p1_Pr_sc_Litt3200__6,wheeze_score,0,1
M39,train,cycle,112_1p1_Pr_sc_Litt3200__7,wheeze_score,0,1
M39,train,cycle,112_1p1_Pr_sc_Litt3200__8,wheeze_score,0,1
M39,train,cycle,114_1b4_Al_mc_AKGC417L__0,wheeze_score,0.3248945148,1
M39,train,cycle,114_1b4_Al_mc_AKGC417L__1,wheeze_score,0.4895738894,1
M39,train,cycle,114_1b4_Al_mc_AKGC417L__2,wheeze_score,0.4525288376,1
M39,train,cycle,114_1b4_Al_mc_AKGC417L__3,wheeze_score,0.5153029357,1
M39,train,cycle,114_1b4_Al_mc_AKGC417L__4,wheeze_score,0.03937007874,0
M39,train,cycle,114_1b4_Al_mc_AKGC417L__5,wheeze_score,0.1276343129,1
M39,train,cycle,114_1b4_Al_mc_AKGC417L__6,wheeze_score,0.2100840336,0
M39,train,cycle,114_1b4_Ar_mc_AKGC417L__0,wheeze_score,0.3713080169,1
M39,train,cycle,114_1b4_Ar_mc_AKGC417L__1,wheeze_score,0.2538531278,1
M39,train,cycle,114_1b4_Ar_mc_AKGC417L__2,wheeze_score,0.2011239278,1
M39,train,cycle,114_1b4_Ar_mc_AKGC417L__3,wheeze_score,0.4434728295,1
M39,train,cycle,114_1b4_Ar_mc_AKGC417L__4,wheeze_score,0.03280839895,0
M39,train,cycle,114_1b4_Ar_mc_AKGC417L__5,wheeze_score,0.07123775601,1
M39,train,cycle,114_1b4_Ar_mc_AKGC417L__6,wheeze_score,0,0
M39,train,cycle,114_1b4_Lr_mc_AKGC417L__0,wheeze_score,0.3755274262,1
M39,train,cycle,114_1b4_Lr_mc_AKGC417L__1,wheeze_score,0.4533091568,1
M39,train,cycle,114_1b4_Lr_mc_AKGC417L__2,wheeze_score,0.4140786749,1
M39,train,cycle,114_1b4_Lr_mc_AKGC417L__3,wheeze_score,0.52467208,1
M39,train,cycle,114_1b4_Lr_mc_AKGC417L__4,wheeze_score,0.07545931759,0
M39,train,cycle,114_1b4_Lr_mc_AKGC417L__5,wheeze_score,0.1335707925,1
M39,train,cycle,114_1b4_Lr_mc_AKGC417L__6,wheeze_score,0.1050420168,0
M39,train,cycle,114_1b4_Pl_mc_AKGC417L__0,wheeze_score,0.5274261603,1
M39,train,cycle,114_1b4_Pl_mc_AKGC417L__1,wheeze_score,0.6104563312,1
M39,train,cycle,114_1b4_Pl_mc_AKGC417L__2,wheeze_score,0.6506950606,1
M39,train,cycle,114_1b4_Pl_mc_AKGC417L__3,wheeze_score,0.6808244847,1
M39,train,cycle,114_1b4_Pl_mc_AKGC417L__4,wheeze_score,0.4494750656,0
M39,train,cycle,114_1b4_Pl_mc_AKGC417L__5,wheeze_score,0.3621252597,1
M39,train,cycle,114_1b4_Pl_mc_AKGC417L__6,wheeze_score,0.3046218487,0
M39,train,cycle,114_1b4_Pr_mc_AKGC417L__0,wheeze_score,0.388185654,1
M39,train,cycle,114_1b4_Pr_mc_AKGC417L__1,wheeze_score,0.4049561801,1
M39,train,cycle,114_1b4_Pr_mc_AKGC417L__2,wheeze_score,0.4170363798,1
M39,train,cycle,114_1b4_Pr_mc_AKGC417L__3,wheeze_score,0.4747033104,1
M39,train,cycle,114_1b4_Pr_mc_AKGC417L__4,wheeze_score,0.03608923885,0
M39,train,cycle,114_1b4_Pr_mc_AKGC417L__5,wheeze_score,0.1395072722,1
M39,train,cycle,114_1b4_Pr_mc_AKGC417L__6,wheeze_score,0.1155462185,0
M39,train,cycle,115_1b1_Ar_sc_Meditron__0,wheeze_score,0,0
M39,train,cycle,115_1b1_Ar_sc_Meditron__1,wheeze_score,0,0
M39,train,cycle,115_1b1_Ar_sc_Meditron__2,wheeze_score,0,0
M39,train,cycle,115_1b1_Ar_sc_Meditron__3,wheeze_score,0,0
M39,train,cycle,115_1b1_Ar_sc_Meditron__4,wheeze_score,0,0
M39,train,cycle,115_1b1_Ar_sc_Meditron__5,wheeze_score,0,0
M39,train,cycle,115_1b1_Ar_sc_Meditron__6,wheeze_score,0,0
M39,train,cycle,115_1b1_Ar_sc_Meditron__7,wheeze_score,0,0
M39,train,cycle,115_1b1_Ar_sc_Meditron__8,wheeze_score,0,0
M39,train,cycle,115_1b1_Ar_sc_Meditron__9,wheeze_score,0,0
M39,train,cycle,115_1b1_Ar_sc_Meditron__10,wheeze_score,0,0
M39,train,cycle,115_1b1_Ar_sc_Meditron__11,wheeze_score,0,0
M39,train,cycle,115_1b1_Ar_sc_Meditron__12,wheeze_score,0.1488095238,1
M39,train,cycle,115_1b1_Ar_sc_Meditron__13,wheeze_score,0,0
M39,train,cycle,115_1b1_Ar_sc_Meditron__14,wheeze_score,0,0
M39,train,cycle,115_1b1_Ar_sc_Meditron__15,wheeze_score,0,0
M39,train,cycle,115_1b1_Ar_sc_Meditron__16,wheeze_score,0,0
M39,train,cycle,115_1b1_Ar_sc_Meditron__17,wheeze_score,0,0
M39,train,cycle,115_1b1_Ar_sc_Meditron__18,wheeze_score,0,0
M39,train,cycle,115_1b1_Ar_sc_Meditron__19,wheeze_score,0,0
M39,train,cycle,115_1b1_Ar_sc_Meditron__20,wheeze_score,0,0
M39,train,cycle,115_1b1_Ar_sc_Meditron__21,wheeze_score,0,0
M39,train,cycle,115_1b1_Ar_sc_Meditron__22,wheeze_score,0,0
M39,train,cycle,115_1b1_Ar_sc_Meditron__23,wheeze_score,0,0
M39,train,cycle,116_1b2_Pl_sc_Meditron__0,wheeze_score,0,0
M39,train,cycle,116_1b2_Pl_sc_Meditron__1,wheeze_score,0.0170043928,1
M39,train,cycle,116_1b2_Pl_sc_Meditron__2,wheeze_score,0,1
M39,train,cycle,116_1b2_Pl_sc_Meditron__3,wheeze_score,0,0
M39,train,cycle,116_1b2_Tc_sc_Meditron__0,wheeze_score,0.07061713233,0
M39,train,cycle,116_1b2_Tc_sc_Meditron__1,wheeze_score,0,0
M39,train,cycle,116_1b2_Tc_sc_Meditron__2,wheeze_score,0.04988662132,0
M39,train,cycle,116_1b2_Tc_sc_Meditron__3,wheeze_score,0,0
M39,train,cycle,117_1b2_Tc_mc_LittC2SE__0,wheeze_score,0,0
M39,train,cycle,117_1b2_Tc_mc_LittC2SE__1,wheeze_score,0,0
M39,train,cycle,117_1b2_Tc_mc_LittC2SE__2,wheeze_score,0,0
M39,train,cycle,117_1b2_Tc_mc_LittC2SE__3,wheeze_score,0,0
M39,train,cycle,117_1b2_Tc_mc_LittC2SE__4,wheeze_score,0,0
M39,train,cycle,117_1b2_Tc_mc_LittC2SE__5,wheeze_score,0,0
M39,train,cycle,117_1b2_Tc_mc_LittC2SE__6,wheeze_score,0,0
M39,train,cycle,117_1b3_Tc_mc_LittC2SE__0,wheeze_score,0,1
M39,train,cycle,117_1b3_Tc_mc_LittC2SE__1,wheeze_score,0,1
M39,train,cycle,117_1b3_Tc_mc_LittC2SE__2,wheeze_score,0,1
M39,train,cycle,117_1b3_Tc_mc_LittC2SE__3,wheeze_score,0,1
M39,train,cycle,117_1b3_Tc_mc_LittC2SE__4,wheeze_score,0,1
M39,train,cycle,120_1b1_Al_sc_Meditron__0,wheeze_score,0,0
M39,train,cycle,120_1b1_Al_sc_Meditron__1,wheeze_score,0,0
M39,train,cycle,120_1b1_Al_sc_Meditron__2,wheeze_score,0,0
M39,train,cycle,120_1b1_Al_sc_Meditron__3,wheeze_score,0,0
M39,train,cycle,120_1b1_Al_sc_Meditron__4,wheeze_score,0,0
M39,train,cycle,120_1b1_Al_sc_Meditron__5,wheeze_score,0,0
M39,train,cycle,120_1b1_Al_sc_Meditron__6,wheeze_score,0,0
M39,train,cycle,120_1b1_Al_sc_Meditron__7,wheeze_score,0,0
M39,train,cycle,120_1b1_Al_sc_Meditron__8,wheeze_score,0,0
M39,train,cycle,120_1b1_Al_sc_Meditron__9,wheeze_score,0,0
M39,train,cycle,120_1b1_Al_sc_Meditron__10,wheeze_score,0,0
M39,train,cycle,120_1b1_Al_sc_Meditron__11,wheeze_score,0,0
M39,train,cycle,120_1b1_Al_sc_Meditron__12,wheeze_score,0,0
M39,train,cycle,120_1b1_Al_sc_Meditron__13,wheeze_score,0,0
M39,train,cycle,120_1b1_Al_sc_Meditron__14,wheeze_score,0,0
M39,train,cycle,120_1b1_Al_sc_Meditron__15,wheeze_score,0,0
M39,train,cycle,120_1b1_Al_sc_Meditron__16,wheeze_score,0,0
M39,train,cycle,120_1b1_Al_sc_Meditron__17,wheeze_score,0,0
M39,train,cycle,120_1b1_Al_sc_Meditron__18,wheeze_score,0,0
M39,train,cycle,120_1b1_Ar_sc_Meditron__0,wheeze_score,0,0
M39,train,cycle,120_1b1_Ar_sc_Meditron__1,wheeze_score,0,0
M39,train,cycle,120_1b1_Ar_sc_Meditron__2,wheeze_score,0,0
M39,train,cycle,120_1b1_Ar_sc_Meditron__3,wheeze_score,0,0
M39,train,cycle,120_1b1_Ar_sc_Meditron__4,wheeze_score,0,0
M39,train,cycle,120_1b1_Ar_sc_Meditron__5,wheeze_score,0,0
M39,train,cycle,120_1b1_Ar_sc_Meditron__6,wheeze_score,0,0
M39,train,cycle,120_1b1_Ar_sc_Meditron__7,wheeze_score,0,0
M39,train,cycle,120_1b1_Ar_sc_Meditron__8,wheeze_score,0,0
M39,train,cycle,120_1b1_Ar_sc_Meditron__9,wheeze_score,0,0
M39,train,cycle,120_1b1_Ar_sc_Meditron__10,wheeze_score,0,0
M39,train,cycle,120_1b1_Ar_sc_Meditron__11,wheeze_score,0,0
M39,train,cycle,120_1b1_Ar_sc_Meditron__12,wheeze_score,0,0
M39,train,cycle,120_1b1_Ar_sc_Meditron__13,wheeze_score,0,0
M39,train,cycle,120_1b1_Ar_sc_Meditron__14,wheeze_score,0,0
M39,train,cycle,120_1b1_Ar_sc_Meditron__15,wheeze_score,0,0
M39,train,cycle,120_1b1_Ar_sc_Meditron__16,wheeze_score,0,0
M39,train,cycle,120_1b1_Ar_sc_Meditron__17,wheeze_score,0,0
M39,train,cycle,120_1b1_Ar_sc_Meditron__18,wheeze_score,0,0
M39,train,cycle,120_1b1_Ar_sc_Meditron__19,wheeze_score,0,0
M39,train,cycle,120_1b1_Lr_sc_Meditron__0,wheeze_score,0,0
M39,train,cycle,120_1b1_Lr_sc_Meditron__1,wheeze_score,0,0
M39,train,cycle,120_1b1_Lr_sc_Meditron__2,wheeze_score,0,0
M39,train,cycle,120_1b1_Lr_sc_Meditron__3,wheeze_score,0,0
M39,train,cycle,120_1b1_Lr_sc_Meditron__4,wheeze_score,0,0
M39,train,cycle,120_1b1_Lr_sc_Meditron__5,wheeze_score,0,0
M39,train,cycle,120_1b1_Lr_sc_Meditron__6,wheeze_score,0,0
M39,train,cycle,120_1b1_Lr_sc_Meditron__7,wheeze_score,0,0
M39,train,cycle,120_1b1_Lr_sc_Meditron__8,wheeze_score,0,0
M39,train,cycle,120_1b1_Lr_sc_Meditron__9,wheeze_score,0,0
M39,train,cycle,120_1b1_Lr_sc_Meditron__10,wheeze_score,0,0
M39,train,cycle,120_1b1_Lr_sc_Meditron__11,wheeze_score,0,0
M39,train,cycle,120_1b1_Lr_sc_Meditron__12,wheeze_score,0,0
M39,train,cycle,120_1b1_Lr_sc_Meditron__13,wheeze_score,0,0
M39,train,cycle,120_1b1_Lr_sc_Meditron__14,wheeze_score,0,0
M39,train,cycle,120_1b1_Lr_sc_Meditron__15,wheeze_score,0,0
M39,train,cycle,120_1b1_Lr_sc_Meditron__16,wheeze_score,0,0
M39,train,cycle,120_1b1_Lr_sc_Meditron__17,wheeze_score,0,0
M39,train,cycle,120_1b1_Lr_sc_Meditron__18,wheeze_score,0,0
M39,train,cycle,120_1b1_Lr_sc_Meditron__19,wheeze_score,0,0
M39,train,cycle,120_1b1_Lr_sc_Meditron__20,wheeze_score,0,0
M39,train,cycle,120_1b1_Lr_sc_Meditron__21,wheeze_score,0,0
M39,train,cycle,120_1b1_Lr_sc_Meditron__22,wheeze_score,0,0
M39,train,cycle,120_1b1_Lr_sc_Meditron__23,wheeze_score,0,0
M39,train,cycle,120_1b1_Lr_sc_Meditron__24,wheeze_score,0,0
M39,train,cycle,120_1b1_Lr_sc_Meditron__25,wheeze_score,0,0
M39,train,cycle,120_1b1_Lr_sc_Meditron__26,wheeze_score,0,0
M39,train,cycle,120_1b1_Lr_sc_Meditron__27,wheeze_score,0,0
M39,train,cycle,120_1b1_Lr_sc_Meditron__28,wheeze_score,0,0
M39,train,cycle,120_1b1_Lr_sc_Meditron__29,wheeze_score,0,0
M39,train,cycle,120_1b1_Lr_sc_Meditron__30,wheeze_score,0,0
M39,train,cycle,120_1b1_Lr_sc_Meditron__31,wheeze_score,0,0
M39,train,cycle,120_1b1_Lr_sc_Meditron__32,wheeze_score,0,0
M39,train,cycle,120_1b1_Pl_sc_Meditron__0,wheeze_score,0,0
M39,train,cycle,120_1b1_Pl_sc_Meditron__1,wheeze_score,0,0
M39,train,cycle,120_1b1_Pl_sc_Meditron__2,wheeze_score,0,0
M39,train,cycle,120_1b1_Pl_sc_Meditron__3,wheeze_score,0,0
M39,train,cycle,120_1b1_Pl_sc_Meditron__4,wheeze_score,0,0
M39,train,cycle,120_1b1_Pl_sc_Meditron__5,wheeze_score,0,0
M39,train,cycle,120_1b1_Pl_sc_Meditron__6,wheeze_score,0,0
M39,train,cycle,120_1b1_Pl_sc_Meditron__7,wheeze_score,0,0
M39,train,cycle,120_1b1_Pl_sc_Meditron__8,wheeze_score,0,0
M39,train,cycle,120_1b1_Pl_sc_Meditron__9,wheeze_score,0,0
M39,train,cycle,120_1b1_Pl_sc_Meditron__10,wheeze_score,0,0
M39,train,cycle,120_1b1_Pl_sc_Meditron__11,wheeze_score,0,0
M39,train,cycle,120_1b1_Pl_sc_Meditron__12,wheeze_score,0,0
M39,train,cycle,120_1b1_Pl_sc_Meditron__13,wheeze_score,0,0
M39,train,cycle,120_1b1_Pl_sc_Meditron__14,wheeze_score,0,0
M39,train,cycle,120_1b1_Pl_sc_Meditron__15,wheeze_score,0,0
M39,train,cycle,120_1b1_Pl_sc_Meditron__16,wheeze_score,0,0
M39,train,cycle,120_1b1_Pl_sc_Meditron__17,wheeze_score,0,0
M39,train,cycle,120_1b1_Pl_sc_Meditron__18,wheeze_score,0,0
M39,train,cycle,120_1b1_Pl_sc_Meditron__19,wheeze_score,0,0
M39,train,cycle,120_1b1_Pl_sc_Meditron__20,wheeze_score,0,0
M39,train,cycle,120_1b1_Pl_sc_Meditron__21,wheeze_score,0,0
M39,train,cycle,120_1b1_Pl_sc_Meditron__22,wheeze_score,0,0
M39,train,cycle,120_1b1_Pl_sc_Meditron__23,wheeze_score,0,0
M39,train,cycle,120_1b1_Pl_sc_Meditron__24,wheeze_score,0,0
M39,train,cycle,120_1b1_Pl_sc_Meditron__25,wheeze_score,0,0
M39,train,cycle,120_1b1_Pl_sc_Meditron__26,wheeze_score,0,0
M39,train,cycle,120_1b1_Pl_sc_Meditron__27,wheeze_score,0,0
M39,train,cycle,120_1b1_Pl_sc_Meditron__28,wheeze_score,0,0
M39,train,cycle,120_1b1_Pl_sc_Meditron__29,wheeze_score,0,0
M39,train,cycle,120_1b1_Pr_sc_Meditron__0,wheeze_score,0,0
M39,train,cycle,120_1b1_Pr_sc_Meditron__1,wheeze_score,0,0
M39,train,cycle,120_1b1_Pr_sc_Meditron__2,wheeze_score,0,0
M39,train,cycle,120_1b1_Pr_sc_Meditron__3,wheeze_score,0,0
M39,train,cycle,120_1b1_Pr_sc_Meditron__4,wheeze_score,0,0
M39,train,cycle,120_1b1_Pr_sc_Meditron__5,wheeze_score,0,0
M39,train,cycle,120_1b1_Pr_sc_Meditron__6,wheeze_score,0,0
M39,train,cycle,120_1b1_Pr_sc_Meditron__7,wheeze_score,0,0
M39,train,cycle,120_1b1_Pr_sc_Meditron__8,wheeze_score,0,0
M39,train,cycle,120_1b1_Pr_sc_Meditron__9,wheeze_score,0,0
M39,train,cycle,120_1b1_Pr_sc_Meditron__10,wheeze_score,0,0
M39,train,cycle,120_1b1_Pr_sc_Meditron__11,wheeze_score,0,0
M39,train,cycle,120_1b1_Pr_sc_Meditron__12,wheeze_score,0,0
M39,train,cycle,120_1b1_Pr_sc_Meditron__13,wheeze_score,0,0
M39,train,cycle,120_1b1_Pr_sc_Meditron__14,wheeze_score,0,0
M39,train,cycle,120_1b1_Pr_sc_Meditron__15,wheeze_score,0,0
M39,train,cycle,120_1b1_Pr_sc_Meditron__16,wheeze_score,0,0
M39,train,cycle,120_1b1_Pr_sc_Meditron__17,wheeze_score,0,0
M39,train,cycle,120_1b1_Pr_sc_Meditron__18,wheeze_score,0,0
M39,train,cycle,120_1b1_Pr_sc_Meditron__19,wheeze_score,0,0
M39,train,cycle,120_1b1_Pr_sc_Meditron__20,wheeze_score,0,0
M39,train,cycle,121_1b1_Tc_sc_Meditron__0,wheeze_score,0,0
M39,train,cycle,121_1b1_Tc_sc_Meditron__1,wheeze_score,0,0
M39,train,cycle,121_1b1_Tc_sc_Meditron__2,wheeze_score,0,0
M39,train,cycle,121_1b1_Tc_sc_Meditron__3,wheeze_score,0,0
M39,train,cycle,121_1b1_Tc_sc_Meditron__4,wheeze_score,0,0
M39,train,cycle,121_1b1_Tc_sc_Meditron__5,wheeze_score,0,0
M39,train,cycle,121_1p1_Tc_sc_Meditron__0,wheeze_score,0,0
M39,train,cycle,121_1p1_Tc_sc_Meditron__1,wheeze_score,0,0
M39,train,cycle,121_1p1_Tc_sc_Meditron__2,wheeze_score,0,0
M39,train,cycle,121_1p1_Tc_sc_Meditron__3,wheeze_score,0,0
M39,train,cycle,121_1p1_Tc_sc_Meditron__4,wheeze_score,0,0
M39,train,cycle,121_1p1_Tc_sc_Meditron__5,wheeze_score,0,0
M39,train,cycle,121_1p1_Tc_sc_Meditron__6,wheeze_score,0,0
M39,train,cycle,121_1p1_Tc_sc_Meditron__7,wheeze_score,0,0
M39,train,cycle,122_2b1_Al_mc_LittC2SE__0,wheeze_score,0,0
M39,train,cycle,122_2b1_Al_mc_LittC2SE__1,wheeze_score,0,1
M39,train,cycle,122_2b1_Al_mc_LittC2SE__2,wheeze_score,0,1
M39,train,cycle,122_2b1_Al_mc_LittC2SE__3,wheeze_score,0,0
M39,train,cycle,122_2b1_Al_mc_LittC2SE__4,wheeze_score,0,0
M39,train,cycle,122_2b1_Al_mc_LittC2SE__5,wheeze_score,0,0
M39,train,cycle,122_2b1_Ar_mc_LittC2SE__0,wheeze_score,0,0
M39,train,cycle,122_2b1_Ar_mc_LittC2SE__1,wheeze_score,0,1
M39,train,cycle,122_2b1_Ar_mc_LittC2SE__2,wheeze_score,0,0
M39,train,cycle,122_2b1_Ar_mc_LittC2SE__3,wheeze_score,0,0
M39,train,cycle,122_2b1_Ar_mc_LittC2SE__4,wheeze_score,0,0
M39,train,cycle,122_2b1_Ar_mc_LittC2SE__5,wheeze_score,0,0
M39,train,cycle,122_2b1_Tc_mc_LittC2SE__0,wheeze_score,0,1
M39,train,cycle,122_2b1_Tc_mc_LittC2SE__1,wheeze_score,0.02455795678,1
M39,train,cycle,122_2b1_Tc_mc_LittC2SE__2,wheeze_score,0,1
M39,train,cycle,122_2b1_Tc_mc_LittC2SE__3,wheeze_score,0,1
M39,train,cycle,122_2b1_Tc_mc_LittC2SE__4,wheeze_score,0,1
M39,train,cycle,122_2b1_Tc_mc_LittC2SE__5,wheeze_score,0,0
M39,train,cycle,122_2b2_Al_mc_LittC2SE__0,wheeze_score,0,0
M39,train,cycle,122_2b2_Al_mc_LittC2SE__1,wheeze_score,0,0
M39,train,cycle,122_2b2_Al_mc_LittC2SE__2,wheeze_score,0,0
M39,train,cycle,122_2b2_Al_mc_LittC2SE__3,wheeze_score,0,0
M39,train,cycle,122_2b2_Al_mc_LittC2SE__4,wheeze_score,0,0
M39,train,cycle,122_2b2_Al_mc_LittC2SE__5,wheeze_score,0,0
M39,train,cycle,122_2b2_Ar_mc_LittC2SE__0,wheeze_score,0,0
M39,train,cycle,122_2b2_Ar_mc_LittC2SE__1,wheeze_score,0,0
M39,train,cycle,122_2b2_Ar_mc_LittC2SE__2,wheeze_score,0,0
M39,train,cycle,122_2b2_Ar_mc_LittC2SE__3,wheeze_score,0,0
M39,train,cycle,122_2b2_Ar_mc_LittC2SE__4,wheeze_score,0,0
M39,train,cycle,122_2b2_Ar_mc_LittC2SE__5,wheeze_score,0,0
M39,train,cycle,122_2b2_Ar_mc_LittC2SE__6,wheeze_score,0,0
M39,train,cycle,122_2b2_Tc_mc_LittC2SE__0,wheeze_score,0,0
M39,train,cycle,122_2b2_Tc_mc_LittC2SE__1,wheeze_score,0,1
M39,train,cycle,122_2b2_Tc_mc_LittC2SE__2,wheeze_score,0,1
M39,train,cycle,122_2b2_Tc_mc_LittC2SE__3,wheeze_score,0,1
M39,train,cycle,122_2b2_Tc_mc_LittC2SE__4,wheeze_score,0,1
M39,train,cycle,122_2b2_Tc_mc_LittC2SE__5,wheeze_score,0,1
M39,train,cycle,122_2b3_Al_mc_LittC2SE__0,wheeze_score,0,0
M39,train,cycle,122_2b3_Al_mc_LittC2SE__1,wheeze_score,0,1
M39,train,cycle,122_2b3_Al_mc_LittC2SE__2,wheeze_score,0,0
M39,train,cycle,122_2b3_Al_mc_LittC2SE__3,wheeze_score,0,0
M39,train,cycle,122_2b3_Al_mc_LittC2SE__4,wheeze_score,0,0
M39,train,cycle,122_2b3_Ar_mc_LittC2SE__0,wheeze_score,0,0
M39,train,cycle,122_2b3_Ar_mc_LittC2SE__1,wheeze_score,0,1
M39,train,cycle,122_2b3_Ar_mc_LittC2SE__2,wheeze_score,0,0
M39,train,cycle,122_2b3_Ar_mc_LittC2SE__3,wheeze_score,0,0
M39,train,cycle,122_2b3_Ar_mc_LittC2SE__4,wheeze_score,0,0
M39,train,cycle,122_2b3_Tc_mc_LittC2SE__0,wheeze_score,0.05194243047,0
M39,train,cycle,122_2b3_Tc_mc_LittC2SE__1,wheeze_score,0,0
M39,train,cycle,122_2b3_Tc_mc_LittC2SE__2,wheeze_score,0,0
M39,train,cycle,122_2b3_Tc_mc_LittC2SE__3,wheeze_score,0,0
M39,train,cycle,122_2b3_Tc_mc_LittC2SE__4,wheeze_score,0,0
M39,train,cycle,125_1b1_Tc_sc_Meditron__0,wheeze_score,0,0
M39,train,cycle,125_1b1_Tc_sc_Meditron__1,wheeze_score,0,0
M39,train,cycle,125_1b1_Tc_sc_Meditron__2,wheeze_score,0,0
M39,train,cycle,125_1b1_Tc_sc_Meditron__3,wheeze_score,0,0
M39,train,cycle,125_1b1_Tc_sc_Meditron__4,wheeze_score,0,0
M39,train,cycle,125_1b1_Tc_sc_Meditron__5,wheeze_score,0,0
M39,train,cycle,127_1b1_Ar_sc_Meditron__0,wheeze_score,0,0
M39,train,cycle,127_1b1_Ar_sc_Meditron__1,wheeze_score,0,0
M39,train,cycle,127_1b1_Ar_sc_Meditron__2,wheeze_score,0,0
M39,train,cycle,127_1b1_Ar_sc_Meditron__3,wheeze_score,0,0
M39,train,cycle,127_1b1_Ar_sc_Meditron__4,wheeze_score,0,0
M39,train,cycle,127_1b1_Ar_sc_Meditron__5,wheeze_score,0,0
M39,train,cycle,127_1b1_Ar_sc_Meditron__6,wheeze_score,0,0
M39,train,cycle,127_1b1_Ar_sc_Meditron__7,wheeze_score,0,0
M39,train,cycle,127_1b1_Ar_sc_Meditron__8,wheeze_score,0,0
M39,train,cycle,127_1b1_Ar_sc_Meditron__9,wheeze_score,0,0
M39,train,cycle,128_1b3_Tc_mc_LittC2SE__0,wheeze_score,0,0
M39,train,cycle,128_1b3_Tc_mc_LittC2SE__1,wheeze_score,0,0
M39,train,cycle,128_1b3_Tc_mc_LittC2SE__2,wheeze_score,0.02159414259,0
M39,train,cycle,128_1b3_Tc_mc_LittC2SE__3,wheeze_score,0,0
M39,train,cycle,128_1b3_Tc_mc_LittC2SE__4,wheeze_score,0,0
M39,train,cycle,129_1b1_Ar_sc_Meditron__0,wheeze_score,0,0
M39,train,cycle,129_1b1_Ar_sc_Meditron__1,wheeze_score,0,0
M39,train,cycle,129_1b1_Ar_sc_Meditron__2,wheeze_score,0,0
M39,train,cycle,129_1b1_Ar_sc_Meditron__3,wheeze_score,0,0
M39,train,cycle,129_1b1_Ar_sc_Meditron__4,wheeze_score,0,0
M39,train,cycle,129_1b1_Ar_sc_Meditron__5,wheeze_score,0,0
M39,train,cycle,129_1b1_Ar_sc_Meditron__6,wheeze_score,0,0
M39,train,cycle,129_1b1_Ar_sc_Meditron__7,wheeze_score,0,0
M39,train,cycle,129_1b1_Ar_sc_Meditron__8,wheeze_score,0,0
M39,train,cycle,130_1p2_Al_mc_AKGC417L__0,wheeze_score,0.06373117034,0
M39,train,cycle,130_1p2_Al_mc_AKGC417L__1,wheeze_score,0.09335324869,0
M39,train,cycle,130_1p2_Al_mc_AKGC417L__2,wheeze_score,0.0679431748,1
M39,train,cycle,130_1p2_Al_mc_AKGC417L__3,wheeze_score,0,0
M39,train,cycle,130_1p2_Al_mc_AKGC417L__4,wheeze_score,0.1548089592,1
M39,train,cycle,130_1p2_Al_mc_AKGC417L__5,wheeze_score,0.2026529108,0
M39,train,cycle,130_1p2_Al_mc_AKGC417L__6,wheeze_score,0.1624405705,1
M39,train,cycle,130_1p2_Ar_mc_AKGC417L__0,wheeze_score,0,0
M39,train,cycle,130_1p2_Ar_mc_AKGC417L__1,wheeze_score,0.04480955937,0
M39,train,cycle,130_1p2_Ar_mc_AKGC417L__2,wheeze_score,0.03705991353,1
M39,train,cycle,130_1p2_Ar_mc_AKGC417L__3,wheeze_score,0,0
M39,train,cycle,130_1p2_Ar_mc_AKGC417L__4,wheeze_score,0.04611330698,1
M39,train,cycle,130_1p2_Ar_mc_AKGC417L__5,wheeze_score,0.09948415623,1
M39,train,cycle,130_1p2_Ar_mc_AKGC417L__6,wheeze_score,0.1386687797,1
M39,train,cycle,130_1p2_Ll_mc_AKGC417L__0,wheeze_score,0,1
M39,train,cycle,130_1p2_Ll_mc_AKGC417L__1,wheeze_score,0,1
M39,train,cycle,130_1p2_Ll_mc_AKGC417L__2,wheeze_score,0,1
M39,train,cycle,130_1p2_Ll_mc_AKGC417L__3,wheeze_score,0,1
M39,train,cycle,130_1p2_Ll_mc_AKGC417L__4,wheeze_score,0,1
M39,train,cycle,130_1p2_Ll_mc_AKGC417L__5,wheeze_score,0,1
M39,train,cycle,130_1p2_Ll_mc_AKGC417L__6,wheeze_score,0,1
M39,train,cycle,130_1p2_Lr_mc_AKGC417L__0,wheeze_score,0.05793742758,0
M39,train,cycle,130_1p2_Lr_mc_AKGC417L__1,wheeze_score,0.03734129948,0
M39,train,cycle,130_1p2_Lr_mc_AKGC417L__2,wheeze_score,0,0
M39,train,cycle,130_1p2_Lr_mc_AKGC417L__3,wheeze_score,0,0
M39,train,cycle,130_1p2_Lr_mc_AKGC417L__4,wheeze_score,0,1
M39,train,cycle,130_1p2_Lr_mc_AKGC417L__5,wheeze_score,0,1
M39,train,cycle,130_1p2_Lr_mc_AKGC417L__6,wheeze_score,0,1
M39,train,cycle,130_1p2_Pl_mc_AKGC417L__0,wheeze_score,0,0
M39,train,cycle,130_1p2_Pl_mc_AKGC417L__1,wheeze_score,0,0
M39,train,cycle,130_1p2_Pl_mc_AKGC417L__2,wheeze_score,0,1
M39,train,cycle,130_1p2_Pl_mc_AKGC417L__3,wheeze_score,0,0
M39,train,cycle,130_1p2_Pl_mc_AKGC417L__4,wheeze_score,0,1
M39,train,cycle,130_1p2_Pl_mc_AKGC417L__5,wheeze_score,0,1
M39,train,cycle,130_1p2_Pl_mc_AKGC417L__6,wheeze_score,0,1
M39,train,cycle,130_1p2_Pr_mc_AKGC417L__0,wheeze_score,0,0
M39,train,cycle,130_1p2_Pr_mc_AKGC417L__1,wheeze_score,0,0
M39,train,cycle,130_1p2_Pr_mc_AKGC417L__2,wheeze_score,0,1
M39,train,cycle,130_1p2_Pr_mc_AKGC417L__3,wheeze_score,0,0
M39,train,cycle,130_1p2_Pr_mc_AKGC417L__4,wheeze_score,0,1
M39,train,cycle,130_1p2_Pr_mc_AKGC417L__5,wheeze_score,0,1
M39,train,cycle,130_1p2_Pr_mc_AKGC417L__6,wheeze_score,0,0
M39,train,cycle,130_1p2_Tc_mc_AKGC417L__0,wheeze_score,0,0
M39,train,cycle,130_1p2_Tc_mc_AKGC417L__1,wheeze_score,0.07468259895,0
M39,train,cycle,130_1p2_Tc_mc_AKGC417L__2,wheeze_score,0.1297096973,1
M39,train,cycle,130_1p2_Tc_mc_AKGC417L__3,wheeze_score,0,0
M39,train,cycle,130_1p2_Tc_mc_AKGC417L__4,wheeze_score,0.1251646904,1
M39,train,cycle,130_1p2_Tc_mc_AKGC417L__5,wheeze_score,0.213706706,1
M39,train,cycle,130_1p2_Tc_mc_AKGC417L__6,wheeze_score,0.2496038035,1
M39,train,cycle,130_1p3_Al_mc_AKGC417L__0,wheeze_score,0.02608922515,1
M39,train,cycle,130_1p3_Al_mc_AKGC417L__1,wheeze_score,0,1
M39,train,cycle,130_1p3_Al_mc_AKGC417L__2,wheeze_score,0,1
M39,train,cycle,130_1p3_Al_mc_AKGC417L__3,wheeze_score,0.04112808461,1
M39,train,cycle,130_1p3_Al_mc_AKGC417L__4,wheeze_score,0.03941782899,1
M39,train,cycle,130_1p3_Al_mc_AKGC417L__5,wheeze_score,0,0
M39,train,cycle,130_1p3_Ar_mc_AKGC417L__0,wheeze_score,0,1
M39,train,cycle,130_1p3_Ar_mc_AKGC417L__1,wheeze_score,0,1
M39,train,cycle,130_1p3_Ar_mc_AKGC417L__2,wheeze_score,0,1
M39,train,cycle,130_1p3_Ar_mc_AKGC417L__3,wheeze_score,0.03819036428,1
M39,train,cycle,130_1p3_Ar_mc_AKGC417L__4,wheeze_score,0.07277137659,1
M39,train,cycle,130_1p3_Ar_mc_AKGC417L__5,wheeze_score,0,0
M39,train,cycle,130_1p3_Ll_mc_AKGC417L__0,wheeze_score,0,1
M39,train,cycle,130_1p3_Ll_mc_AKGC417L__1,wheeze_score,0,1
M39,train,cycle,130_1p3_Ll_mc_AKGC417L__2,wheeze_score,0,1
M39,train,cycle,130_1p3_Ll_mc_AKGC417L__3,wheeze_score,0,1
M39,train,cycle,130_1p3_Ll_mc_AKGC417L__4,wheeze_score,0,1
M39,train,cycle,130_1p3_Ll_mc_AKGC417L__5,wheeze_score,0,0
M39,train,cycle,130_1p3_Lr_mc_AKGC417L__0,wheeze_score,0.06261414036,1
M39,train,cycle,130_1p3_Lr_mc_AKGC417L__1,wheeze_score,0,0
M39,train,cycle,130_1p3_Lr_mc_AKGC417L__2,wheeze_score,0.02926543752,1
M39,train,cycle,130_1p3_Lr_mc_AKGC417L__3,wheeze_score,0.09694477086,0
M39,train,cycle,130_1p3_Lr_mc_AKGC417L__4,wheeze_score,0.09399636143,1
M39,train,cycle,130_1p3_Lr_mc_AKGC417L__5,wheeze_score,0,0
M39,train,cycle,130_1p3_Pl_mc_AKGC417L__0,wheeze_score,0.02869814767,1
M39,train,cycle,130_1p3_Pl_mc_AKGC417L__1,wheeze_score,0,1
M39,train,cycle,130_1p3_Pl_mc_AKGC417L__2,wheeze_score,0,1
M39,train,cycle,130_1p3_Pl_mc_AKGC417L__3,wheeze_score,0,1
M39,train,cycle,130_1p3_Pl_mc_AKGC417L__4,wheeze_score,0,1
M39,train,cycle,130_1p3_Pl_mc_AKGC417L__5,wheeze_score,0,0
M39,train,cycle,130_1p3_Pr_mc_AKGC417L__0,wheeze_score,0,1
M39,train,cycle,130_1p3_Pr_mc_AKGC417L__1,wheeze_score,0,0
M39,train,cycle,130_1p3_Pr_mc_AKGC417L__2,wheeze_score,0,1
M39,train,cycle,130_1p3_Pr_mc_AKGC417L__3,wheeze_score,0,0
M39,train,cycle,130_1p3_Pr_mc_AKGC417L__4,wheeze_score,0,0
M39,train,cycle,130_1p3_Pr_mc_AKGC417L__5,wheeze_score,0,0
M39,train,cycle,130_1p3_Tc_mc_AKGC417L__0,wheeze_score,0.4043829898,1
M39,train,cycle,130_1p3_Tc_mc_AKGC417L__1,wheeze_score,0.3902293715,1
M39,train,cycle,130_1p3_Tc_mc_AKGC417L__2,wheeze_score,0.3160667252,1
M39,train,cycle,130_1p3_Tc_mc_AKGC417L__3,wheeze_score,0.4171562867,1
M39,train,cycle,130_1p3_Tc_mc_AKGC417L__4,wheeze_score,0.3153426319,1
M39,train,cycle,130_1p3_Tc_mc_AKGC417L__5,wheeze_score,0.09548058561,0
M39,train,cycle,130_1p4_Al_mc_AKGC417L__0,wheeze_score,0.1005025126,1
M39,train,cycle,130_1p4_Al_mc_AKGC417L__1,wheeze_score,0.03065603924,1
M39,train,cycle,130_1p4_Al_mc_AKGC417L__2,wheeze_score,0.04900245012,1
M39,train,cycle,130_1p4_Al_mc_AKGC417L__3,wheeze_score,0.03471017008,1
M39,train,cycle,130_1p4_Al_mc_AKGC417L__4,wheeze_score,0,1
M39,train,cycle,130_1p4_Al_mc_AKGC417L__5,wheeze_score,0.03835826621,1
M39,train,cycle,130_1p4_Al_mc_AKGC417L__6,wheeze_score,0,1
M39,train,cycle,130_1p4_Ar_mc_AKGC417L__0,wheeze_score,0.06819813352,1
M39,train,cycle,130_1p4_Ar_mc_AKGC417L__1,wheeze_score,0,1
M39,train,cycle,130_1p4_Ar_mc_AKGC417L__2,wheeze_score,0.09450472524,1
M39,train,cycle,130_1p4_Ar_mc_AKGC417L__3,wheeze_score,0.04859423811,1
M39,train,cycle,130_1p4_Ar_mc_AKGC417L__4,wheeze_score,0,0
M39,train,cycle,130_1p4_Ar_mc_AKGC417L__5,wheeze_score,0.05753739931,1
M39,train,cycle,130_1p4_Ar_mc_AKGC417L__6,wheeze_score,0.07181328546,0
M39,train,cycle,130_1p4_Ll_mc_AKGC417L__0,wheeze_score,0.03948312994,1
M39,train,cycle,130_1p4_Ll_mc_AKGC417L__1,wheeze_score,0,1
M39,train,cycle,130_1p4_Ll_mc_AKGC417L__2,wheeze_score,0,1
M39,train,cycle,130_1p4_Ll_mc_AKGC417L__3,wheeze_score,0.06942034016,1
M39,train,cycle,130_1p4_Ll_mc_AKGC417L__4,wheeze_score,0,1
M39,train,cycle,130_1p4_Ll_mc_AKGC417L__5,wheeze_score,0,1
M39,train,cycle,130_1p4_Ll_mc_AKGC417L__6,wheeze_score,0,1
M39,train,cycle,130_1p4_Lr_mc_AKGC417L__0,wheeze_score,0.04666188083,0
M39,train,cycle,130_1p4_Lr_mc_AKGC417L__1,wheeze_score,0,1
M39,train,cycle,130_1p4_Lr_mc_AKGC417L__2,wheeze_score,0,1
M39,train,cycle,130_1p4_Lr_mc_AKGC417L__3,wheeze_score,0,1
M39,train,cycle,130_1p4_Lr_mc_AKGC417L__4,wheeze_score,0,1
M39,train,cycle,130_1p4_Lr_mc_AKGC417L__5,wheeze_score,0,1
M39,train,cycle,130_1p4_Lr_mc_AKGC417L__6,wheeze_score,0.039497307,0
M39,train,cycle,130_1p4_Pl_mc_AKGC417L__0,wheeze_score,0,1
M39,train,cycle,130_1p4_Pl_mc_AKGC417L__1,wheeze_score,0,1
M39,train,cycle,130_1p4_Pl_mc_AKGC417L__2,wheeze_score,0,1
M39,train,cycle,130_1p4_Pl_mc_AKGC417L__3,wheeze_score,0,1
M39,train,cycle,130_1p4_Pl_mc_AKGC417L__4,wheeze_score,0,1
M39,train,cycle,130_1p4_Pl_mc_AKGC417L__5,wheeze_score,0,0
M39,train,cycle,130_1p4_Pl_mc_AKGC417L__6,wheeze_score,0,1
M39,train,cycle,130_1p4_Pr_mc_AKGC417L__0,wheeze_score,0,0
M39,train,cycle,130_1p4_Pr_mc_AKGC417L__1,wheeze_score,0,0
M39,train,cycle,130_1p4_Pr_mc_AKGC417L__2,wheeze_score,0,0
M39,train,cycle,130_1p4_Pr_mc_AKGC417L__3,wheeze_score,0,0
M39,train,cycle,130_1p4_Pr_mc_AKGC417L__4,wheeze_score,0,0
M39,train,cycle,130_1p4_Pr_mc_AKGC417L__5,wheeze_score,0,0
M39,train,cycle,130_1p4_Pr_mc_AKGC417L__6,wheeze_score,0,0
M39,train,cycle,130_1p4_Tc_mc_AKGC417L__0,wheeze_score,0.5216622458,1
M39,train,cycle,130_1p4_Tc_mc_AKGC417L__1,wheeze_score,0.5411686587,1
M39,train,cycle,130_1p4_Tc_mc_AKGC417L__2,wheeze_score,0.2942979767,1
M39,train,cycle,130_1p4_Tc_mc_AKGC417L__3,wheeze_score,0.2073813708,1
M39,train,cycle,130_1p4_Tc_mc_AKGC417L__4,wheeze_score,0.2999294284,1
M39,train,cycle,130_1p4_Tc_mc_AKGC417L__5,wheeze_score,0.1309090909,1
M39,train,cycle,130_1p4_Tc_mc_AKGC417L__6,wheeze_score,0.2080924855,0
M39,train,cycle,130_1p4_Tc_mc_AKGC417L__7,wheeze_score,0.2941176471,1
M39,train,cycle,130_2b2_Al_mc_AKGC417L__0,wheeze_score,0,0
M39,train,cycle,130_2b2_Al_mc_AKGC417L__1,wheeze_score,0,0
M39,train,cycle,130_2b2_Al_mc_AKGC417L__2,wheeze_score,0,0
M39,train,cycle,130_2b2_Al_mc_AKGC417L__3,wheeze_score,0,0
M39,train,cycle,130_2b2_Al_mc_AKGC417L__4,wheeze_score,0,0
M39,train,cycle,130_2b2_Al_mc_AKGC417L__5,wheeze_score,0,0
M39,train,cycle,130_2b2_Al_mc_AKGC417L__6,wheeze_score,0,0
M39,train,cycle,130_2b2_Al_mc_AKGC417L__7,wheeze_score,0,0
M39,train,cycle,130_2b2_Ar_mc_AKGC417L__0,wheeze_score,0.2245388933,0
M39,train,cycle,130_2b2_Ar_mc_AKGC417L__1,wheeze_score,0.04219409283,0
M39,train,cycle,130_2b2_Ar_mc_AKGC417L__2,wheeze_score,0.08290564548,0
M39,train,cycle,130_2b2_Ar_mc_AKGC417L__3,wheeze_score,0.1203912716,0
M39,train,cycle,130_2b2_Ar_mc_AKGC417L__4,wheeze_score,0.03871467286,0
M39,train,cycle,130_2b2_Ar_mc_AKGC417L__5,wheeze_score,0.04217629692,0
M39,train,cycle,130_2b2_Ar_mc_AKGC417L__6,wheeze_score,0.1931415057,0
M39,train,cycle,130_2b2_Ar_mc_AKGC417L__7,wheeze_score,0.1973401973,0
M39,train,cycle,130_2b2_Ll_mc_AKGC417L__0,wheeze_score,0,0
M39,train,cycle,130_2b2_Ll_mc_AKGC417L__1,wheeze_score,0,0
M39,train,cycle,130_2b2_Ll_mc_AKGC417L__2,wheeze_score,0.04737465456,0
M39,train,cycle,130_2b2_Ll_mc_AKGC417L__3,wheeze_score,0.04138449962,0
M39,train,cycle,130_2b2_Ll_mc_AKGC417L__4,wheeze_score,0.05420054201,0
M39,train,cycle,130_2b2_Ll_mc_AKGC417L__5,wheeze_score,0,0
M39,train,cycle,130_2b2_Ll_mc_AKGC417L__6,wheeze_score,0,0
M39,train,cycle,130_2b2_Ll_mc_AKGC417L__7,wheeze_score,0,0
M39,train,cycle,130_2b2_Lr_mc_AKGC417L__0,wheeze_score,0,0
M39,train,cycle,130_2b2_Lr_mc_AKGC417L__1,wheeze_score,0,0
M39,train,cycle,130_2b2_Lr_mc_AKGC417L__2,wheeze_score,0,0
M39,train,cycle,130_2b2_Lr_mc_AKGC417L__3,wheeze_score,0.03762227239,0
M39,train,cycle,130_2b2_Lr_mc_AKGC417L__4,wheeze_score,0,0
M39,train,cycle,130_2b2_Lr_mc_AKGC417L__5,wheeze_score,0,0
M39,train,cycle,130_2b2_Lr_mc_AKGC417L__6,wheeze_score,0,0
M39,train,cycle,130_2b2_Lr_mc_AKGC417L__7,wheeze_score,0,0
M39,train,cycle,130_2b2_Pl_mc_AKGC417L__0,wheeze_score,0.04410585405,0
M39,train,cycle,130_2b2_Pl_mc_AKGC417L__1,wheeze_score,0.05063291139,0
M39,train,cycle,130_2b2_Pl_mc_AKGC417L__2,wheeze_score,0.05132254244,0
M39,train,cycle,130_2b2_Pl_mc_AKGC417L__3,wheeze_score,0.03762227239,0
M39,train,cycle,130_2b2_Pl_mc_AKGC417L__4,wheeze_score,0,0
M39,train,cycle,130_2b2_Pl_mc_AKGC417L__5,wheeze_score,0,0
M39,train,cycle,130_2b2_Pl_mc_AKGC417L__6,wheeze_score,0,0
M39,train,cycle,130_2b2_Pl_mc_AKGC417L__7,wheeze_score,0.0429000429,0
M39,train,cycle,130_2b2_Pr_mc_AKGC417L__0,wheeze_score,0,0
M39,train,cycle,130_2b2_Pr_mc_AKGC417L__1,wheeze_score,0,0
M39,train,cycle,130_2b2_Pr_mc_AKGC417L__2,wheeze_score,0,0
M39,train,cycle,130_2b2_Pr_mc_AKGC417L__3,wheeze_score,0,0
M39,train,cycle,130_2b2_Pr_mc_AKGC417L__4,wheeze_score,0,0
M39,train,cycle,130_2b2_Pr_mc_AKGC417L__5,wheeze_score,0,0
M39,train,cycle,130_2b2_Pr_mc_AKGC417L__6,wheeze_score,0,0
M39,train,cycle,130_2b2_Pr_mc_AKGC417L__7,wheeze_score,0,0
M39,train,cycle,130_2b2_Tc_mc_AKGC417L__0,wheeze_score,0,0
M39,train,cycle,130_2b2_Tc_mc_AKGC417L__1,wheeze_score,0,0
M39,train,cycle,130_2b2_Tc_mc_AKGC417L__2,wheeze_score,0,0
M39,train,cycle,130_2b2_Tc_mc_AKGC417L__3,wheeze_score,0,0
M39,train,cycle,130_2b2_Tc_mc_AKGC417L__4,wheeze_score,0,0
M39,train,cycle,130_2b2_Tc_mc_AKGC417L__5,wheeze_score,0,0
M39,train,cycle,130_2b2_Tc_mc_AKGC417L__6,wheeze_score,0,0
M39,train,cycle,130_2b2_Tc_mc_AKGC417L__7,wheeze_score,0.04719004719,0
M39,train,cycle,130_2b3_Al_mc_AKGC417L__0,wheeze_score,0,0
M39,train,cycle,130_2b3_Al_mc_AKGC417L__1,wheeze_score,0,0
M39,train,cycle,130_2b3_Al_mc_AKGC417L__2,wheeze_score,0.04353504571,0
M39,train,cycle,130_2b3_Al_mc_AKGC417L__3,wheeze_score,0.05901044031,0
M39,train,cycle,130_2b3_Al_mc_AKGC417L__4,wheeze_score,0.05449591281,0
M39,train,cycle,130_2b3_Al_mc_AKGC417L__5,wheeze_score,0,0
M39,train,cycle,130_2b3_Al_mc_AKGC417L__6,wheeze_score,0,0
M39,train,cycle,130_2b3_Al_mc_AKGC417L__7,wheeze_score,0,0
M39,train,cycle,130_2b3_Al_mc_AKGC417L__8,wheeze_score,0.04524886878,0
M39,train,cycle,130_2b3_Ar_mc_AKGC417L__0,wheeze_score,0,0
M39,train,cycle,130_2b3_Ar_mc_AKGC417L__1,wheeze_score,0,0
M39,train,cycle,130_2b3_Ar_mc_AKGC417L__2,wheeze_score,0.06530256857,0
M39,train,cycle,130_2b3_Ar_mc_AKGC417L__3,wheeze_score,0,0
M39,train,cycle,130_2b3_Ar_mc_AKGC417L__4,wheeze_score,0.1089918256,0
M39,train,cycle,130_2b3_Ar_mc_AKGC417L__5,wheeze_score,0.1038843722,0
M39,train,cycle,130_2b3_Ar_mc_AKGC417L__6,wheeze_score,0.1617110068,0
M39,train,cycle,130_2b3_Ar_mc_AKGC417L__7,wheeze_score,0.2317720908,0
M39,train,cycle,130_2b3_Ar_mc_AKGC417L__8,wheeze_score,0.09049773756,0
M39,train,cycle,130_2b3_Ll_mc_AKGC417L__0,wheeze_score,0,0
M39,train,cycle,130_2b3_Ll_mc_AKGC417L__1,wheeze_score,0,0
M39,train,cycle,130_2b3_Ll_mc_AKGC417L__2,wheeze_score,0,0
M39,train,cycle,130_2b3_Ll_mc_AKGC417L__3,wheeze_score,0.06808896959,0
M39,train,cycle,130_2b3_Ll_mc_AKGC417L__4,wheeze_score,0,0
M39,train,cycle,130_2b3_Ll_mc_AKGC417L__5,wheeze_score,0,0
M39,train,cycle,130_2b3_Ll_mc_AKGC417L__6,wheeze_score,0,0
M39,train,cycle,130_2b3_Ll_mc_AKGC417L__7,wheeze_score,0,0
M39,train,cycle,130_2b3_Ll_mc_AKGC417L__8,wheeze_score,0,0
M39,train,cycle,130_2b3_Lr_mc_AKGC417L__0,wheeze_score,0,0
M39,train,cycle,130_2b3_Lr_mc_AKGC417L__1,wheeze_score,0,0
M39,train,cycle,130_2b3_Lr_mc_AKGC417L__2,wheeze_score,0,0
M39,train,cycle,130_2b3_Lr_mc_AKGC417L__3,wheeze_score,0,0
M39,train,cycle,130_2b3_Lr_mc_AKGC417L__4,wheeze_score,0,0
M39,train,cycle,130_2b3_Lr_mc_AKGC417L__5,wheeze_score,0.06775067751,0
M39,train,cycle,130_2b3_Lr_mc_AKGC417L__6,wheeze_score,0,0
M39,train,cycle,130_2b3_Lr_mc_AKGC417L__7,wheeze_score,0,0
M39,train,cycle,130_2b3_Lr_mc_AKGC417L__8,wheeze_score,0,0
M39,train,cycle,130_2b3_Pl_mc_AKGC417L__0,wheeze_score,0,0
M39,train,cycle,130_2b3_Pl_mc_AKGC417L__1,wheeze_score,0,0
M39,train,cycle,130_2b3_Pl_mc_AKGC417L__2,wheeze_score,0,0
M39,train,cycle,130_2b3_Pl_mc_AKGC417L__3,wheeze_score,0,0
M39,train,cycle,130_2b3_Pl_mc_AKGC417L__4,wheeze_score,0.04541326067,0
M39,train,cycle,130_2b3_Pl_mc_AKGC417L__5,wheeze_score,0,0
M39,train,cycle,130_2b3_Pl_mc_AKGC417L__6,wheeze_score,0.0521648409,0
M39,train,cycle,130_2b3_Pl_mc_AKGC417L__7,wheeze_score,0,0
M39,train,cycle,130_2b3_Pl_mc_AKGC417L__8,wheeze_score,0,0
M39,train,cycle,130_2b3_Pr_mc_AKGC417L__0,wheeze_score,0,0
M39,train,cycle,130_2b3_Pr_mc_AKGC417L__1,wheeze_score,0,0
M39,train,cycle,130_2b3_Pr_mc_AKGC417L__2,wheeze_score,0,0
M39,train,cycle,130_2b3_Pr_mc_AKGC417L__3,wheeze_score,0,0
M39,train,cycle,130_2b3_Pr_mc_AKGC417L__4,wheeze_score,0,0
M39,train,cycle,130_2b3_Pr_mc_AKGC417L__5,wheeze_score,0,0
M39,train,cycle,130_2b3_Pr_mc_AKGC417L__6,wheeze_score,0,0
M39,train,cycle,130_2b3_Pr_mc_AKGC417L__7,wheeze_score,0,0
M39,train,cycle,130_2b3_Pr_mc_AKGC417L__8,wheeze_score,0,0
M39,train,cycle,130_2b3_Tc_mc_AKGC417L__0,wheeze_score,0,0
M39,train,cycle,130_2b3_Tc_mc_AKGC417L__1,wheeze_score,0,0
M39,train,cycle,130_2b3_Tc_mc_AKGC417L__2,wheeze_score,0.05659555943,0
M39,train,cycle,130_2b3_Tc_mc_AKGC417L__3,wheeze_score,0,0
M39,train,cycle,130_2b3_Tc_mc_AKGC417L__4,wheeze_score,0,0
M39,train,cycle,130_2b3_Tc_mc_AKGC417L__5,wheeze_score,0,0
M39,train,cycle,130_2b3_Tc_mc_AKGC417L__6,wheeze_score,0,0
M39,train,cycle,130_2b3_Tc_mc_AKGC417L__7,wheeze_score,0,0
M39,train,cycle,130_2b3_Tc_mc_AKGC417L__8,wheeze_score,0,0
M39,train,cycle,130_2b4_Al_mc_AKGC417L__0,wheeze_score,0,0
M39,train,cycle,130_2b4_Al_mc_AKGC417L__1,wheeze_score,0,0
M39,train,cycle,130_2b4_Al_mc_AKGC417L__2,wheeze_score,0.0474608448,0
M39,train,cycle,130_2b4_Al_mc_AKGC417L__3,wheeze_score,0,0
M39,train,cycle,130_2b4_Al_mc_AKGC417L__4,wheeze_score,0,0
M39,train,cycle,130_2b4_Al_mc_AKGC417L__5,wheeze_score,0,0
M39,train,cycle,130_2b4_Al_mc_AKGC417L__6,wheeze_score,0,0
M39,train,cycle,130_2b4_Al_mc_AKGC417L__7,wheeze_score,0.04541326067,0
M39,train,cycle,130_2b4_Al_mc_AKGC417L__8,wheeze_score,0,0
M39,train,cycle,130_2b4_Ar_mc_AKGC417L__0,wheeze_score,0,0
M39,train,cycle,130_2b4_Ar_mc_AKGC417L__1,wheeze_score,0.04643309413,0
M39,train,cycle,130_2b4_Ar_mc_AKGC417L__2,wheeze_score,0.118652112,0
M39,train,cycle,130_2b4_Ar_mc_AKGC417L__3,wheeze_score,0.09138381201,0
M39,train,cycle,130_2b4_Ar_mc_AKGC417L__4,wheeze_score,0.1097509498,0
M39,train,cycle,130_2b4_Ar_mc_AKGC417L__5,wheeze_score,0.05161895824,0
M39,train,cycle,130_2b4_Ar_mc_AKGC417L__6,wheeze_score,0.09286618827,0
M39,train,cycle,130_2b4_Ar_mc_AKGC417L__7,wheeze_score,0.04541326067,0
M39,train,cycle,130_2b4_Ar_mc_AKGC417L__8,wheeze_score,0.06416131989,0
M39,train,cycle,130_2b4_Ll_mc_AKGC417L__0,wheeze_score,0,0
M39,train,cycle,130_2b4_Ll_mc_AKGC417L__1,wheeze_score,0.04221190376,0
M39,train,cycle,130_2b4_Ll_mc_AKGC417L__2,wheeze_score,0,0
M39,train,cycle,130_2b4_Ll_mc_AKGC417L__3,wheeze_score,0.09138381201,0
M39,train,cycle,130_2b4_Ll_mc_AKGC417L__4,wheeze_score,0.1308569016,0
M39,train,cycle,130_2b4_Ll_mc_AKGC417L__5,wheeze_score,0,0
M39,train,cycle,130_2b4_Ll_mc_AKGC417L__6,wheeze_score,0.05487547488,0
M39,train,cycle,130_2b4_Ll_mc_AKGC417L__7,wheeze_score,0,0
M39,train,cycle,130_2b4_Ll_mc_AKGC417L__8,wheeze_score,0,0
M39,train,cycle,130_2b4_Lr_mc_AKGC417L__0,wheeze_score,0,0
M39,train,cycle,130_2b4_Lr_mc_AKGC417L__1,wheeze_score,0,0
M39,train,cycle,130_2b4_Lr_mc_AKGC417L__2,wheeze_score,0,0
M39,train,cycle,130_2b4_Lr_mc_AKGC417L__3,wheeze_score,0,0
M39,train,cycle,130_2b4_Lr_mc_AKGC417L__4,wheeze_score,0,0
M39,train,cycle,130_2b4_Lr_mc_AKGC417L__5,wheeze_score,0,0
M39,train,cycle,130_2b4_Lr_mc_AKGC417L__6,wheeze_score,0.05065428451,0
M39,train,cycle,130_2b4_Lr_mc_AKGC417L__7,wheeze_score,0,0
M39,train,cycle,130_2b4_Lr_mc_AKGC417L__8,wheeze_score,0,0
M39,train,cycle,130_2b4_Pl_mc_AKGC417L__0,wheeze_score,0,0
M39,train,cycle,130_2b4_Pl_mc_AKGC417L__1,wheeze_score,0,0
M39,train,cycle,130_2b4_Pl_mc_AKGC417L__2,wheeze_score,0,0
M39,train,cycle,130_2b4_Pl_mc_AKGC417L__3,wheeze_score,0.04351610096,0
M39,train,cycle,130_2b4_Pl_mc_AKGC417L__4,wheeze_score,0,0
M39,train,cycle,130_2b4_Pl_mc_AKGC417L__5,wheeze_score,0,1
M39,train,cycle,130_2b4_Pl_mc_AKGC417L__6,wheeze_score,0.05065428451,0
M39,train,cycle,130_2b4_Pl_mc_AKGC417L__7,wheeze_score,0,0
M39,train,cycle,130_2b4_Pl_mc_AKGC417L__8,wheeze_score,0,0
M39,train,cycle,130_2p3_Pl_mc_AKGC417L__0,wheeze_score,0,0
M39,train,cycle,130_2p3_Pl_mc_AKGC417L__1,wheeze_score,0,0
M39,train,cycle,130_2p3_Pl_mc_AKGC417L__2,wheeze_score,0,0
M39,train,cycle,130_2p3_Pl_mc_AKGC417L__3,wheeze_score,0,0
M39,train,cycle,130_2p3_Pl_mc_AKGC417L__4,wheeze_score,0,0
M39,train,cycle,130_2p3_Pl_mc_AKGC417L__5,wheeze_score,0,0
M39,train,cycle,130_2p3_Pl_mc_AKGC417L__6,wheeze_score,0,0
M39,train,cycle,130_2p3_Pl_mc_AKGC417L__7,wheeze_score,0.05405405405,0
M39,train,cycle,130_2p3_Pl_mc_AKGC417L__8,wheeze_score,0,0
M39,train,cycle,130_2p3_Pl_mc_AKGC417L__9,wheeze_score,0,0
M39,train,cycle,130_2p5_Al_mc_AKGC417L__0,wheeze_score,0.05737234653,0
M39,train,cycle,130_2p5_Al_mc_AKGC417L__1,wheeze_score,0,0
M39,train,cycle,130_2p5_Al_mc_AKGC417L__2,wheeze_score,0,0
M39,train,cycle,130_2p5_Al_mc_AKGC417L__3,wheeze_score,0,0
M39,train,cycle,130_2p5_Al_mc_AKGC417L__4,wheeze_score,0.05091649695,0
M39,train,cycle,130_2p5_Al_mc_AKGC417L__5,wheeze_score,0,0
M39,train,cycle,130_2p5_Al_mc_AKGC417L__6,wheeze_score,0,0
M39,train,cycle,130_2p5_Al_mc_AKGC417L__7,wheeze_score,0,0
M39,train,cycle,130_2p5_Al_mc_AKGC417L__8,wheeze_score,0,0
M39,train,cycle,130_2p5_Al_mc_AKGC417L__9,wheeze_score,0,0
M39,train,cycle,130_2p5_Al_mc_AKGC417L__10,wheeze_score,0,1
M39,train,cycle,130_2p5_Ar_mc_AKGC417L__0,wheeze_score,0,0
M39,train,cycle,130_2p5_Ar_mc_AKGC417L__1,wheeze_score,0,0
M39,train,cycle,130_2p5_Ar_mc_AKGC417L__2,wheeze_score,0,0
M39,train,cycle,130_2p5_Ar_mc_AKGC417L__3,wheeze_score,0,0
M39,train,cycle,130_2p5_Ar_mc_AKGC417L__4,wheeze_score,0,0
M39,train,cycle,130_2p5_Ar_mc_AKGC417L__5,wheeze_score,0,0
M39,train,cycle,130_2p5_Ar_mc_AKGC417L__6,wheeze_score,0,0
M39,train,cycle,130_2p5_Ar_mc_AKGC417L__7,wheeze_score,0,0
M39,train,cycle,130_2p5_Ar_mc_AKGC417L__8,wheeze_score,0,0
M39,train,cycle,130_2p5_Ar_mc_AKGC417L__9,wheeze_score,0,0
M39,train,cycle,130_2p5_Ar_mc_AKGC417L__10,wheeze_score,0,0
M39,train,cycle,130_2p5_Lr_mc_AKGC417L__0,wheeze_score,0,0
M39,train,cycle,130_2p5_Lr_mc_AKGC417L__1,wheeze_score,0,0
M39,train,cycle,130_2p5_Lr_mc_AKGC417L__2,wheeze_score,0,0
M39,train,cycle,130_2p5_Lr_mc_AKGC417L__3,wheeze_score,0,0
M39,train,cycle,130_2p5_Lr_mc_AKGC417L__4,wheeze_score,0,0
M39,train,cycle,130_2p5_Lr_mc_AKGC417L__5,wheeze_score,0,0
M39,train,cycle,130_2p5_Lr_mc_AKGC417L__6,wheeze_score,0.0627090301,0
M39,train,cycle,130_2p5_Lr_mc_AKGC417L__7,wheeze_score,0,0
M39,train,cycle,130_2p5_Lr_mc_AKGC417L__8,wheeze_score,0,0
M39,train,cycle,130_2p5_Lr_mc_AKGC417L__9,wheeze_score,0,0
M39,train,cycle,130_2p5_Lr_mc_AKGC417L__10,wheeze_score,0,0
M39,train,cycle,130_2p5_Pl_mc_AKGC417L__0,wheeze_score,0,0
M39,train,cycle,130_2p5_Pl_mc_AKGC417L__1,wheeze_score,0,0
M39,train,cycle,130_2p5_Pl_mc_AKGC417L__2,wheeze_score,0,0
M39,train,cycle,130_2p5_Pl_mc_AKGC417L__3,wheeze_score,0,0
M39,train,cycle,130_2p5_Pl_mc_AKGC417L__4,wheeze_score,0,0
M39,train,cycle,130_2p5_Pl_mc_AKGC417L__5,wheeze_score,0.06228765572,1
M39,train,cycle,130_2p5_Pl_mc_AKGC417L__6,wheeze_score,0,0
M39,train,cycle,130_2p5_Pl_mc_AKGC417L__7,wheeze_score,0,1
M39,train,cycle,130_2p5_Pl_mc_AKGC417L__8,wheeze_score,0,0
M39,train,cycle,130_2p5_Pl_mc_AKGC417L__9,wheeze_score,0,0
M39,train,cycle,130_2p5_Pl_mc_AKGC417L__10,wheeze_score,0,0
M39,train,cycle,130_2p5_Pr_mc_AKGC417L__0,wheeze_score,0,0
M39,train,cycle,130_2p5_Pr_mc_AKGC417L__1,wheeze_score,0,1
M39,train,cycle,130_2p5_Pr_mc_AKGC417L__2,wheeze_score,0,0
M39,train,cycle,130_2p5_Pr_mc_AKGC417L__3,wheeze_score,0,0
M39,train,cycle,130_2p5_Pr_mc_AKGC417L__4,wheeze_score,0,0
M39,train,cycle,130_2p5_Pr_mc_AKGC417L__5,wheeze_score,0,0
M39,train,cycle,130_2p5_Pr_mc_AKGC417L__6,wheeze_score,0,0
M39,train,cycle,130_2p5_Pr_mc_AKGC417L__7,wheeze_score,0,0
M39,train,cycle,130_2p5_Pr_mc_AKGC417L__8,wheeze_score,0,0
M39,train,cycle,130_2p5_Pr_mc_AKGC417L__9,wheeze_score,0,0
M39,train,cycle,130_2p5_Pr_mc_AKGC417L__10,wheeze_score,0,0
M39,train,cycle,130_2p5_Tc_mc_AKGC417L__0,wheeze_score,0,0
M39,train,cycle,130_2p5_Tc_mc_AKGC417L__1,wheeze_score,0,0
M39,train,cycle,130_2p5_Tc_mc_AKGC417L__2,wheeze_score,0,0
M39,train,cycle,130_2p5_Tc_mc_AKGC417L__3,wheeze_score,0,0
M39,train,cycle,130_2p5_Tc_mc_AKGC417L__4,wheeze_score,0,0
M39,train,cycle,130_2p5_Tc_mc_AKGC417L__5,wheeze_score,0,0
M39,train,cycle,130_2p5_Tc_mc_AKGC417L__6,wheeze_score,0,0
M39,train,cycle,130_2p5_Tc_mc_AKGC417L__7,wheeze_score,0,1
M39,train,cycle,130_2p5_Tc_mc_AKGC417L__8,wheeze_score,0,0
M39,train,cycle,130_2p5_Tc_mc_AKGC417L__9,wheeze_score,0,0
M39,train,cycle,130_2p5_Tc_mc_AKGC417L__10,wheeze_score,0,0
M39,train,cycle,130_3b3_Ll_mc_AKGC417L__0,wheeze_score,0,0
M39,train,cycle,130_3b3_Ll_mc_AKGC417L__1,wheeze_score,0,0
M39,train,cycle,130_3b3_Ll_mc_AKGC417L__2,wheeze_score,0,0
M39,train,cycle,130_3b3_Ll_mc_AKGC417L__3,wheeze_score,0,0
M39,train,cycle,130_3b3_Ll_mc_AKGC417L__4,wheeze_score,0,0
M39,train,cycle,130_3b3_Ll_mc_AKGC417L__5,wheeze_score,0,0
M39,train,cycle,130_3b4_Al_mc_AKGC417L__0,wheeze_score,0.03103524717,0
M39,train,cycle,130_3b4_Al_mc_AKGC417L__1,wheeze_score,0,0
M39,train,cycle,130_3b4_Al_mc_AKGC417L__2,wheeze_score,0.02426595487,0
M39,train,cycle,130_3b4_Al_mc_AKGC417L__3,wheeze_score,0.02759381898,0
M39,train,cycle,130_3b4_Al_mc_AKGC417L__4,wheeze_score,0,0
M39,train,cycle,130_3b4_Ar_mc_AKGC417L__0,wheeze_score,0.05320328087,0
M39,train,cycle,130_3b4_Ar_mc_AKGC417L__1,wheeze_score,0,0
M39,train,cycle,130_3b4_Ar_mc_AKGC417L__2,wheeze_score,0,0
M39,train,cycle,130_3b4_Ar_mc_AKGC417L__3,wheeze_score,0,0
M39,train,cycle,130_3b4_Ar_mc_AKGC417L__4,wheeze_score,0.07513661202,0
M39,train,cycle,130_3b4_Lr_mc_AKGC417L__0,wheeze_score,0.07537131456,0
M39,train,cycle,130_3b4_Lr_mc_AKGC417L__1,wheeze_score,0.1859657823,0
M39,train,cycle,130_3b4_Lr_mc_AKGC417L__2,wheeze_score,0.1334627518,0
M39,train,cycle,130_3b4_Lr_mc_AKGC417L__3,wheeze_score,0.325607064,0
M39,train,cycle,130_3b4_Lr_mc_AKGC417L__4,wheeze_score,0,0
M39,train,cycle,130_3b4_Pl_mc_AKGC417L__0,wheeze_score,0,0
M39,train,cycle,130_3b4_Pl_mc_AKGC417L__1,wheeze_score,0,0
M39,train,cycle,130_3b4_Pl_mc_AKGC417L__2,wheeze_score,0,0
M39,train,cycle,130_3b4_Pl_mc_AKGC417L__3,wheeze_score,0,0
M39,train,cycle,130_3b4_Pl_mc_AKGC417L__4,wheeze_score,0,0
M39,train,cycle,130_3b4_Pr_mc_AKGC417L__0,wheeze_score,0.02438483706,0
M39,train,cycle,130_3b4_Pr_mc_AKGC417L__1,wheeze_score,0,0
M39,train,cycle,130_3b4_Pr_mc_AKGC417L__2,wheeze_score,0,0
M39,train,cycle,130_3b4_Pr_mc_AKGC417L__3,wheeze_score,0,0
M39,train,cycle,130_3b4_Pr_mc_AKGC417L__4,wheeze_score,0,0
M39,train,cycle,130_3p2_Al_mc_AKGC417L__0,wheeze_score,0,0
M39,train,cycle,130_3p2_Al_mc_AKGC417L__1,wheeze_score,0.03765833619,0
M39,train,cycle,130_3p2_Al_mc_AKGC417L__2,wheeze_score,0.08676789588,0
M39,train,cycle,130_3p2_Al_mc_AKGC417L__3,wheeze_score,0.03298153034,0
M39,train,cycle,130_3p2_Al_mc_AKGC417L__4,wheeze_score,0,0
M39,train,cycle,130_3p2_Al_mc_AKGC417L__5,wheeze_score,0.07939247497,0
M39,train,cycle,130_3p2_Al_mc_AKGC417L__6,wheeze_score,0.07818052594,0
M39,train,cycle,130_3p2_Ar_mc_AKGC417L__0,wheeze_score,0,0
M39,train,cycle,130_3p2_Ar_mc_AKGC417L__1,wheeze_score,0.03423485108,0
M39,train,cycle,130_3p2_Ar_mc_AKGC417L__2,wheeze_score,0,0
M39,train,cycle,130_3p2_Ar_mc_AKGC417L__3,wheeze_score,0.05277044855,0
M39,train,cycle,130_3p2_Ar_mc_AKGC417L__4,wheeze_score,0.08056042032,0
M39,train,cycle,130_3p2_Ar_mc_AKGC417L__5,wheeze_score,0,0
M39,train,cycle,130_3p2_Ar_mc_AKGC417L__6,wheeze_score,0,0
M39,train,cycle,130_3p2_Pl_mc_AKGC417L__0,wheeze_score,0,0
M39,train,cycle,130_3p2_Pl_mc_AKGC417L__1,wheeze_score,0,0
M39,train,cycle,130_3p2_Pl_mc_AKGC417L__2,wheeze_score,0,0
M39,train,cycle,130_3p2_Pl_mc_AKGC417L__3,wheeze_score,0,0
M39,train,cycle,130_3p2_Pl_mc_AKGC417L__4,wheeze_score,0,0
M39,train,cycle,130_3p2_Pl_mc_AKGC417L__5,wheeze_score,0,0
M39,train,cycle,130_3p2_Pl_mc_AKGC417L__6,wheeze_score,0,0
M39,train,cycle,130_3p2_Pr_mc_AKGC417L__0,wheeze_score,0,0
M39,train,cycle,130_3p2_Pr_mc_AKGC417L__1,wheeze_score,0,0
M39,train,cycle,130_3p2_Pr_mc_AKGC417L__2,wheeze_score,0,0
M39,train,cycle,130_3p2_Pr_mc_AKGC417L__3,wheeze_score,0,0
M39,train,cycle,130_3p2_Pr_mc_AKGC417L__4,wheeze_score,0,0
M39,train,cycle,130_3p2_Pr_mc_AKGC417L__5,wheeze_score,0,0
M39,train,cycle,130_3p2_Pr_mc_AKGC417L__6,wheeze_score,0,0
M39,train,cycle,130_3p2_Tc_mc_AKGC417L__0,wheeze_score,0,0
M39,train,cycle,130_3p2_Tc_mc_AKGC417L__1,wheeze_score,0,0
M39,train,cycle,130_3p2_Tc_mc_AKGC417L__2,wheeze_score,0,0
M39,train,cycle,130_3p2_Tc_mc_AKGC417L__3,wheeze_score,0,0
M39,train,cycle,130_3p2_Tc_mc_AKGC417L__4,wheeze_score,0,0
M39,train,cycle,130_3p2_Tc_mc_AKGC417L__5,wheeze_score,0,0
M39,train,cycle,130_3p2_Tc_mc_AKGC417L__6,wheeze_score,0,0
M39,train,cycle,130_3p3_Al_mc_AKGC417L__0,wheeze_score,0,0
M39,train,cycle,130_3p3_Al_mc_AKGC417L__1,wheeze_score,0,0
M39,train,cycle,130_3p3_Al_mc_AKGC417L__2,wheeze_score,0,0
M39,train,cycle,130_3p3_Al_mc_AKGC417L__3,wheeze_score,0,0
M39,train,cycle,130_3p3_Al_mc_AKGC417L__4,wheeze_score,0,0
M39,train,cycle,130_3p3_Al_mc_AKGC417L__5,wheeze_score,0,0
M39,train,cycle,130_3p3_Al_mc_AKGC417L__6,wheeze_score,0,1
M39,train,cycle,130_3p3_Pl_mc_AKGC417L__0,wheeze_score,0,0
M39,train,cycle,130_3p3_Pl_mc_AKGC417L__1,wheeze_score,0,0
M39,train,cycle,130_3p3_Pl_mc_AKGC417L__2,wheeze_score,0,0
M39,train,cycle,130_3p3_Pl_mc_AKGC417L__3,wheeze_score,0,0
M39,train,cycle,130_3p3_Pl_mc_AKGC417L__4,wheeze_score,0,0
M39,train,cycle,130_3p3_Pl_mc_AKGC417L__5,wheeze_score,0,0
M39,train,cycle,130_3p3_Pl_mc_AKGC417L__6,wheeze_score,0,1
M39,train,cycle,130_3p3_Pr_mc_AKGC417L__0,wheeze_score,0,0
M39,train,cycle,130_3p3_Pr_mc_AKGC417L__1,wheeze_score,0,0
M39,train,cycle,130_3p3_Pr_mc_AKGC417L__2,wheeze_score,0,0
M39,train,cycle,130_3p3_Pr_mc_AKGC417L__3,wheeze_score,0,1
M39,train,cycle,130_3p3_Pr_mc_AKGC417L__4,wheeze_score,0,0
M39,train,cycle,130_3p3_Pr_mc_AKGC417L__5,wheeze_score,0,0
M39,train,cycle,130_3p3_Pr_mc_AKGC417L__6,wheeze_score,0,0
M39,train,cycle,130_3p3_Tc_mc_AKGC417L__0,wheeze_score,0,0
M39,train,cycle,130_3p3_Tc_mc_AKGC417L__1,wheeze_score,0,0
M39,train,cycle,130_3p3_Tc_mc_AKGC417L__2,wheeze_score,0,0
M39,train,cycle,130_3p3_Tc_mc_AKGC417L__3,wheeze_score,0,0
M39,train,cycle,130_3p3_Tc_mc_AKGC417L__4,wheeze_score,0,0
M39,train,cycle,130_3p3_Tc_mc_AKGC417L__5,wheeze_score,0,0
M39,train,cycle,130_3p3_Tc_mc_AKGC417L__6,wheeze_score,0,1
M39,train,cycle,130_3p4_Al_mc_AKGC417L__0,wheeze_score,0,1
M39,train,cycle,130_3p4_Al_mc_AKGC417L__1,wheeze_score,0.03606202669,1
M39,train,cycle,130_3p4_Al_mc_AKGC417L__2,wheeze_score,0.0396039604,0
M39,train,cycle,130_3p4_Al_mc_AKGC417L__3,wheeze_score,0.03657644477,0
M39,train,cycle,130_3p4_Al_mc_AKGC417L__4,wheeze_score,0.0415407855,0
M39,train,cycle,130_3p4_Al_mc_AKGC417L__5,wheeze_score,0,0
M39,train,cycle,130_3p4_Al_mc_AKGC417L__6,wheeze_score,0,0
M39,train,cycle,130_3p4_Al_mc_AKGC417L__7,wheeze_score,0,0
M39,train,cycle,130_3p4_Pl_mc_AKGC417L__0,wheeze_score,0,0
M39,train,cycle,130_3p4_Pl_mc_AKGC417L__1,wheeze_score,0,0
M39,train,cycle,130_3p4_Pl_mc_AKGC417L__2,wheeze_score,0,1
M39,train,cycle,130_3p4_Pl_mc_AKGC417L__3,wheeze_score,0,1
M39,train,cycle,130_3p4_Pl_mc_AKGC417L__4,wheeze_score,0,1
M39,train,cycle,130_3p4_Pl_mc_AKGC417L__5,wheeze_score,0,0
M39,train,cycle,130_3p4_Pl_mc_AKGC417L__6,wheeze_score,0,0
M39,train,cycle,130_3p4_Pl_mc_AKGC417L__7,wheeze_score,0,0
M39,train,cycle,130_3p4_Pr_mc_AKGC417L__0,wheeze_score,0,1
M39,train,cycle,130_3p4_Pr_mc_AKGC417L__1,wheeze_score,0,1
M39,train,cycle,130_3p4_Pr_mc_AKGC417L__2,wheeze_score,0,0
M39,train,cycle,130_3p4_Pr_mc_AKGC417L__3,wheeze_score,0,0
M39,train,cycle,130_3p4_Pr_mc_AKGC417L__4,wheeze_score,0,0
M39,train,cycle,130_3p4_Pr_mc_AKGC417L__5,wheeze_score,0,0
M39,train,cycle,130_3p4_Pr_mc_AKGC417L__6,wheeze_score,0,0
M39,train,cycle,130_3p4_Pr_mc_AKGC417L__7,wheeze_score,0,0
M39,train,cycle,130_3p4_Tc_mc_AKGC417L__0,wheeze_score,0,1
M39,train,cycle,130_3p4_Tc_mc_AKGC417L__1,wheeze_score,0,1
M39,train,cycle,130_3p4_Tc_mc_AKGC417L__2,wheeze_score,0,1
M39,train,cycle,130_3p4_Tc_mc_AKGC417L__3,wheeze_score,0,1
M39,train,cycle,130_3p4_Tc_mc_AKGC417L__4,wheeze_score,0,1
M39,train,cycle,130_3p4_Tc_mc_AKGC417L__5,wheeze_score,0,0
M39,train,cycle,130_3p4_Tc_mc_AKGC417L__6,wheeze_score,0,0
M39,train,cycle,130_3p4_Tc_mc_AKGC417L__7,wheeze_score,0,0
M39,train,cycle,131_1b1_Al_sc_Meditron__0,wheeze_score,0,0
M39,train,cycle,131_1b1_Al_sc_Meditron__1,wheeze_score,0,0
M39,train,cycle,131_1b1_Al_sc_Meditron__2,wheeze_score,0,1
M39,train,cycle,131_1b1_Al_sc_Meditron__3,wheeze_score,0,0
M39,train,cycle,131_1b1_Al_sc_Meditron__4,wheeze_score,0,0
M39,train,cycle,131_1b1_Al_sc_Meditron__5,wheeze_score,0,0
M39,train,cycle,131_1b1_Al_sc_Meditron__6,wheeze_score,0,0
M39,train,cycle,131_1b1_Al_sc_Meditron__7,wheeze_score,0,0
M39,train,cycle,131_1b1_Al_sc_Meditron__8,wheeze_score,0,0
M39,train,cycle,131_1b1_Al_sc_Meditron__9,wheeze_score,0,1
M39,train,cycle,131_1b1_Al_sc_Meditron__10,wheeze_score,0,0
M39,train,cycle,132_2b1_Lr_mc_LittC2SE__0,wheeze_score,0,0
M39,train,cycle,132_2b1_Lr_mc_LittC2SE__1,wheeze_score,0,0
M39,train,cycle,132_2b1_Lr_mc_LittC2SE__2,wheeze_score,0,0
M39,train,cycle,132_2b1_Lr_mc_LittC2SE__3,wheeze_score,0,0
M39,train,cycle,132_2b1_Lr_mc_LittC2SE__4,wheeze_score,0,0
M39,train,cycle,132_2b1_Lr_mc_LittC2SE__5,wheeze_score,0,0
M39,train,cycle,132_2b1_Lr_mc_LittC2SE__6,wheeze_score,0,0
M39,train,cycle,132_2b1_Lr_mc_LittC2SE__7,wheeze_score,0,0
M39,train,cycle,132_2b1_Lr_mc_LittC2SE__8,wheeze_score,0,0
M39,train,cycle,132_2b2_Lr_mc_LittC2SE__0,wheeze_score,0,0
M39,train,cycle,132_2b2_Lr_mc_LittC2SE__1,wheeze_score,0,0
M39,train,cycle,132_2b2_Lr_mc_LittC2SE__2,wheeze_score,0,0
M39,train,cycle,132_2b2_Lr_mc_LittC2SE__3,wheeze_score,0,0
M39,train,cycle,132_2b2_Lr_mc_LittC2SE__4,wheeze_score,0,0
M39,train,cycle,132_2b2_Lr_mc_LittC2SE__5,wheeze_score,0,0
M39,train,cycle,132_2b2_Lr_mc_LittC2SE__6,wheeze_score,0,0
M39,train,cycle,132_2b2_Lr_mc_LittC2SE__7,wheeze_score,0,0
M39,train,cycle,132_2b2_Lr_mc_LittC2SE__8,wheeze_score,0,0
M39,train,cycle,132_2b2_Lr_mc_LittC2SE__9,wheeze_score,0,0
M39,train,cycle,134_2b1_Al_mc_LittC2SE__0,wheeze_score,0,0
M39,train,cycle,134_2b1_Al_mc_LittC2SE__1,wheeze_score,0,0
M39,train,cycle,134_2b1_Al_mc_LittC2SE__2,wheeze_score,0,0
M39,train,cycle,134_2b1_Al_mc_LittC2SE__3,wheeze_score,0,0
M39,train,cycle,134_2b1_Al_mc_LittC2SE__4,wheeze_score,0,0
M39,train,cycle,134_2b1_Ar_mc_LittC2SE__0,wheeze_score,0,0
M39,train,cycle,134_2b1_Ar_mc_LittC2SE__1,wheeze_score,0,0
M39,train,cycle,134_2b1_Ar_mc_LittC2SE__2,wheeze_score,0,0
M39,train,cycle,134_2b1_Ar_mc_LittC2SE__3,wheeze_score,0,0
M39,train,cycle,134_2b1_Ar_mc_LittC2SE__4,wheeze_score,0,0
M39,train,cycle,134_2b2_Al_mc_LittC2SE__0,wheeze_score,0,0
M39,train,cycle,134_2b2_Al_mc_LittC2SE__1,wheeze_score,0,0
M39,train,cycle,134_2b2_Al_mc_LittC2SE__2,wheeze_score,0,0
M39,train,cycle,134_2b2_Al_mc_LittC2SE__3,wheeze_score,0,0
M39,train,cycle,134_2b2_Al_mc_LittC2SE__4,wheeze_score,0,0
M39,train,cycle,134_2b2_Al_mc_LittC2SE__5,wheeze_score,0,0
M39,train,cycle,134_2b2_Al_mc_LittC2SE__6,wheeze_score,0,0
M39,train,cycle,134_2b2_Ar_mc_LittC2SE__0,wheeze_score,0,0
M39,train,cycle,134_2b2_Ar_mc_LittC2SE__1,wheeze_score,0,0
M39,train,cycle,134_2b2_Ar_mc_LittC2SE__2,wheeze_score,0,0
M39,train,cycle,134_2b2_Ar_mc_LittC2SE__3,wheeze_score,0,0
M39,train,cycle,134_2b2_Ar_mc_LittC2SE__4,wheeze_score,0,0
M39,train,cycle,134_2b2_Ar_mc_LittC2SE__5,wheeze_score,0,0
M39,train,cycle,134_2b2_Ar_mc_LittC2SE__6,wheeze_score,0,0
M39,train,cycle,134_2b3_Ar_mc_LittC2SE__0,wheeze_score,0,0
M39,train,cycle,134_2b3_Ar_mc_LittC2SE__1,wheeze_score,0,0
M39,train,cycle,134_2b3_Ar_mc_LittC2SE__2,wheeze_score,0,0
M39,train,cycle,134_2b3_Ar_mc_LittC2SE__3,wheeze_score,0,1
M39,train,cycle,134_2b3_Ar_mc_LittC2SE__4,wheeze_score,0,0
M39,train,cycle,134_2b3_Ar_mc_LittC2SE__5,wheeze_score,0,0
M39,train,cycle,135_2b1_Al_mc_LittC2SE__0,wheeze_score,0,0
M39,train,cycle,135_2b1_Al_mc_LittC2SE__1,wheeze_score,0,0
M39,train,cycle,135_2b1_Al_mc_LittC2SE__2,wheeze_score,0,0
M39,train,cycle,135_2b1_Al_mc_LittC2SE__3,wheeze_score,0,0
M39,train,cycle,135_2b1_Al_mc_LittC2SE__4,wheeze_score,0.0461022632,0
M39,train,cycle,135_2b1_Al_mc_LittC2SE__5,wheeze_score,0,0
M39,train,cycle,135_2b1_Al_mc_LittC2SE__6,wheeze_score,0,0
M39,train,cycle,135_2b1_Al_mc_LittC2SE__7,wheeze_score,0,0
M39,train,cycle,135_2b1_Al_mc_LittC2SE__8,wheeze_score,0,0
M39,train,cycle,135_2b1_Ar_mc_LittC2SE__0,wheeze_score,0,0
M39,train,cycle,135_2b1_Ar_mc_LittC2SE__1,wheeze_score,0,0
M39,train,cycle,135_2b1_Ar_mc_LittC2SE__2,wheeze_score,0,0
M39,train,cycle,135_2b1_Ar_mc_LittC2SE__3,wheeze_score,0,0
M39,train,cycle,135_2b1_Ar_mc_LittC2SE__4,wheeze_score,0,0
M39,train,cycle,135_2b1_Ar_mc_LittC2SE__5,wheeze_score,0,0
M39,train,cycle,135_2b1_Ar_mc_LittC2SE__6,wheeze_score,0,0
M39,train,cycle,135_2b1_Ar_mc_LittC2SE__7,wheeze_score,0,0
M39,train,cycle,135_2b1_Ar_mc_LittC2SE__8,wheeze_score,0,0
M39,train,cycle,135_2b1_Pl_mc_LittC2SE__0,wheeze_score,0,0
M39,train,cycle,135_2b1_Pl_mc_LittC2SE__1,wheeze_score,0,0
M39,train,cycle,135_2b1_Pl_mc_LittC2SE__2,wheeze_score,0,0
M39,train,cycle,135_2b1_Pl_mc_LittC2SE__3,wheeze_score,0,0
M39,train,cycle,135_2b1_Pl_mc_LittC2SE__4,wheeze_score,0.0625,0
M39,train,cycle,135_2b1_Pl_mc_LittC2SE__5,wheeze_score,0.03703703704,0
M39,train,cycle,135_2b1_Pl_mc_LittC2SE__6,wheeze_score,0,0
M39,train,cycle,135_2b1_Pl_mc_LittC2SE__7,wheeze_score,0.06404391583,0
M39,train,cycle,135_2b1_Pl_mc_LittC2SE__8,wheeze_score,0.04828585225,0
M39,train,cycle,135_2b1_Tc_mc_LittC2SE__0,wheeze_score,0,0
M39,train,cycle,135_2b1_Tc_mc_LittC2SE__1,wheeze_score,0,0
M39,train,cycle,135_2b1_Tc_mc_LittC2SE__2,wheeze_score,0,0
M39,train,cycle,135_2b1_Tc_mc_LittC2SE__3,wheeze_score,0,0
M39,train,cycle,135_2b1_Tc_mc_LittC2SE__4,wheeze_score,0,0
M39,train,cycle,135_2b1_Tc_mc_LittC2SE__5,wheeze_score,0,0
M39,train,cycle,135_2b1_Tc_mc_LittC2SE__6,wheeze_score,0,0
M39,train,cycle,135_2b1_Tc_mc_LittC2SE__7,wheeze_score,0,0
M39,train,cycle,135_2b1_Tc_mc_LittC2SE__8,wheeze_score,0,0
M39,train,cycle,135_2b2_Al_mc_LittC2SE__0,wheeze_score,0,0
M39,train,cycle,135_2b2_Al_mc_LittC2SE__1,wheeze_score,0,0
M39,train,cycle,135_2b2_Al_mc_LittC2SE__2,wheeze_score,0,0
M39,train,cycle,135_2b2_Al_mc_LittC2SE__3,wheeze_score,0,0
M39,train,cycle,135_2b2_Al_mc_LittC2SE__4,wheeze_score,0,0
M39,train,cycle,135_2b2_Al_mc_LittC2SE__5,wheeze_score,0,0
M39,train,cycle,135_2b2_Al_mc_LittC2SE__6,wheeze_score,0,0
M39,train,cycle,135_2b2_Al_mc_LittC2SE__7,wheeze_score,0,0
M39,train,cycle,135_2b2_Ar_mc_LittC2SE__0,wheeze_score,0,0
M39,train,cycle,135_2b2_Ar_mc_LittC2SE__1,wheeze_score,0,0
M39,train,cycle,135_2b2_Ar_mc_LittC2SE__2,wheeze_score,0,0
M39,train,cycle,135_2b2_Ar_mc_LittC2SE__3,wheeze_score,0,0
M39,train,cycle,135_2b2_Ar_mc_LittC2SE__4,wheeze_score,0,0
M39,train,cycle,135_2b2_Ar_mc_LittC2SE__5,wheeze_score,0,0
M39,train,cycle,135_2b2_Ar_mc_LittC2SE__6,wheeze_score,0,0
M39,train,cycle,135_2b2_Ar_mc_LittC2SE__7,wheeze_score,0,0
M39,train,cycle,135_2b2_Pl_mc_LittC2SE__0,wheeze_score,0.05385252693,0
M39,train,cycle,135_2b2_Pl_mc_LittC2SE__1,wheeze_score,0,0
M39,train,cycle,135_2b2_Pl_mc_LittC2SE__2,wheeze_score,0.03348961822,0
M39,train,cycle,135_2b2_Pl_mc_LittC2SE__3,wheeze_score,0,0
M39,train,cycle,135_2b2_Pl_mc_LittC2SE__4,wheeze_score,0,0
M39,train,cycle,135_2b2_Pl_mc_LittC2SE__5,wheeze_score,0,0
M39,train,cycle,135_2b2_Pl_mc_LittC2SE__6,wheeze_score,0,0
M39,train,cycle,135_2b2_Tc_mc_LittC2SE__0,wheeze_score,0,0
M39,train,cycle,135_2b2_Tc_mc_LittC2SE__1,wheeze_score,0,0
M39,train,cycle,135_2b2_Tc_mc_LittC2SE__2,wheeze_score,0,0
M39,train,cycle,135_2b2_Tc_mc_LittC2SE__3,wheeze_score,0.03286230693,0
M39,train,cycle,135_2b2_Tc_mc_LittC2SE__4,wheeze_score,0,0
M39,train,cycle,135_2b2_Tc_mc_LittC2SE__5,wheeze_score,0,0
M39,train,cycle,135_2b2_Tc_mc_LittC2SE__6,wheeze_score,0,0
M39,train,cycle,135_2b2_Tc_mc_LittC2SE__7,wheeze_score,0,0
M39,train,cycle,135_2b3_Al_mc_LittC2SE__0,wheeze_score,0,0
M39,train,cycle,135_2b3_Al_mc_LittC2SE__1,wheeze_score,0,0
M39,train,cycle,135_2b3_Al_mc_LittC2SE__2,wheeze_score,0,0
M39,train,cycle,135_2b3_Al_mc_LittC2SE__3,wheeze_score,0,0
M39,train,cycle,135_2b3_Al_mc_LittC2SE__4,wheeze_score,0,0
M39,train,cycle,135_2b3_Al_mc_LittC2SE__5,wheeze_score,0,0
M39,train,cycle,135_2b3_Al_mc_LittC2SE__6,wheeze_score,0,0
M39,train,cycle,135_2b3_Al_mc_LittC2SE__7,wheeze_score,0,0
M39,train,cycle,135_2b3_Al_mc_LittC2SE__8,wheeze_score,0,0
M39,train,cycle,135_2b3_Ar_mc_LittC2SE__0,wheeze_score,0,0
M39,train,cycle,135_2b3_Ar_mc_LittC2SE__1,wheeze_score,0,0
M39,train,cycle,135_2b3_Ar_mc_LittC2SE__2,wheeze_score,0,0
M39,train,cycle,135_2b3_Ar_mc_LittC2SE__3,wheeze_score,0,0
M39,train,cycle,135_2b3_Ar_mc_LittC2SE__4,wheeze_score,0,0
M39,train,cycle,135_2b3_Ar_mc_LittC2SE__5,wheeze_score,0,0
M39,train,cycle,135_2b3_Ar_mc_LittC2SE__6,wheeze_score,0,0
M39,train,cycle,135_2b3_Ar_mc_LittC2SE__7,wheeze_score,0,0
M39,train,cycle,135_2b3_Ar_mc_LittC2SE__8,wheeze_score,0,0
M39,train,cycle,135_2b3_Pl_mc_LittC2SE__0,wheeze_score,0,0
M39,train,cycle,135_2b3_Pl_mc_LittC2SE__1,wheeze_score,0,0
M39,train,cycle,135_2b3_Pl_mc_LittC2SE__2,wheeze_score,0,0
M39,train,cycle,135_2b3_Pl_mc_LittC2SE__3,wheeze_score,0,0
M39,train,cycle,135_2b3_Pl_mc_LittC2SE__4,wheeze_score,0,0
M39,train,cycle,135_2b3_Pl_mc_LittC2SE__5,wheeze_score,0,0
M39,train,cycle,135_2b3_Pl_mc_LittC2SE__6,wheeze_score,0,0
M39,train,cycle,135_2b3_Pl_mc_LittC2SE__7,wheeze_score,0,0
M39,train,cycle,135_2b3_Pl_mc_LittC2SE__8,wheeze_score,0,0
M39,train,cycle,135_2b3_Pr_mc_LittC2SE__0,wheeze_score,0,0
M39,train,cycle,135_2b3_Pr_mc_LittC2SE__1,wheeze_score,0,0
M39,train,cycle,135_2b3_Pr_mc_LittC2SE__2,wheeze_score,0,0
M39,train,cycle,135_2b3_Pr_mc_LittC2SE__3,wheeze_score,0,0
M39,train,cycle,135_2b3_Pr_mc_LittC2SE__4,wheeze_score,0,0
M39,train,cycle,135_2b3_Pr_mc_LittC2SE__5,wheeze_score,0,0
M39,train,cycle,135_2b3_Pr_mc_LittC2SE__6,wheeze_score,0,0
M39,train,cycle,135_2b3_Pr_mc_LittC2SE__7,wheeze_score,0,0
M39,train,cycle,135_2b3_Pr_mc_LittC2SE__8,wheeze_score,0,0
M39,train,cycle,135_2b3_Tc_mc_LittC2SE__0,wheeze_score,0,0
M39,train,cycle,135_2b3_Tc_mc_LittC2SE__1,wheeze_score,0,0
M39,train,cycle,135_2b3_Tc_mc_LittC2SE__2,wheeze_score,0,0
M39,train,cycle,135_2b3_Tc_mc_LittC2SE__3,wheeze_score,0,0
M39,train,cycle,135_2b3_Tc_mc_LittC2SE__4,wheeze_score,0,0
M39,train,cycle,135_2b3_Tc_mc_LittC2SE__5,wheeze_score,0,0
M39,train,cycle,135_2b3_Tc_mc_LittC2SE__6,wheeze_score,0,0
M39,train,cycle,135_2b3_Tc_mc_LittC2SE__7,wheeze_score,0,0
M39,train,cycle,135_2b3_Tc_mc_LittC2SE__8,wheeze_score,0,0
M39,train,cycle,137_1b1_Ar_sc_Meditron__0,wheeze_score,0,0
M39,train,cycle,137_1b1_Ar_sc_Meditron__1,wheeze_score,0,0
M39,train,cycle,137_1b1_Ar_sc_Meditron__2,wheeze_score,0,0
M39,train,cycle,137_1b1_Ar_sc_Meditron__3,wheeze_score,0,0
M39,train,cycle,137_1b1_Ar_sc_Meditron__4,wheeze_score,0,0
M39,train,cycle,137_1b1_Ar_sc_Meditron__5,wheeze_score,0,0
M39,train,cycle,137_1b1_Ar_sc_Meditron__6,wheeze_score,0,0
M39,train,cycle,137_1b1_Ar_sc_Meditron__7,wheeze_score,0,0
M39,train,cycle,137_1b1_Ll_sc_Meditron__0,wheeze_score,0,0
M39,train,cycle,137_1b1_Ll_sc_Meditron__1,wheeze_score,0,0
M39,train,cycle,137_1b1_Ll_sc_Meditron__2,wheeze_score,0,0
M39,train,cycle,137_1b1_Ll_sc_Meditron__3,wheeze_score,0,0
M39,train,cycle,137_1b1_Ll_sc_Meditron__4,wheeze_score,0,0
M39,train,cycle,137_1b1_Ll_sc_Meditron__5,wheeze_score,0,0
M39,train,cycle,137_1b1_Ll_sc_Meditron__6,wheeze_score,0,0
M39,train,cycle,137_1b1_Ll_sc_Meditron__7,wheeze_score,0,0
M39,train,cycle,137_1b1_Ll_sc_Meditron__8,wheeze_score,0,0
M39,train,cycle,138_1p2_Al_mc_AKGC417L__0,wheeze_score,0.1940382452,1
M39,train,cycle,138_1p2_Al_mc_AKGC417L__1,wheeze_score,0.3429951691,0
M39,train,cycle,138_1p2_Al_mc_AKGC417L__2,wheeze_score,0.4381586245,0
M39,train,cycle,138_1p2_Al_mc_AKGC417L__3,wheeze_score,0.1899196494,0
M39,train,cycle,138_1p2_Al_mc_AKGC417L__4,wheeze_score,0.412371134,0
M39,train,cycle,138_1p2_Ar_mc_AKGC417L__0,wheeze_score,0,0
M39,train,cycle,138_1p2_Ar_mc_AKGC417L__1,wheeze_score,0,0
M39,train,cycle,138_1p2_Ar_mc_AKGC417L__2,wheeze_score,0,0
M39,train,cycle,138_1p2_Ar_mc_AKGC417L__3,wheeze_score,0,0
M39,train,cycle,138_1p2_Ar_mc_AKGC417L__4,wheeze_score,0.02786291446,0
M39,train,cycle,138_1p2_Ll_mc_AKGC417L__0,wheeze_score,0.04780652418,0
M39,train,cycle,138_1p2_Ll_mc_AKGC417L__1,wheeze_score,0.05072463768,0
M39,train,cycle,138_1p2_Ll_mc_AKGC417L__2,wheeze_score,0.1053799224,0
M39,train,cycle,138_1p2_Ll_mc_AKGC417L__3,wheeze_score,0.05600194789,0
M39,train,cycle,138_1p2_Ll_mc_AKGC417L__4,wheeze_score,0.05851212037,0
M39,train,cycle,138_1p2_Lr_mc_AKGC417L__0,wheeze_score,0,1
M39,train,cycle,138_1p2_Lr_mc_AKGC417L__1,wheeze_score,0,0
M39,train,cycle,138_1p2_Lr_mc_AKGC417L__2,wheeze_score,0,0
M39,train,cycle,138_1p2_Lr_mc_AKGC417L__3,wheeze_score,0,0
M39,train,cycle,138_1p2_Lr_mc_AKGC417L__4,wheeze_score,0,0
M39,train,cycle,138_1p2_Pl_mc_AKGC417L__0,wheeze_score,0.06749156355,1
M39,train,cycle,138_1p2_Pl_mc_AKGC417L__1,wheeze_score,0.04589371981,0
M39,train,cycle,138_1p2_Pl_mc_AKGC417L__2,wheeze_score,0.06932889628,0
M39,train,cycle,138_1p2_Pl_mc_AKGC417L__3,wheeze_score,0.1923545167,0
M39,train,cycle,138_1p2_Pl_mc_AKGC417L__4,wheeze_score,0.02786291446,0
M39,train,cycle,138_1p2_Pr_mc_AKGC417L__0,wheeze_score,0.1293588301,1
M39,train,cycle,138_1p2_Pr_mc_AKGC417L__1,wheeze_score,0,1
M39,train,cycle,138_1p2_Pr_mc_AKGC417L__2,wheeze_score,0.09151414309,0
M39,train,cycle,138_1p2_Pr_mc_AKGC417L__3,wheeze_score,0.05356708059,0
M39,train,cycle,138_1p2_Pr_mc_AKGC417L__4,wheeze_score,0.2173307328,0
M39,train,cycle,138_1p2_Tc_mc_AKGC417L__0,wheeze_score,0,0
M39,train,cycle,138_1p2_Tc_mc_AKGC417L__1,wheeze_score,0,0
M39,train,cycle,138_1p2_Tc_mc_AKGC417L__2,wheeze_score,0.06655574043,0
M39,train,cycle,138_1p2_Tc_mc_AKGC417L__3,wheeze_score,0.0389578768,1
M39,train,cycle,138_1p2_Tc_mc_AKGC417L__4,wheeze_score,0,0
M39,train,cycle,138_1p3_Al_mc_AKGC417L__0,wheeze_score,0.1487603306,0
M39,train,cycle,138_1p3_Al_mc_AKGC417L__1,wheeze_score,0.1127554616,0
M39,train,cycle,138_1p3_Al_mc_AKGC417L__2,wheeze_score,0.2599009901,0
M39,train,cycle,138_1p3_Al_mc_AKGC417L__3,wheeze_score,0.1907751751,0
M39,train,cycle,138_1p3_Al_mc_AKGC417L__4,wheeze_score,0.3647497338,0
M39,train,cycle,138_1p3_Ar_mc_AKGC417L__0,wheeze_score,0,0
M39,train,cycle,138_1p3_Ar_mc_AKGC417L__1,wheeze_score,0,0
M39,train,cycle,138_1p3_Ar_mc_AKGC417L__2,wheeze_score,0,0
M39,train,cycle,138_1p3_Ar_mc_AKGC417L__3,wheeze_score,0.03622313451,0
M39,train,cycle,138_1p3_Ar_mc_AKGC417L__4,wheeze_score,0,0
M39,train,cycle,138_1p3_Ll_mc_AKGC417L__0,wheeze_score,0,0
M39,train,cycle,138_1p3_Ll_mc_AKGC417L__1,wheeze_score,0,0
M39,train,cycle,138_1p3_Ll_mc_AKGC417L__2,wheeze_score,0.03217821782,0
M39,train,cycle,138_1p3_Ll_mc_AKGC417L__3,wheeze_score,0,0
M39,train,cycle,138_1p3_Ll_mc_AKGC417L__4,wheeze_score,0.02662406816,0
M39,train,cycle,138_1p3_Lr_mc_AKGC417L__0,wheeze_score,0,0
M39,train,cycle,138_1p3_Lr_mc_AKGC417L__1,wheeze_score,0,0
M39,train,cycle,138_1p3_Lr_mc_AKGC417L__2,wheeze_score,0,0
M39,train,cycle,138_1p3_Lr_mc_AKGC417L__3,wheeze_score,0,0
M39,train,cycle,138_1p3_Lr_mc_AKGC417L__4,wheeze_score,0,0
M39,train,cycle,138_1p3_Pl_mc_AKGC417L__0,wheeze_score,0.1280991736,1
M39,train,cycle,138_1p3_Pl_mc_AKGC417L__1,wheeze_score,0,0
M39,train,cycle,138_1p3_Pl_mc_AKGC417L__2,wheeze_score,0.0495049505,0
M39,train,cycle,138_1p3_Pl_mc_AKGC417L__3,wheeze_score,0.1086694035,0
M39,train,cycle,138_1p3_Pl_mc_AKGC417L__4,wheeze_score,0.05857294995,0
M39,train,cycle,138_1p3_Pr_mc_AKGC417L__0,wheeze_score,0.04958677686,0
M39,train,cycle,138_1p3_Pr_mc_AKGC417L__1,wheeze_score,0.03053793751,0
M39,train,cycle,138_1p3_Pr_mc_AKGC417L__2,wheeze_score,0.1435643564,0
M39,train,cycle,138_1p3_Pr_mc_AKGC417L__3,wheeze_score,0.1666264187,0
M39,train,cycle,138_1p3_Pr_mc_AKGC417L__4,wheeze_score,0.06389776358,0
M39,train,cycle,138_1p3_Tc_mc_AKGC417L__0,wheeze_score,0,0
M39,train,cycle,138_1p3_Tc_mc_AKGC417L__1,wheeze_score,0,1
M39,train,cycle,138_1p3_Tc_mc_AKGC417L__2,wheeze_score,0,0
M39,train,cycle,138_1p3_Tc_mc_AKGC417L__3,wheeze_score,0,0
M39,train,cycle,138_1p3_Tc_mc_AKGC417L__4,wheeze_score,0,0
M39,train,cycle,138_1p4_Ar_mc_AKGC417L__0,wheeze_score,0.0256016385,0
M39,train,cycle,138_1p4_Ar_mc_AKGC417L__1,wheeze_score,0,0
M39,train,cycle,138_1p4_Ar_mc_AKGC417L__2,wheeze_score,0.03491807682,0
M39,train,cycle,138_1p4_Ar_mc_AKGC417L__3,wheeze_score,0.0253871541,0
M39,train,cycle,138_1p4_Ar_mc_AKGC417L__4,wheeze_score,0.05829358771,0
M39,train,cycle,138_1p4_Ll_mc_AKGC417L__0,wheeze_score,0,0
M39,train,cycle,138_1p4_Ll_mc_AKGC417L__1,wheeze_score,0.02527167046,0
M39,train,cycle,138_1p4_Ll_mc_AKGC417L__2,wheeze_score,0,0
M39,train,cycle,138_1p4_Ll_mc_AKGC417L__3,wheeze_score,0.06092916984,0
M39,train,cycle,138_1p4_Ll_mc_AKGC417L__4,wheeze_score,0,0
M39,train,cycle,138_1p4_Lr_mc_AKGC417L__0,wheeze_score,0,0
M39,train,cycle,138_1p4_Lr_mc_AKGC417L__1,wheeze_score,0,0
M39,train,cycle,138_1p4_Lr_mc_AKGC417L__2,wheeze_score,0,0
M39,train,cycle,138_1p4_Lr_mc_AKGC417L__3,wheeze_score,0,0
M39,train,cycle,138_1p4_Lr_mc_AKGC417L__4,wheeze_score,0,0
M39,train,cycle,138_1p4_Pl_mc_AKGC417L__0,wheeze_score,0.08192524322,1
M39,train,cycle,138_1p4_Pl_mc_AKGC417L__1,wheeze_score,0,0
M39,train,cycle,138_1p4_Pl_mc_AKGC417L__2,wheeze_score,0.09669621273,0
M39,train,cycle,138_1p4_Pl_mc_AKGC417L__3,wheeze_score,0.03046458492,0
M39,train,cycle,138_1p4_Pl_mc_AKGC417L__4,wheeze_score,0.0741918389,0
M39,train,cycle,138_1p4_Pr_mc_AKGC417L__0,wheeze_score,0.1817716334,0
M39,train,cycle,138_1p4_Pr_mc_AKGC417L__1,wheeze_score,0.08086934546,0
M39,train,cycle,138_1p4_Pr_mc_AKGC417L__2,wheeze_score,0.05909213,0
M39,train,cycle,138_1p4_Pr_mc_AKGC417L__3,wheeze_score,0.07870017771,0
M39,train,cycle,138_1p4_Pr_mc_AKGC417L__4,wheeze_score,0,0
M39,train,cycle,138_1p4_Tc_mc_AKGC417L__0,wheeze_score,0,0
M39,train,cycle,138_1p4_Tc_mc_AKGC417L__1,wheeze_score,0,0
M39,train,cycle,138_1p4_Tc_mc_AKGC417L__2,wheeze_score,0,0
M39,train,cycle,138_1p4_Tc_mc_AKGC417L__3,wheeze_score,0,0
M39,train,cycle,138_1p4_Tc_mc_AKGC417L__4,wheeze_score,0,0
M39,train,cycle,138_2p2_Al_mc_AKGC417L__0,wheeze_score,0,0
M39,train,cycle,138_2p2_Al_mc_AKGC417L__1,wheeze_score,0,0
M39,train,cycle,138_2p2_Al_mc_AKGC417L__2,wheeze_score,0.06884681583,0
M39,train,cycle,138_2p2_Al_mc_AKGC417L__3,wheeze_score,0,0
M39,train,cycle,138_2p2_Al_mc_AKGC417L__4,wheeze_score,0,0
M39,train,cycle,138_2p2_Al_mc_AKGC417L__5,wheeze_score,0.04992199688,0
M39,train,cycle,138_2p2_Al_mc_AKGC417L__6,wheeze_score,0,0
M39,train,cycle,138_2p2_Ar_mc_AKGC417L__0,wheeze_score,0,0
M39,train,cycle,138_2p2_Ar_mc_AKGC417L__1,wheeze_score,0,0
M39,train,cycle,138_2p2_Ar_mc_AKGC417L__2,wheeze_score,0.082616179,1
M39,train,cycle,138_2p2_Ar_mc_AKGC417L__3,wheeze_score,0,0
M39,train,cycle,138_2p2_Ar_mc_AKGC417L__4,wheeze_score,0,0
M39,train,cycle,138_2p2_Ar_mc_AKGC417L__5,wheeze_score,0.03744149766,0
M39,train,cycle,138_2p2_Ar_mc_AKGC417L__6,wheeze_score,0.2525252525,1
M39,train,cycle,138_2p2_Ll_mc_AKGC417L__0,wheeze_score,0,0
M39,train,cycle,138_2p2_Ll_mc_AKGC417L__1,wheeze_score,0.0945709282,0
M39,train,cycle,138_2p2_Ll_mc_AKGC417L__2,wheeze_score,0.148020654,0
M39,train,cycle,138_2p2_Ll_mc_AKGC417L__3,wheeze_score,0.08656509695,0
M39,train,cycle,138_2p2_Ll_mc_AKGC417L__4,wheeze_score,0.03815337657,0
M39,train,cycle,138_2p2_Ll_mc_AKGC417L__5,wheeze_score,0.03432137285,0
M39,train,cycle,138_2p2_Ll_mc_AKGC417L__6,wheeze_score,0.2164502165,0
M39,train,cycle,138_2p2_Lr_mc_AKGC417L__0,wheeze_score,0,0
M39,train,cycle,138_2p2_Lr_mc_AKGC417L__1,wheeze_score,0,0
M39,train,cycle,138_2p2_Lr_mc_AKGC417L__2,wheeze_score,0.0413080895,0
M39,train,cycle,138_2p2_Lr_mc_AKGC417L__3,wheeze_score,0,0
M39,train,cycle,138_2p2_Lr_mc_AKGC417L__4,wheeze_score,0,0
M39,train,cycle,138_2p2_Lr_mc_AKGC417L__5,wheeze_score,0,0
M39,train,cycle,138_2p2_Lr_mc_AKGC417L__6,wheeze_score,0.07215007215,0
M39,train,cycle,138_2p2_Pl_mc_AKGC417L__0,wheeze_score,0.06510416667,0
M39,train,cycle,138_2p2_Pl_mc_AKGC417L__1,wheeze_score,0.0350262697,0
M39,train,cycle,138_2p2_Pl_mc_AKGC417L__2,wheeze_score,0.09982788296,0
M39,train,cycle,138_2p2_Pl_mc_AKGC417L__3,wheeze_score,0.04501385042,0
M39,train,cycle,138_2p2_Pl_mc_AKGC417L__4,wheeze_score,0.04196871423,0
M39,train,cycle,138_2p2_Pl_mc_AKGC417L__5,wheeze_score,0.1840873635,0
M39,train,cycle,138_2p2_Pl_mc_AKGC417L__6,wheeze_score,0.1515151515,0
M39,train,cycle,138_2p2_Pr_mc_AKGC417L__0,wheeze_score,0.06510416667,0
M39,train,cycle,138_2p2_Pr_mc_AKGC417L__1,wheeze_score,0,0
M39,train,cycle,138_2p2_Pr_mc_AKGC417L__2,wheeze_score,0.2099827883,1
M39,train,cycle,138_2p2_Pr_mc_AKGC417L__3,wheeze_score,0.04847645429,0
M39,train,cycle,138_2p2_Pr_mc_AKGC417L__4,wheeze_score,0.06104540252,0
M39,train,cycle,138_2p2_Pr_mc_AKGC417L__5,wheeze_score,0.1029641186,0
M39,train,cycle,138_2p2_Pr_mc_AKGC417L__6,wheeze_score,0.3391053391,1
M39,train,cycle,138_2p2_Tc_mc_AKGC417L__0,wheeze_score,0,0
M39,train,cycle,138_2p2_Tc_mc_AKGC417L__1,wheeze_score,0.0350262697,0
M39,train,cycle,138_2p2_Tc_mc_AKGC417L__2,wheeze_score,0,0
M39,train,cycle,138_2p2_Tc_mc_AKGC417L__3,wheeze_score,0.03462603878,0
M39,train,cycle,138_2p2_Tc_mc_AKGC417L__4,wheeze_score,0,0
M39,train,cycle,138_2p2_Tc_mc_AKGC417L__5,wheeze_score,0,0
M39,train,cycle,138_2p2_Tc_mc_AKGC417L__6,wheeze_score,0,0
M39,train,cycle,140_2b2_Ll_mc_LittC2SE__0,wheeze_score,0,0
M39,train,cycle,140_2b2_Ll_mc_LittC2SE__1,wheeze_score,0,0
M39,train,cycle,140_2b2_Ll_mc_LittC2SE__2,wheeze_score,0,0
M39,train,cycle,140_2b2_Ll_mc_LittC2SE__3,wheeze_score,0,0
M39,train,cycle,140_2b2_Ll_mc_LittC2SE__4,wheeze_score,0,0
M39,train,cycle,140_2b2_Ll_mc_LittC2SE__5,wheeze_score,0,0
M39,train,cycle,140_2b2_Ll_mc_LittC2SE__6,wheeze_score,0,0
M39,train,cycle,140_2b2_Ll_mc_LittC2SE__7,wheeze_score,0,0
M39,train,cycle,140_2b2_Ll_mc_LittC2SE__8,wheeze_score,0,0
M39,train,cycle,140_2b2_Ll_mc_LittC2SE__9,wheeze_score,0,0
M39,train,cycle,140_2b2_Ll_mc_LittC2SE__10,wheeze_score,0,0
M39,train,cycle,140_2b2_Tc_mc_LittC2SE__0,wheeze_score,0,0
M39,train,cycle,140_2b2_Tc_mc_LittC2SE__1,wheeze_score,0,0
M39,train,cycle,140_2b2_Tc_mc_LittC2SE__2,wheeze_score,0,0
M39,train,cycle,140_2b2_Tc_mc_LittC2SE__3,wheeze_score,0,0
M39,train,cycle,140_2b2_Tc_mc_LittC2SE__4,wheeze_score,0,0
M39,train,cycle,140_2b2_Tc_mc_LittC2SE__5,wheeze_score,0,0
M39,train,cycle,140_2b2_Tc_mc_LittC2SE__6,wheeze_score,0,0
M39,train,cycle,140_2b2_Tc_mc_LittC2SE__7,wheeze_score,0,0
M39,train,cycle,140_2b2_Tc_mc_LittC2SE__8,wheeze_score,0,0
M39,train,cycle,140_2b2_Tc_mc_LittC2SE__9,wheeze_score,0,0
M39,train,cycle,140_2b3_Ll_mc_LittC2SE__0,wheeze_score,0,0
M39,train,cycle,140_2b3_Ll_mc_LittC2SE__1,wheeze_score,0,1
M39,train,cycle,140_2b3_Ll_mc_LittC2SE__2,wheeze_score,0,1
M39,train,cycle,140_2b3_Ll_mc_LittC2SE__3,wheeze_score,0,1
M39,train,cycle,140_2b3_Ll_mc_LittC2SE__4,wheeze_score,0,0
M39,train,cycle,140_2b3_Ll_mc_LittC2SE__5,wheeze_score,0,0
M39,train,cycle,140_2b3_Ll_mc_LittC2SE__6,wheeze_score,0,0
M39,train,cycle,140_2b3_Ll_mc_LittC2SE__7,wheeze_score,0,0
M39,train,cycle,140_2b3_Ll_mc_LittC2SE__8,wheeze_score,0,0
M39,train,cycle,140_2b3_Tc_mc_LittC2SE__0,wheeze_score,0,0
M39,train,cycle,140_2b3_Tc_mc_LittC2SE__1,wheeze_score,0,1
M39,train,cycle,140_2b3_Tc_mc_LittC2SE__2,wheeze_score,0,1
M39,train,cycle,140_2b3_Tc_mc_LittC2SE__3,wheeze_score,0,1
M39,train,cycle,140_2b3_Tc_mc_LittC2SE__4,wheeze_score,0,1
M39,train,cycle,140_2b3_Tc_mc_LittC2SE__5,wheeze_score,0,0
M39,train,cycle,140_2b3_Tc_mc_LittC2SE__6,wheeze_score,0,0
M39,train,cycle,140_2b3_Tc_mc_LittC2SE__7,wheeze_score,0,1
M39,train,cycle,140_2b3_Tc_mc_LittC2SE__8,wheeze_score,0,1
M39,train,cycle,140_2b3_Tc_mc_LittC2SE__9,wheeze_score,0,0
M39,train,cycle,141_1b1_Pr_mc_LittC2SE__0,wheeze_score,0.03138731952,0
M39,train,cycle,141_1b1_Pr_mc_LittC2SE__1,wheeze_score,0.3396029258,1
M39,train,cycle,141_1b1_Pr_mc_LittC2SE__2,wheeze_score,0.168444694,1
M39,train,cycle,141_1b1_Pr_mc_LittC2SE__3,wheeze_score,0.2194977259,1
M39,train,cycle,141_1b1_Pr_mc_LittC2SE__4,wheeze_score,0.4333333333,1
M39,train,cycle,141_1b2_Ar_mc_LittC2SE__0,wheeze_score,0,0
M39,train,cycle,141_1b2_Ar_mc_LittC2SE__1,wheeze_score,0,0
M39,train,cycle,141_1b2_Ar_mc_LittC2SE__2,wheeze_score,0,1
M39,train,cycle,141_1b2_Ar_mc_LittC2SE__3,wheeze_score,0,1
M39,train,cycle,141_1b2_Ar_mc_LittC2SE__4,wheeze_score,0.0511627907,1
M39,train,cycle,141_1b2_Ar_mc_LittC2SE__5,wheeze_score,0,0
M39,train,cycle,141_1b2_Lr_mc_LittC2SE__0,wheeze_score,0.0683176772,0
M39,train,cycle,141_1b2_Lr_mc_LittC2SE__1,wheeze_score,0.06666666667,1
M39,train,cycle,141_1b2_Lr_mc_LittC2SE__2,wheeze_score,0.1644444444,1
M39,train,cycle,141_1b2_Lr_mc_LittC2SE__3,wheeze_score,0.07803263183,1
M39,train,cycle,141_1b2_Lr_mc_LittC2SE__4,wheeze_score,0.05454545455,1
M39,train,cycle,141_1b2_Pr_mc_LittC2SE__0,wheeze_score,0,0
M39,train,cycle,141_1b2_Pr_mc_LittC2SE__1,wheeze_score,0.1301749893,1
M39,train,cycle,141_1b2_Pr_mc_LittC2SE__2,wheeze_score,0.2083821119,1
M39,train,cycle,141_1b2_Pr_mc_LittC2SE__3,wheeze_score,0.3877925654,1
M39,train,cycle,141_1b2_Pr_mc_LittC2SE__4,wheeze_score,0.2545454545,1
M39,train,cycle,141_1b2_Pr_mc_LittC2SE__5,wheeze_score,0.1361867704,1
M39,train,cycle,141_1b2_Tc_mc_LittC2SE__0,wheeze_score,0,0
M39,train,cycle,141_1b2_Tc_mc_LittC2SE__1,wheeze_score,0,0
M39,train,cycle,141_1b2_Tc_mc_LittC2SE__2,wheeze_score,0,0
M39,train,cycle,141_1b2_Tc_mc_LittC2SE__3,wheeze_score,0.02575509248,0
M39,train,cycle,141_1b2_Tc_mc_LittC2SE__4,wheeze_score,0,0
M39,train,cycle,141_1b3_Al_mc_LittC2SE__0,wheeze_score,0,0
M39,train,cycle,141_1b3_Al_mc_LittC2SE__1,wheeze_score,0,1
M39,train,cycle,141_1b3_Al_mc_LittC2SE__2,wheeze_score,0,1
M39,train,cycle,141_1b3_Al_mc_LittC2SE__3,wheeze_score,0,1
M39,train,cycle,141_1b3_Al_mc_LittC2SE__4,wheeze_score,0,1
M39,train,cycle,141_1b3_Ar_mc_LittC2SE__0,wheeze_score,0,0
M39,train,cycle,141_1b3_Ar_mc_LittC2SE__1,wheeze_score,0.02287805994,1
M39,train,cycle,141_1b3_Ar_mc_LittC2SE__2,wheeze_score,0,0
M39,train,cycle,141_1b3_Ar_mc_LittC2SE__3,wheeze_score,0.06812309138,1
M39,train,cycle,141_1b3_Ar_mc_LittC2SE__4,wheeze_score,0,1
M39,train,cycle,141_1b3_Pr_mc_LittC2SE__0,wheeze_score,0.4121151936,1
M39,train,cycle,141_1b3_Pr_mc_LittC2SE__1,wheeze_score,0.3049907579,1
M39,train,cycle,141_1b3_Pr_mc_LittC2SE__2,wheeze_score,0.2830809743,1
M39,train,cycle,141_1b3_Pr_mc_LittC2SE__3,wheeze_score,0.3583373149,1
M39,train,cycle,141_1b3_Pr_mc_LittC2SE__4,wheeze_score,0.3464419476,1
M39,train,cycle,141_1b3_Pr_mc_LittC2SE__5,wheeze_score,0.350262697,1
M39,train,cycle,142_1b1_Pl_mc_LittC2SE__0,wheeze_score,0,0
M39,train,cycle,142_1b1_Pl_mc_LittC2SE__1,wheeze_score,0.07527286413,0
M39,train,cycle,142_1b1_Pl_mc_LittC2SE__2,wheeze_score,0,0
M39,train,cycle,142_1b1_Pl_mc_LittC2SE__3,wheeze_score,0,0
M39,train,cycle,142_1b1_Pl_mc_LittC2SE__4,wheeze_score,0,0
M39,train,cycle,142_1b1_Pl_mc_LittC2SE__5,wheeze_score,0.03888024883,0
M39,train,cycle,142_1b1_Pl_mc_LittC2SE__6,wheeze_score,0,0
M39,train,cycle,142_1b1_Pl_mc_LittC2SE__7,wheeze_score,0.04667444574,0
M39,train,cycle,142_1b1_Pl_mc_LittC2SE__8,wheeze_score,0.1628664495,0
M39,train,cycle,148_1b1_Al_sc_Meditron__0,wheeze_score,0,0
M39,train,cycle,148_1b1_Al_sc_Meditron__1,wheeze_score,0,0
M39,train,cycle,148_1b1_Al_sc_Meditron__2,wheeze_score,0,0
M39,train,cycle,148_1b1_Al_sc_Meditron__3,wheeze_score,0,0
M39,train,cycle,148_1b1_Al_sc_Meditron__4,wheeze_score,0,0
M39,train,cycle,148_1b1_Al_sc_Meditron__5,wheeze_score,0,0
M39,train,cycle,148_1b1_Al_sc_Meditron__6,wheeze_score,0,0
M39,train,cycle,148_1b1_Al_sc_Meditron__7,wheeze_score,0,0
M39,train,cycle,148_1b1_Al_sc_Meditron__8,wheeze_score,0,0
M39,train,cycle,148_1b1_Al_sc_Meditron__9,wheeze_score,0.06948156066,0
M39,train,cycle,148_1b1_Al_sc_Meditron__10,wheeze_score,0,0
M39,train,cycle,152_1b1_Al_sc_Meditron__0,wheeze_score,0,0
M39,train,cycle,152_1b1_Al_sc_Meditron__1,wheeze_score,0,0
M39,train,cycle,152_1b1_Al_sc_Meditron__2,wheeze_score,0,0
M39,train,cycle,152_1b1_Al_sc_Meditron__3,wheeze_score,0,0
M39,train,cycle,152_1b1_Al_sc_Meditron__4,wheeze_score,0,0
M39,train,cycle,152_1b1_Al_sc_Meditron__5,wheeze_score,0,0
M39,train,cycle,152_1b1_Al_sc_Meditron__6,wheeze_score,0,0
M39,train,cycle,153_1b1_Al_sc_Meditron__0,wheeze_score,0,0
M39,train,cycle,153_1b1_Al_sc_Meditron__1,wheeze_score,0,0
M39,train,cycle,153_1b1_Al_sc_Meditron__2,wheeze_score,0,0
M39,train,cycle,153_1b1_Al_sc_Meditron__3,wheeze_score,0,0
M39,train,cycle,153_1b1_Al_sc_Meditron__4,wheeze_score,0,0
M39,train,cycle,153_1b1_Al_sc_Meditron__5,wheeze_score,0,0
M39,train,cycle,153_1b1_Al_sc_Meditron__6,wheeze_score,0,0
M39,train,cycle,153_1b1_Al_sc_Meditron__7,wheeze_score,0,0
M39,train,cycle,153_1b1_Al_sc_Meditron__8,wheeze_score,0,0
M39,train,cycle,154_1b3_Al_mc_AKGC417L__0,wheeze_score,0.06742738589,0
M39,train,cycle,154_1b3_Al_mc_AKGC417L__1,wheeze_score,0,0
M39,train,cycle,154_1b3_Al_mc_AKGC417L__2,wheeze_score,0,0
M39,train,cycle,154_1b3_Al_mc_AKGC417L__3,wheeze_score,0.05810882198,0
M39,train,cycle,154_1b3_Al_mc_AKGC417L__4,wheeze_score,0,0
M39,train,cycle,154_1b3_Al_mc_AKGC417L__5,wheeze_score,0,0
M39,train,cycle,154_1b3_Al_mc_AKGC417L__6,wheeze_score,0,0
M39,train,cycle,154_1b3_Al_mc_AKGC417L__7,wheeze_score,0,0
M39,train,cycle,154_1b3_Al_mc_AKGC417L__8,wheeze_score,0,0
M39,train,cycle,154_1b3_Al_mc_AKGC417L__9,wheeze_score,0.2513227513,0
M39,train,cycle,154_1b3_Al_mc_AKGC417L__10,wheeze_score,0.06775067751,0
M39,train,cycle,154_1b3_Al_mc_AKGC417L__11,wheeze_score,0,0
M39,train,cycle,154_1b3_Ar_mc_AKGC417L__0,wheeze_score,0.1815352697,0
M39,train,cycle,154_1b3_Ar_mc_AKGC417L__1,wheeze_score,0.05027652086,0
M39,train,cycle,154_1b3_Ar_mc_AKGC417L__2,wheeze_score,0.2127659574,0
M39,train,cycle,154_1b3_Ar_mc_AKGC417L__3,wheeze_score,0.1373481247,0
M39,train,cycle,154_1b3_Ar_mc_AKGC417L__4,wheeze_score,0,0
M39,train,cycle,154_1b3_Ar_mc_AKGC417L__5,wheeze_score,0.05753739931,0
M39,train,cycle,154_1b3_Ar_mc_AKGC417L__6,wheeze_score,0.332247557,0
M39,train,cycle,154_1b3_Ar_mc_AKGC417L__7,wheeze_score,0.1963439404,0
M39,train,cycle,154_1b3_Ar_mc_AKGC417L__8,wheeze_score,0.1042345277,0
M39,train,cycle,154_1b3_Ar_mc_AKGC417L__9,wheeze_score,0.07275132275,0
M39,train,cycle,154_1b3_Ar_mc_AKGC417L__10,wheeze_score,0,0
M39,train,cycle,154_1b3_Ar_mc_AKGC417L__11,wheeze_score,0,0
M39,train,cycle,154_1b3_Ll_mc_AKGC417L__0,wheeze_score,0,0
M39,train,cycle,154_1b3_Ll_mc_AKGC417L__1,wheeze_score,0,0
M39,train,cycle,154_1b3_Ll_mc_AKGC417L__2,wheeze_score,0.0545553737,0
M39,train,cycle,154_1b3_Ll_mc_AKGC417L__3,wheeze_score,0.0528262018,0
M39,train,cycle,154_1b3_Ll_mc_AKGC417L__4,wheeze_score,0.06200676437,0
M39,train,cycle,154_1b3_Ll_mc_AKGC417L__5,wheeze_score,0,0
M39,train,cycle,154_1b3_Ll_mc_AKGC417L__6,wheeze_score,0,0
M39,train,cycle,154_1b3_Ll_mc_AKGC417L__7,wheeze_score,0,0
M39,train,cycle,154_1b3_Ll_mc_AKGC417L__8,wheeze_score,0.07166123779,0
M39,train,cycle,154_1b3_Ll_mc_AKGC417L__9,wheeze_score,0,0
M39,train,cycle,154_1b3_Ll_mc_AKGC417L__10,wheeze_score,0,0
M39,train,cycle,154_1b3_Ll_mc_AKGC417L__11,wheeze_score,0.2032520325,0
M39,train,cycle,154_1b3_Lr_mc_AKGC417L__0,wheeze_score,0,0
M39,train,cycle,154_1b3_Lr_mc_AKGC417L__1,wheeze_score,0,0
M39,train,cycle,154_1b3_Lr_mc_AKGC417L__2,wheeze_score,0.1363884343,0
M39,train,cycle,154_1b3_Lr_mc_AKGC417L__3,wheeze_score,0.09508716323,0
M39,train,cycle,154_1b3_Lr_mc_AKGC417L__4,wheeze_score,0.05636978579,0
M39,train,cycle,154_1b3_Lr_mc_AKGC417L__5,wheeze_score,0,0
M39,train,cycle,154_1b3_Lr_mc_AKGC417L__6,wheeze_score,0,0
M39,train,cycle,154_1b3_Lr_mc_AKGC417L__7,wheeze_score,0,0
M39,train,cycle,154_1b3_Lr_mc_AKGC417L__8,wheeze_score,0,0
M39,train,cycle,154_1b3_Lr_mc_AKGC417L__9,wheeze_score,0,0
M39,train,cycle,154_1b3_Lr_mc_AKGC417L__10,wheeze_score,0,0
M39,train,cycle,154_1b3_Lr_mc_AKGC417L__11,wheeze_score,0,0
M39,train,cycle,154_1b3_Pl_mc_AKGC417L__0,wheeze_score,0.2022821577,0
M39,train,cycle,154_1b3_Pl_mc_AKGC417L__1,wheeze_score,0.3418803419,0
M39,train,cycle,154_1b3_Pl_mc_AKGC417L__2,wheeze_score,0.250954719,0
M39,train,cycle,154_1b3_Pl_mc_AKGC417L__3,wheeze_score,0.1848917063,0
M39,train,cycle,154_1b3_Pl_mc_AKGC417L__4,wheeze_score,0.1521984216,0
M39,train,cycle,154_1b3_Pl_mc_AKGC417L__5,wheeze_score,0,0
M39,train,cycle,154_1b3_Pl_mc_AKGC417L__6,wheeze_score,0.2996742671,0
M39,train,cycle,154_1b3_Pl_mc_AKGC417L__7,wheeze_score,0.5687203791,0
M39,train,cycle,154_1b3_Pl_mc_AKGC417L__8,wheeze_score,0.2280130293,0
M39,train,cycle,154_1b3_Pl_mc_AKGC417L__9,wheeze_score,0.2380952381,0
M39,train,cycle,154_1b3_Pl_mc_AKGC417L__10,wheeze_score,0.2371273713,0
M39,train,cycle,154_1b3_Pl_mc_AKGC417L__11,wheeze_score,0.325203252,0
M39,train,cycle,154_1b3_Pr_mc_AKGC417L__0,wheeze_score,0.1089211618,0
M39,train,cycle,154_1b3_Pr_mc_AKGC417L__1,wheeze_score,0.05027652086,0
M39,train,cycle,154_1b3_Pr_mc_AKGC417L__2,wheeze_score,0.1363884343,0
M39,train,cycle,154_1b3_Pr_mc_AKGC417L__3,wheeze_score,0.1215002641,0
M39,train,cycle,154_1b3_Pr_mc_AKGC417L__4,wheeze_score,0.2254791432,0
M39,train,cycle,154_1b3_Pr_mc_AKGC417L__5,wheeze_score,0.2186421174,0
M39,train,cycle,154_1b3_Pr_mc_AKGC417L__6,wheeze_score,0.08469055375,0
M39,train,cycle,154_1b3_Pr_mc_AKGC417L__7,wheeze_score,0.1624915369,0
M39,train,cycle,154_1b3_Pr_mc_AKGC417L__8,wheeze_score,0.1824104235,0
M39,train,cycle,154_1b3_Pr_mc_AKGC417L__9,wheeze_score,0.3637566138,0
M39,train,cycle,154_1b3_Pr_mc_AKGC417L__10,wheeze_score,0.1422764228,0
M39,train,cycle,154_1b3_Pr_mc_AKGC417L__11,wheeze_score,0.4471544715,0
M39,train,cycle,154_1b3_Tc_mc_AKGC417L__0,wheeze_score,0,0
M39,train,cycle,154_1b3_Tc_mc_AKGC417L__1,wheeze_score,0,0
M39,train,cycle,154_1b3_Tc_mc_AKGC417L__2,wheeze_score,0,0
M39,train,cycle,154_1b3_Tc_mc_AKGC417L__3,wheeze_score,0,0
M39,train,cycle,154_1b3_Tc_mc_AKGC417L__4,wheeze_score,0,0
M39,train,cycle,154_1b3_Tc_mc_AKGC417L__5,wheeze_score,0,0
M39,train,cycle,154_1b3_Tc_mc_AKGC417L__6,wheeze_score,0,0
M39,train,cycle,154_1b3_Tc_mc_AKGC417L__7,wheeze_score,0,0
M39,train,cycle,154_1b3_Tc_mc_AKGC417L__8,wheeze_score,0,0
M39,train,cycle,154_1b3_Tc_mc_AKGC417L__9,wheeze_score,0,0
M39,train,cycle,154_1b3_Tc_mc_AKGC417L__10,wheeze_score,0,0
M39,train,cycle,154_1b3_Tc_mc_AKGC417L__11,wheeze_score,0,0
M39,train,cycle,154_2b4_Al_mc_AKGC417L__0,wheeze_score,0,0
M39,train,cycle,154_2b4_Al_mc_AKGC417L__1,wheeze_score,0,0
M39,train,cycle,154_2b4_Al_mc_AKGC417L__2,wheeze_score,0,0
M39,train,cycle,154_2b4_Al_mc_AKGC417L__3,wheeze_score,0,0
M39,train,cycle,154_2b4_Al_mc_AKGC417L__4,wheeze_score,0.06821829856,0
M39,train,cycle,154_2b4_Al_mc_AKGC417L__5,wheeze_score,0,0
M39,train,cycle,154_2b4_Al_mc_AKGC417L__6,wheeze_score,0.04096681688,0
M39,train,cycle,154_2b4_Ar_mc_AKGC417L__0,wheeze_score,0.08892481811,0
M39,train,cycle,154_2b4_Ar_mc_AKGC417L__1,wheeze_score,0.1967592593,0
M39,train,cycle,154_2b4_Ar_mc_AKGC417L__2,wheeze_score,0.2242328875,0
M39,train,cycle,154_2b4_Ar_mc_AKGC417L__3,wheeze_score,0.3292959879,0
M39,train,cycle,154_2b4_Ar_mc_AKGC417L__4,wheeze_score,0.1284109149,0
M39,train,cycle,154_2b4_Ar_mc_AKGC417L__5,wheeze_score,0.3493449782,0
M39,train,cycle,154_2b4_Ar_mc_AKGC417L__6,wheeze_score,0.1802539943,0
M39,train,cycle,154_2b4_Ll_mc_AKGC417L__0,wheeze_score,0,0
M39,train,cycle,154_2b4_Ll_mc_AKGC417L__1,wheeze_score,0,0
M39,train,cycle,154_2b4_Ll_mc_AKGC417L__2,wheeze_score,0,0
M39,train,cycle,154_2b4_Ll_mc_AKGC417L__3,wheeze_score,0,0
M39,train,cycle,154_2b4_Ll_mc_AKGC417L__4,wheeze_score,0,0
M39,train,cycle,154_2b4_Ll_mc_AKGC417L__5,wheeze_score,0,0
M39,train,cycle,154_2b4_Ll_mc_AKGC417L__6,wheeze_score,0,0
M39,train,cycle,154_2b4_Lr_mc_AKGC417L__0,wheeze_score,0,0
M39,train,cycle,154_2b4_Lr_mc_AKGC417L__1,wheeze_score,0,0
M39,train,cycle,154_2b4_Lr_mc_AKGC417L__2,wheeze_score,0,0
M39,train,cycle,154_2b4_Lr_mc_AKGC417L__3,wheeze_score,0.09084027252,0
M39,train,cycle,154_2b4_Lr_mc_AKGC417L__4,wheeze_score,0,0
M39,train,cycle,154_2b4_Lr_mc_AKGC417L__5,wheeze_score,0,0
M39,train,cycle,154_2b4_Lr_mc_AKGC417L__6,wheeze_score,0,0
M39,train,cycle,154_2b4_Pl_mc_AKGC417L__0,wheeze_score,0.2223120453,0
M39,train,cycle,154_2b4_Pl_mc_AKGC417L__1,wheeze_score,0.0462962963,0
M39,train,cycle,154_2b4_Pl_mc_AKGC417L__2,wheeze_score,0.03933910307,0
M39,train,cycle,154_2b4_Pl_mc_AKGC417L__3,wheeze_score,0.234670704,0
M39,train,cycle,154_2b4_Pl_mc_AKGC417L__4,wheeze_score,0.04012841091,0
M39,train,cycle,154_2b4_Pl_mc_AKGC417L__5,wheeze_score,0.06718172657,0
M39,train,cycle,154_2b4_Pl_mc_AKGC417L__6,wheeze_score,0.2376075379,0
M39,train,cycle,154_2b4_Pr_mc_AKGC417L__0,wheeze_score,0,0
M39,train,cycle,154_2b4_Pr_mc_AKGC417L__1,wheeze_score,0,0
M39,train,cycle,154_2b4_Pr_mc_AKGC417L__2,wheeze_score,0.04720692368,0
M39,train,cycle,154_2b4_Pr_mc_AKGC417L__3,wheeze_score,0.03785011355,0
M39,train,cycle,154_2b4_Pr_mc_AKGC417L__4,wheeze_score,0.08828250401,0
M39,train,cycle,154_2b4_Pr_mc_AKGC417L__5,wheeze_score,0.04030903594,0
M39,train,cycle,154_2b4_Pr_mc_AKGC417L__6,wheeze_score,0.04096681688,0
M39,train,cycle,154_2b4_Tc_mc_AKGC417L__0,wheeze_score,0.109135004,0
M39,train,cycle,154_2b4_Tc_mc_AKGC417L__1,wheeze_score,0.05015432099,0
M39,train,cycle,154_2b4_Tc_mc_AKGC417L__2,wheeze_score,0.03933910307,0
M39,train,cycle,154_2b4_Tc_mc_AKGC417L__3,wheeze_score,0.04163512491,0
M39,train,cycle,154_2b4_Tc_mc_AKGC417L__4,wheeze_score,0.1043338684,0
M39,train,cycle,154_2b4_Tc_mc_AKGC417L__5,wheeze_score,0.2082633524,0
M39,train,cycle,154_2b4_Tc_mc_AKGC417L__6,wheeze_score,0.04096681688,0
M39,train,cycle,154_3b3_Al_mc_AKGC417L__0,wheeze_score,0,0
M39,train,cycle,154_3b3_Al_mc_AKGC417L__1,wheeze_score,0,0
M39,train,cycle,154_3b3_Al_mc_AKGC417L__2,wheeze_score,0,0
M39,train,cycle,154_3b3_Al_mc_AKGC417L__3,wheeze_score,0.02223210316,0
M39,train,cycle,154_3b3_Al_mc_AKGC417L__4,wheeze_score,0,0
M39,train,cycle,154_3b3_Ar_mc_AKGC417L__0,wheeze_score,0.0369139904,0
M39,train,cycle,154_3b3_Ar_mc_AKGC417L__1,wheeze_score,0.03925190487,0
M39,train,cycle,154_3b3_Ar_mc_AKGC417L__2,wheeze_score,0.02299908004,0
M39,train,cycle,154_3b3_Ar_mc_AKGC417L__3,wheeze_score,0.04891062695,0
M39,train,cycle,154_3b3_Ar_mc_AKGC417L__4,wheeze_score,0.06428801029,0
M39,train,cycle,154_3b3_Ll_mc_AKGC417L__0,wheeze_score,0,0
M39,train,cycle,154_3b3_Ll_mc_AKGC417L__1,wheeze_score,0,0
M39,train,cycle,154_3b3_Ll_mc_AKGC417L__2,wheeze_score,0,0
M39,train,cycle,154_3b3_Ll_mc_AKGC417L__3,wheeze_score,0,0
M39,train,cycle,154_3b3_Ll_mc_AKGC417L__4,wheeze_score,0,0
M39,train,cycle,154_4b4_Al_mc_AKGC417L__0,wheeze_score,0,0
M39,train,cycle,154_4b4_Al_mc_AKGC417L__1,wheeze_score,0,1
M39,train,cycle,154_4b4_Al_mc_AKGC417L__2,wheeze_score,0,0
M39,train,cycle,154_4b4_Al_mc_AKGC417L__3,wheeze_score,0,0
M39,train,cycle,154_4b4_Al_mc_AKGC417L__4,wheeze_score,0,0
M39,train,cycle,154_4b4_Al_mc_AKGC417L__5,wheeze_score,0,0
M39,train,cycle,154_4b4_Al_mc_AKGC417L__6,wheeze_score,0,0
M39,train,cycle,154_4b4_Al_mc_AKGC417L__7,wheeze_score,0,0
M39,train,cycle,154_4b4_Al_mc_AKGC417L__8,wheeze_score,0,0
M39,train,cycle,154_4b4_Al_mc_AKGC417L__9,wheeze_score,0,0
M39,train,cycle,154_4b4_Ar_mc_AKGC417L__0,wheeze_score,0,0
M39,train,cycle,154_4b4_Ar_mc_AKGC417L__1,wheeze_score,0,0
M39,train,cycle,154_4b4_Ar_mc_AKGC417L__2,wheeze_score,0.06211180124,0
M39,train,cycle,154_4b4_Ar_mc_AKGC417L__3,wheeze_score,0,0
M39,train,cycle,154_4b4_Ar_mc_AKGC417L__4,wheeze_score,0,0
M39,train,cycle,154_4b4_Ar_mc_AKGC417L__5,wheeze_score,0.06568974229,0
M39,train,cycle,154_4b4_Ar_mc_AKGC417L__6,wheeze_score,0,0
M39,train,cycle,154_4b4_Ar_mc_AKGC417L__7,wheeze_score,0,0
M39,train,cycle,154_4b4_Ar_mc_AKGC417L__8,wheeze_score,0.05184033178,0
M39,train,cycle,154_4b4_Ar_mc_AKGC417L__9,wheeze_score,0,0
M39,train,cycle,154_4b4_Ll_mc_AKGC417L__0,wheeze_score,0,0
M39,train,cycle,154_4b4_Ll_mc_AKGC417L__1,wheeze_score,0,0
M39,train,cycle,154_4b4_Ll_mc_AKGC417L__2,wheeze_score,0,0
M39,train,cycle,154_4b4_Ll_mc_AKGC417L__3,wheeze_score,0,0
M39,train,cycle,154_4b4_Ll_mc_AKGC417L__4,wheeze_score,0,0
M39,train,cycle,154_4b4_Ll_mc_AKGC417L__5,wheeze_score,0,0
M39,train,cycle,154_4b4_Ll_mc_AKGC417L__6,wheeze_score,0,0
M39,train,cycle,154_4b4_Ll_mc_AKGC417L__7,wheeze_score,0,0
M39,train,cycle,154_4b4_Ll_mc_AKGC417L__8,wheeze_score,0,0
M39,train,cycle,154_4b4_Ll_mc_AKGC417L__9,wheeze_score,0,0
M39,train,cycle,154_4b4_Lr_mc_AKGC417L__0,wheeze_score,0,0
M39,train,cycle,154_4b4_Lr_mc_AKGC417L__1,wheeze_score,0,0
M39,train,cycle,154_4b4_Lr_mc_AKGC417L__2,wheeze_score,0,0
M39,train,cycle,154_4b4_Lr_mc_AKGC417L__3,wheeze_score,0,0
M39,train,cycle,154_4b4_Lr_mc_AKGC417L__4,wheeze_score,0,0
M39,train,cycle,154_4b4_Lr_mc_AKGC417L__5,wheeze_score,0,0
M39,train,cycle,154_4b4_Lr_mc_AKGC417L__6,wheeze_score,0,0
M39,train,cycle,154_4b4_Lr_mc_AKGC417L__7,wheeze_score,0,0
M39,train,cycle,154_4b4_Lr_mc_AKGC417L__8,wheeze_score,0,0
M39,train,cycle,154_4b4_Lr_mc_AKGC417L__9,wheeze_score,0,0
M39,train,cycle,154_4b4_Pl_mc_AKGC417L__0,wheeze_score,0,0
M39,train,cycle,154_4b4_Pl_mc_AKGC417L__1,wheeze_score,0,0
M39,train,cycle,154_4b4_Pl_mc_AKGC417L__2,wheeze_score,0,0
M39,train,cycle,154_4b4_Pl_mc_AKGC417L__3,wheeze_score,0,0
M39,train,cycle,154_4b4_Pl_mc_AKGC417L__4,wheeze_score,0,0
M39,train,cycle,154_4b4_Pl_mc_AKGC417L__5,wheeze_score,0,0
M39,train,cycle,154_4b4_Pl_mc_AKGC417L__6,wheeze_score,0,0
M39,train,cycle,154_4b4_Pl_mc_AKGC417L__7,wheeze_score,0,0
M39,train,cycle,154_4b4_Pl_mc_AKGC417L__8,wheeze_score,0,0
M39,train,cycle,154_4b4_Pl_mc_AKGC417L__9,wheeze_score,0,0
M39,train,cycle,154_4b4_Pr_mc_AKGC417L__0,wheeze_score,0,0
M39,train,cycle,154_4b4_Pr_mc_AKGC417L__1,wheeze_score,0.06134969325,0
M39,train,cycle,154_4b4_Pr_mc_AKGC417L__2,wheeze_score,0,0
M39,train,cycle,154_4b4_Pr_mc_AKGC417L__3,wheeze_score,0,0
M39,train,cycle,154_4b4_Pr_mc_AKGC417L__4,wheeze_score,0,0
M39,train,cycle,154_4b4_Pr_mc_AKGC417L__5,wheeze_score,0,0
M39,train,cycle,154_4b4_Pr_mc_AKGC417L__6,wheeze_score,0,0
M39,train,cycle,154_4b4_Pr_mc_AKGC417L__7,wheeze_score,0,0
M39,train,cycle,154_4b4_Pr_mc_AKGC417L__8,wheeze_score,0,0
M39,train,cycle,154_4b4_Pr_mc_AKGC417L__9,wheeze_score,0,0
M39,train,cycle,155_2b1_Al_mc_LittC2SE__0,wheeze_score,0,0
M39,train,cycle,155_2b1_Al_mc_LittC2SE__1,wheeze_score,0,0
M39,train,cycle,155_2b1_Al_mc_LittC2SE__2,wheeze_score,0,0
M39,train,cycle,155_2b1_Al_mc_LittC2SE__3,wheeze_score,0,0
M39,train,cycle,155_2b1_Al_mc_LittC2SE__4,wheeze_score,0,0
M39,train,cycle,155_2b1_Al_mc_LittC2SE__5,wheeze_score,0,0
M39,train,cycle,156_2b3_Al_mc_AKGC417L__0,wheeze_score,0,1
M39,train,cycle,156_2b3_Al_mc_AKGC417L__1,wheeze_score,0,1
M39,train,cycle,156_2b3_Al_mc_AKGC417L__2,wheeze_score,0,0
M39,train,cycle,156_2b3_Al_mc_AKGC417L__3,wheeze_score,0.03372681282,1
M39,train,cycle,156_2b3_Al_mc_AKGC417L__4,wheeze_score,0,1
M39,train,cycle,156_2b3_Al_mc_AKGC417L__5,wheeze_score,0.04215851602,1
M39,train,cycle,156_2b3_Ar_mc_AKGC417L__0,wheeze_score,0.07278481013,1
M39,train,cycle,156_2b3_Ar_mc_AKGC417L__1,wheeze_score,0.03093102382,1
M39,train,cycle,156_2b3_Ar_mc_AKGC417L__2,wheeze_score,0.03237293623,0
M39,train,cycle,156_2b3_Ar_mc_AKGC417L__3,wheeze_score,0,0
M39,train,cycle,156_2b3_Ar_mc_AKGC417L__4,wheeze_score,0,0
M39,train,cycle,156_2b3_Ar_mc_AKGC417L__5,wheeze_score,0,0
M39,train,cycle,156_2b3_Ll_mc_AKGC417L__0,wheeze_score,0,1
M39,train,cycle,156_2b3_Ll_mc_AKGC417L__1,wheeze_score,0.03093102382,1
M39,train,cycle,156_2b3_Ll_mc_AKGC417L__2,wheeze_score,0.08416963419,1
M39,train,cycle,156_2b3_Ll_mc_AKGC417L__3,wheeze_score,0.1349072513,1
M39,train,cycle,156_2b3_Ll_mc_AKGC417L__4,wheeze_score,0.03274394237,1
M39,train,cycle,156_2b3_Ll_mc_AKGC417L__5,wheeze_score,0.04637436762,1
M39,train,cycle,156_2b3_Lr_mc_AKGC417L__0,wheeze_score,0,1
M39,train,cycle,156_2b3_Lr_mc_AKGC417L__1,wheeze_score,0.03093102382,1
M39,train,cycle,156_2b3_Lr_mc_AKGC417L__2,wheeze_score,0,0
M39,train,cycle,156_2b3_Lr_mc_AKGC417L__3,wheeze_score,0,0
M39,train,cycle,156_2b3_Lr_mc_AKGC417L__4,wheeze_score,0,0
M39,train,cycle,156_2b3_Lr_mc_AKGC417L__5,wheeze_score,0,1
M39,train,cycle,156_2b3_Pl_mc_AKGC417L__0,wheeze_score,0,1
M39,train,cycle,156_2b3_Pl_mc_AKGC417L__1,wheeze_score,0,1
M39,train,cycle,156_2b3_Pl_mc_AKGC417L__2,wheeze_score,0.03237293623,0
M39,train,cycle,156_2b3_Pl_mc_AKGC417L__3,wheeze_score,0.04047217538,1
M39,train,cycle,156_2b3_Pl_mc_AKGC417L__4,wheeze_score,0,1
M39,train,cycle,156_2b3_Pl_mc_AKGC417L__5,wheeze_score,0.1306913997,1
M39,train,cycle,156_2b3_Pr_mc_AKGC417L__0,wheeze_score,0.03164556962,0
M39,train,cycle,156_2b3_Pr_mc_AKGC417L__1,wheeze_score,0,0
M39,train,cycle,156_2b3_Pr_mc_AKGC417L__2,wheeze_score,0,0
M39,train,cycle,156_2b3_Pr_mc_AKGC417L__3,wheeze_score,0,0
M39,train,cycle,156_2b3_Pr_mc_AKGC417L__4,wheeze_score,0.07203667322,0
M39,train,cycle,156_2b3_Pr_mc_AKGC417L__5,wheeze_score,0,0
M39,train,cycle,156_5b3_Al_mc_AKGC417L__0,wheeze_score,0,1
M39,train,cycle,156_5b3_Al_mc_AKGC417L__1,wheeze_score,0.05522319374,1
M39,train,cycle,156_5b3_Al_mc_AKGC417L__2,wheeze_score,0.08531656938,1
M39,train,cycle,156_5b3_Al_mc_AKGC417L__3,wheeze_score,0.06493506494,1
M39,train,cycle,156_5b3_Al_mc_AKGC417L__4,wheeze_score,0,1
M39,train,cycle,156_5b3_Al_mc_AKGC417L__5,wheeze_score,0.2881584872,1
M39,train,cycle,156_5b3_Al_mc_AKGC417L__6,wheeze_score,0.3540587219,1
M39,train,cycle,156_5b3_Al_mc_AKGC417L__7,wheeze_score,0.1333946642,1
M39,train,cycle,156_5b3_Al_mc_AKGC417L__8,wheeze_score,0.199252802,1
M39,train,cycle,156_5b3_Ar_mc_AKGC417L__0,wheeze_score,0,1
M39,train,cycle,156_5b3_Ar_mc_AKGC417L__1,wheeze_score,0,1
M39,train,cycle,156_5b3_Ar_mc_AKGC417L__2,wheeze_score,0,1
M39,train,cycle,156_5b3_Ar_mc_AKGC417L__3,wheeze_score,0,1
M39,train,cycle,156_5b3_Ar_mc_AKGC417L__4,wheeze_score,0,1
M39,train,cycle,156_5b3_Ar_mc_AKGC417L__5,wheeze_score,0,1
M39,train,cycle,156_5b3_Ar_mc_AKGC417L__6,wheeze_score,0,1
M39,train,cycle,156_5b3_Ar_mc_AKGC417L__7,wheeze_score,0,1
M39,train,cycle,156_5b3_Ar_mc_AKGC417L__8,wheeze_score,0,1
M39,train,cycle,156_5b3_Ll_mc_AKGC417L__0,wheeze_score,0.1337295691,1
M39,train,cycle,156_5b3_Ll_mc_AKGC417L__1,wheeze_score,0.05062126093,1
M39,train,cycle,156_5b3_Ll_mc_AKGC417L__2,wheeze_score,0.1077682982,0
M39,train,cycle,156_5b3_Ll_mc_AKGC417L__3,wheeze_score,0.1948051948,0
M39,train,cycle,156_5b3_Ll_mc_AKGC417L__4,wheeze_score,0.3215130024,0
M39,train,cycle,156_5b3_Ll_mc_AKGC417L__5,wheeze_score,0.4007203962,0
M39,train,cycle,156_5b3_Ll_mc_AKGC417L__6,wheeze_score,0.2461139896,0
M39,train,cycle,156_5b3_Ll_mc_AKGC417L__7,wheeze_score,0.0597976081,0
M39,train,cycle,156_5b3_Ll_mc_AKGC417L__8,wheeze_score,0.2200083022,0
M39,train,cycle,156_5b3_Lr_mc_AKGC417L__0,wheeze_score,0,0
M39,train,cycle,156_5b3_Lr_mc_AKGC417L__1,wheeze_score,0,1
M39,train,cycle,156_5b3_Lr_mc_AKGC417L__2,wheeze_score,0,1
M39,train,cycle,156_5b3_Lr_mc_AKGC417L__3,wheeze_score,0,1
M39,train,cycle,156_5b3_Lr_mc_AKGC417L__4,wheeze_score,0,1
M39,train,cycle,156_5b3_Lr_mc_AKGC417L__5,wheeze_score,0,1
M39,train,cycle,156_5b3_Lr_mc_AKGC417L__6,wheeze_score,0,1
M39,train,cycle,156_5b3_Lr_mc_AKGC417L__7,wheeze_score,0,1
M39,train,cycle,156_5b3_Lr_mc_AKGC417L__8,wheeze_score,0.05811540058,1
M39,train,cycle,156_5b3_Pl_mc_AKGC417L__0,wheeze_score,0,1
M39,train,cycle,156_5b3_Pl_mc_AKGC417L__1,wheeze_score,0.2669121031,1
M39,train,cycle,156_5b3_Pl_mc_AKGC417L__2,wheeze_score,0.04939380332,1
M39,train,cycle,156_5b3_Pl_mc_AKGC417L__3,wheeze_score,0,1
M39,train,cycle,156_5b3_Pl_mc_AKGC417L__4,wheeze_score,0,1
M39,train,cycle,156_5b3_Pl_mc_AKGC417L__5,wheeze_score,0.04952723998,1
M39,train,cycle,156_5b3_Pl_mc_AKGC417L__6,wheeze_score,0.09930915371,0
M39,train,cycle,156_5b3_Pl_mc_AKGC417L__7,wheeze_score,0,1
M39,train,cycle,156_5b3_Pl_mc_AKGC417L__8,wheeze_score,0.09547530095,0
M39,train,cycle,156_5b3_Pr_mc_AKGC417L__0,wheeze_score,0,1
M39,train,cycle,156_5b3_Pr_mc_AKGC417L__1,wheeze_score,0,1
M39,train,cycle,156_5b3_Pr_mc_AKGC417L__2,wheeze_score,0,1
M39,train,cycle,156_5b3_Pr_mc_AKGC417L__3,wheeze_score,0,1
M39,train,cycle,156_5b3_Pr_mc_AKGC417L__4,wheeze_score,0,1
M39,train,cycle,156_5b3_Pr_mc_AKGC417L__5,wheeze_score,0,1
M39,train,cycle,156_5b3_Pr_mc_AKGC417L__6,wheeze_score,0,1
M39,train,cycle,156_5b3_Pr_mc_AKGC417L__7,wheeze_score,0,1
M39,train,cycle,156_5b3_Pr_mc_AKGC417L__8,wheeze_score,0.0498132005,1
M39,train,cycle,156_8b3_Al_mc_AKGC417L__0,wheeze_score,0,0
M39,train,cycle,156_8b3_Al_mc_AKGC417L__1,wheeze_score,0,1
M39,train,cycle,156_8b3_Al_mc_AKGC417L__2,wheeze_score,0,1
M39,train,cycle,156_8b3_Al_mc_AKGC417L__3,wheeze_score,0,1
M39,train,cycle,156_8b3_Al_mc_AKGC417L__4,wheeze_score,0,1
M39,train,cycle,156_8b3_Al_mc_AKGC417L__5,wheeze_score,0,1
M39,train,cycle,156_8b3_Al_mc_AKGC417L__6,wheeze_score,0,1
M39,train,cycle,156_8b3_Al_mc_AKGC417L__7,wheeze_score,0,1
M39,train,cycle,156_8b3_Ar_mc_AKGC417L__0,wheeze_score,0,0
M39,train,cycle,156_8b3_Ar_mc_AKGC417L__1,wheeze_score,0,1
M39,train,cycle,156_8b3_Ar_mc_AKGC417L__2,wheeze_score,0,1
M39,train,cycle,156_8b3_Ar_mc_AKGC417L__3,wheeze_score,0,1
M39,train,cycle,156_8b3_Ar_mc_AKGC417L__4,wheeze_score,0,1
M39,train,cycle,156_8b3_Ar_mc_AKGC417L__5,wheeze_score,0,0
M39,train,cycle,156_8b3_Ar_mc_AKGC417L__6,wheeze_score,0,1
M39,train,cycle,156_8b3_Ar_mc_AKGC417L__7,wheeze_score,0,1
M39,train,cycle,156_8b3_Ll_mc_AKGC417L__0,wheeze_score,0,0
M39,train,cycle,156_8b3_Ll_mc_AKGC417L__1,wheeze_score,0,1
M39,train,cycle,156_8b3_Ll_mc_AKGC417L__2,wheeze_score,0,1
M39,train,cycle,156_8b3_Ll_mc_AKGC417L__3,wheeze_score,0,1
M39,train,cycle,156_8b3_Ll_mc_AKGC417L__4,wheeze_score,0,1
M39,train,cycle,156_8b3_Ll_mc_AKGC417L__5,wheeze_score,0,1
M39,train,cycle,156_8b3_Ll_mc_AKGC417L__6,wheeze_score,0,1
M39,train,cycle,156_8b3_Ll_mc_AKGC417L__7,wheeze_score,0,1
M39,train,cycle,156_8b3_Lr_mc_AKGC417L__0,wheeze_score,0,0
M39,train,cycle,156_8b3_Lr_mc_AKGC417L__1,wheeze_score,0,0
M39,train,cycle,156_8b3_Lr_mc_AKGC417L__2,wheeze_score,0.05896805897,0
M39,train,cycle,156_8b3_Lr_mc_AKGC417L__3,wheeze_score,0,0
M39,train,cycle,156_8b3_Lr_mc_AKGC417L__4,wheeze_score,0,0
M39,train,cycle,156_8b3_Lr_mc_AKGC417L__5,wheeze_score,0,0
M39,train,cycle,156_8b3_Lr_mc_AKGC417L__6,wheeze_score,0,0
M39,train,cycle,156_8b3_Lr_mc_AKGC417L__7,wheeze_score,0,1
M39,train,cycle,156_8b3_Pl_mc_AKGC417L__0,wheeze_score,0.2177777778,0
M39,train,cycle,156_8b3_Pl_mc_AKGC417L__1,wheeze_score,0.2015959681,1
M39,train,cycle,156_8b3_Pl_mc_AKGC417L__2,wheeze_score,0.5552825553,1
M39,train,cycle,156_8b3_Pl_mc_AKGC417L__3,wheeze_score,0.1966041108,1
M39,train,cycle,156_8b3_Pl_mc_AKGC417L__4,wheeze_score,0.05115089514,1
M39,train,cycle,156_8b3_Pl_mc_AKGC417L__5,wheeze_score,0.2770330652,0
M39,train,cycle,156_8b3_Pl_mc_AKGC417L__6,wheeze_score,0.301369863,1
M39,train,cycle,156_8b3_Pl_mc_AKGC417L__7,wheeze_score,0.1885983712,1
M39,train,cycle,157_1b1_Al_sc_Meditron__0,wheeze_score,0,0
M39,train,cycle,157_1b1_Al_sc_Meditron__1,wheeze_score,0,0
M39,train,cycle,157_1b1_Al_sc_Meditron__2,wheeze_score,0,0
M39,train,cycle,157_1b1_Al_sc_Meditron__3,wheeze_score,0,0
M39,train,cycle,157_1b1_Al_sc_Meditron__4,wheeze_score,0,0
M39,train,cycle,157_1b1_Al_sc_Meditron__5,wheeze_score,0,0
M39,train,cycle,157_1b1_Al_sc_Meditron__6,wheeze_score,0,0
M39,train,cycle,157_1b1_Al_sc_Meditron__7,wheeze_score,0,0
M39,train,cycle,157_1b1_Al_sc_Meditron__8,wheeze_score,0,0
M39,train,cycle,157_1b1_Al_sc_Meditron__9,wheeze_score,0,0
M39,train,cycle,157_1b1_Al_sc_Meditron__10,wheeze_score,0,0
M39,train,cycle,157_1b1_Al_sc_Meditron__11,wheeze_score,0,0
M39,train,cycle,157_1b1_Al_sc_Meditron__12,wheeze_score,0,0
M39,train,cycle,157_1b1_Al_sc_Meditron__13,wheeze_score,0,0
M39,train,cycle,157_1b1_Al_sc_Meditron__14,wheeze_score,0,0
M39,train,cycle,157_1b1_Ar_sc_Meditron__0,wheeze_score,0,0
M39,train,cycle,157_1b1_Ar_sc_Meditron__1,wheeze_score,0,0
M39,train,cycle,157_1b1_Ar_sc_Meditron__2,wheeze_score,0,0
M39,train,cycle,157_1b1_Ar_sc_Meditron__3,wheeze_score,0,0
M39,train,cycle,157_1b1_Ar_sc_Meditron__4,wheeze_score,0,0
M39,train,cycle,157_1b1_Ar_sc_Meditron__5,wheeze_score,0,0
M39,train,cycle,157_1b1_Ar_sc_Meditron__6,wheeze_score,0,0
M39,train,cycle,157_1b1_Ar_sc_Meditron__7,wheeze_score,0,0
M39,train,cycle,157_1b1_Ar_sc_Meditron__8,wheeze_score,0,0
M39,train,cycle,157_1b1_Ar_sc_Meditron__9,wheeze_score,0,0
M39,train,cycle,157_1b1_Ar_sc_Meditron__10,wheeze_score,0,0
M39,train,cycle,157_1b1_Ar_sc_Meditron__11,wheeze_score,0,0
M39,train,cycle,157_1b1_Lr_sc_Meditron__0,wheeze_score,0,0
M39,train,cycle,157_1b1_Lr_sc_Meditron__1,wheeze_score,0,0
M39,train,cycle,157_1b1_Lr_sc_Meditron__2,wheeze_score,0,0
M39,train,cycle,157_1b1_Lr_sc_Meditron__3,wheeze_score,0,0
M39,train,cycle,157_1b1_Lr_sc_Meditron__4,wheeze_score,0,0
M39,train,cycle,157_1b1_Lr_sc_Meditron__5,wheeze_score,0,0
M39,train,cycle,157_1b1_Lr_sc_Meditron__6,wheeze_score,0,0
M39,train,cycle,157_1b1_Lr_sc_Meditron__7,wheeze_score,0,0
M39,train,cycle,157_1b1_Lr_sc_Meditron__8,wheeze_score,0,0
M39,train,cycle,157_1b1_Pl_sc_Meditron__0,wheeze_score,0,0
M39,train,cycle,157_1b1_Pl_sc_Meditron__1,wheeze_score,0,0
M39,train,cycle,157_1b1_Pl_sc_Meditron__2,wheeze_score,0,0
M39,train,cycle,157_1b1_Pl_sc_Meditron__3,wheeze_score,0,0
M39,train,cycle,157_1b1_Pl_sc_Meditron__4,wheeze_score,0,0
M39,train,cycle,157_1b1_Pl_sc_Meditron__5,wheeze_score,0,0
M39,train,cycle,157_1b1_Pl_sc_Meditron__6,wheeze_score,0,0
M39,train,cycle,157_1b1_Pl_sc_Meditron__7,wheeze_score,0.01926782274,0
M39,train,cycle,157_1b1_Pl_sc_Meditron__8,wheeze_score,0,0
M39,train,cycle,157_1b1_Pl_sc_Meditron__9,wheeze_score,0,0
M39,train,cycle,157_1b1_Pl_sc_Meditron__10,wheeze_score,0,0
M39,train,cycle,157_1b1_Pl_sc_Meditron__11,wheeze_score,0,0
M39,train,cycle,157_1b1_Pl_sc_Meditron__12,wheeze_score,0,0
M39,train,cycle,157_1b1_Pr_sc_Meditron__0,wheeze_score,0,0
M39,train,cycle,157_1b1_Pr_sc_Meditron__1,wheeze_score,0,0
M39,train,cycle,157_1b1_Pr_sc_Meditron__2,wheeze_score,0,0
M39,train,cycle,157_1b1_Pr_sc_Meditron__3,wheeze_score,0,0
M39,train,cycle,157_1b1_Pr_sc_Meditron__4,wheeze_score,0,0
M39,train,cycle,157_1b1_Pr_sc_Meditron__5,wheeze_score,0,0
M39,train,cycle,157_1b1_Pr_sc_Meditron__6,wheeze_score,0,0
M39,train,cycle,157_1b1_Pr_sc_Meditron__7,wheeze_score,0,0
M39,train,cycle,157_1b1_Pr_sc_Meditron__8,wheeze_score,0.03417829678,0
M39,train,cycle,157_1b1_Pr_sc_Meditron__9,wheeze_score,0.02462447673,0
M39,train,cycle,157_1b1_Pr_sc_Meditron__10,wheeze_score,0,0
M39,train,cycle,157_1b1_Pr_sc_Meditron__11,wheeze_score,0,0
M39,train,cycle,157_1b1_Pr_sc_Meditron__12,wheeze_score,0,0
M39,train,cycle,157_1b1_Pr_sc_Meditron__13,wheeze_score,0,0
M39,train,cycle,157_1b1_Pr_sc_Meditron__14,wheeze_score,0,0
M39,train,cycle,158_1b3_Ar_mc_LittC2SE__0,wheeze_score,0,0
M39,train,cycle,158_1b3_Ar_mc_LittC2SE__1,wheeze_score,0,0
M39,train,cycle,158_1b3_Ar_mc_LittC2SE__2,wheeze_score,0,0
M39,train,cycle,158_1b3_Ar_mc_LittC2SE__3,wheeze_score,0,0
M39,train,cycle,158_1b3_Ar_mc_LittC2SE__4,wheeze_score,0,0
M39,train,cycle,158_1b3_Ar_mc_LittC2SE__5,wheeze_score,0,0
M39,train,cycle,158_1b3_Ar_mc_LittC2SE__6,wheeze_score,0,0
M39,train,cycle,158_1b3_Ar_mc_LittC2SE__7,wheeze_score,0,0
M39,train,cycle,158_1b3_Ar_mc_LittC2SE__8,wheeze_score,0,0
M39,train,cycle,158_1b3_Ar_mc_LittC2SE__9,wheeze_score,0,0
M39,train,cycle,158_1b3_Ar_mc_LittC2SE__10,wheeze_score,0,0
M39,train,cycle,158_1p2_Al_mc_AKGC417L__0,wheeze_score,0.1208981002,1
M39,train,cycle,158_1p2_Al_mc_AKGC417L__1,wheeze_score,0.1114594218,1
M39,train,cycle,158_1p2_Al_mc_AKGC417L__2,wheeze_score,0,0
M39,train,cycle,158_1p2_Al_mc_AKGC417L__3,wheeze_score,0.1130653266,1
M39,train,cycle,158_1p2_Al_mc_AKGC417L__4,wheeze_score,0,0
M39,train,cycle,158_1p2_Al_mc_AKGC417L__5,wheeze_score,0,0
M39,train,cycle,158_1p2_Al_mc_AKGC417L__6,wheeze_score,0,0
M39,train,cycle,158_1p2_Al_mc_AKGC417L__7,wheeze_score,0,0
M39,train,cycle,158_1p2_Ar_mc_AKGC417L__0,wheeze_score,0.1611974669,1
M39,train,cycle,158_1p2_Ar_mc_AKGC417L__1,wheeze_score,0.1114594218,1
M39,train,cycle,158_1p2_Ar_mc_AKGC417L__2,wheeze_score,0,0
M39,train,cycle,158_1p2_Ar_mc_AKGC417L__3,wheeze_score,0.2763819095,1
M39,train,cycle,158_1p2_Ar_mc_AKGC417L__4,wheeze_score,0,0
M39,train,cycle,158_1p2_Ar_mc_AKGC417L__5,wheeze_score,0.03815337657,0
M39,train,cycle,158_1p2_Ar_mc_AKGC417L__6,wheeze_score,0,0
M39,train,cycle,158_1p2_Ar_mc_AKGC417L__7,wheeze_score,0.2711864407,0
M39,train,cycle,158_1p2_Ll_mc_AKGC417L__0,wheeze_score,0.1439263097,0
M39,train,cycle,158_1p2_Ll_mc_AKGC417L__1,wheeze_score,0.2612330199,0
M39,train,cycle,158_1p2_Ll_mc_AKGC417L__2,wheeze_score,0.0678913738,0
M39,train,cycle,158_1p2_Ll_mc_AKGC417L__3,wheeze_score,0.1130653266,1
M39,train,cycle,158_1p2_Ll_mc_AKGC417L__4,wheeze_score,0,0
M39,train,cycle,158_1p2_Ll_mc_AKGC417L__5,wheeze_score,0,0
M39,train,cycle,158_1p2_Ll_mc_AKGC417L__6,wheeze_score,0,0
M39,train,cycle,158_1p2_Ll_mc_AKGC417L__7,wheeze_score,0,0
M39,train,cycle,158_1p2_Lr_mc_AKGC417L__0,wheeze_score,0.1727115717,1
M39,train,cycle,158_1p2_Lr_mc_AKGC417L__1,wheeze_score,0.1462904911,1
M39,train,cycle,158_1p2_Lr_mc_AKGC417L__2,wheeze_score,0,1
M39,train,cycle,158_1p2_Lr_mc_AKGC417L__3,wheeze_score,0.1130653266,1
M39,train,cycle,158_1p2_Lr_mc_AKGC417L__4,wheeze_score,0,0
M39,train,cycle,158_1p2_Lr_mc_AKGC417L__5,wheeze_score,0,0
M39,train,cycle,158_1p2_Lr_mc_AKGC417L__6,wheeze_score,0,0
M39,train,cycle,158_1p2_Lr_mc_AKGC417L__7,wheeze_score,0,1
M39,train,cycle,158_1p2_Pl_mc_AKGC417L__0,wheeze_score,0.1208981002,1
M39,train,cycle,158_1p2_Pl_mc_AKGC417L__1,wheeze_score,0.1428073842,1
M39,train,cycle,158_1p2_Pl_mc_AKGC417L__2,wheeze_score,0,0
M39,train,cycle,158_1p2_Pl_mc_AKGC417L__3,wheeze_score,0.04606365159,1
M39,train,cycle,158_1p2_Pl_mc_AKGC417L__4,wheeze_score,0,1
M39,train,cycle,158_1p2_Pl_mc_AKGC417L__5,wheeze_score,0,1
M39,train,cycle,158_1p2_Pl_mc_AKGC417L__6,wheeze_score,0,0
M39,train,cycle,158_1p2_Pl_mc_AKGC417L__7,wheeze_score,0,0
M39,train,cycle,158_1p2_Pr_mc_AKGC417L__0,wheeze_score,0.05757052389,0
M39,train,cycle,158_1p2_Pr_mc_AKGC417L__1,wheeze_score,0.0557297109,1
M39,train,cycle,158_1p2_Pr_mc_AKGC417L__2,wheeze_score,0,1
M39,train,cycle,158_1p2_Pr_mc_AKGC417L__3,wheeze_score,0,1
M39,train,cycle,158_1p2_Pr_mc_AKGC417L__4,wheeze_score,0,1
M39,train,cycle,158_1p2_Pr_mc_AKGC417L__5,wheeze_score,0,0
M39,train,cycle,158_1p2_Pr_mc_AKGC417L__6,wheeze_score,0,0
M39,train,cycle,158_1p2_Pr_mc_AKGC417L__7,wheeze_score,0,1
M39,train,cycle,158_1p2_Tc_mc_AKGC417L__0,wheeze_score,0.06908462867,0
M39,train,cycle,158_1p2_Tc_mc_AKGC417L__1,wheeze_score,0.05224660397,0
M39,train,cycle,158_1p2_Tc_mc_AKGC417L__2,wheeze_score,0,0
M39,train,cycle,158_1p2_Tc_mc_AKGC417L__3,wheeze_score,0,0
M39,train,cycle,158_1p2_Tc_mc_AKGC417L__4,wheeze_score,0,0
M39,train,cycle,158_1p2_Tc_mc_AKGC417L__5,wheeze_score,0,0
M39,train,cycle,158_1p2_Tc_mc_AKGC417L__6,wheeze_score,0,0
M39,train,cycle,158_1p2_Tc_mc_AKGC417L__7,wheeze_score,0,0
M39,train,cycle,158_1p3_Al_mc_AKGC417L__0,wheeze_score,0.2183406114,1
M39,train,cycle,158_1p3_Al_mc_AKGC417L__1,wheeze_score,0.200845666,1
M39,train,cycle,158_1p3_Al_mc_AKGC417L__2,wheeze_score,0.1372712146,1
M39,train,cycle,158_1p3_Al_mc_AKGC417L__3,wheeze_score,0.1189464741,0
M39,train,cycle,158_1p3_Al_mc_AKGC417L__4,wheeze_score,0.1232937032,1
M39,train,cycle,158_1p3_Al_mc_AKGC417L__5,wheeze_score,0.05447117567,1
M39,train,cycle,158_1p3_Al_mc_AKGC417L__6,wheeze_score,0,1
M39,train,cycle,158_1p3_Al_mc_AKGC417L__7,wheeze_score,0.06121556624,1
M39,train,cycle,158_1p3_Al_mc_AKGC417L__8,wheeze_score,0,0
M39,train,cycle,158_1p3_Ar_mc_AKGC417L__0,wheeze_score,0.3368683718,1
M39,train,cycle,158_1p3_Ar_mc_AKGC417L__1,wheeze_score,0.2290345314,1
M39,train,cycle,158_1p3_Ar_mc_AKGC417L__2,wheeze_score,0.1039933444,1
M39,train,cycle,158_1p3_Ar_mc_AKGC417L__3,wheeze_score,0.04672897196,1
M39,train,cycle,158_1p3_Ar_mc_AKGC417L__4,wheeze_score,0.3434610304,1
M39,train,cycle,158_1p3_Ar_mc_AKGC417L__5,wheeze_score,0.2859736723,1
M39,train,cycle,158_1p3_Ar_mc_AKGC417L__6,wheeze_score,0.07098491571,1
M39,train,cycle,158_1p3_Ar_mc_AKGC417L__7,wheeze_score,0.1311762134,1
M39,train,cycle,158_1p3_Ar_mc_AKGC417L__8,wheeze_score,0,0
M39,train,cycle,158_1p3_Ll_mc_AKGC417L__0,wheeze_score,0.5240174672,1
M39,train,cycle,158_1p3_Ll_mc_AKGC417L__1,wheeze_score,0.1797040169,1
M39,train,cycle,158_1p3_Ll_mc_AKGC417L__2,wheeze_score,0.262063228,1
M39,train,cycle,158_1p3_Ll_mc_AKGC417L__3,wheeze_score,0.07646559048,0
M39,train,cycle,158_1p3_Ll_mc_AKGC417L__4,wheeze_score,0.3258476442,1
M39,train,cycle,158_1p3_Ll_mc_AKGC417L__5,wheeze_score,0.2859736723,1
M39,train,cycle,158_1p3_Ll_mc_AKGC417L__6,wheeze_score,0.2617568767,1
M39,train,cycle,158_1p3_Ll_mc_AKGC417L__7,wheeze_score,0.1880192392,1
M39,train,cycle,158_1p3_Ll_mc_AKGC417L__8,wheeze_score,0,0
M39,train,cycle,158_1p3_Lr_mc_AKGC417L__0,wheeze_score,0.1247660636,1
M39,train,cycle,158_1p3_Lr_mc_AKGC417L__1,wheeze_score,0.1726568006,1
M39,train,cycle,158_1p3_Lr_mc_AKGC417L__2,wheeze_score,0.1913477537,1
M39,train,cycle,158_1p3_Lr_mc_AKGC417L__3,wheeze_score,0.0424808836,1
M39,train,cycle,158_1p3_Lr_mc_AKGC417L__4,wheeze_score,0.1981505945,1
M39,train,cycle,158_1p3_Lr_mc_AKGC417L__5,wheeze_score,0.09532455742,1
M39,train,cycle,158_1p3_Lr_mc_AKGC417L__6,wheeze_score,0.04436557232,1
M39,train,cycle,158_1p3_Lr_mc_AKGC417L__7,wheeze_score,0.04372540446,1
M39,train,cycle,158_1p3_Lr_mc_AKGC417L__8,wheeze_score,0,1
M39,train,cycle,158_1p3_Pl_mc_AKGC417L__0,wheeze_score,0.2370555209,1
M39,train,cycle,158_1p3_Pl_mc_AKGC417L__1,wheeze_score,0.162085976,1
M39,train,cycle,158_1p3_Pl_mc_AKGC417L__2,wheeze_score,0.1289517471,1
M39,train,cycle,158_1p3_Pl_mc_AKGC417L__3,wheeze_score,0,1
M39,train,cycle,158_1p3_Pl_mc_AKGC417L__4,wheeze_score,0,1
M39,train,cycle,158_1p3_Pl_mc_AKGC417L__5,wheeze_score,0,1
M39,train,cycle,158_1p3_Pl_mc_AKGC417L__6,wheeze_score,0,1
M39,train,cycle,158_1p3_Pl_mc_AKGC417L__7,wheeze_score,0,1
M39,train,cycle,158_1p3_Pl_mc_AKGC417L__8,wheeze_score,0,0
M39,train,cycle,158_1p3_Pr_mc_AKGC417L__0,wheeze_score,0.06238303182,1
M39,train,cycle,158_1p3_Pr_mc_AKGC417L__1,wheeze_score,0.1656095842,1
M39,train,cycle,158_1p3_Pr_mc_AKGC417L__2,wheeze_score,0,1
M39,train,cycle,158_1p3_Pr_mc_AKGC417L__3,wheeze_score,0,1
M39,train,cycle,158_1p3_Pr_mc_AKGC417L__4,wheeze_score,0,1
M39,train,cycle,158_1p3_Pr_mc_AKGC417L__5,wheeze_score,0,1
M39,train,cycle,158_1p3_Pr_mc_AKGC417L__6,wheeze_score,0,1
M39,train,cycle,158_1p3_Pr_mc_AKGC417L__7,wheeze_score,0.05247048535,1
M39,train,cycle,158_1p3_Pr_mc_AKGC417L__8,wheeze_score,0,1
M39,train,cycle,158_1p3_Tc_mc_AKGC417L__0,wheeze_score,0.1621958827,1
M39,train,cycle,158_1p3_Tc_mc_AKGC417L__1,wheeze_score,0.1303735025,1
M39,train,cycle,158_1p3_Tc_mc_AKGC417L__2,wheeze_score,0,1
M39,train,cycle,158_1p3_Tc_mc_AKGC417L__3,wheeze_score,0,0
M39,train,cycle,158_1p3_Tc_mc_AKGC417L__4,wheeze_score,0.06164685161,1
M39,train,cycle,158_1p3_Tc_mc_AKGC417L__5,wheeze_score,0.05901044031,1
M39,train,cycle,158_1p3_Tc_mc_AKGC417L__6,wheeze_score,0,1
M39,train,cycle,158_1p3_Tc_mc_AKGC417L__7,wheeze_score,0.06558810669,1
M39,train,cycle,158_1p3_Tc_mc_AKGC417L__8,wheeze_score,0,0
M39,train,cycle,158_1p4_Al_mc_AKGC417L__0,wheeze_score,0.2023472278,1
M39,train,cycle,158_1p4_Al_mc_AKGC417L__1,wheeze_score,0.143048726,1
M39,train,cycle,158_1p4_Al_mc_AKGC417L__2,wheeze_score,0.05069124424,0
M39,train,cycle,158_1p4_Al_mc_AKGC417L__3,wheeze_score,0,0
M39,train,cycle,158_1p4_Al_mc_AKGC417L__4,wheeze_score,0.05314009662,0
M39,train,cycle,158_1p4_Al_mc_AKGC417L__5,wheeze_score,0.05364327224,0
M39,train,cycle,158_1p4_Al_mc_AKGC417L__6,wheeze_score,0,0
M39,train,cycle,158_1p4_Al_mc_AKGC417L__7,wheeze_score,0.0535540409,1
M39,train,cycle,158_1p4_Al_mc_AKGC417L__8,wheeze_score,0.07920792079,0
M39,train,cycle,158_1p4_Ar_mc_AKGC417L__0,wheeze_score,0.3318494537,1
M39,train,cycle,158_1p4_Ar_mc_AKGC417L__1,wheeze_score,0.05811354493,0
M39,train,cycle,158_1p4_Ar_mc_AKGC417L__2,wheeze_score,0.1105990783,0
M39,train,cycle,158_1p4_Ar_mc_AKGC417L__3,wheeze_score,0,0
M39,train,cycle,158_1p4_Ar_mc_AKGC417L__4,wheeze_score,0.07246376812,0
M39,train,cycle,158_1p4_Ar_mc_AKGC417L__5,wheeze_score,0.05811354493,0
M39,train,cycle,158_1p4_Ar_mc_AKGC417L__6,wheeze_score,0.04830917874,0
M39,train,cycle,158_1p4_Ar_mc_AKGC417L__7,wheeze_score,0.06815968841,0
M39,train,cycle,158_1p4_Ar_mc_AKGC417L__8,wheeze_score,0,0
M39,train,cycle,158_1p4_Lr_mc_AKGC417L__0,wheeze_score,0.1052205585,1
M39,train,cycle,158_1p4_Lr_mc_AKGC417L__1,wheeze_score,0.07152436299,1
M39,train,cycle,158_1p4_Lr_mc_AKGC417L__2,wheeze_score,0.06451612903,1
M39,train,cycle,158_1p4_Lr_mc_AKGC417L__3,wheeze_score,0,1
M39,train,cycle,158_1p4_Lr_mc_AKGC417L__4,wheeze_score,0.05797101449,1
M39,train,cycle,158_1p4_Lr_mc_AKGC417L__5,wheeze_score,0,1
M39,train,cycle,158_1p4_Lr_mc_AKGC417L__6,wheeze_score,0,1
M39,train,cycle,158_1p4_Lr_mc_AKGC417L__7,wheeze_score,0,1
M39,train,cycle,158_1p4_Lr_mc_AKGC417L__8,wheeze_score,0,1
M39,train,cycle,158_1p4_Pl_mc_AKGC417L__0,wheeze_score,0,1
M39,train,cycle,158_1p4_Pl_mc_AKGC417L__1,wheeze_score,0,1
M39,train,cycle,158_1p4_Pl_mc_AKGC417L__2,wheeze_score,0,0
M39,train,cycle,158_1p4_Pl_mc_AKGC417L__3,wheeze_score,0,0
M39,train,cycle,158_1p4_Pl_mc_AKGC417L__4,wheeze_score,0,0
M39,train,cycle,158_1p4_Pl_mc_AKGC417L__5,wheeze_score,0,0
M39,train,cycle,158_1p4_Pl_mc_AKGC417L__6,wheeze_score,0,0
M39,train,cycle,158_1p4_Pl_mc_AKGC417L__7,wheeze_score,0,1
M39,train,cycle,158_1p4_Pl_mc_AKGC417L__8,wheeze_score,0,1
M39,train,cycle,158_1p4_Pr_mc_AKGC417L__0,wheeze_score,0.04856333468,1
M39,train,cycle,158_1p4_Pr_mc_AKGC417L__1,wheeze_score,0,1
M39,train,cycle,158_1p4_Pr_mc_AKGC417L__2,wheeze_score,0,1
M39,train,cycle,158_1p4_Pr_mc_AKGC417L__3,wheeze_score,0,1
M39,train,cycle,158_1p4_Pr_mc_AKGC417L__4,wheeze_score,0,1
M39,train,cycle,158_1p4_Pr_mc_AKGC417L__5,wheeze_score,0,1
M39,train,cycle,158_1p4_Pr_mc_AKGC417L__6,wheeze_score,0,1
M39,train,cycle,158_1p4_Pr_mc_AKGC417L__7,wheeze_score,0,1
M39,train,cycle,158_1p4_Pr_mc_AKGC417L__8,wheeze_score,0,1
M39,train,cycle,158_1p4_Tc_mc_AKGC417L__0,wheeze_score,0.04451639013,0
M39,train,cycle,158_1p4_Tc_mc_AKGC417L__1,wheeze_score,0.05364327224,0
M39,train,cycle,158_1p4_Tc_mc_AKGC417L__2,wheeze_score,0,0
M39,train,cycle,158_1p4_Tc_mc_AKGC417L__3,wheeze_score,0,0
M39,train,cycle,158_1p4_Tc_mc_AKGC417L__4,wheeze_score,0,0
M39,train,cycle,158_1p4_Tc_mc_AKGC417L__5,wheeze_score,0,0
M39,train,cycle,158_1p4_Tc_mc_AKGC417L__6,wheeze_score,0,0
M39,train,cycle,158_1p4_Tc_mc_AKGC417L__7,wheeze_score,0,0
M39,train,cycle,158_1p4_Tc_mc_AKGC417L__8,wheeze_score,0,0
M39,train,cycle,158_2p2_Ar_mc_AKGC417L__0,wheeze_score,0.04436557232,0
M39,train,cycle,158_2p2_Ar_mc_AKGC417L__1,wheeze_score,0,1
M39,train,cycle,158_2p2_Ar_mc_AKGC417L__2,wheeze_score,0.05208333333,1
M39,train,cycle,158_2p2_Ar_mc_AKGC417L__3,wheeze_score,0.1252723312,0
M39,train,cycle,158_2p2_Ar_mc_AKGC417L__4,wheeze_score,0.1337209302,1
M39,train,cycle,158_2p2_Ar_mc_AKGC417L__5,wheeze_score,0.055387714,0
M39,train,cycle,158_2p2_Ar_mc_AKGC417L__6,wheeze_score,0.05299417064,0
M39,train,cycle,158_2p2_Ar_mc_AKGC417L__7,wheeze_score,0,0
M39,train,cycle,158_2p2_Ar_mc_AKGC417L__8,wheeze_score,0,0
M39,train,cycle,158_2p3_Lr_mc_AKGC417L__0,wheeze_score,0,0
M39,train,cycle,158_2p3_Lr_mc_AKGC417L__1,wheeze_score,0,0
M39,train,cycle,158_2p3_Lr_mc_AKGC417L__2,wheeze_score,0,1
M39,train,cycle,158_2p3_Lr_mc_AKGC417L__3,wheeze_score,0,0
M39,train,cycle,158_2p3_Lr_mc_AKGC417L__4,wheeze_score,0.06935687264,0
M39,train,cycle,158_2p3_Lr_mc_AKGC417L__5,wheeze_score,0,0
M39,train,cycle,158_2p3_Lr_mc_AKGC417L__6,wheeze_score,0,0
M39,train,cycle,158_2p3_Lr_mc_AKGC417L__7,wheeze_score,0.1337209302,0
M39,train,cycle,158_2p3_Lr_mc_AKGC417L__8,wheeze_score,0,1
M39,train,cycle,158_2p3_Lr_mc_AKGC417L__9,wheeze_score,0.06790123457,1
M39,train,cycle,158_2p3_Lr_mc_AKGC417L__10,wheeze_score,0,1
M39,train,cycle,158_2p3_Lr_mc_AKGC417L__11,wheeze_score,0,1
M39,train,cycle,158_2p3_Tc_mc_AKGC417L__0,wheeze_score,0,1
M39,train,cycle,158_2p3_Tc_mc_AKGC417L__1,wheeze_score,0.1054144705,1
M39,train,cycle,158_2p3_Tc_mc_AKGC417L__2,wheeze_score,0.2015250545,1
M39,train,cycle,158_2p3_Tc_mc_AKGC417L__3,wheeze_score,0,1
M39,train,cycle,158_2p3_Tc_mc_AKGC417L__4,wheeze_score,0,1
M39,train,cycle,158_2p3_Tc_mc_AKGC417L__5,wheeze_score,0,1
M39,train,cycle,158_2p3_Tc_mc_AKGC417L__6,wheeze_score,0.08922880816,1
M39,train,cycle,158_2p3_Tc_mc_AKGC417L__7,wheeze_score,0.1918604651,1
M39,train,cycle,158_2p3_Tc_mc_AKGC417L__8,wheeze_score,0.07989347537,1
M39,train,cycle,158_2p3_Tc_mc_AKGC417L__9,wheeze_score,0.1234567901,1
M39,train,cycle,158_2p3_Tc_mc_AKGC417L__10,wheeze_score,0.06373486297,1
M39,train,cycle,158_2p3_Tc_mc_AKGC417L__11,wheeze_score,0,1
M39,train,cycle,159_1b1_Al_sc_Meditron__0,wheeze_score,0,0
M39,train,cycle,159_1b1_Al_sc_Meditron__1,wheeze_score,0,0
M39,train,cycle,159_1b1_Al_sc_Meditron__2,wheeze_score,0,1
M39,train,cycle,159_1b1_Al_sc_Meditron__3,wheeze_score,0,0
M39,train,cycle,159_1b1_Al_sc_Meditron__4,wheeze_score,0,0
M39,train,cycle,159_1b1_Al_sc_Meditron__5,wheeze_score,0,0
M39,train,cycle,159_1b1_Al_sc_Meditron__6,wheeze_score,0,0
M39,train,cycle,159_1b1_Al_sc_Meditron__7,wheeze_score,0,0
M39,train,cycle,159_1b1_Al_sc_Meditron__8,wheeze_score,0,0
M39,train,cycle,159_1b1_Al_sc_Meditron__9,wheeze_score,0,0
M39,train,cycle,159_1b1_Al_sc_Meditron__10,wheeze_score,0,0
M39,train,cycle,159_1b1_Al_sc_Meditron__11,wheeze_score,0,0
M39,train,cycle,159_1b1_Ar_sc_Meditron__0,wheeze_score,0,0
M39,train,cycle,159_1b1_Ar_sc_Meditron__1,wheeze_score,0,0
M39,train,cycle,159_1b1_Ar_sc_Meditron__2,wheeze_score,0,0
M39,train,cycle,159_1b1_Ar_sc_Meditron__3,wheeze_score,0,0
M39,train,cycle,159_1b1_Ar_sc_Meditron__4,wheeze_score,0,0
M39,train,cycle,159_1b1_Ar_sc_Meditron__5,wheeze_score,0,0
M39,train,cycle,159_1b1_Ar_sc_Meditron__6,wheeze_score,0,0
M39,train,cycle,159_1b1_Ar_sc_Meditron__7,wheeze_score,0,0
M39,train,cycle,159_1b1_Ar_sc_Meditron__8,wheeze_score,0,0
M39,train,cycle,159_1b1_Ll_sc_Meditron__0,wheeze_score,0,0
M39,train,cycle,159_1b1_Ll_sc_Meditron__1,wheeze_score,0,0
M39,train,cycle,159_1b1_Ll_sc_Meditron__2,wheeze_score,0,0
M39,train,cycle,159_1b1_Ll_sc_Meditron__3,wheeze_score,0,0
M39,train,cycle,159_1b1_Ll_sc_Meditron__4,wheeze_score,0,0
M39,train,cycle,159_1b1_Ll_sc_Meditron__5,wheeze_score,0,0
M39,train,cycle,159_1b1_Ll_sc_Meditron__6,wheeze_score,0,0
M39,train,cycle,159_1b1_Ll_sc_Meditron__7,wheeze_score,0,0
M39,train,cycle,159_1b1_Ll_sc_Meditron__8,wheeze_score,0,0
M39,train,cycle,159_1b1_Ll_sc_Meditron__9,wheeze_score,0,0
M39,train,cycle,159_1b1_Ll_sc_Meditron__10,wheeze_score,0.073089701,0
M39,train,cycle,159_1b1_Ll_sc_Meditron__11,wheeze_score,0,0
M39,train,cycle,159_1b1_Pr_sc_Meditron__0,wheeze_score,0,0
M39,train,cycle,159_1b1_Pr_sc_Meditron__1,wheeze_score,0,0
M39,train,cycle,159_1b1_Pr_sc_Meditron__2,wheeze_score,0,0
M39,train,cycle,159_1b1_Pr_sc_Meditron__3,wheeze_score,0,0
M39,train,cycle,159_1b1_Pr_sc_Meditron__4,wheeze_score,0,0
M39,train,cycle,159_1b1_Pr_sc_Meditron__5,wheeze_score,0,0
M39,train,cycle,159_1b1_Pr_sc_Meditron__6,wheeze_score,0,0
M39,train,cycle,159_1b1_Pr_sc_Meditron__7,wheeze_score,0,0
M39,train,cycle,159_1b1_Pr_sc_Meditron__8,wheeze_score,0,0
M39,train,cycle,161_1b1_Al_sc_Meditron__0,wheeze_score,0,1
M39,train,cycle,161_1b1_Al_sc_Meditron__1,wheeze_score,0,1
M39,train,cycle,161_1b1_Al_sc_Meditron__2,wheeze_score,0.05714285714,1
M39,train,cycle,161_1b1_Al_sc_Meditron__3,wheeze_score,0,1
M39,train,cycle,161_1b1_Al_sc_Meditron__4,wheeze_score,0,0
M39,train,cycle,161_1b1_Al_sc_Meditron__5,wheeze_score,0,0
M39,train,cycle,161_1b1_Al_sc_Meditron__6,wheeze_score,0,0
M39,train,cycle,161_1b1_Al_sc_Meditron__7,wheeze_score,0,0
M39,train,cycle,161_1b1_Al_sc_Meditron__8,wheeze_score,0,0
M39,train,cycle,161_1b1_Pl_sc_Meditron__0,wheeze_score,0,0
M39,train,cycle,161_1b1_Pl_sc_Meditron__1,wheeze_score,0,0
M39,train,cycle,161_1b1_Pl_sc_Meditron__2,wheeze_score,0,0
M39,train,cycle,161_1b1_Pl_sc_Meditron__3,wheeze_score,0,1
M39,train,cycle,161_1b1_Pl_sc_Meditron__4,wheeze_score,0,1
M39,train,cycle,161_1b1_Pl_sc_Meditron__5,wheeze_score,0,1
M39,train,cycle,161_1b1_Pl_sc_Meditron__6,wheeze_score,0,1
M39,train,cycle,161_1b1_Pl_sc_Meditron__7,wheeze_score,0,1
M39,train,cycle,161_1b1_Pl_sc_Meditron__8,wheeze_score,0,1
M39,train,cycle,161_1b1_Pl_sc_Meditron__9,wheeze_score,0,1
M39,train,cycle,162_1b2_Al_mc_AKGC417L__0,wheeze_score,0,0
M39,train,cycle,162_1b2_Al_mc_AKGC417L__1,wheeze_score,0.0136761488,0
M39,train,cycle,162_1b2_Al_mc_AKGC417L__2,wheeze_score,0.01404853129,0
M39,train,cycle,162_1b2_Ar_mc_AKGC417L__0,wheeze_score,0,0
M39,train,cycle,162_1b2_Ar_mc_AKGC417L__1,wheeze_score,0.01641137856,1
M39,train,cycle,162_1b2_Ar_mc_AKGC417L__2,wheeze_score,0.04342273308,0
M39,train,cycle,162_1b2_Ll_mc_AKGC417L__0,wheeze_score,0,0
M39,train,cycle,162_1b2_Ll_mc_AKGC417L__1,wheeze_score,0,0
M39,train,cycle,162_1b2_Ll_mc_AKGC417L__2,wheeze_score,0.03448275862,0
M39,train,cycle,162_1b2_Lr_mc_AKGC417L__0,wheeze_score,0,0
M39,train,cycle,162_1b2_Lr_mc_AKGC417L__1,wheeze_score,0,0
M39,train,cycle,162_1b2_Lr_mc_AKGC417L__2,wheeze_score,0,0
M39,train,cycle,162_1b2_Pl_mc_AKGC417L__0,wheeze_score,0,0
M39,train,cycle,162_1b2_Pl_mc_AKGC417L__1,wheeze_score,0,0
M39,train,cycle,162_1b2_Pl_mc_AKGC417L__2,wheeze_score,0.01277139208,0
M39,train,cycle,162_1b2_Pr_mc_AKGC417L__0,wheeze_score,0.02950722927,0
M39,train,cycle,162_1b2_Pr_mc_AKGC417L__1,wheeze_score,0,0
M39,train,cycle,162_1b2_Pr_mc_AKGC417L__2,wheeze_score,0.01404853129,0
M39,train,cycle,162_1b2_Tc_mc_AKGC417L__0,wheeze_score,0.0324579522,0
M39,train,cycle,162_1b2_Tc_mc_AKGC417L__1,wheeze_score,0.03419037199,0
M39,train,cycle,162_1b2_Tc_mc_AKGC417L__2,wheeze_score,0,0
M39,train,cycle,162_2b2_Al_mc_AKGC417L__0,wheeze_score,0,0
M39,train,cycle,162_2b2_Al_mc_AKGC417L__1,wheeze_score,0.02737079375,0
M39,train,cycle,162_2b2_Al_mc_AKGC417L__2,wheeze_score,0.03461770018,0
M39,train,cycle,162_2b2_Al_mc_AKGC417L__3,wheeze_score,0,0
M39,train,cycle,162_2b2_Ar_mc_AKGC417L__0,wheeze_score,0,0
M39,train,cycle,162_2b2_Ar_mc_AKGC417L__1,wheeze_score,0,0
M39,train,cycle,162_2b2_Ar_mc_AKGC417L__2,wheeze_score,0.01505117399,0
M39,train,cycle,162_2b2_Ar_mc_AKGC417L__3,wheeze_score,0.106974754,0
M39,train,cycle,162_2b2_Pl_mc_AKGC417L__0,wheeze_score,0,0
M39,train,cycle,162_2b2_Pl_mc_AKGC417L__1,wheeze_score,0,0
M39,train,cycle,162_2b2_Pl_mc_AKGC417L__2,wheeze_score,0.03762793498,0
M39,train,cycle,162_2b2_Pl_mc_AKGC417L__3,wheeze_score,0.0513478819,0
M39,train,cycle,162_2b2_Pr_mc_AKGC417L__0,wheeze_score,0,0
M39,train,cycle,162_2b2_Pr_mc_AKGC417L__1,wheeze_score,0,0
M39,train,cycle,162_2b2_Pr_mc_AKGC417L__2,wheeze_score,0.03010234798,0
M39,train,cycle,162_2b2_Pr_mc_AKGC417L__3,wheeze_score,0,0
M39,train,cycle,162_2b2_Tc_mc_AKGC417L__0,wheeze_score,0.03138896155,0
M39,train,cycle,162_2b2_Tc_mc_AKGC417L__1,wheeze_score,0.03542102721,0
M39,train,cycle,162_2b2_Tc_mc_AKGC417L__2,wheeze_score,0,0
M39,train,cycle,162_2b2_Tc_mc_AKGC417L__3,wheeze_score,0.05562687206,0
M39,train,cycle,162_2b3_Al_mc_AKGC417L__0,wheeze_score,0,0
M39,train,cycle,162_2b3_Al_mc_AKGC417L__1,wheeze_score,0.03145125056,0
M39,train,cycle,162_2b3_Al_mc_AKGC417L__2,wheeze_score,0.03783102144,0
M39,train,cycle,162_2b3_Al_mc_AKGC417L__3,wheeze_score,0,0
M39,train,cycle,162_2b3_Ar_mc_AKGC417L__0,wheeze_score,0.02756892231,0
M39,train,cycle,162_2b3_Ar_mc_AKGC417L__1,wheeze_score,0.01647446458,0
M39,train,cycle,162_2b3_Ar_mc_AKGC417L__2,wheeze_score,0.08354350567,0
M39,train,cycle,162_2b3_Ar_mc_AKGC417L__3,wheeze_score,0.06417112299,0
M39,train,cycle,162_2b3_Lr_mc_AKGC417L__0,wheeze_score,0,0
M39,train,cycle,162_2b3_Lr_mc_AKGC417L__1,wheeze_score,0,0
M39,train,cycle,162_2b3_Lr_mc_AKGC417L__2,wheeze_score,0,0
M39,train,cycle,162_2b3_Lr_mc_AKGC417L__3,wheeze_score,0,0
M39,train,cycle,162_2b3_Pl_mc_AKGC417L__0,wheeze_score,0,0
M39,train,cycle,162_2b3_Pl_mc_AKGC417L__1,wheeze_score,0.01497678598,0
M39,train,cycle,162_2b3_Pl_mc_AKGC417L__2,wheeze_score,0,0
M39,train,cycle,162_2b3_Pl_mc_AKGC417L__3,wheeze_score,0,0
M39,train,cycle,162_2b3_Pr_mc_AKGC417L__0,wheeze_score,0.02506265664,0
M39,train,cycle,162_2b3_Pr_mc_AKGC417L__1,wheeze_score,0.01647446458,0
M39,train,cycle,162_2b3_Pr_mc_AKGC417L__2,wheeze_score,0,0
M39,train,cycle,162_2b3_Pr_mc_AKGC417L__3,wheeze_score,0,0
M39,train,cycle,162_2b3_Tc_mc_AKGC417L__0,wheeze_score,0,0
M39,train,cycle,162_2b3_Tc_mc_AKGC417L__1,wheeze_score,0.05391642953,0
M39,train,cycle,162_2b3_Tc_mc_AKGC417L__2,wheeze_score,0,0
M39,train,cycle,162_2b3_Tc_mc_AKGC417L__3,wheeze_score,0,0
M39,train,cycle,162_2b4_Al_mc_AKGC417L__0,wheeze_score,0.24016891,0
M39,train,cycle,162_2b4_Al_mc_AKGC417L__1,wheeze_score,0.1849812817,0
M39,train,cycle,162_2b4_Al_mc_AKGC417L__2,wheeze_score,0.2128490529,0
M39,train,cycle,162_2b4_Al_mc_AKGC417L__3,wheeze_score,0.2916666667,0
M39,train,cycle,162_2b4_Ar_mc_AKGC417L__0,wheeze_score,0.08181578253,0
M39,train,cycle,162_2b4_Ar_mc_AKGC417L__1,wheeze_score,0.08147985025,0
M39,train,cycle,162_2b4_Ar_mc_AKGC417L__2,wheeze_score,0.07810974419,0
M39,train,cycle,162_2b4_Ar_mc_AKGC417L__3,wheeze_score,0.25,0
M39,train,cycle,162_2b4_Lr_mc_AKGC417L__0,wheeze_score,0,0
M39,train,cycle,162_2b4_Lr_mc_AKGC417L__1,wheeze_score,0,0
M39,train,cycle,162_2b4_Lr_mc_AKGC417L__2,wheeze_score,0,0
M39,train,cycle,162_2b4_Lr_mc_AKGC417L__3,wheeze_score,0,0
M39,train,cycle,162_2b4_Pl_mc_AKGC417L__0,wheeze_score,0,0
M39,train,cycle,162_2b4_Pl_mc_AKGC417L__1,wheeze_score,0,0
M39,train,cycle,162_2b4_Pl_mc_AKGC417L__2,wheeze_score,0.01952743605,0
M39,train,cycle,162_2b4_Pl_mc_AKGC417L__3,wheeze_score,0,0
M39,train,cycle,162_2b4_Pr_mc_AKGC417L__0,wheeze_score,0.04222750066,1
M39,train,cycle,162_2b4_Pr_mc_AKGC417L__1,wheeze_score,0,0
M39,train,cycle,162_2b4_Pr_mc_AKGC417L__2,wheeze_score,0,0
M39,train,cycle,162_2b4_Pr_mc_AKGC417L__3,wheeze_score,0.07738095238,0
M39,train,cycle,162_2b4_Tc_mc_AKGC417L__0,wheeze_score,0.126682502,0
M39,train,cycle,162_2b4_Tc_mc_AKGC417L__1,wheeze_score,0,0
M39,train,cycle,162_2b4_Tc_mc_AKGC417L__2,wheeze_score,0,0
M39,train,cycle,162_2b4_Tc_mc_AKGC417L__3,wheeze_score,0,0
M39,train,cycle,163_2b2_Al_mc_AKGC417L__0,wheeze_score,0.03475935829,0
M39,train,cycle,163_2b2_Al_mc_AKGC417L__1,wheeze_score,0,0
M39,train,cycle,163_2b2_Al_mc_AKGC417L__2,wheeze_score,0,0
M39,train,cycle,163_2b2_Al_mc_AKGC417L__3,wheeze_score,0,0
M39,train,cycle,163_2b2_Al_mc_AKGC417L__4,wheeze_score,0,0
M39,train,cycle,163_2b2_Ar_mc_AKGC417L__0,wheeze_score,0,0
M39,train,cycle,163_2b2_Ar_mc_AKGC417L__1,wheeze_score,0,0
M39,train,cycle,163_2b2_Ar_mc_AKGC417L__2,wheeze_score,0,0
M39,train,cycle,163_2b2_Ar_mc_AKGC417L__3,wheeze_score,0,0
M39,train,cycle,163_2b2_Ar_mc_AKGC417L__4,wheeze_score,0,0
M39,train,cycle,163_2b2_Ll_mc_AKGC417L__0,wheeze_score,0,0
M39,train,cycle,163_2b2_Ll_mc_AKGC417L__1,wheeze_score,0,0
M39,train,cycle,163_2b2_Ll_mc_AKGC417L__2,wheeze_score,0.05952380952,0
M39,train,cycle,163_2b2_Ll_mc_AKGC417L__3,wheeze_score,0.02431906615,0
M39,train,cycle,163_2b2_Ll_mc_AKGC417L__4,wheeze_score,0,0
M39,train,cycle,163_2b2_Lr_mc_AKGC417L__0,wheeze_score,0.04812834225,0
M39,train,cycle,163_2b2_Lr_mc_AKGC417L__1,wheeze_score,0,0
M39,train,cycle,163_2b2_Lr_mc_AKGC417L__2,wheeze_score,0.04464285714,0
M39,train,cycle,163_2b2_Lr_mc_AKGC417L__3,wheeze_score,0,0
M39,train,cycle,163_2b2_Lr_mc_AKGC417L__4,wheeze_score,0,0
M39,train,cycle,163_2b2_Pl_mc_AKGC417L__0,wheeze_score,0,0
M39,train,cycle,163_2b2_Pl_mc_AKGC417L__1,wheeze_score,0,0
M39,train,cycle,163_2b2_Pl_mc_AKGC417L__2,wheeze_score,0,0
M39,train,cycle,163_2b2_Pl_mc_AKGC417L__3,wheeze_score,0,0
M39,train,cycle,163_2b2_Pl_mc_AKGC417L__4,wheeze_score,0,0
M39,train,cycle,163_2b2_Pr_mc_AKGC417L__0,wheeze_score,0.02673796791,0
M39,train,cycle,163_2b2_Pr_mc_AKGC417L__1,wheeze_score,0,0
M39,train,cycle,163_2b2_Pr_mc_AKGC417L__2,wheeze_score,0.0212585034,0
M39,train,cycle,163_2b2_Pr_mc_AKGC417L__3,wheeze_score,0.03404669261,0
M39,train,cycle,163_2b2_Pr_mc_AKGC417L__4,wheeze_score,0,0
M39,train,cycle,163_2b2_Tc_mc_AKGC417L__0,wheeze_score,0.03743315508,0
M39,train,cycle,163_2b2_Tc_mc_AKGC417L__1,wheeze_score,0.0208855472,0
M39,train,cycle,163_2b2_Tc_mc_AKGC417L__2,wheeze_score,0.0744047619,0
M39,train,cycle,163_2b2_Tc_mc_AKGC417L__3,wheeze_score,0.02675097276,0
M39,train,cycle,163_2b2_Tc_mc_AKGC417L__4,wheeze_score,0,0
M39,train,cycle,163_8b3_Al_mc_AKGC417L__0,wheeze_score,0.2160216022,0
M39,train,cycle,163_8b3_Al_mc_AKGC417L__1,wheeze_score,0.1551667217,0
M39,train,cycle,163_8b3_Al_mc_AKGC417L__2,wheeze_score,0.02869440459,0
M39,train,cycle,163_8b3_Al_mc_AKGC417L__3,wheeze_score,0.1229754049,0
M39,train,cycle,163_8b3_Al_mc_AKGC417L__4,wheeze_score,0.0550660793,0
M39,train,cycle,163_8b3_Al_mc_AKGC417L__5,wheeze_score,0.118751726,0
M39,train,cycle,163_8b3_Ar_mc_AKGC417L__0,wheeze_score,0.1800180018,0
M39,train,cycle,163_8b3_Ar_mc_AKGC417L__1,wheeze_score,0.1089468471,0
M39,train,cycle,163_8b3_Ar_mc_AKGC417L__2,wheeze_score,0,0
M39,train,cycle,163_8b3_Ar_mc_AKGC417L__3,wheeze_score,0.08098380324,0
M39,train,cycle,163_8b3_Ar_mc_AKGC417L__4,wheeze_score,0.0624082232,0
M39,train,cycle,163_8b3_Ar_mc_AKGC417L__5,wheeze_score,0.1297983982,0
M39,train,cycle,163_8b3_Ll_mc_AKGC417L__0,wheeze_score,0,0
M39,train,cycle,163_8b3_Ll_mc_AKGC417L__1,wheeze_score,0.04291845494,0
M39,train,cycle,163_8b3_Ll_mc_AKGC417L__2,wheeze_score,0.03156384505,0
M39,train,cycle,163_8b3_Ll_mc_AKGC417L__3,wheeze_score,0.04199160168,0
M39,train,cycle,163_8b3_Ll_mc_AKGC417L__4,wheeze_score,0.09544787078,0
M39,train,cycle,163_8b3_Ll_mc_AKGC417L__5,wheeze_score,0.057995029,0
M39,train,cycle,163_8b3_Lr_mc_AKGC417L__0,wheeze_score,0.2340234023,0
M39,train,cycle,163_8b3_Lr_mc_AKGC417L__1,wheeze_score,0.1518653021,0
M39,train,cycle,163_8b3_Lr_mc_AKGC417L__2,wheeze_score,0.1004304161,0
M39,train,cycle,163_8b3_Lr_mc_AKGC417L__3,wheeze_score,0.1379724055,0
M39,train,cycle,163_8b3_Lr_mc_AKGC417L__4,wheeze_score,0.2092511013,0
M39,train,cycle,163_8b3_Lr_mc_AKGC417L__5,wheeze_score,0.1491300746,0
M39,train,cycle,163_8b3_Pl_mc_AKGC417L__0,wheeze_score,0.3630363036,0
M39,train,cycle,163_8b3_Pl_mc_AKGC417L__1,wheeze_score,0.2938263453,0
M39,train,cycle,163_8b3_Pl_mc_AKGC417L__2,wheeze_score,0.1233859397,0
M39,train,cycle,163_8b3_Pl_mc_AKGC417L__3,wheeze_score,0.09898020396,0
M39,train,cycle,163_8b3_Pl_mc_AKGC417L__4,wheeze_score,0.3964757709,0
M39,train,cycle,163_8b3_Pl_mc_AKGC417L__5,wheeze_score,0.09389671362,0
M39,train,cycle,163_8b3_Pr_mc_AKGC417L__0,wheeze_score,0.3420342034,0
M39,train,cycle,163_8b3_Pr_mc_AKGC417L__1,wheeze_score,0.5480356553,0
M39,train,cycle,163_8b3_Pr_mc_AKGC417L__2,wheeze_score,0.2295552367,0
M39,train,cycle,163_8b3_Pr_mc_AKGC417L__3,wheeze_score,0.2579484103,0
M39,train,cycle,163_8b3_Pr_mc_AKGC417L__4,wheeze_score,0.3303964758,0
M39,train,cycle,163_8b3_Pr_mc_AKGC417L__5,wheeze_score,0.5164319249,0
M39,train,cycle,164_1b1_Ll_sc_Meditron__0,wheeze_score,0.2424242424,1
M39,train,cycle,164_1b1_Ll_sc_Meditron__1,wheeze_score,0.1957295374,1
M39,train,cycle,164_1b1_Ll_sc_Meditron__2,wheeze_score,0,0
M39,train,cycle,164_1b1_Ll_sc_Meditron__3,wheeze_score,0.2100350058,0
M39,train,cycle,164_1b1_Ll_sc_Meditron__4,wheeze_score,0.06433350489,0
M39,train,cycle,164_1b1_Ll_sc_Meditron__5,wheeze_score,0,1
M39,train,cycle,164_1b1_Ll_sc_Meditron__6,wheeze_score,0.07446016381,0
M39,train,cycle,164_1b1_Ll_sc_Meditron__7,wheeze_score,0.05834305718,0
M39,train,cycle,164_1b1_Ll_sc_Meditron__8,wheeze_score,0.3574087863,0
M39,train,cycle,164_1b1_Ll_sc_Meditron__9,wheeze_score,0,0
M39,train,cycle,166_1p1_Al_sc_Meditron__0,wheeze_score,0,0
M39,train,cycle,166_1p1_Al_sc_Meditron__1,wheeze_score,0,0
M39,train,cycle,166_1p1_Al_sc_Meditron__2,wheeze_score,0,0
M39,train,cycle,166_1p1_Al_sc_Meditron__3,wheeze_score,0,0
M39,train,cycle,166_1p1_Al_sc_Meditron__4,wheeze_score,0,0
M39,train,cycle,166_1p1_Al_sc_Meditron__5,wheeze_score,0,0
M39,train,cycle,166_1p1_Al_sc_Meditron__6,wheeze_score,0,0
M39,train,cycle,166_1p1_Al_sc_Meditron__7,wheeze_score,0,0
M39,train,cycle,166_1p1_Al_sc_Meditron__8,wheeze_score,0,0
M39,train,cycle,166_1p1_Al_sc_Meditron__9,wheeze_score,0,0
M39,train,cycle,166_1p1_Al_sc_Meditron__10,wheeze_score,0,0
M39,train,cycle,166_1p1_Al_sc_Meditron__11,wheeze_score,0,0
M39,train,cycle,166_1p1_Al_sc_Meditron__12,wheeze_score,0,0
M39,train,cycle,166_1p1_Al_sc_Meditron__13,wheeze_score,0,0
M39,train,cycle,166_1p1_Al_sc_Meditron__14,wheeze_score,0,0
M39,train,cycle,166_1p1_Al_sc_Meditron__15,wheeze_score,0,0
M39,train,cycle,166_1p1_Al_sc_Meditron__16,wheeze_score,0,0
M39,train,cycle,166_1p1_Ar_sc_Meditron__0,wheeze_score,0,0
M39,train,cycle,166_1p1_Ar_sc_Meditron__1,wheeze_score,0,0
M39,train,cycle,166_1p1_Ar_sc_Meditron__2,wheeze_score,0,0
M39,train,cycle,166_1p1_Ar_sc_Meditron__3,wheeze_score,0,0
M39,train,cycle,166_1p1_Ar_sc_Meditron__4,wheeze_score,0,0
M39,train,cycle,166_1p1_Ar_sc_Meditron__5,wheeze_score,0,0
M39,train,cycle,166_1p1_Ar_sc_Meditron__6,wheeze_score,0,0
M39,train,cycle,166_1p1_Ar_sc_Meditron__7,wheeze_score,0,0
M39,train,cycle,166_1p1_Ar_sc_Meditron__8,wheeze_score,0,0
M39,train,cycle,166_1p1_Ar_sc_Meditron__9,wheeze_score,0,0
M39,train,cycle,166_1p1_Ar_sc_Meditron__10,wheeze_score,0,0
M39,train,cycle,166_1p1_Ar_sc_Meditron__11,wheeze_score,0,0
M39,train,cycle,166_1p1_Ar_sc_Meditron__12,wheeze_score,0,0
M39,train,cycle,166_1p1_Ar_sc_Meditron__13,wheeze_score,0,0
M39,train,cycle,166_1p1_Ar_sc_Meditron__14,wheeze_score,0,0
M39,train,cycle,166_1p1_Ar_sc_Meditron__15,wheeze_score,0,0
M39,train,cycle,166_1p1_Ar_sc_Meditron__16,wheeze_score,0,0
M39,train,cycle,166_1p1_Ar_sc_Meditron__17,wheeze_score,0,0
M39,train,cycle,166_1p1_Ar_sc_Meditron__18,wheeze_score,0,0
M39,train,cycle,166_1p1_Ar_sc_Meditron__19,wheeze_score,0,0
M39,train,cycle,166_1p1_Ar_sc_Meditron__20,wheeze_score,0,0
M39,train,cycle,166_1p1_Ar_sc_Meditron__21,wheeze_score,0,0
M39,train,cycle,166_1p1_Ar_sc_Meditron__22,wheeze_score,0,0
M39,train,cycle,166_1p1_Ar_sc_Meditron__23,wheeze_score,0,0
M39,train,cycle,166_1p1_Ar_sc_Meditron__24,wheeze_score,0,0
M39,train,cycle,166_1p1_Ll_sc_Meditron__0,wheeze_score,0,0
M39,train,cycle,166_1p1_Ll_sc_Meditron__1,wheeze_score,0,0
M39,train,cycle,166_1p1_Ll_sc_Meditron__2,wheeze_score,0,0
M39,train,cycle,166_1p1_Ll_sc_Meditron__3,wheeze_score,0,0
M39,train,cycle,166_1p1_Ll_sc_Meditron__4,wheeze_score,0,0
M39,train,cycle,166_1p1_Ll_sc_Meditron__5,wheeze_score,0,0
M39,train,cycle,166_1p1_Ll_sc_Meditron__6,wheeze_score,0,0
M39,train,cycle,166_1p1_Ll_sc_Meditron__7,wheeze_score,0,0
M39,train,cycle,166_1p1_Ll_sc_Meditron__8,wheeze_score,0,0
M39,train,cycle,166_1p1_Ll_sc_Meditron__9,wheeze_score,0,0
M39,train,cycle,166_1p1_Ll_sc_Meditron__10,wheeze_score,0,0
M39,train,cycle,166_1p1_Ll_sc_Meditron__11,wheeze_score,0,0
M39,train,cycle,166_1p1_Ll_sc_Meditron__12,wheeze_score,0,0
M39,train,cycle,166_1p1_Ll_sc_Meditron__13,wheeze_score,0,0
M39,train,cycle,166_1p1_Ll_sc_Meditron__14,wheeze_score,0,0
M39,train,cycle,166_1p1_Ll_sc_Meditron__15,wheeze_score,0,0
M39,train,cycle,166_1p1_Ll_sc_Meditron__16,wheeze_score,0,0
M39,train,cycle,166_1p1_Ll_sc_Meditron__17,wheeze_score,0,0
M39,train,cycle,166_1p1_Ll_sc_Meditron__18,wheeze_score,0,0
M39,train,cycle,166_1p1_Ll_sc_Meditron__19,wheeze_score,0,0
M39,train,cycle,166_1p1_Ll_sc_Meditron__20,wheeze_score,0,0
M39,train,cycle,166_1p1_Ll_sc_Meditron__21,wheeze_score,0,0
M39,train,cycle,166_1p1_Ll_sc_Meditron__22,wheeze_score,0,0
M39,train,cycle,166_1p1_Ll_sc_Meditron__23,wheeze_score,0,0
M39,train,cycle,166_1p1_Ll_sc_Meditron__24,wheeze_score,0,0
M39,train,cycle,166_1p1_Pl_sc_Meditron__0,wheeze_score,0,0
M39,train,cycle,166_1p1_Pl_sc_Meditron__1,wheeze_score,0,0
M39,train,cycle,166_1p1_Pl_sc_Meditron__2,wheeze_score,0,0
M39,train,cycle,166_1p1_Pl_sc_Meditron__3,wheeze_score,0,0
M39,train,cycle,166_1p1_Pl_sc_Meditron__4,wheeze_score,0,0
M39,train,cycle,166_1p1_Pl_sc_Meditron__5,wheeze_score,0,0
M39,train,cycle,166_1p1_Pl_sc_Meditron__6,wheeze_score,0,0
M39,train,cycle,166_1p1_Pl_sc_Meditron__7,wheeze_score,0,0
M39,train,cycle,166_1p1_Pl_sc_Meditron__8,wheeze_score,0,0
M39,train,cycle,166_1p1_Pl_sc_Meditron__9,wheeze_score,0,0
M39,train,cycle,166_1p1_Pl_sc_Meditron__10,wheeze_score,0,0
M39,train,cycle,166_1p1_Pl_sc_Meditron__11,wheeze_score,0,0
M39,train,cycle,166_1p1_Pl_sc_Meditron__12,wheeze_score,0,0
M39,train,cycle,166_1p1_Pl_sc_Meditron__13,wheeze_score,0,0
M39,train,cycle,166_1p1_Pl_sc_Meditron__14,wheeze_score,0,0
M39,train,cycle,166_1p1_Pl_sc_Meditron__15,wheeze_score,0,0
M39,train,cycle,166_1p1_Pl_sc_Meditron__16,wheeze_score,0,0
M39,train,cycle,166_1p1_Pl_sc_Meditron__17,wheeze_score,0,0
M39,train,cycle,166_1p1_Pl_sc_Meditron__18,wheeze_score,0,0
M39,train,cycle,166_1p1_Pl_sc_Meditron__19,wheeze_score,0,0
M39,train,cycle,166_1p1_Pl_sc_Meditron__20,wheeze_score,0,0
M39,train,cycle,166_1p1_Pl_sc_Meditron__21,wheeze_score,0,0
M39,train,cycle,166_1p1_Pl_sc_Meditron__22,wheeze_score,0,0
M39,train,cycle,166_1p1_Pl_sc_Meditron__23,wheeze_score,0,0
M39,train,cycle,166_1p1_Pr_sc_Meditron__0,wheeze_score,0,0
M39,train,cycle,166_1p1_Pr_sc_Meditron__1,wheeze_score,0,0
M39,train,cycle,166_1p1_Pr_sc_Meditron__2,wheeze_score,0,0
M39,train,cycle,166_1p1_Pr_sc_Meditron__3,wheeze_score,0,1
M39,train,cycle,166_1p1_Pr_sc_Meditron__4,wheeze_score,0,1
M39,train,cycle,166_1p1_Pr_sc_Meditron__5,wheeze_score,0,0
M39,train,cycle,166_1p1_Pr_sc_Meditron__6,wheeze_score,0,0
M39,train,cycle,166_1p1_Pr_sc_Meditron__7,wheeze_score,0,0
M39,train,cycle,166_1p1_Pr_sc_Meditron__8,wheeze_score,0,0
M39,train,cycle,166_1p1_Pr_sc_Meditron__9,wheeze_score,0,0
M39,train,cycle,166_1p1_Pr_sc_Meditron__10,wheeze_score,0,0
M39,train,cycle,166_1p1_Pr_sc_Meditron__11,wheeze_score,0,0
M39,train,cycle,166_1p1_Pr_sc_Meditron__12,wheeze_score,0,0
M39,train,cycle,166_1p1_Pr_sc_Meditron__13,wheeze_score,0.06261740764,0
M39,train,cycle,166_1p1_Pr_sc_Meditron__14,wheeze_score,0,0
M39,train,cycle,166_1p1_Pr_sc_Meditron__15,wheeze_score,0,1
M39,train,cycle,166_1p1_Pr_sc_Meditron__16,wheeze_score,0,0
M39,train,cycle,166_1p1_Pr_sc_Meditron__17,wheeze_score,0,0
M39,train,cycle,166_1p1_Pr_sc_Meditron__18,wheeze_score,0,0
M39,train,cycle,166_1p1_Pr_sc_Meditron__19,wheeze_score,0,0
M39,train,cycle,166_1p1_Pr_sc_Meditron__20,wheeze_score,0,0
M39,train,cycle,166_1p1_Pr_sc_Meditron__21,wheeze_score,0,0
M39,train,cycle,166_1p1_Pr_sc_Meditron__22,wheeze_score,0,0
M39,train,cycle,166_1p1_Pr_sc_Meditron__23,wheeze_score,0,0
M39,train,cycle,167_1b1_Al_sc_Meditron__0,wheeze_score,0,0
M39,train,cycle,167_1b1_Al_sc_Meditron__1,wheeze_score,0,0
M39,train,cycle,167_1b1_Al_sc_Meditron__2,wheeze_score,0,0
M39,train,cycle,167_1b1_Al_sc_Meditron__3,wheeze_score,0,0
M39,train,cycle,167_1b1_Al_sc_Meditron__4,wheeze_score,0,0
M39,train,cycle,167_1b1_Al_sc_Meditron__5,wheeze_score,0.1400147384,0
M39,train,cycle,167_1b1_Al_sc_Meditron__6,wheeze_score,0,0
M39,train,cycle,167_1b1_Al_sc_Meditron__7,wheeze_score,0,0
M39,train,cycle,167_1b1_Al_sc_Meditron__8,wheeze_score,0,0
M39,train,cycle,167_1b1_Al_sc_Meditron__9,wheeze_score,0,0
M39,train,cycle,167_1b1_Al_sc_Meditron__10,wheeze_score,0,0
M39,train,cycle,167_1b1_Al_sc_Meditron__11,wheeze_score,0,0
M39,train,cycle,167_1b1_Al_sc_Meditron__12,wheeze_score,0,0
M39,train,cycle,167_1b1_Pr_sc_Meditron__0,wheeze_score,0,0
M39,train,cycle,167_1b1_Pr_sc_Meditron__1,wheeze_score,0,1
M39,train,cycle,167_1b1_Pr_sc_Meditron__2,wheeze_score,0,1
M39,train,cycle,167_1b1_Pr_sc_Meditron__3,wheeze_score,0,0
M39,train,cycle,167_1b1_Pr_sc_Meditron__4,wheeze_score,0,1
M39,train,cycle,167_1b1_Pr_sc_Meditron__5,wheeze_score,0,1
M39,train,cycle,167_1b1_Pr_sc_Meditron__6,wheeze_score,0.07446016381,1
M39,train,cycle,167_1b1_Pr_sc_Meditron__7,wheeze_score,0,0
M39,train,cycle,167_1b1_Pr_sc_Meditron__8,wheeze_score,0,0
M39,train,cycle,167_1b1_Pr_sc_Meditron__9,wheeze_score,0,1
M39,train,cycle,167_1b1_Pr_sc_Meditron__10,wheeze_score,0,1
M39,train,cycle,167_1b1_Pr_sc_Meditron__11,wheeze_score,0,0
M39,train,cycle,167_1b1_Pr_sc_Meditron__12,wheeze_score,0,0
M39,train,cycle,167_1b1_Pr_sc_Meditron__13,wheeze_score,0,0
M39,train,cycle,167_1b1_Pr_sc_Meditron__14,wheeze_score,0.12,1
M39,train,cycle,168_1b1_Al_sc_Meditron__0,wheeze_score,0.05416666667,0
M39,train,cycle,168_1b1_Al_sc_Meditron__1,wheeze_score,0.07818052594,0
M39,train,cycle,168_1b1_Al_sc_Meditron__2,wheeze_score,0.0315258512,0
M39,train,cycle,168_1b1_Al_sc_Meditron__3,wheeze_score,0,0
M39,train,cycle,168_1b1_Al_sc_Meditron__4,wheeze_score,0.06576402321,0
M39,train,cycle,168_1b1_Al_sc_Meditron__5,wheeze_score,0.03619909502,0
M39,train,cycle,168_1b1_Al_sc_Meditron__6,wheeze_score,0.04550227511,0
M39,train,cycle,172_1b3_Al_mc_AKGC417L__0,wheeze_score,0.05547337278,0
M39,train,cycle,172_1b3_Al_mc_AKGC417L__1,wheeze_score,0.07147719537,0
M39,train,cycle,172_1b3_Al_mc_AKGC417L__2,wheeze_score,0,0
M39,train,cycle,172_1b3_Al_mc_AKGC417L__3,wheeze_score,0.05143277002,0
M39,train,cycle,172_1b3_Al_mc_AKGC417L__4,wheeze_score,0.05446623094,0
M39,train,cycle,172_1b3_Al_mc_AKGC417L__5,wheeze_score,0.04203152364,0
M39,train,cycle,172_1b3_Al_mc_AKGC417L__6,wheeze_score,0.04159733777,0
M39,train,cycle,172_1b3_Ar_mc_AKGC417L__0,wheeze_score,0,0
M39,train,cycle,172_1b3_Ar_mc_AKGC417L__1,wheeze_score,0,0
M39,train,cycle,172_1b3_Ar_mc_AKGC417L__2,wheeze_score,0.05297473513,0
M39,train,cycle,172_1b3_Ar_mc_AKGC417L__3,wheeze_score,0,0
M39,train,cycle,172_1b3_Ar_mc_AKGC417L__4,wheeze_score,0.03631082062,0
M39,train,cycle,172_1b3_Ar_mc_AKGC417L__5,wheeze_score,0,0
M39,train,cycle,172_1b3_Ar_mc_AKGC417L__6,wheeze_score,0,0
M39,train,cycle,172_1b3_Ll_mc_AKGC417L__0,wheeze_score,0,0
M39,train,cycle,172_1b3_Ll_mc_AKGC417L__1,wheeze_score,0,0
M39,train,cycle,172_1b3_Ll_mc_AKGC417L__2,wheeze_score,0,0
M39,train,cycle,172_1b3_Ll_mc_AKGC417L__3,wheeze_score,0,0
M39,train,cycle,172_1b3_Ll_mc_AKGC417L__4,wheeze_score,0.09803921569,0
M39,train,cycle,172_1b3_Ll_mc_AKGC417L__5,wheeze_score,0,0
M39,train,cycle,172_1b3_Ll_mc_AKGC417L__6,wheeze_score,0,0
M39,train,cycle,172_1b3_Lr_mc_AKGC417L__0,wheeze_score,0,0
M39,train,cycle,172_1b3_Lr_mc_AKGC417L__1,wheeze_score,0,0
M39,train,cycle,172_1b3_Lr_mc_AKGC417L__2,wheeze_score,0,0
M39,train,cycle,172_1b3_Lr_mc_AKGC417L__3,wheeze_score,0,0
M39,train,cycle,172_1b3_Lr_mc_AKGC417L__4,wheeze_score,0,0
M39,train,cycle,172_1b3_Lr_mc_AKGC417L__5,wheeze_score,0,0
M39,train,cycle,172_1b3_Lr_mc_AKGC417L__6,wheeze_score,0,0
M39,train,cycle,172_1b3_Pl_mc_AKGC417L__0,wheeze_score,0,0
M39,train,cycle,172_1b3_Pl_mc_AKGC417L__1,wheeze_score,0,0
M39,train,cycle,172_1b3_Pl_mc_AKGC417L__2,wheeze_score,0,0
M39,train,cycle,172_1b3_Pl_mc_AKGC417L__3,wheeze_score,0.04041146216,0
M39,train,cycle,172_1b3_Pl_mc_AKGC417L__4,wheeze_score,0.03631082062,0
M39,train,cycle,172_1b3_Pl_mc_AKGC417L__5,wheeze_score,0,0
M39,train,cycle,172_1b3_Pl_mc_AKGC417L__6,wheeze_score,0,0
M39,train,cycle,172_1b3_Pr_mc_AKGC417L__0,wheeze_score,0,0
M39,train,cycle,172_1b3_Pr_mc_AKGC417L__1,wheeze_score,0,0
M39,train,cycle,172_1b3_Pr_mc_AKGC417L__2,wheeze_score,0,0
M39,train,cycle,172_1b3_Pr_mc_AKGC417L__3,wheeze_score,0.03673769287,0
M39,train,cycle,172_1b3_Pr_mc_AKGC417L__4,wheeze_score,0,0
M39,train,cycle,172_1b3_Pr_mc_AKGC417L__5,wheeze_score,0,0
M39,train,cycle,172_1b3_Pr_mc_AKGC417L__6,wheeze_score,0,0
M39,train,cycle,172_1b3_Tc_mc_AKGC417L__0,wheeze_score,0.04068047337,0
M39,train,cycle,172_1b3_Tc_mc_AKGC417L__1,wheeze_score,0.05105513955,0
M39,train,cycle,172_1b3_Tc_mc_AKGC417L__2,wheeze_score,0.05704971475,0
M39,train,cycle,172_1b3_Tc_mc_AKGC417L__3,wheeze_score,0,0
M39,train,cycle,172_1b3_Tc_mc_AKGC417L__4,wheeze_score,0.07625272331,0
M39,train,cycle,172_1b3_Tc_mc_AKGC417L__5,wheeze_score,0.1295971979,0
M39,train,cycle,172_1b3_Tc_mc_AKGC417L__6,wheeze_score,0.04159733777,0
M39,train,cycle,172_1b4_Al_mc_AKGC417L__0,wheeze_score,0,0
M39,train,cycle,172_1b4_Al_mc_AKGC417L__1,wheeze_score,0.09213051823,1
M39,train,cycle,172_1b4_Al_mc_AKGC417L__2,wheeze_score,0.0430696946,1
M39,train,cycle,172_1b4_Al_mc_AKGC417L__3,wheeze_score,0,1
M39,train,cycle,172_1b4_Al_mc_AKGC417L__4,wheeze_score,0.0304136253,0
M39,train,cycle,172_1b4_Al_mc_AKGC417L__5,wheeze_score,0,0
M39,train,cycle,172_1b4_Ar_mc_AKGC417L__0,wheeze_score,0,0
M39,train,cycle,172_1b4_Ar_mc_AKGC417L__1,wheeze_score,0,1
M39,train,cycle,172_1b4_Ar_mc_AKGC417L__2,wheeze_score,0.1683633516,1
M39,train,cycle,172_1b4_Ar_mc_AKGC417L__3,wheeze_score,0,1
M39,train,cycle,172_1b4_Ar_mc_AKGC417L__4,wheeze_score,0.0304136253,1
M39,train,cycle,172_1b4_Ar_mc_AKGC417L__5,wheeze_score,0,0
M39,train,cycle,172_1b4_Ll_mc_AKGC417L__0,wheeze_score,0,0
M39,train,cycle,172_1b4_Ll_mc_AKGC417L__1,wheeze_score,0.1535508637,1
M39,train,cycle,172_1b4_Ll_mc_AKGC417L__2,wheeze_score,0,1
M39,train,cycle,172_1b4_Ll_mc_AKGC417L__3,wheeze_score,0,1
M39,train,cycle,172_1b4_Ll_mc_AKGC417L__4,wheeze_score,0,0
M39,train,cycle,172_1b4_Ll_mc_AKGC417L__5,wheeze_score,0,0
M39,train,cycle,172_1b4_Lr_mc_AKGC417L__0,wheeze_score,0,0
M39,train,cycle,172_1b4_Lr_mc_AKGC417L__1,wheeze_score,0,1
M39,train,cycle,172_1b4_Lr_mc_AKGC417L__2,wheeze_score,0,1
M39,train,cycle,172_1b4_Lr_mc_AKGC417L__3,wheeze_score,0,1
M39,train,cycle,172_1b4_Lr_mc_AKGC417L__4,wheeze_score,0,1
M39,train,cycle,172_1b4_Lr_mc_AKGC417L__5,wheeze_score,0,0
M39,train,cycle,172_1b4_Pl_mc_AKGC417L__0,wheeze_score,0.05823627288,0
M39,train,cycle,172_1b4_Pl_mc_AKGC417L__1,wheeze_score,0.2955854127,1
M39,train,cycle,172_1b4_Pl_mc_AKGC417L__2,wheeze_score,0.3288958496,1
M39,train,cycle,172_1b4_Pl_mc_AKGC417L__3,wheeze_score,0.08359456635,1
M39,train,cycle,172_1b4_Pl_mc_AKGC417L__4,wheeze_score,0.1094890511,0
M39,train,cycle,172_1b4_Pl_mc_AKGC417L__5,wheeze_score,0,1
M39,train,cycle,172_1b4_Pr_mc_AKGC417L__0,wheeze_score,0.04159733777,0
M39,train,cycle,172_1b4_Pr_mc_AKGC417L__1,wheeze_score,0.1381957774,1
M39,train,cycle,172_1b4_Pr_mc_AKGC417L__2,wheeze_score,0.1918559123,1
M39,train,cycle,172_1b4_Pr_mc_AKGC417L__3,wheeze_score,0.08707767328,1
M39,train,cycle,172_1b4_Pr_mc_AKGC417L__4,wheeze_score,0,0
M39,train,cycle,172_1b4_Pr_mc_AKGC417L__5,wheeze_score,0,0
M39,train,cycle,172_1b4_Tc_mc_AKGC417L__0,wheeze_score,0.1455906822,0
M39,train,cycle,172_1b4_Tc_mc_AKGC417L__1,wheeze_score,0.2341650672,1
M39,train,cycle,172_1b4_Tc_mc_AKGC417L__2,wheeze_score,0.2388410337,1
M39,train,cycle,172_1b4_Tc_mc_AKGC417L__3,wheeze_score,0.1637060258,1
M39,train,cycle,172_1b4_Tc_mc_AKGC417L__4,wheeze_score,0.1642335766,0
M39,train,cycle,172_1b4_Tc_mc_AKGC417L__5,wheeze_score,0,0
M39,train,cycle,172_1b5_Al_mc_AKGC417L__0,wheeze_score,0.1127965772,0
M39,train,cycle,172_1b5_Al_mc_AKGC417L__1,wheeze_score,0,1
M39,train,cycle,172_1b5_Al_mc_AKGC417L__2,wheeze_score,0,0
M39,train,cycle,172_1b5_Al_mc_AKGC417L__3,wheeze_score,0,0
M39,train,cycle,172_1b5_Al_mc_AKGC417L__4,wheeze_score,0.03108222662,0
M39,train,cycle,172_1b5_Al_mc_AKGC417L__5,wheeze_score,0,0
M39,train,cycle,172_1b5_Al_mc_AKGC417L__6,wheeze_score,0,0
M39,train,cycle,172_1b5_Ar_mc_AKGC417L__0,wheeze_score,0,0
M39,train,cycle,172_1b5_Ar_mc_AKGC417L__1,wheeze_score,0,1
M39,train,cycle,172_1b5_Ar_mc_AKGC417L__2,wheeze_score,0,0
M39,train,cycle,172_1b5_Ar_mc_AKGC417L__3,wheeze_score,0,0
M39,train,cycle,172_1b5_Ar_mc_AKGC417L__4,wheeze_score,0,0
M39,train,cycle,172_1b5_Ar_mc_AKGC417L__5,wheeze_score,0,0
M39,train,cycle,172_1b5_Ar_mc_AKGC417L__6,wheeze_score,0,0
M39,train,cycle,172_1b5_Ll_mc_AKGC417L__0,wheeze_score,0,0
M39,train,cycle,172_1b5_Ll_mc_AKGC417L__1,wheeze_score,0,1
M39,train,cycle,172_1b5_Ll_mc_AKGC417L__2,wheeze_score,0,0
M39,train,cycle,172_1b5_Ll_mc_AKGC417L__3,wheeze_score,0.04169825625,0
M39,train,cycle,172_1b5_Ll_mc_AKGC417L__4,wheeze_score,0,0
M39,train,cycle,172_1b5_Ll_mc_AKGC417L__5,wheeze_score,0,0
M39,train,cycle,172_1b5_Ll_mc_AKGC417L__6,wheeze_score,0,0
M39,train,cycle,172_1b5_Lr_mc_AKGC417L__0,wheeze_score,0,0
M39,train,cycle,172_1b5_Lr_mc_AKGC417L__1,wheeze_score,0,1
M39,train,cycle,172_1b5_Lr_mc_AKGC417L__2,wheeze_score,0,0
M39,train,cycle,172_1b5_Lr_mc_AKGC417L__3,wheeze_score,0,0
M39,train,cycle,172_1b5_Lr_mc_AKGC417L__4,wheeze_score,0,0
M39,train,cycle,172_1b5_Lr_mc_AKGC417L__5,wheeze_score,0,0
M39,train,cycle,172_1b5_Lr_mc_AKGC417L__6,wheeze_score,0,0
M39,train,cycle,172_1b5_Pl_mc_AKGC417L__0,wheeze_score,0.1322442629,0
M39,train,cycle,172_1b5_Pl_mc_AKGC417L__1,wheeze_score,0,1
M39,train,cycle,172_1b5_Pl_mc_AKGC417L__2,wheeze_score,0.1147776184,0
M39,train,cycle,172_1b5_Pl_mc_AKGC417L__3,wheeze_score,0.09097801365,0
M39,train,cycle,172_1b5_Pl_mc_AKGC417L__4,wheeze_score,0.08194405199,1
M39,train,cycle,172_1b5_Pl_mc_AKGC417L__5,wheeze_score,0.05553351845,0
M39,train,cycle,172_1b5_Pl_mc_AKGC417L__6,wheeze_score,0,0
M39,train,cycle,172_1b5_Pr_mc_AKGC417L__0,wheeze_score,0,0
M39,train,cycle,172_1b5_Pr_mc_AKGC417L__1,wheeze_score,0,1
M39,train,cycle,172_1b5_Pr_mc_AKGC417L__2,wheeze_score,0,0
M39,train,cycle,172_1b5_Pr_mc_AKGC417L__3,wheeze_score,0,0
M39,train,cycle,172_1b5_Pr_mc_AKGC417L__4,wheeze_score,0.03390788358,1
M39,train,cycle,172_1b5_Pr_mc_AKGC417L__5,wheeze_score,0,0
M39,train,cycle,172_1b5_Pr_mc_AKGC417L__6,wheeze_score,0,0
M39,train,cycle,172_1b5_Tc_mc_AKGC417L__0,wheeze_score,0,0
M39,train,cycle,172_1b5_Tc_mc_AKGC417L__1,wheeze_score,0.06144393241,1
M39,train,cycle,172_1b5_Tc_mc_AKGC417L__2,wheeze_score,0,0
M39,train,cycle,172_1b5_Tc_mc_AKGC417L__3,wheeze_score,0,0
M39,train,cycle,172_1b5_Tc_mc_AKGC417L__4,wheeze_score,0.1130262786,0
M39,train,cycle,172_1b5_Tc_mc_AKGC417L__5,wheeze_score,0.05950019833,0
M39,train,cycle,172_1b5_Tc_mc_AKGC417L__6,wheeze_score,0,0
M39,train,cycle,172_2b5_Al_mc_AKGC417L__0,wheeze_score,0.03830083565,0
M39,train,cycle,172_2b5_Al_mc_AKGC417L__1,wheeze_score,0,0
M39,train,cycle,172_2b5_Al_mc_AKGC417L__2,wheeze_score,0.05738880918,0
M39,train,cycle,172_2b5_Al_mc_AKGC417L__3,wheeze_score,0.2461425422,0
M39,train,cycle,172_2b5_Al_mc_AKGC417L__4,wheeze_score,0.05480453051,0
M39,train,cycle,172_2b5_Al_mc_AKGC417L__5,wheeze_score,0.1341235184,1
M39,train,cycle,172_2b5_Ar_mc_AKGC417L__0,wheeze_score,0,0
M39,train,cycle,172_2b5_Ar_mc_AKGC417L__1,wheeze_score,0,0
M39,train,cycle,172_2b5_Ar_mc_AKGC417L__2,wheeze_score,0,0
M39,train,cycle,172_2b5_Ar_mc_AKGC417L__3,wheeze_score,0,0
M39,train,cycle,172_2b5_Ar_mc_AKGC417L__4,wheeze_score,0,1
M39,train,cycle,172_2b5_Ar_mc_AKGC417L__5,wheeze_score,0,1
M39,train,cycle,172_2b5_Lr_mc_AKGC417L__0,wheeze_score,0,0
M39,train,cycle,172_2b5_Lr_mc_AKGC417L__1,wheeze_score,0,0
M39,train,cycle,172_2b5_Lr_mc_AKGC417L__2,wheeze_score,0,0
M39,train,cycle,172_2b5_Lr_mc_AKGC417L__3,wheeze_score,0,0
M39,train,cycle,172_2b5_Lr_mc_AKGC417L__4,wheeze_score,0,1
M39,train,cycle,172_2b5_Lr_mc_AKGC417L__5,wheeze_score,0,0
M39,train,cycle,172_2b5_Pl_mc_AKGC417L__0,wheeze_score,0.0348189415,0
M39,train,cycle,172_2b5_Pl_mc_AKGC417L__1,wheeze_score,0,0
M39,train,cycle,172_2b5_Pl_mc_AKGC417L__2,wheeze_score,0,0
M39,train,cycle,172_2b5_Pl_mc_AKGC417L__3,wheeze_score,0,0
M39,train,cycle,172_2b5_Pl_mc_AKGC417L__4,wheeze_score,0.03653635367,0
M39,train,cycle,172_2b5_Pl_mc_AKGC417L__5,wheeze_score,0,1
M39,train,cycle,172_2b5_Pr_mc_AKGC417L__0,wheeze_score,0,0
M39,train,cycle,172_2b5_Pr_mc_AKGC417L__1,wheeze_score,0,0
M39,train,cycle,172_2b5_Pr_mc_AKGC417L__2,wheeze_score,0,0
M39,train,cycle,172_2b5_Pr_mc_AKGC417L__3,wheeze_score,0,0
M39,train,cycle,172_2b5_Pr_mc_AKGC417L__4,wheeze_score,0.09499451955,1
M39,train,cycle,172_2b5_Pr_mc_AKGC417L__5,wheeze_score,0,0
M39,train,cycle,172_2b5_Tc_mc_AKGC417L__0,wheeze_score,0.05222841226,0
M39,train,cycle,172_2b5_Tc_mc_AKGC417L__1,wheeze_score,0.03505417463,0
M39,train,cycle,172_2b5_Tc_mc_AKGC417L__2,wheeze_score,0,0
M39,train,cycle,172_2b5_Tc_mc_AKGC417L__3,wheeze_score,0.06245407788,0
M39,train,cycle,172_2b5_Tc_mc_AKGC417L__4,wheeze_score,0,0
M39,train,cycle,172_2b5_Tc_mc_AKGC417L__5,wheeze_score,0.0343106675,1
M39,train,cycle,179_1b1_Al_sc_Meditron__0,wheeze_score,0,0
M39,train,cycle,179_1b1_Al_sc_Meditron__1,wheeze_score,0,1
M39,train,cycle,179_1b1_Al_sc_Meditron__2,wheeze_score,0,0
M39,train,cycle,179_1b1_Al_sc_Meditron__3,wheeze_score,0,0
M39,train,cycle,179_1b1_Al_sc_Meditron__4,wheeze_score,0,0
M39,train,cycle,179_1b1_Al_sc_Meditron__5,wheeze_score,0,0
M39,train,cycle,179_1b1_Al_sc_Meditron__6,wheeze_score,0,0
M39,train,cycle,179_1b1_Al_sc_Meditron__7,wheeze_score,0,0
M39,train,cycle,179_1b1_Tc_sc_Meditron__0,wheeze_score,0,0
M39,train,cycle,179_1b1_Tc_sc_Meditron__1,wheeze_score,0,0
M39,train,cycle,179_1b1_Tc_sc_Meditron__2,wheeze_score,0,0
M39,train,cycle,179_1b1_Tc_sc_Meditron__3,wheeze_score,0,0
M39,train,cycle,179_1b1_Tc_sc_Meditron__4,wheeze_score,0,1
M39,train,cycle,179_1b1_Tc_sc_Meditron__5,wheeze_score,0,0
M39,train,cycle,179_1b1_Tc_sc_Meditron__6,wheeze_score,0,0
M39,train,cycle,180_1b4_Al_mc_AKGC417L__0,wheeze_score,0.3114367967,1
M39,train,cycle,180_1b4_Al_mc_AKGC417L__1,wheeze_score,0.1669316375,1
M39,train,cycle,180_1b4_Al_mc_AKGC417L__2,wheeze_score,0.2213393871,1
M39,train,cycle,180_1b4_Al_mc_AKGC417L__3,wheeze_score,0.1979638009,1
M39,train,cycle,180_1b4_Al_mc_AKGC417L__4,wheeze_score,0.2363534046,1
M39,train,cycle,180_1b4_Al_mc_AKGC417L__5,wheeze_score,0.15625,1
M39,train,cycle,180_1b4_Ar_mc_AKGC417L__0,wheeze_score,0.06542789846,1
M39,train,cycle,180_1b4_Ar_mc_AKGC417L__1,wheeze_score,0,1
M39,train,cycle,180_1b4_Ar_mc_AKGC417L__2,wheeze_score,0.03121452894,1
M39,train,cycle,180_1b4_Ar_mc_AKGC417L__3,wheeze_score,0.03393665158,1
M39,train,cycle,180_1b4_Ar_mc_AKGC417L__4,wheeze_score,0.1125492403,1
M39,train,cycle,180_1b4_Ar_mc_AKGC417L__5,wheeze_score,0,0
M39,train,cycle,180_1b4_Lr_mc_AKGC417L__0,wheeze_score,0.3559277676,1
M39,train,cycle,180_1b4_Lr_mc_AKGC417L__1,wheeze_score,0.249072602,1
M39,train,cycle,180_1b4_Lr_mc_AKGC417L__2,wheeze_score,0.2582292849,1
M39,train,cycle,180_1b4_Lr_mc_AKGC417L__3,wheeze_score,0.2319004525,1
M39,train,cycle,180_1b4_Lr_mc_AKGC417L__4,wheeze_score,0.2616769837,1
M39,train,cycle,180_1b4_Lr_mc_AKGC417L__5,wheeze_score,0.1302083333,0
M39,train,cycle,180_1b4_Pl_mc_AKGC417L__0,wheeze_score,0.1884323476,1
M39,train,cycle,180_1b4_Pl_mc_AKGC417L__1,wheeze_score,0.04239533651,1
M39,train,cycle,180_1b4_Pl_mc_AKGC417L__2,wheeze_score,0.2412031782,1
M39,train,cycle,180_1b4_Pl_mc_AKGC417L__3,wheeze_score,0.161199095,1
M39,train,cycle,180_1b4_Pl_mc_AKGC417L__4,wheeze_score,0.1435002814,1
M39,train,cycle,180_1b4_Pl_mc_AKGC417L__5,wheeze_score,0.1692708333,0
M39,train,cycle,180_1b4_Pr_mc_AKGC417L__0,wheeze_score,0.2303062026,1
M39,train,cycle,180_1b4_Pr_mc_AKGC417L__1,wheeze_score,0.07154213037,1
M39,train,cycle,180_1b4_Pr_mc_AKGC417L__2,wheeze_score,0.1220204313,1
M39,train,cycle,180_1b4_Pr_mc_AKGC417L__3,wheeze_score,0.1074660633,1
M39,train,cycle,180_1b4_Pr_mc_AKGC417L__4,wheeze_score,0.08722566123,1
M39,train,cycle,180_1b4_Pr_mc_AKGC417L__5,wheeze_score,0,0
M39,train,cycle,181_1b1_Ar_mc_LittC2SE__0,wheeze_score,0,0
M39,train,cycle,181_1b1_Ar_mc_LittC2SE__1,wheeze_score,0,0
M39,train,cycle,181_1b1_Ar_mc_LittC2SE__2,wheeze_score,0,0
M39,train,cycle,181_1b1_Ar_mc_LittC2SE__3,wheeze_score,0,0
M39,train,cycle,181_1b1_Tc_mc_LittC2SE__0,wheeze_score,0.01873616079,0
M39,train,cycle,181_1b1_Tc_mc_LittC2SE__1,wheeze_score,0.01658649859,0
M39,train,cycle,181_1b1_Tc_mc_LittC2SE__2,wheeze_score,0,0
M39,train,cycle,181_1b1_Tc_mc_LittC2SE__3,wheeze_score,0,0
M39,train,cycle,181_1b2_Ar_mc_LittC2SE__0,wheeze_score,0,0
M39,train,cycle,181_1b2_Ar_mc_LittC2SE__1,wheeze_score,0,0
M39,train,cycle,181_1b2_Ar_mc_LittC2SE__2,wheeze_score,0,0
M39,train,cycle,181_1b2_Ar_mc_LittC2SE__3,wheeze_score,0,0
M39,train,cycle,181_1b3_Tc_mc_LittC2SE__0,wheeze_score,0,0
M39,train,cycle,181_1b3_Tc_mc_LittC2SE__1,wheeze_score,0,0
M39,train,cycle,181_1b3_Tc_mc_LittC2SE__2,wheeze_score,0,0
M39,train,cycle,181_1b3_Tc_mc_LittC2SE__3,wheeze_score,0,0
M39,train,cycle,181_1b3_Tc_mc_LittC2SE__4,wheeze_score,0,0
M39,train,cycle,183_1b1_Pl_sc_Meditron__0,wheeze_score,0,0
M39,train,cycle,183_1b1_Pl_sc_Meditron__1,wheeze_score,0,0
M39,train,cycle,183_1b1_Pl_sc_Meditron__2,wheeze_score,0,0
M39,train,cycle,183_1b1_Pl_sc_Meditron__3,wheeze_score,0,0
M39,train,cycle,183_1b1_Tc_sc_Meditron__0,wheeze_score,0,0
M39,train,cycle,183_1b1_Tc_sc_Meditron__1,wheeze_score,0,0
M39,train,cycle,183_1b1_Tc_sc_Meditron__2,wheeze_score,0,0
M39,train,cycle,183_1b1_Tc_sc_Meditron__3,wheeze_score,0,0
M39,train,cycle,184_1b1_Ar_sc_Meditron__0,wheeze_score,0,0
M39,train,cycle,184_1b1_Ar_sc_Meditron__1,wheeze_score,0,0
M39,train,cycle,184_1b1_Ar_sc_Meditron__2,wheeze_score,0,0
M39,train,cycle,184_1b1_Ar_sc_Meditron__3,wheeze_score,0,0
M39,train,cycle,184_1b1_Ar_sc_Meditron__4,wheeze_score,0,0
M39,train,cycle,184_1b1_Ar_sc_Meditron__5,wheeze_score,0,0
M39,train,cycle,184_1b1_Ar_sc_Meditron__6,wheeze_score,0,0
M39,train,cycle,184_1b1_Ar_sc_Meditron__7,wheeze_score,0,0
M39,train,cycle,186_2b2_Al_mc_AKGC417L__0,wheeze_score,0,1
M39,train,cycle,186_2b2_Al_mc_AKGC417L__1,wheeze_score,0.02662793512,0
M39,train,cycle,186_2b2_Al_mc_AKGC417L__2,wheeze_score,0,0
M39,train,cycle,186_2b2_Al_mc_AKGC417L__3,wheeze_score,0.02427773731,0
M39,train,cycle,186_2b2_Al_mc_AKGC417L__4,wheeze_score,0,0
M39,train,cycle,186_2b2_Ar_mc_AKGC417L__0,wheeze_score,0,0
M39,train,cycle,186_2b2_Ar_mc_AKGC417L__1,wheeze_score,0,0
M39,train,cycle,186_2b2_Ar_mc_AKGC417L__2,wheeze_score,0,0
M39,train,cycle,186_2b2_Ar_mc_AKGC417L__3,wheeze_score,0,0
M39,train,cycle,186_2b2_Ar_mc_AKGC417L__4,wheeze_score,0,0
M39,train,cycle,186_2b2_Lr_mc_AKGC417L__0,wheeze_score,0,0
M39,train,cycle,186_2b2_Lr_mc_AKGC417L__1,wheeze_score,0,0
M39,train,cycle,186_2b2_Lr_mc_AKGC417L__2,wheeze_score,0,0
M39,train,cycle,186_2b2_Lr_mc_AKGC417L__3,wheeze_score,0,0
M39,train,cycle,186_2b2_Lr_mc_AKGC417L__4,wheeze_score,0,0
M39,train,cycle,186_2b2_Pl_mc_AKGC417L__0,wheeze_score,0.03806140573,0
M39,train,cycle,186_2b2_Pl_mc_AKGC417L__1,wheeze_score,0,0
M39,train,cycle,186_2b2_Pl_mc_AKGC417L__2,wheeze_score,0.02790957298,0
M39,train,cycle,186_2b2_Pl_mc_AKGC417L__3,wheeze_score,0,0
M39,train,cycle,186_2b2_Pl_mc_AKGC417L__4,wheeze_score,0,0
M39,train,cycle,186_2b2_Pr_mc_AKGC417L__0,wheeze_score,0.06089824918,0
M39,train,cycle,186_2b2_Pr_mc_AKGC417L__1,wheeze_score,0,0
M39,train,cycle,186_2b2_Pr_mc_AKGC417L__2,wheeze_score,0,0
M39,train,cycle,186_2b2_Pr_mc_AKGC417L__3,wheeze_score,0,0
M39,train,cycle,186_2b2_Pr_mc_AKGC417L__4,wheeze_score,0,0
M39,train,cycle,186_2b2_Tc_mc_AKGC417L__0,wheeze_score,0.08373509262,0
M39,train,cycle,186_2b2_Tc_mc_AKGC417L__1,wheeze_score,0.09198741225,0
M39,train,cycle,186_2b2_Tc_mc_AKGC417L__2,wheeze_score,0.06419201786,0
M39,train,cycle,186_2b2_Tc_mc_AKGC417L__3,wheeze_score,0.0922554018,0
M39,train,cycle,186_2b2_Tc_mc_AKGC417L__4,wheeze_score,0,0
M39,train,cycle,186_2b3_Al_mc_AKGC417L__0,wheeze_score,0,0
M39,train,cycle,186_2b3_Al_mc_AKGC417L__1,wheeze_score,0.02515090543,0
M39,train,cycle,186_2b3_Al_mc_AKGC417L__2,wheeze_score,0,0
M39,train,cycle,186_2b3_Al_mc_AKGC417L__3,wheeze_score,0,0
M39,train,cycle,186_2b3_Al_mc_AKGC417L__4,wheeze_score,0,0
M39,train,cycle,186_2b3_Ar_mc_AKGC417L__0,wheeze_score,0,0
M39,train,cycle,186_2b3_Ar_mc_AKGC417L__1,wheeze_score,0,0
M39,train,cycle,186_2b3_Ar_mc_AKGC417L__2,wheeze_score,0,0
M39,train,cycle,186_2b3_Ar_mc_AKGC417L__3,wheeze_score,0,0
M39,train,cycle,186_2b3_Ar_mc_AKGC417L__4,wheeze_score,0,0
M39,train,cycle,186_2b3_Lr_mc_AKGC417L__0,wheeze_score,0,0
M39,train,cycle,186_2b3_Lr_mc_AKGC417L__1,wheeze_score,0,0
M39,train,cycle,186_2b3_Lr_mc_AKGC417L__2,wheeze_score,0,0
M39,train,cycle,186_2b3_Lr_mc_AKGC417L__3,wheeze_score,0,0
M39,train,cycle,186_2b3_Lr_mc_AKGC417L__4,wheeze_score,0,0
M39,train,cycle,186_2b3_Pl_mc_AKGC417L__0,wheeze_score,0,0
M39,train,cycle,186_2b3_Pl_mc_AKGC417L__1,wheeze_score,0,0
M39,train,cycle,186_2b3_Pl_mc_AKGC417L__2,wheeze_score,0,0
M39,train,cycle,186_2b3_Pl_mc_AKGC417L__3,wheeze_score,0.09852216749,0
M39,train,cycle,186_2b3_Pl_mc_AKGC417L__4,wheeze_score,0,0
M39,train,cycle,186_2b3_Pr_mc_AKGC417L__0,wheeze_score,0,0
M39,train,cycle,186_2b3_Pr_mc_AKGC417L__1,wheeze_score,0,0
M39,train,cycle,186_2b3_Pr_mc_AKGC417L__2,wheeze_score,0,0
M39,train,cycle,186_2b3_Pr_mc_AKGC417L__3,wheeze_score,0,0
M39,train,cycle,186_2b3_Pr_mc_AKGC417L__4,wheeze_score,0,0
M39,train,cycle,186_2b3_Tc_mc_AKGC417L__0,wheeze_score,0.07635669485,0
M39,train,cycle,186_2b3_Tc_mc_AKGC417L__1,wheeze_score,0,0
M39,train,cycle,186_2b3_Tc_mc_AKGC417L__2,wheeze_score,0,0
M39,train,cycle,186_2b3_Tc_mc_AKGC417L__3,wheeze_score,0,0
M39,train,cycle,186_2b3_Tc_mc_AKGC417L__4,wheeze_score,0.1475304682,1
M39,train,cycle,186_2b4_Al_mc_AKGC417L__0,wheeze_score,0,0
M39,train,cycle,186_2b4_Al_mc_AKGC417L__1,wheeze_score,0,0
M39,train,cycle,186_2b4_Al_mc_AKGC417L__2,wheeze_score,0,0
M39,train,cycle,186_2b4_Al_mc_AKGC417L__3,wheeze_score,0,0
M39,train,cycle,186_2b4_Al_mc_AKGC417L__4,wheeze_score,0,0
M39,train,cycle,186_2b4_Ar_mc_AKGC417L__0,wheeze_score,0,0
M39,train,cycle,186_2b4_Ar_mc_AKGC417L__1,wheeze_score,0,0
M39,train,cycle,186_2b4_Ar_mc_AKGC417L__2,wheeze_score,0,0
M39,train,cycle,186_2b4_Ar_mc_AKGC417L__3,wheeze_score,0,0
M39,train,cycle,186_2b4_Ar_mc_AKGC417L__4,wheeze_score,0,0
M39,train,cycle,186_2b4_Lr_mc_AKGC417L__0,wheeze_score,0,0
M39,train,cycle,186_2b4_Lr_mc_AKGC417L__1,wheeze_score,0,0
M39,train,cycle,186_2b4_Lr_mc_AKGC417L__2,wheeze_score,0,0
M39,train,cycle,186_2b4_Lr_mc_AKGC417L__3,wheeze_score,0,0
M39,train,cycle,186_2b4_Lr_mc_AKGC417L__4,wheeze_score,0,0
M39,train,cycle,186_2b4_Pl_mc_AKGC417L__0,wheeze_score,0,0
M39,train,cycle,186_2b4_Pl_mc_AKGC417L__1,wheeze_score,0,0
M39,train,cycle,186_2b4_Pl_mc_AKGC417L__2,wheeze_score,0.03379193821,0
M39,train,cycle,186_2b4_Pl_mc_AKGC417L__3,wheeze_score,0,0
M39,train,cycle,186_2b4_Pl_mc_AKGC417L__4,wheeze_score,0,0
M39,train,cycle,186_2b4_Pr_mc_AKGC417L__0,wheeze_score,0,0
M39,train,cycle,186_2b4_Pr_mc_AKGC417L__1,wheeze_score,0,0
M39,train,cycle,186_2b4_Pr_mc_AKGC417L__2,wheeze_score,0,0
M39,train,cycle,186_2b4_Pr_mc_AKGC417L__3,wheeze_score,0,0
M39,train,cycle,186_2b4_Pr_mc_AKGC417L__4,wheeze_score,0,0
M39,train,cycle,186_2b4_Tc_mc_AKGC417L__0,wheeze_score,0.05633112907,0
M39,train,cycle,186_2b4_Tc_mc_AKGC417L__1,wheeze_score,0,0
M39,train,cycle,186_2b4_Tc_mc_AKGC417L__2,wheeze_score,0.05792903693,0
M39,train,cycle,186_2b4_Tc_mc_AKGC417L__3,wheeze_score,0.04480286738,0
M39,train,cycle,186_2b4_Tc_mc_AKGC417L__4,wheeze_score,0,0
M39,train,cycle,186_3b3_Al_mc_AKGC417L__0,wheeze_score,0,0
M39,train,cycle,186_3b3_Al_mc_AKGC417L__1,wheeze_score,0,0
M39,train,cycle,186_3b3_Al_mc_AKGC417L__2,wheeze_score,0,0
M39,train,cycle,186_3b3_Al_mc_AKGC417L__3,wheeze_score,0,0
M39,train,cycle,186_3b3_Al_mc_AKGC417L__4,wheeze_score,0,0
M39,train,cycle,186_3b3_Al_mc_AKGC417L__5,wheeze_score,0,0
M39,train,cycle,186_3b3_Ar_mc_AKGC417L__0,wheeze_score,0,0
M39,train,cycle,186_3b3_Ar_mc_AKGC417L__1,wheeze_score,0,0
M39,train,cycle,186_3b3_Ar_mc_AKGC417L__2,wheeze_score,0,0
M39,train,cycle,186_3b3_Ar_mc_AKGC417L__3,wheeze_score,0,0
M39,train,cycle,186_3b3_Ar_mc_AKGC417L__4,wheeze_score,0,0
M39,train,cycle,186_3b3_Ar_mc_AKGC417L__5,wheeze_score,0,0
M39,train,cycle,186_3b3_Lr_mc_AKGC417L__0,wheeze_score,0,0
M39,train,cycle,186_3b3_Lr_mc_AKGC417L__1,wheeze_score,0,0
M39,train,cycle,186_3b3_Lr_mc_AKGC417L__2,wheeze_score,0,0
M39,train,cycle,186_3b3_Lr_mc_AKGC417L__3,wheeze_score,0,0
M39,train,cycle,186_3b3_Lr_mc_AKGC417L__4,wheeze_score,0,0
M39,train,cycle,186_3b3_Lr_mc_AKGC417L__5,wheeze_score,0,0
M39,train,cycle,186_3b3_Pl_mc_AKGC417L__0,wheeze_score,0,0
M39,train,cycle,186_3b3_Pl_mc_AKGC417L__1,wheeze_score,0,0
M39,train,cycle,186_3b3_Pl_mc_AKGC417L__2,wheeze_score,0,0
M39,train,cycle,186_3b3_Pl_mc_AKGC417L__3,wheeze_score,0,0
M39,train,cycle,186_3b3_Pl_mc_AKGC417L__4,wheeze_score,0,0
M39,train,cycle,186_3b3_Pl_mc_AKGC417L__5,wheeze_score,0,0
M39,train,cycle,186_3b3_Pr_mc_AKGC417L__0,wheeze_score,0,0
M39,train,cycle,186_3b3_Pr_mc_AKGC417L__1,wheeze_score,0,0
M39,train,cycle,186_3b3_Pr_mc_AKGC417L__2,wheeze_score,0,0
M39,train,cycle,186_3b3_Pr_mc_AKGC417L__3,wheeze_score,0,0
M39,train,cycle,186_3b3_Pr_mc_AKGC417L__4,wheeze_score,0,0
M39,train,cycle,186_3b3_Pr_mc_AKGC417L__5,wheeze_score,0,0
M39,train,cycle,186_3b3_Tc_mc_AKGC417L__0,wheeze_score,0.07044090791,0
M39,train,cycle,186_3b3_Tc_mc_AKGC417L__1,wheeze_score,0,0
M39,train,cycle,186_3b3_Tc_mc_AKGC417L__2,wheeze_score,0.02968239834,0
M39,train,cycle,186_3b3_Tc_mc_AKGC417L__3,wheeze_score,0,0
M39,train,cycle,186_3b3_Tc_mc_AKGC417L__4,wheeze_score,0,0
M39,train,cycle,186_3b3_Tc_mc_AKGC417L__5,wheeze_score,0,0
M39,train,cycle,188_1b1_Al_sc_Meditron__0,wheeze_score,0,0
M39,train,cycle,188_1b1_Al_sc_Meditron__1,wheeze_score,0,0
M39,train,cycle,188_1b1_Al_sc_Meditron__2,wheeze_score,0,0
M39,train,cycle,188_1b1_Al_sc_Meditron__3,wheeze_score,0,0
M39,train,cycle,188_1b1_Al_sc_Meditron__4,wheeze_score,0,0
M39,train,cycle,188_1b1_Al_sc_Meditron__5,wheeze_score,0,0
M39,train,cycle,188_1b1_Al_sc_Meditron__6,wheeze_score,0,0
M39,train,cycle,188_1b1_Al_sc_Meditron__7,wheeze_score,0,0
M39,train,cycle,188_1b1_Al_sc_Meditron__8,wheeze_score,0,0
M39,train,cycle,188_1b1_Al_sc_Meditron__9,wheeze_score,0,0
M39,train,cycle,188_1b1_Al_sc_Meditron__10,wheeze_score,0,0
M39,train,cycle,188_1b1_Al_sc_Meditron__11,wheeze_score,0,0
M39,train,cycle,188_1b1_Al_sc_Meditron__12,wheeze_score,0,0
M39,train,cycle,188_1b1_Al_sc_Meditron__13,wheeze_score,0,0
M39,train,cycle,188_1b1_Al_sc_Meditron__14,wheeze_score,0,0
M39,train,cycle,188_1b1_Ar_sc_Meditron__0,wheeze_score,0,0
M39,train,cycle,188_1b1_Ar_sc_Meditron__1,wheeze_score,0,0
M39,train,cycle,188_1b1_Ar_sc_Meditron__2,wheeze_score,0,0
M39,train,cycle,188_1b1_Ar_sc_Meditron__3,wheeze_score,0,0
M39,train,cycle,188_1b1_Ar_sc_Meditron__4,wheeze_score,0,0
M39,train,cycle,188_1b1_Ar_sc_Meditron__5,wheeze_score,0,0
M39,train,cycle,188_1b1_Ar_sc_Meditron__6,wheeze_score,0,0
M39,train,cycle,188_1b1_Ar_sc_Meditron__7,wheeze_score,0,0
M39,train,cycle,188_1b1_Ar_sc_Meditron__8,wheeze_score,0,0
M39,train,cycle,188_1b1_Ar_sc_Meditron__9,wheeze_score,0,0
M39,train,cycle,188_1b1_Ar_sc_Meditron__10,wheeze_score,0,0
M39,train,cycle,188_1b1_Ar_sc_Meditron__11,wheeze_score,0,0
M39,train,cycle,188_1b1_Ar_sc_Meditron__12,wheeze_score,0,0
M39,train,cycle,188_1b1_Ar_sc_Meditron__13,wheeze_score,0,0
M39,train,cycle,188_1b1_Ar_sc_Meditron__14,wheeze_score,0,0
M39,train,cycle,188_1b1_Ar_sc_Meditron__15,wheeze_score,0,0
M39,train,cycle,188_1b1_Ar_sc_Meditron__16,wheeze_score,0,0
M39,train,cycle,188_1b1_Pl_sc_Meditron__0,wheeze_score,0,0
M39,train,cycle,188_1b1_Pl_sc_Meditron__1,wheeze_score,0,0
M39,train,cycle,188_1b1_Pl_sc_Meditron__2,wheeze_score,0,0
M39,train,cycle,188_1b1_Pl_sc_Meditron__3,wheeze_score,0,0
M39,train,cycle,188_1b1_Pl_sc_Meditron__4,wheeze_score,0,0
M39,train,cycle,188_1b1_Pl_sc_Meditron__5,wheeze_score,0,0
M39,train,cycle,188_1b1_Pl_sc_Meditron__6,wheeze_score,0,0
M39,train,cycle,188_1b1_Pl_sc_Meditron__7,wheeze_score,0,0
M39,train,cycle,188_1b1_Pl_sc_Meditron__8,wheeze_score,0,0
M39,train,cycle,188_1b1_Pl_sc_Meditron__9,wheeze_score,0,0
M39,train,cycle,188_1b1_Pl_sc_Meditron__10,wheeze_score,0,0
M39,train,cycle,188_1b1_Pl_sc_Meditron__11,wheeze_score,0,0
M39,train,cycle,188_1b1_Pl_sc_Meditron__12,wheeze_score,0,0
M39,train,cycle,188_1b1_Pl_sc_Meditron__13,wheeze_score,0,0
M39,train,cycle,188_1b1_Tc_sc_Meditron__0,wheeze_score,0,0
M39,train,cycle,188_1b1_Tc_sc_Meditron__1,wheeze_score,0,0
M39,train,cycle,188_1b1_Tc_sc_Meditron__2,wheeze_score,0,0
M39,train,cycle,188_1b1_Tc_sc_Meditron__3,wheeze_score,0,0
M39,train,cycle,188_1b1_Tc_sc_Meditron__4,wheeze_score,0,0
M39,train,cycle,188_1b1_Tc_sc_Meditron__5,wheeze_score,0,0
M39,train,cycle,188_1b1_Tc_sc_Meditron__6,wheeze_score,0,0
M39,train,cycle,188_1b1_Tc_sc_Meditron__7,wheeze_score,0,0
M39,train,cycle,188_1b1_Tc_sc_Meditron__8,wheeze_score,0,0
M39,train,cycle,188_1b1_Tc_sc_Meditron__9,wheeze_score,0,0
M39,train,cycle,188_1b1_Tc_sc_Meditron__10,wheeze_score,0,0
M39,train,cycle,188_1b1_Tc_sc_Meditron__11,wheeze_score,0,0
M39,train,cycle,188_1b1_Tc_sc_Meditron__12,wheeze_score,0,0
M39,train,cycle,188_1b1_Tc_sc_Meditron__13,wheeze_score,0,0
M39,train,cycle,188_1b1_Tc_sc_Meditron__14,wheeze_score,0,0
M39,train,cycle,188_1b1_Tc_sc_Meditron__15,wheeze_score,0,0
M39,train,cycle,189_1b2_Lr_mc_LittC2SE__0,wheeze_score,0,0
M39,train,cycle,189_1b2_Lr_mc_LittC2SE__1,wheeze_score,0,0
M39,train,cycle,189_1b2_Lr_mc_LittC2SE__2,wheeze_score,0,0
M39,train,cycle,189_1b2_Lr_mc_LittC2SE__3,wheeze_score,0,0
M39,train,cycle,189_1b2_Lr_mc_LittC2SE__4,wheeze_score,0,0
M39,train,cycle,190_1b1_Tc_sc_Meditron__0,wheeze_score,0,0
M39,train,cycle,190_1b1_Tc_sc_Meditron__1,wheeze_score,0,0
M39,train,cycle,190_1b1_Tc_sc_Meditron__2,wheeze_score,0,0
M39,train,cycle,190_1b1_Tc_sc_Meditron__3,wheeze_score,0,0
M39,train,cycle,191_2b1_Pl_mc_LittC2SE__0,wheeze_score,0,0
M39,train,cycle,191_2b1_Pl_mc_LittC2SE__1,wheeze_score,0,0
M39,train,cycle,191_2b1_Pl_mc_LittC2SE__2,wheeze_score,0,0
M39,train,cycle,191_2b1_Pl_mc_LittC2SE__3,wheeze_score,0,0
M39,train,cycle,191_2b1_Pl_mc_LittC2SE__4,wheeze_score,0,0
M39,train,cycle,191_2b1_Pl_mc_LittC2SE__5,wheeze_score,0,0
M39,train,cycle,191_2b1_Pl_mc_LittC2SE__6,wheeze_score,0,0
M39,train,cycle,191_2b1_Pl_mc_LittC2SE__7,wheeze_score,0,0
M39,train,cycle,191_2b1_Pr_mc_LittC2SE__0,wheeze_score,0,0
M39,train,cycle,191_2b1_Pr_mc_LittC2SE__1,wheeze_score,0,0
M39,train,cycle,191_2b1_Pr_mc_LittC2SE__2,wheeze_score,0,0
M39,train,cycle,191_2b1_Pr_mc_LittC2SE__3,wheeze_score,0,0
M39,train,cycle,191_2b1_Pr_mc_LittC2SE__4,wheeze_score,0,0
M39,train,cycle,191_2b1_Pr_mc_LittC2SE__5,wheeze_score,0,0
M39,train,cycle,191_2b1_Pr_mc_LittC2SE__6,wheeze_score,0,0
M39,train,cycle,191_2b1_Pr_mc_LittC2SE__7,wheeze_score,0,0
M39,train,cycle,191_2b2_Tc_mc_LittC2SE__0,wheeze_score,0,0
M39,train,cycle,191_2b2_Tc_mc_LittC2SE__1,wheeze_score,0,0
M39,train,cycle,191_2b2_Tc_mc_LittC2SE__2,wheeze_score,0,0
M39,train,cycle,191_2b2_Tc_mc_LittC2SE__3,wheeze_score,0,0
M39,train,cycle,191_2b2_Tc_mc_LittC2SE__4,wheeze_score,0,0
M39,train,cycle,191_2b2_Tc_mc_LittC2SE__5,wheeze_score,0,0
M39,train,cycle,191_2b2_Tc_mc_LittC2SE__6,wheeze_score,0,0
M39,train,cycle,191_2b2_Tc_mc_LittC2SE__7,wheeze_score,0,0
M39,train,cycle,192_2b1_Al_mc_LittC2SE__0,wheeze_score,0,0
M39,train,cycle,192_2b1_Al_mc_LittC2SE__1,wheeze_score,0.07407235944,1
M39,train,cycle,192_2b1_Al_mc_LittC2SE__2,wheeze_score,0.1222493888,1
M39,train,cycle,192_2b1_Al_mc_LittC2SE__3,wheeze_score,0.03646973012,1
M39,train,cycle,192_2b1_Al_mc_LittC2SE__4,wheeze_score,0.06683081252,1
M39,train,cycle,192_2b1_Al_mc_LittC2SE__5,wheeze_score,0,1
M39,train,cycle,192_2b1_Al_mc_LittC2SE__6,wheeze_score,0,1
M39,train,cycle,192_2b1_Al_mc_LittC2SE__7,wheeze_score,0.1555411536,1
M39,train,cycle,192_2b1_Ar_mc_LittC2SE__0,wheeze_score,0,0
M39,train,cycle,192_2b1_Ar_mc_LittC2SE__1,wheeze_score,0.2144469526,1
M39,train,cycle,192_2b1_Ar_mc_LittC2SE__2,wheeze_score,0.1869501466,1
M39,train,cycle,192_2b1_Ar_mc_LittC2SE__3,wheeze_score,0.03414134517,1
M39,train,cycle,192_2b1_Ar_mc_LittC2SE__4,wheeze_score,0,1
M39,train,cycle,192_2b1_Ar_mc_LittC2SE__5,wheeze_score,0.05464480874,1
M39,train,cycle,192_2b1_Ar_mc_LittC2SE__6,wheeze_score,0.05282271377,1
M39,train,cycle,192_2b1_Ar_mc_LittC2SE__7,wheeze_score,0.3762029746,1
M39,train,cycle,192_2b2_Al_mc_LittC2SE__0,wheeze_score,0,1
M39,train,cycle,192_2b2_Al_mc_LittC2SE__1,wheeze_score,0.06361829026,1
M39,train,cycle,192_2b2_Al_mc_LittC2SE__2,wheeze_score,0.09045226131,1
M39,train,cycle,192_2b2_Al_mc_LittC2SE__3,wheeze_score,0.04158004158,1
M39,train,cycle,192_2b2_Al_mc_LittC2SE__4,wheeze_score,0,1
M39,train,cycle,192_2b2_Al_mc_LittC2SE__5,wheeze_score,0,1
M39,train,cycle,192_2b2_Al_mc_LittC2SE__6,wheeze_score,0,1
M39,train,cycle,192_2b2_Al_mc_LittC2SE__7,wheeze_score,0,1
M39,train,cycle,192_2b2_Ar_mc_LittC2SE__0,wheeze_score,0,0
M39,train,cycle,192_2b2_Ar_mc_LittC2SE__1,wheeze_score,0,1
M39,train,cycle,192_2b2_Ar_mc_LittC2SE__2,wheeze_score,0.1608325449,1
M39,train,cycle,192_2b2_Ar_mc_LittC2SE__3,wheeze_score,0.06966434452,1
M39,train,cycle,192_2b2_Ar_mc_LittC2SE__4,wheeze_score,0.039497307,1
M39,train,cycle,192_2b2_Ar_mc_LittC2SE__5,wheeze_score,0.09544008484,1
M39,train,cycle,192_2b2_Ar_mc_LittC2SE__6,wheeze_score,0,1
M39,train,cycle,192_2b2_Ar_mc_LittC2SE__7,wheeze_score,0,1
M39,train,cycle,192_2b3_Al_mc_LittC2SE__0,wheeze_score,0,0
M39,train,cycle,192_2b3_Al_mc_LittC2SE__1,wheeze_score,0.04415011038,1
M39,train,cycle,192_2b3_Al_mc_LittC2SE__2,wheeze_score,0,1
M39,train,cycle,192_2b3_Al_mc_LittC2SE__3,wheeze_score,0,1
M39,train,cycle,192_2b3_Al_mc_LittC2SE__4,wheeze_score,0,1
M39,train,cycle,192_2b3_Al_mc_LittC2SE__5,wheeze_score,0.1178571429,1
M39,train,cycle,192_2b3_Al_mc_LittC2SE__6,wheeze_score,0,1
M39,train,cycle,192_2b3_Ar_mc_LittC2SE__0,wheeze_score,0,0
M39,train,cycle,192_2b3_Ar_mc_LittC2SE__1,wheeze_score,0.07602153944,1
M39,train,cycle,192_2b3_Ar_mc_LittC2SE__2,wheeze_score,0,1
M39,train,cycle,192_2b3_Ar_mc_LittC2SE__3,wheeze_score,0,1
M39,train,cycle,192_2b3_Ar_mc_LittC2SE__4,wheeze_score,0,1
M39,train,cycle,192_2b3_Ar_mc_LittC2SE__5,wheeze_score,0.1082177883,1
M39,train,cycle,192_2b3_Ar_mc_LittC2SE__6,wheeze_score,0.1364175563,1
M39,train,cycle,193_1b2_Al_mc_AKGC417L__0,wheeze_score,0.1668520578,0
M39,train,cycle,193_1b2_Al_mc_AKGC417L__1,wheeze_score,0.3846153846,1
M39,train,cycle,193_1b2_Al_mc_AKGC417L__2,wheeze_score,0.4747225647,1
M39,train,cycle,193_1b2_Al_mc_AKGC417L__3,wheeze_score,0.4923798359,1
M39,train,cycle,193_1b2_Al_mc_AKGC417L__4,wheeze_score,0.2631578947,1
M39,train,cycle,193_1b2_Al_mc_AKGC417L__5,wheeze_score,0.504358655,1
M39,train,cycle,193_1b2_Al_mc_AKGC417L__6,wheeze_score,0.416918429,1
M39,train,cycle,193_1b2_Al_mc_AKGC417L__7,wheeze_score,0.3416856492,1
M39,train,cycle,193_1b2_Al_mc_AKGC417L__8,wheeze_score,0.3484320557,1
M39,train,cycle,193_1b2_Al_mc_AKGC417L__9,wheeze_score,0.4150525733,1
M39,train,cycle,193_1b2_Al_mc_AKGC417L__10,wheeze_score,0.3827751196,1
M39,train,cycle,193_1b2_Al_mc_AKGC417L__11,wheeze_score,0.4695360537,1
M39,train,cycle,193_1b2_Ar_mc_AKGC417L__0,wheeze_score,0,0
M39,train,cycle,193_1b2_Ar_mc_AKGC417L__1,wheeze_score,0.2197802198,1
M39,train,cycle,193_1b2_Ar_mc_AKGC417L__2,wheeze_score,0.2897657213,1
M39,train,cycle,193_1b2_Ar_mc_AKGC417L__3,wheeze_score,0.1758499414,1
M39,train,cycle,193_1b2_Ar_mc_AKGC417L__4,wheeze_score,0.3110047847,1
M39,train,cycle,193_1b2_Ar_mc_AKGC417L__5,wheeze_score,0.4234122042,1
M39,train,cycle,193_1b2_Ar_mc_AKGC417L__6,wheeze_score,0.6283987915,1
M39,train,cycle,193_1b2_Ar_mc_AKGC417L__7,wheeze_score,0.5011389522,1
M39,train,cycle,193_1b2_Ar_mc_AKGC417L__8,wheeze_score,0.5807200929,1
M39,train,cycle,193_1b2_Ar_mc_AKGC417L__9,wheeze_score,0.4648588821,1
M39,train,cycle,193_1b2_Ar_mc_AKGC417L__10,wheeze_score,0.4784688995,1
M39,train,cycle,193_1b2_Ar_mc_AKGC417L__11,wheeze_score,0.4024594746,1
M39,train,cycle,193_1b2_Ll_mc_AKGC417L__0,wheeze_score,0.956618465,0
M39,train,cycle,193_1b2_Ll_mc_AKGC417L__1,wheeze_score,0.8974358974,0
M39,train,cycle,193_1b2_Ll_mc_AKGC417L__2,wheeze_score,0.9309494451,0
M39,train,cycle,193_1b2_Ll_mc_AKGC417L__3,wheeze_score,0.937866354,0
M39,train,cycle,193_1b2_Ll_mc_AKGC417L__4,wheeze_score,0.8732057416,0
M39,train,cycle,193_1b2_Ll_mc_AKGC417L__5,wheeze_score,0.9589041096,0
M39,train,cycle,193_1b2_Ll_mc_AKGC417L__6,wheeze_score,0.9607250755,0
M39,train,cycle,193_1b2_Ll_mc_AKGC417L__7,wheeze_score,0.8940774487,0
M39,train,cycle,193_1b2_Ll_mc_AKGC417L__8,wheeze_score,0.9756097561,0
M39,train,cycle,193_1b2_Ll_mc_AKGC417L__9,wheeze_score,0.8467072496,0
M39,train,cycle,193_1b2_Ll_mc_AKGC417L__10,wheeze_score,0.956937799,0
M39,train,cycle,193_1b2_Ll_mc_AKGC417L__11,wheeze_score,0.9502515372,0
M39,train,cycle,193_1b2_Pl_mc_AKGC417L__0,wheeze_score,0,1
M39,train,cycle,193_1b2_Pl_mc_AKGC417L__1,wheeze_score,0.1648351648,1
M39,train,cycle,193_1b2_Pl_mc_AKGC417L__2,wheeze_score,0.1849568434,1
M39,train,cycle,193_1b2_Pl_mc_AKGC417L__3,wheeze_score,0.1113716295,1
M39,train,cycle,193_1b2_Pl_mc_AKGC417L__4,wheeze_score,0.2571770335,1
M39,train,cycle,193_1b2_Pl_mc_AKGC417L__5,wheeze_score,0.1681195517,1
M39,train,cycle,193_1b2_Pl_mc_AKGC417L__6,wheeze_score,0.1812688822,1
M39,train,cycle,193_1b2_Pl_mc_AKGC417L__7,wheeze_score,0.1651480638,1
M39,train,cycle,193_1b2_Pl_mc_AKGC417L__8,wheeze_score,0.24970964,1
M39,train,cycle,193_1b2_Pl_mc_AKGC417L__9,wheeze_score,0.2213613724,1
M39,train,cycle,193_1b2_Pl_mc_AKGC417L__10,wheeze_score,0.1794258373,1
M39,train,cycle,193_1b2_Pl_mc_AKGC417L__11,wheeze_score,0.2347680268,1
M39,train,cycle,193_1b2_Pr_mc_AKGC417L__0,wheeze_score,0,1
M39,train,cycle,193_1b2_Pr_mc_AKGC417L__1,wheeze_score,0.2442002442,1
M39,train,cycle,193_1b2_Pr_mc_AKGC417L__2,wheeze_score,0.08631319359,1
M39,train,cycle,193_1b2_Pr_mc_AKGC417L__3,wheeze_score,0.1406799531,1
M39,train,cycle,193_1b2_Pr_mc_AKGC417L__4,wheeze_score,0.2332535885,1
M39,train,cycle,193_1b2_Pr_mc_AKGC417L__5,wheeze_score,0.3300124533,1
M39,train,cycle,193_1b2_Pr_mc_AKGC417L__6,wheeze_score,0.16918429,1
M39,train,cycle,193_1b2_Pr_mc_AKGC417L__7,wheeze_score,0.1537585421,1
M39,train,cycle,193_1b2_Pr_mc_AKGC417L__8,wheeze_score,0.2613240418,1
M39,train,cycle,193_1b2_Pr_mc_AKGC417L__9,wheeze_score,0.2324294411,1
M39,train,cycle,193_1b2_Pr_mc_AKGC417L__10,wheeze_score,0.4246411483,1
M39,train,cycle,193_1b2_Pr_mc_AKGC417L__11,wheeze_score,0.4136389044,1
M39,train,cycle,193_1b2_Tc_mc_AKGC417L__0,wheeze_score,0,0
M39,train,cycle,193_1b2_Tc_mc_AKGC417L__1,wheeze_score,0.09768009768,1
M39,train,cycle,193_1b2_Tc_mc_AKGC417L__2,wheeze_score,0,1
M39,train,cycle,193_1b2_Tc_mc_AKGC417L__3,wheeze_score,0,0
M39,train,cycle,193_1b2_Tc_mc_AKGC417L__4,wheeze_score,0.05980861244,0
M39,train,cycle,193_1b2_Tc_mc_AKGC417L__5,wheeze_score,0.1494396015,1
M39,train,cycle,193_1b2_Tc_mc_AKGC417L__6,wheeze_score,0,1
M39,train,cycle,193_1b2_Tc_mc_AKGC417L__7,wheeze_score,0,1
M39,train,cycle,193_1b2_Tc_mc_AKGC417L__8,wheeze_score,0.06968641115,1
M39,train,cycle,193_1b2_Tc_mc_AKGC417L__9,wheeze_score,0.06087437742,1
M39,train,cycle,193_1b2_Tc_mc_AKGC417L__10,wheeze_score,0.1435406699,1
M39,train,cycle,193_1b2_Tc_mc_AKGC417L__11,wheeze_score,0.1621017328,1
M39,train,cycle,193_1b4_Lr_mc_AKGC417L__0,wheeze_score,0.3925233645,1
M39,train,cycle,193_1b4_Lr_mc_AKGC417L__1,wheeze_score,0.3071859572,1
M39,train,cycle,193_1b4_Lr_mc_AKGC417L__2,wheeze_score,0.3149246919,1
M39,train,cycle,193_1b4_Lr_mc_AKGC417L__3,wheeze_score,0.5145118734,1
M39,train,cycle,193_1b4_Lr_mc_AKGC417L__4,wheeze_score,0.2562642369,1
M39,train,cycle,193_1b4_Lr_mc_AKGC417L__5,wheeze_score,0.06392694064,1
M39,train,cycle,193_1b4_Lr_mc_AKGC417L__6,wheeze_score,0.1824632539,1
M39,train,cycle,193_1b4_Lr_mc_AKGC417L__7,wheeze_score,0.2410800386,1
M39,train,cycle,193_1b4_Lr_mc_AKGC417L__8,wheeze_score,0.05807200929,1
M39,train,cycle,193_1b4_Lr_mc_AKGC417L__9,wheeze_score,0.2234299517,1
M39,train,cycle,193_7b3_Al_mc_AKGC417L__0,wheeze_score,0,0
M39,train,cycle,193_7b3_Al_mc_AKGC417L__1,wheeze_score,0,0
M39,train,cycle,193_7b3_Al_mc_AKGC417L__2,wheeze_score,0,0
M39,train,cycle,193_7b3_Al_mc_AKGC417L__3,wheeze_score,0,0
M39,train,cycle,193_7b3_Al_mc_AKGC417L__4,wheeze_score,0,0
M39,train,cycle,193_7b3_Al_mc_AKGC417L__5,wheeze_score,0,0
M39,train,cycle,193_7b3_Al_mc_AKGC417L__6,wheeze_score,0,0
M39,train,cycle,193_7b3_Al_mc_AKGC417L__7,wheeze_score,0.04581901489,0
M39,train,cycle,193_7b3_Ar_mc_AKGC417L__0,wheeze_score,0.09842519685,0
M39,train,cycle,193_7b3_Ar_mc_AKGC417L__1,wheeze_score,0.227014756,0
M39,train,cycle,193_7b3_Ar_mc_AKGC417L__2,wheeze_score,0.1802990325,0
M39,train,cycle,193_7b3_Ar_mc_AKGC417L__3,wheeze_score,0,0
M39,train,cycle,193_7b3_Ar_mc_AKGC417L__4,wheeze_score,0.09611366486,0
M39,train,cycle,193_7b3_Ar_mc_AKGC417L__5,wheeze_score,0.0784856879,0
M39,train,cycle,193_7b3_Ar_mc_AKGC417L__6,wheeze_score,0.1150747986,0
M39,train,cycle,193_7b3_Ar_mc_AKGC417L__7,wheeze_score,0.09545628102,0
M39,train,cycle,193_7b3_Ll_mc_AKGC417L__0,wheeze_score,0,0
M39,train,cycle,193_7b3_Ll_mc_AKGC417L__1,wheeze_score,0,0
M39,train,cycle,193_7b3_Ll_mc_AKGC417L__2,wheeze_score,0.05277044855,0
M39,train,cycle,193_7b3_Ll_mc_AKGC417L__3,wheeze_score,0,0
M39,train,cycle,193_7b3_Ll_mc_AKGC417L__4,wheeze_score,0,0
M39,train,cycle,193_7b3_Ll_mc_AKGC417L__5,wheeze_score,0,0
M39,train,cycle,193_7b3_Ll_mc_AKGC417L__6,wheeze_score,0,0
M39,train,cycle,193_7b3_Ll_mc_AKGC417L__7,wheeze_score,0,0
M39,train,cycle,193_7b3_Lr_mc_AKGC417L__0,wheeze_score,0.1837270341,0
M39,train,cycle,193_7b3_Lr_mc_AKGC417L__1,wheeze_score,0.1248581158,0
M39,train,cycle,193_7b3_Lr_mc_AKGC417L__2,wheeze_score,0.2594547054,0
M39,train,cycle,193_7b3_Lr_mc_AKGC417L__3,wheeze_score,0.2705977383,0
M39,train,cycle,193_7b3_Lr_mc_AKGC417L__4,wheeze_score,0.1044713748,0
M39,train,cycle,193_7b3_Lr_mc_AKGC417L__5,wheeze_score,0.2954755309,0
M39,train,cycle,193_7b3_Lr_mc_AKGC417L__6,wheeze_score,0.1687763713,0
M39,train,cycle,193_7b3_Lr_mc_AKGC417L__7,wheeze_score,0.2710958381,0
M39,train,cycle,193_7b3_Pl_mc_AKGC417L__0,wheeze_score,0.2887139108,0
M39,train,cycle,193_7b3_Pl_mc_AKGC417L__1,wheeze_score,0.2875520242,0
M39,train,cycle,193_7b3_Pl_mc_AKGC417L__2,wheeze_score,0.2594547054,0
M39,train,cycle,193_7b3_Pl_mc_AKGC417L__3,wheeze_score,0.04846526656,0
M39,train,cycle,193_7b3_Pl_mc_AKGC417L__4,wheeze_score,0.1587964898,0
M39,train,cycle,193_7b3_Pl_mc_AKGC417L__5,wheeze_score,0.1385041551,0
M39,train,cycle,193_7b3_Pl_mc_AKGC417L__6,wheeze_score,0.1189106252,0
M39,train,cycle,193_7b3_Pl_mc_AKGC417L__7,wheeze_score,0.110729286,0
M39,train,cycle,193_7b3_Pr_mc_AKGC417L__0,wheeze_score,0,0
M39,train,cycle,193_7b3_Pr_mc_AKGC417L__1,wheeze_score,0.1816118048,0
M39,train,cycle,193_7b3_Pr_mc_AKGC417L__2,wheeze_score,0,0
M39,train,cycle,193_7b3_Pr_mc_AKGC417L__3,wheeze_score,0.1453957997,0
M39,train,cycle,193_7b3_Pr_mc_AKGC417L__4,wheeze_score,0.2465524446,0
M39,train,cycle,193_7b3_Pr_mc_AKGC417L__5,wheeze_score,0,0
M39,train,cycle,193_7b3_Pr_mc_AKGC417L__6,wheeze_score,0.1342539317,0
M39,train,cycle,193_7b3_Pr_mc_AKGC417L__7,wheeze_score,0.1680030546,0
M39,train,cycle,193_7b3_Tc_mc_AKGC417L__0,wheeze_score,0.07874015748,0
M39,train,cycle,193_7b3_Tc_mc_AKGC417L__1,wheeze_score,0,0
M39,train,cycle,193_7b3_Tc_mc_AKGC417L__2,wheeze_score,0,0
M39,train,cycle,193_7b3_Tc_mc_AKGC417L__3,wheeze_score,0,0
M39,train,cycle,193_7b3_Tc_mc_AKGC417L__4,wheeze_score,0,0
M39,train,cycle,193_7b3_Tc_mc_AKGC417L__5,wheeze_score,0,0
M39,train,cycle,193_7b3_Tc_mc_AKGC417L__6,wheeze_score,0.09973149214,0
M39,train,cycle,193_7b3_Tc_mc_AKGC417L__7,wheeze_score,0.09545628102,0
M39,train,cycle,196_1b1_Pr_sc_Meditron__0,wheeze_score,0.02929115407,0
M39,train,cycle,196_1b1_Pr_sc_Meditron__1,wheeze_score,0.06024096386,0
M39,train,cycle,196_1b1_Pr_sc_Meditron__2,wheeze_score,0.05023547881,0
M39,train,cycle,196_1b1_Pr_sc_Meditron__3,wheeze_score,0.03452605148,0
M39,train,cycle,196_1b1_Pr_sc_Meditron__4,wheeze_score,0.06622516556,0
M39,train,cycle,196_1b1_Pr_sc_Meditron__5,wheeze_score,0.06597819851,0
M39,train,cycle,197_1b1_Al_sc_Meditron__0,wheeze_score,0,0
M39,train,cycle,197_1b1_Al_sc_Meditron__1,wheeze_score,0,0
M39,train,cycle,197_1b1_Al_sc_Meditron__2,wheeze_score,0,0
M39,train,cycle,197_1b1_Tc_sc_Meditron__0,wheeze_score,0,0
M39,train,cycle,197_1b1_Tc_sc_Meditron__1,wheeze_score,0,0
M39,train,cycle,197_1b1_Tc_sc_Meditron__2,wheeze_score,0,0
M39,train,cycle,197_1b1_Tc_sc_Meditron__3,wheeze_score,0,0
M39,train,cycle,197_1b1_Tc_sc_Meditron__4,wheeze_score,0,1
M39,train,cycle,199_2b1_Ll_mc_LittC2SE__0,wheeze_score,0,0
M39,train,cycle,199_2b1_Ll_mc_LittC2SE__1,wheeze_score,0,0
M39,train,cycle,199_2b1_Ll_mc_LittC2SE__2,wheeze_score,0,0
M39,train,cycle,199_2b1_Ll_mc_LittC2SE__3,wheeze_score,0,0
M39,train,cycle,199_2b1_Ll_mc_LittC2SE__4,wheeze_score,0,0
M39,train,cycle,199_2b1_Ll_mc_LittC2SE__5,wheeze_score,0,0
M39,train,cycle,199_2b1_Ll_mc_LittC2SE__6,wheeze_score,0,0
M39,train,cycle,199_2b1_Ll_mc_LittC2SE__7,wheeze_score,0,0
M39,train,cycle,199_2b1_Ll_mc_LittC2SE__8,wheeze_score,0,0
M39,train,cycle,199_2b3_Ll_mc_LittC2SE__0,wheeze_score,0,0
M39,train,cycle,199_2b3_Ll_mc_LittC2SE__1,wheeze_score,0,0
M39,train,cycle,199_2b3_Ll_mc_LittC2SE__2,wheeze_score,0,0
M39,train,cycle,199_2b3_Ll_mc_LittC2SE__3,wheeze_score,0,0
M39,train,cycle,199_2b3_Ll_mc_LittC2SE__4,wheeze_score,0,0
M39,train,cycle,199_2b3_Ll_mc_LittC2SE__5,wheeze_score,0,0
M39,train,cycle,199_2b3_Ll_mc_LittC2SE__6,wheeze_score,0,0
M39,train,cycle,199_2b3_Ll_mc_LittC2SE__7,wheeze_score,0,0
M39,train,cycle,199_2b3_Ll_mc_LittC2SE__8,wheeze_score,0,0
M39,train,cycle,200_2p2_Al_mc_AKGC417L__0,wheeze_score,0,0
M39,train,cycle,200_2p2_Al_mc_AKGC417L__1,wheeze_score,0.06713142267,0
M39,train,cycle,200_2p2_Al_mc_AKGC417L__2,wheeze_score,0.03430079156,0
M39,train,cycle,200_2p2_Al_mc_AKGC417L__3,wheeze_score,0.09352881699,0
M39,train,cycle,200_2p2_Al_mc_AKGC417L__4,wheeze_score,0.06826690156,0
M39,train,cycle,200_2p2_Ar_mc_AKGC417L__0,wheeze_score,0,0
M39,train,cycle,200_2p2_Ar_mc_AKGC417L__1,wheeze_score,0,0
M39,train,cycle,200_2p2_Ar_mc_AKGC417L__2,wheeze_score,0,0
M39,train,cycle,200_2p2_Ar_mc_AKGC417L__3,wheeze_score,0.05813953488,0
M39,train,cycle,200_2p2_Ar_mc_AKGC417L__4,wheeze_score,0.05064963664,0
M39,train,cycle,200_2p2_Lr_mc_AKGC417L__0,wheeze_score,0,0
M39,train,cycle,200_2p2_Lr_mc_AKGC417L__1,wheeze_score,0.02840175574,0
M39,train,cycle,200_2p2_Lr_mc_AKGC417L__2,wheeze_score,0,0
M39,train,cycle,200_2p2_Lr_mc_AKGC417L__3,wheeze_score,0,0
M39,train,cycle,200_2p2_Lr_mc_AKGC417L__4,wheeze_score,0,0
M39,train,cycle,200_2p2_Pl_mc_AKGC417L__0,wheeze_score,0.06558810669,0
M39,train,cycle,200_2p2_Pl_mc_AKGC417L__1,wheeze_score,0,0
M39,train,cycle,200_2p2_Pl_mc_AKGC417L__2,wheeze_score,0,0
M39,train,cycle,200_2p2_Pl_mc_AKGC417L__3,wheeze_score,0,0
M39,train,cycle,200_2p2_Pl_mc_AKGC417L__4,wheeze_score,0,0
M39,train,cycle,200_2p2_Pr_mc_AKGC417L__0,wheeze_score,0,0
M39,train,cycle,200_2p2_Pr_mc_AKGC417L__1,wheeze_score,0,0
M39,train,cycle,200_2p2_Pr_mc_AKGC417L__2,wheeze_score,0,0
M39,train,cycle,200_2p2_Pr_mc_AKGC417L__3,wheeze_score,0,0
M39,train,cycle,200_2p2_Pr_mc_AKGC417L__4,wheeze_score,0,0
M39,train,cycle,200_2p2_Tc_mc_AKGC417L__0,wheeze_score,0,0
M39,train,cycle,200_2p2_Tc_mc_AKGC417L__1,wheeze_score,0,0
M39,train,cycle,200_2p2_Tc_mc_AKGC417L__2,wheeze_score,0,0
M39,train,cycle,200_2p2_Tc_mc_AKGC417L__3,wheeze_score,0,0
M39,train,cycle,200_2p2_Tc_mc_AKGC417L__4,wheeze_score,0,0
M39,train,cycle,200_2p3_Al_mc_AKGC417L__0,wheeze_score,0.101010101,0
M39,train,cycle,200_2p3_Al_mc_AKGC417L__1,wheeze_score,0.05744296734,0
M39,train,cycle,200_2p3_Al_mc_AKGC417L__2,wheeze_score,0.1064891847,0
M39,train,cycle,200_2p3_Ar_mc_AKGC417L__0,wheeze_score,0,0
M39,train,cycle,200_2p3_Ar_mc_AKGC417L__1,wheeze_score,0,0
M39,train,cycle,200_2p3_Ar_mc_AKGC417L__2,wheeze_score,0,0
M39,train,cycle,200_2p3_Lr_mc_AKGC417L__0,wheeze_score,0,0
M39,train,cycle,200_2p3_Lr_mc_AKGC417L__1,wheeze_score,0.02954209749,0
M39,train,cycle,200_2p3_Lr_mc_AKGC417L__2,wheeze_score,0,0
M39,train,cycle,200_2p3_Pl_mc_AKGC417L__0,wheeze_score,0.02126528442,0
M39,train,cycle,200_2p3_Pl_mc_AKGC417L__1,wheeze_score,0,0
M39,train,cycle,200_2p3_Pl_mc_AKGC417L__2,wheeze_score,0,0
M39,train,cycle,200_2p3_Pr_mc_AKGC417L__0,wheeze_score,0,0
M39,train,cycle,200_2p3_Pr_mc_AKGC417L__1,wheeze_score,0,0
M39,train,cycle,200_2p3_Pr_mc_AKGC417L__2,wheeze_score,0,0
M39,train,cycle,200_2p3_Tc_mc_AKGC417L__0,wheeze_score,0,0
M39,train,cycle,200_2p3_Tc_mc_AKGC417L__1,wheeze_score,0.01641227638,0
M39,train,cycle,200_2p3_Tc_mc_AKGC417L__2,wheeze_score,0,0
M39,train,cycle,200_2p4_Al_mc_AKGC417L__0,wheeze_score,0,0
M39,train,cycle,200_2p4_Al_mc_AKGC417L__1,wheeze_score,0,0
M39,train,cycle,200_2p4_Al_mc_AKGC417L__2,wheeze_score,0.05542359462,0
M39,train,cycle,200_2p4_Al_mc_AKGC417L__3,wheeze_score,0,0
M39,train,cycle,200_2p4_Al_mc_AKGC417L__4,wheeze_score,0,0
M39,train,cycle,200_2p4_Ar_mc_AKGC417L__0,wheeze_score,0,0
M39,train,cycle,200_2p4_Ar_mc_AKGC417L__1,wheeze_score,0,0
M39,train,cycle,200_2p4_Ar_mc_AKGC417L__2,wheeze_score,0,0
M39,train,cycle,200_2p4_Ar_mc_AKGC417L__3,wheeze_score,0,0
M39,train,cycle,200_2p4_Ar_mc_AKGC417L__4,wheeze_score,0,0
M39,train,cycle,200_2p4_Lr_mc_AKGC417L__0,wheeze_score,0,0
M39,train,cycle,200_2p4_Lr_mc_AKGC417L__1,wheeze_score,0.02661934339,0
M39,train,cycle,200_2p4_Lr_mc_AKGC417L__2,wheeze_score,0.0290314067,0
M39,train,cycle,200_2p4_Lr_mc_AKGC417L__3,wheeze_score,0,0
M39,train,cycle,200_2p4_Lr_mc_AKGC417L__4,wheeze_score,0.08080808081,0
M39,train,cycle,200_2p4_Pl_mc_AKGC417L__0,wheeze_score,0,0
M39,train,cycle,200_2p4_Pl_mc_AKGC417L__1,wheeze_score,0,0
M39,train,cycle,200_2p4_Pl_mc_AKGC417L__2,wheeze_score,0,0
M39,train,cycle,200_2p4_Pl_mc_AKGC417L__3,wheeze_score,0,0
M39,train,cycle,200_2p4_Pl_mc_AKGC417L__4,wheeze_score,0,0
M39,train,cycle,200_2p4_Pr_mc_AKGC417L__0,wheeze_score,0,0
M39,train,cycle,200_2p4_Pr_mc_AKGC417L__1,wheeze_score,0,0
M39,train,cycle,200_2p4_Pr_mc_AKGC417L__2,wheeze_score,0,0
M39,train,cycle,200_2p4_Pr_mc_AKGC417L__3,wheeze_score,0,0
M39,train,cycle,200_2p4_Pr_mc_AKGC417L__4,wheeze_score,0,0
M39,train,cycle,200_2p4_Tc_mc_AKGC417L__0,wheeze_score,0,0
M39,train,cycle,200_2p4_Tc_mc_AKGC417L__1,wheeze_score,0.02440106477,0
M39,train,cycle,200_2p4_Tc_mc_AKGC417L__2,wheeze_score,0,0
M39,train,cycle,200_2p4_Tc_mc_AKGC417L__3,wheeze_score,0,0
M39,train,cycle,200_2p4_Tc_mc_AKGC417L__4,wheeze_score,0,0
M39,train,cycle,200_3p4_Al_mc_AKGC417L__0,wheeze_score,0.01775912173,0
M39,train,cycle,200_3p4_Al_mc_AKGC417L__1,wheeze_score,0,0
M39,train,cycle,200_3p4_Al_mc_AKGC417L__2,wheeze_score,0,0
M39,train,cycle,200_3p4_Al_mc_AKGC417L__3,wheeze_score,0,0
M39,train,cycle,200_3p4_Ar_mc_AKGC417L__0,wheeze_score,0,0
M39,train,cycle,200_3p4_Ar_mc_AKGC417L__1,wheeze_score,0,0
M39,train,cycle,200_3p4_Ar_mc_AKGC417L__2,wheeze_score,0,0
M39,train,cycle,200_3p4_Ar_mc_AKGC417L__3,wheeze_score,0,0
M39,train,cycle,200_3p4_Pl_mc_AKGC417L__0,wheeze_score,0,0
M39,train,cycle,200_3p4_Pl_mc_AKGC417L__1,wheeze_score,0,0
M39,train,cycle,200_3p4_Pl_mc_AKGC417L__2,wheeze_score,0,0
M39,train,cycle,200_3p4_Pl_mc_AKGC417L__3,wheeze_score,0,0
M39,train,cycle,200_3p4_Pr_mc_AKGC417L__0,wheeze_score,0,0
M39,train,cycle,200_3p4_Pr_mc_AKGC417L__1,wheeze_score,0,0
M39,train,cycle,200_3p4_Pr_mc_AKGC417L__2,wheeze_score,0,0
M39,train,cycle,200_3p4_Pr_mc_AKGC417L__3,wheeze_score,0,0
M39,train,cycle,200_3p4_Tc_mc_AKGC417L__0,wheeze_score,0,0
M39,train,cycle,200_3p4_Tc_mc_AKGC417L__1,wheeze_score,0,0
M39,train,cycle,200_3p4_Tc_mc_AKGC417L__2,wheeze_score,0,0
M39,train,cycle,200_3p4_Tc_mc_AKGC417L__3,wheeze_score,0,0
M39,train,cycle,201_1b1_Al_sc_Meditron__0,wheeze_score,0.153295861,0
M39,train,cycle,201_1b1_Al_sc_Meditron__1,wheeze_score,0.1861958266,0
M39,train,cycle,201_1b1_Al_sc_Meditron__2,wheeze_score,0.1248097412,1
M39,train,cycle,201_1b1_Al_sc_Meditron__3,wheeze_score,0.03589590188,1
M39,train,cycle,201_1b1_Al_sc_Meditron__4,wheeze_score,0.1339013999,1
M39,train,cycle,201_1b1_Al_sc_Meditron__5,wheeze_score,0.03070310101,1
M39,train,cycle,201_1b1_Al_sc_Meditron__6,wheeze_score,0,0
M39,train,cycle,201_1b1_Ar_sc_Meditron__0,wheeze_score,0.1148105626,0
M39,train,cycle,201_1b1_Ar_sc_Meditron__1,wheeze_score,0.209375,1
M39,train,cycle,201_1b1_Ar_sc_Meditron__2,wheeze_score,0.2312321825,1
M39,train,cycle,201_1b1_Ar_sc_Meditron__3,wheeze_score,0.1348747592,1
M39,train,cycle,201_1b1_Ar_sc_Meditron__4,wheeze_score,0.1944361352,1
M39,train,cycle,201_1b1_Ar_sc_Meditron__5,wheeze_score,0.2058823529,1
M39,train,cycle,201_1b1_Ar_sc_Meditron__6,wheeze_score,0.08441786845,1
M39,train,cycle,201_1b2_Al_sc_Meditron__0,wheeze_score,0.1071155318,1
M39,train,cycle,201_1b2_Al_sc_Meditron__1,wheeze_score,0.1222867625,1
M39,train,cycle,201_1b2_Al_sc_Meditron__2,wheeze_score,0.1369446135,1
M39,train,cycle,201_1b2_Al_sc_Meditron__3,wheeze_score,0.0694025347,1
M39,train,cycle,201_1b2_Al_sc_Meditron__4,wheeze_score,0.1151515152,1
M39,train,cycle,201_1b2_Al_sc_Meditron__5,wheeze_score,0.09388335704,1
M39,train,cycle,201_1b2_Al_sc_Meditron__6,wheeze_score,0,0
M39,train,cycle,201_1b2_Ar_sc_Meditron__0,wheeze_score,0.2584814216,0
M39,train,cycle,201_1b2_Ar_sc_Meditron__1,wheeze_score,0.1794117647,1
M39,train,cycle,201_1b2_Ar_sc_Meditron__2,wheeze_score,0.1635111876,1
M39,train,cycle,201_1b2_Ar_sc_Meditron__3,wheeze_score,0.1043905434,1
M39,train,cycle,201_1b2_Ar_sc_Meditron__4,wheeze_score,0,1
M39,train,cycle,201_1b2_Ar_sc_Meditron__5,wheeze_score,0.1314492277,1
M39,train,cycle,201_1b2_Ar_sc_Meditron__6,wheeze_score,0.1387054161,1
M39,train,cycle,201_1b3_Al_sc_Meditron__0,wheeze_score,0.1453574607,1
M39,train,cycle,201_1b3_Al_sc_Meditron__1,wheeze_score,0,1
M39,train,cycle,201_1b3_Al_sc_Meditron__2,wheeze_score,0.0304414003,1
M39,train,cycle,201_1b3_Al_sc_Meditron__3,wheeze_score,0.02868617326,1
M39,train,cycle,201_1b3_Al_sc_Meditron__4,wheeze_score,0.1277615118,1
M39,train,cycle,201_1b3_Al_sc_Meditron__5,wheeze_score,0.1487994589,1
M39,train,cycle,201_1b3_Ar_sc_Meditron__0,wheeze_score,0,1
M39,train,cycle,201_1b3_Ar_sc_Meditron__1,wheeze_score,0.1831610044,1
M39,train,cycle,201_1b3_Ar_sc_Meditron__2,wheeze_score,0.04545454545,1
M39,train,cycle,201_1b3_Ar_sc_Meditron__3,wheeze_score,0.08936550492,1
M39,train,cycle,201_1b3_Ar_sc_Meditron__4,wheeze_score,0.06971556051,1
M39,train,cycle,201_1b3_Ar_sc_Meditron__5,wheeze_score,0.1076971809,1
M39,train,cycle,201_1b3_Ar_sc_Meditron__6,wheeze_score,0.1312591152,1
M39,train,cycle,203_1p2_Al_mc_AKGC417L__0,wheeze_score,0,0
M39,train,cycle,203_1p2_Al_mc_AKGC417L__1,wheeze_score,0,0
M39,train,cycle,203_1p2_Al_mc_AKGC417L__2,wheeze_score,0,0
M39,train,cycle,203_1p2_Al_mc_AKGC417L__3,wheeze_score,0,0
M39,train,cycle,203_1p2_Al_mc_AKGC417L__4,wheeze_score,0,0
M39,train,cycle,203_1p2_Al_mc_AKGC417L__5,wheeze_score,0,1
M39,train,cycle,203_1p2_Al_mc_AKGC417L__6,wheeze_score,0,0
M39,train,cycle,203_1p2_Al_mc_AKGC417L__7,wheeze_score,0,0
M39,train,cycle,203_1p2_Al_mc_AKGC417L__8,wheeze_score,0,0
M39,train,cycle,203_1p2_Al_mc_AKGC417L__9,wheeze_score,0,0
M39,train,cycle,203_1p2_Ar_mc_AKGC417L__0,wheeze_score,0,0
M39,train,cycle,203_1p2_Ar_mc_AKGC417L__1,wheeze_score,0,0
M39,train,cycle,203_1p2_Ar_mc_AKGC417L__2,wheeze_score,0,0
M39,train,cycle,203_1p2_Ar_mc_AKGC417L__3,wheeze_score,0,0
M39,train,cycle,203_1p2_Ar_mc_AKGC417L__4,wheeze_score,0,0
M39,train,cycle,203_1p2_Ar_mc_AKGC417L__5,wheeze_score,0,0
M39,train,cycle,203_1p2_Ar_mc_AKGC417L__6,wheeze_score,0,0
M39,train,cycle,203_1p2_Ar_mc_AKGC417L__7,wheeze_score,0,0
M39,train,cycle,203_1p2_Ar_mc_AKGC417L__8,wheeze_score,0,0
M39,train,cycle,203_1p2_Ar_mc_AKGC417L__9,wheeze_score,0,0
M39,train,cycle,203_1p2_Lr_mc_AKGC417L__0,wheeze_score,0,1
M39,train,cycle,203_1p2_Lr_mc_AKGC417L__1,wheeze_score,0.06578947368,1
M39,train,cycle,203_1p2_Lr_mc_AKGC417L__2,wheeze_score,0,0
M39,train,cycle,203_1p2_Lr_mc_AKGC417L__3,wheeze_score,0.05030181087,1
M39,train,cycle,203_1p2_Lr_mc_AKGC417L__4,wheeze_score,0.4198473282,0
M39,train,cycle,203_1p2_Lr_mc_AKGC417L__5,wheeze_score,0,0
M39,train,cycle,203_1p2_Lr_mc_AKGC417L__6,wheeze_score,0,1
M39,train,cycle,203_1p2_Lr_mc_AKGC417L__7,wheeze_score,0,1
M39,train,cycle,203_1p2_Lr_mc_AKGC417L__8,wheeze_score,0,0
M39,train,cycle,203_1p2_Lr_mc_AKGC417L__9,wheeze_score,0,0
M39,train,cycle,203_1p2_Pl_mc_AKGC417L__0,wheeze_score,0.05670103093,0
M39,train,cycle,203_1p2_Pl_mc_AKGC417L__1,wheeze_score,0.05060728745,0
M39,train,cycle,203_1p2_Pl_mc_AKGC417L__2,wheeze_score,0.0788863109,0
M39,train,cycle,203_1p2_Pl_mc_AKGC417L__3,wheeze_score,0,0
M39,train,cycle,203_1p2_Pl_mc_AKGC417L__4,wheeze_score,0.1192748092,0
M39,train,cycle,203_1p2_Pl_mc_AKGC417L__5,wheeze_score,0.05030181087,0
M39,train,cycle,203_1p2_Pl_mc_AKGC417L__6,wheeze_score,0.04719207173,0
M39,train,cycle,203_1p2_Pl_mc_AKGC417L__7,wheeze_score,0.05191127891,0
M39,train,cycle,203_1p2_Pl_mc_AKGC417L__8,wheeze_score,0.05,0
M39,train,cycle,203_1p2_Pl_mc_AKGC417L__9,wheeze_score,0,0
M39,train,cycle,203_1p2_Pr_mc_AKGC417L__0,wheeze_score,0,0
M39,train,cycle,203_1p2_Pr_mc_AKGC417L__1,wheeze_score,0,0
M39,train,cycle,203_1p2_Pr_mc_AKGC417L__2,wheeze_score,0,0
M39,train,cycle,203_1p2_Pr_mc_AKGC417L__3,wheeze_score,0,0
M39,train,cycle,203_1p2_Pr_mc_AKGC417L__4,wheeze_score,0.0715648855,0
M39,train,cycle,203_1p2_Pr_mc_AKGC417L__5,wheeze_score,0,0
M39,train,cycle,203_1p2_Pr_mc_AKGC417L__6,wheeze_score,0.05191127891,0
M39,train,cycle,203_1p2_Pr_mc_AKGC417L__7,wheeze_score,0,0
M39,train,cycle,203_1p2_Pr_mc_AKGC417L__8,wheeze_score,0,0
M39,train,cycle,203_1p2_Pr_mc_AKGC417L__9,wheeze_score,0,0
M39,train,cycle,203_1p2_Tc_mc_AKGC417L__0,wheeze_score,0,0
M39,train,cycle,203_1p2_Tc_mc_AKGC417L__1,wheeze_score,0.05060728745,0
M39,train,cycle,203_1p2_Tc_mc_AKGC417L__2,wheeze_score,0,0
M39,train,cycle,203_1p2_Tc_mc_AKGC417L__3,wheeze_score,0,0
M39,train,cycle,203_1p2_Tc_mc_AKGC417L__4,wheeze_score,0.05248091603,1
M39,train,cycle,203_1p2_Tc_mc_AKGC417L__5,wheeze_score,0,1
M39,train,cycle,203_1p2_Tc_mc_AKGC417L__6,wheeze_score,0,0
M39,train,cycle,203_1p2_Tc_mc_AKGC417L__7,wheeze_score,0,0
M39,train,cycle,203_1p2_Tc_mc_AKGC417L__8,wheeze_score,0,0
M39,train,cycle,203_1p2_Tc_mc_AKGC417L__9,wheeze_score,0,0
M39,train,cycle,203_1p3_Al_mc_AKGC417L__0,wheeze_score,0.05382131324,0
M39,train,cycle,203_1p3_Al_mc_AKGC417L__1,wheeze_score,0,0
M39,train,cycle,203_1p3_Al_mc_AKGC417L__2,wheeze_score,0,0
M39,train,cycle,203_1p3_Al_mc_AKGC417L__3,wheeze_score,0,0
M39,train,cycle,203_1p3_Al_mc_AKGC417L__4,wheeze_score,0,0
M39,train,cycle,203_1p3_Al_mc_AKGC417L__5,wheeze_score,0,0
M39,train,cycle,203_1p3_Al_mc_AKGC417L__6,wheeze_score,0,0
M39,train,cycle,203_1p3_Al_mc_AKGC417L__7,wheeze_score,0,0
M39,train,cycle,203_1p3_Al_mc_AKGC417L__8,wheeze_score,0.1101896755,0
M39,train,cycle,203_1p3_Al_mc_AKGC417L__9,wheeze_score,0.05793742758,0
M39,train,cycle,203_1p3_Ar_mc_AKGC417L__0,wheeze_score,0,0
M39,train,cycle,203_1p3_Ar_mc_AKGC417L__1,wheeze_score,0,0
M39,train,cycle,203_1p3_Ar_mc_AKGC417L__2,wheeze_score,0,0
M39,train,cycle,203_1p3_Ar_mc_AKGC417L__3,wheeze_score,0,1
M39,train,cycle,203_1p3_Ar_mc_AKGC417L__4,wheeze_score,0.06656426011,0
M39,train,cycle,203_1p3_Ar_mc_AKGC417L__5,wheeze_score,0,0
M39,train,cycle,203_1p3_Ar_mc_AKGC417L__6,wheeze_score,0,0
M39,train,cycle,203_1p3_Ar_mc_AKGC417L__7,wheeze_score,0,0
M39,train,cycle,203_1p3_Ar_mc_AKGC417L__8,wheeze_score,0,0
M39,train,cycle,203_1p3_Ar_mc_AKGC417L__9,wheeze_score,0,0
M39,train,cycle,203_1p3_Pl_mc_AKGC417L__0,wheeze_score,0,0
M39,train,cycle,203_1p3_Pl_mc_AKGC417L__1,wheeze_score,0.0985915493,0
M39,train,cycle,203_1p3_Pl_mc_AKGC417L__2,wheeze_score,0,0
M39,train,cycle,203_1p3_Pl_mc_AKGC417L__3,wheeze_score,0,0
M39,train,cycle,203_1p3_Pl_mc_AKGC417L__4,wheeze_score,0,0
M39,train,cycle,203_1p3_Pl_mc_AKGC417L__5,wheeze_score,0.0477326969,0
M39,train,cycle,203_1p3_Pl_mc_AKGC417L__6,wheeze_score,0,0
M39,train,cycle,203_1p3_Pl_mc_AKGC417L__7,wheeze_score,0.0482640041,0
M39,train,cycle,203_1p3_Pl_mc_AKGC417L__8,wheeze_score,0,0
M39,train,cycle,203_1p3_Pl_mc_AKGC417L__9,wheeze_score,0,0
M39,train,cycle,203_1p3_Pr_mc_AKGC417L__0,wheeze_score,0.05382131324,0
M39,train,cycle,203_1p3_Pr_mc_AKGC417L__1,wheeze_score,0,0
M39,train,cycle,203_1p3_Pr_mc_AKGC417L__2,wheeze_score,0,0
M39,train,cycle,203_1p3_Pr_mc_AKGC417L__3,wheeze_score,0,0
M39,train,cycle,203_1p3_Pr_mc_AKGC417L__4,wheeze_score,0,0
M39,train,cycle,203_1p3_Pr_mc_AKGC417L__5,wheeze_score,0,1
M39,train,cycle,203_1p3_Pr_mc_AKGC417L__6,wheeze_score,0,0
M39,train,cycle,203_1p3_Pr_mc_AKGC417L__7,wheeze_score,0,0
M39,train,cycle,203_1p3_Pr_mc_AKGC417L__8,wheeze_score,0,0
M39,train,cycle,203_1p3_Pr_mc_AKGC417L__9,wheeze_score,0,0
M39,train,cycle,203_1p3_Tc_mc_AKGC417L__0,wheeze_score,0,0
M39,train,cycle,203_1p3_Tc_mc_AKGC417L__1,wheeze_score,0,1
M39,train,cycle,203_1p3_Tc_mc_AKGC417L__2,wheeze_score,0,0
M39,train,cycle,203_1p3_Tc_mc_AKGC417L__3,wheeze_score,0,0
M39,train,cycle,203_1p3_Tc_mc_AKGC417L__4,wheeze_score,0,0
M39,train,cycle,203_1p3_Tc_mc_AKGC417L__5,wheeze_score,0,0
M39,train,cycle,203_1p3_Tc_mc_AKGC417L__6,wheeze_score,0,0
M39,train,cycle,203_1p3_Tc_mc_AKGC417L__7,wheeze_score,0,0
M39,train,cycle,203_1p3_Tc_mc_AKGC417L__8,wheeze_score,0,0
M39,train,cycle,203_1p3_Tc_mc_AKGC417L__9,wheeze_score,0,0
M39,train,cycle,203_1p4_Al_mc_AKGC417L__0,wheeze_score,0.07222586999,0
M39,train,cycle,203_1p4_Al_mc_AKGC417L__1,wheeze_score,0,0
M39,train,cycle,203_1p4_Al_mc_AKGC417L__2,wheeze_score,0.05014625992,0
M39,train,cycle,203_1p4_Al_mc_AKGC417L__3,wheeze_score,0,0
M39,train,cycle,203_1p4_Al_mc_AKGC417L__4,wheeze_score,0,0
M39,train,cycle,203_1p4_Al_mc_AKGC417L__5,wheeze_score,0.04178854994,0
M39,train,cycle,203_1p4_Al_mc_AKGC417L__6,wheeze_score,0.06,0
M39,train,cycle,203_1p4_Al_mc_AKGC417L__7,wheeze_score,0,0
M39,train,cycle,203_1p4_Al_mc_AKGC417L__8,wheeze_score,0.1183431953,0
M39,train,cycle,203_1p4_Ar_mc_AKGC417L__0,wheeze_score,0,0
M39,train,cycle,203_1p4_Ar_mc_AKGC417L__1,wheeze_score,0,0
M39,train,cycle,203_1p4_Ar_mc_AKGC417L__2,wheeze_score,0,0
M39,train,cycle,203_1p4_Ar_mc_AKGC417L__3,wheeze_score,0,0
M39,train,cycle,203_1p4_Ar_mc_AKGC417L__4,wheeze_score,0,0
M39,train,cycle,203_1p4_Ar_mc_AKGC417L__5,wheeze_score,0,0
M39,train,cycle,203_1p4_Ar_mc_AKGC417L__6,wheeze_score,0,0
M39,train,cycle,203_1p4_Ar_mc_AKGC417L__7,wheeze_score,0,0
M39,train,cycle,203_1p4_Ar_mc_AKGC417L__8,wheeze_score,0,0
M39,train,cycle,203_1p4_Pl_mc_AKGC417L__0,wheeze_score,0,0
M39,train,cycle,203_1p4_Pl_mc_AKGC417L__1,wheeze_score,0.09286618827,0
M39,train,cycle,203_1p4_Pl_mc_AKGC417L__2,wheeze_score,0,0
M39,train,cycle,203_1p4_Pl_mc_AKGC417L__3,wheeze_score,0,0
M39,train,cycle,203_1p4_Pl_mc_AKGC417L__4,wheeze_score,0,0
M39,train,cycle,203_1p4_Pl_mc_AKGC417L__5,wheeze_score,0,0
M39,train,cycle,203_1p4_Pl_mc_AKGC417L__6,wheeze_score,0,1
M39,train,cycle,203_1p4_Pl_mc_AKGC417L__7,wheeze_score,0,0
M39,train,cycle,203_1p4_Pl_mc_AKGC417L__8,wheeze_score,0,0
M39,train,cycle,203_1p4_Pr_mc_AKGC417L__0,wheeze_score,0,0
M39,train,cycle,203_1p4_Pr_mc_AKGC417L__1,wheeze_score,0,0
M39,train,cycle,203_1p4_Pr_mc_AKGC417L__2,wheeze_score,0,0
M39,train,cycle,203_1p4_Pr_mc_AKGC417L__3,wheeze_score,0,0
M39,train,cycle,203_1p4_Pr_mc_AKGC417L__4,wheeze_score,0,0
M39,train,cycle,203_1p4_Pr_mc_AKGC417L__5,wheeze_score,0,0
M39,train,cycle,203_1p4_Pr_mc_AKGC417L__6,wheeze_score,0,0
M39,train,cycle,203_1p4_Pr_mc_AKGC417L__7,wheeze_score,0,0
M39,train,cycle,203_1p4_Pr_mc_AKGC417L__8,wheeze_score,0,0
M39,train,cycle,203_1p4_Tc_mc_AKGC417L__0,wheeze_score,0,0
M39,train,cycle,203_1p4_Tc_mc_AKGC417L__1,wheeze_score,0,0
M39,train,cycle,203_1p4_Tc_mc_AKGC417L__2,wheeze_score,0,0
M39,train,cycle,203_1p4_Tc_mc_AKGC417L__3,wheeze_score,0,0
M39,train,cycle,203_1p4_Tc_mc_AKGC417L__4,wheeze_score,0,0
M39,train,cycle,203_1p4_Tc_mc_AKGC417L__5,wheeze_score,0,0
M39,train,cycle,203_1p4_Tc_mc_AKGC417L__6,wheeze_score,0,0
M39,train,cycle,203_1p4_Tc_mc_AKGC417L__7,wheeze_score,0,1
M39,train,cycle,203_1p4_Tc_mc_AKGC417L__8,wheeze_score,0,0
M39,train,cycle,203_2p3_Al_mc_AKGC417L__0,wheeze_score,0,0
M39,train,cycle,203_2p3_Al_mc_AKGC417L__1,wheeze_score,0.06880733945,0
M39,train,cycle,203_2p3_Al_mc_AKGC417L__2,wheeze_score,0,0
M39,train,cycle,203_2p3_Al_mc_AKGC417L__3,wheeze_score,0,0
M39,train,cycle,203_2p3_Al_mc_AKGC417L__4,wheeze_score,0.032,0
M39,train,cycle,203_2p3_Al_mc_AKGC417L__5,wheeze_score,0,0
M39,train,cycle,203_2p3_Ar_mc_AKGC417L__0,wheeze_score,0,0
M39,train,cycle,203_2p3_Ar_mc_AKGC417L__1,wheeze_score,0.0630733945,0
M39,train,cycle,203_2p3_Ar_mc_AKGC417L__2,wheeze_score,0.02718868951,0
M39,train,cycle,203_2p3_Ar_mc_AKGC417L__3,wheeze_score,0,0
M39,train,cycle,203_2p3_Ar_mc_AKGC417L__4,wheeze_score,0,0
M39,train,cycle,203_2p3_Ar_mc_AKGC417L__5,wheeze_score,0,0
M39,train,cycle,203_2p3_Pl_mc_AKGC417L__0,wheeze_score,0,0
M39,train,cycle,203_2p3_Pl_mc_AKGC417L__1,wheeze_score,0,0
M39,train,cycle,203_2p3_Pl_mc_AKGC417L__2,wheeze_score,0.05165851006,0
M39,train,cycle,203_2p3_Pl_mc_AKGC417L__3,wheeze_score,0,0
M39,train,cycle,203_2p3_Pl_mc_AKGC417L__4,wheeze_score,0,0
M39,train,cycle,203_2p3_Pl_mc_AKGC417L__5,wheeze_score,0,0
M39,train,cycle,203_2p3_Pr_mc_AKGC417L__0,wheeze_score,0,0
M39,train,cycle,203_2p3_Pr_mc_AKGC417L__1,wheeze_score,0,0
M39,train,cycle,203_2p3_Pr_mc_AKGC417L__2,wheeze_score,0.07069059271,0
M39,train,cycle,203_2p3_Pr_mc_AKGC417L__3,wheeze_score,0,0
M39,train,cycle,203_2p3_Pr_mc_AKGC417L__4,wheeze_score,0,0
M39,train,cycle,203_2p3_Pr_mc_AKGC417L__5,wheeze_score,0,0
M39,train,cycle,203_2p3_Tc_mc_AKGC417L__0,wheeze_score,0.06032482599,0
M39,train,cycle,203_2p3_Tc_mc_AKGC417L__1,wheeze_score,0,0
M39,train,cycle,203_2p3_Tc_mc_AKGC417L__2,wheeze_score,0,0
M39,train,cycle,203_2p3_Tc_mc_AKGC417L__3,wheeze_score,0,0
M39,train,cycle,203_2p3_Tc_mc_AKGC417L__4,wheeze_score,0,0
M39,train,cycle,203_2p3_Tc_mc_AKGC417L__5,wheeze_score,0,0
M39,train,cycle,204_2b5_Al_mc_AKGC417L__0,wheeze_score,0,0
M39,train,cycle,204_2b5_Al_mc_AKGC417L__1,wheeze_score,0.3388406609,1
M39,train,cycle,204_2b5_Al_mc_AKGC417L__2,wheeze_score,0.2719033233,1
M39,train,cycle,204_2b5_Al_mc_AKGC417L__3,wheeze_score,0.4413719755,1
M39,train,cycle,204_2b5_Al_mc_AKGC417L__4,wheeze_score,0.2478941035,0
M39,train,cycle,204_2b5_Al_mc_AKGC417L__5,wheeze_score,0.2039405461,1
M39,train,cycle,204_2b5_Al_mc_AKGC417L__6,wheeze_score,0.08,0
M39,train,cycle,204_2b5_Ar_mc_AKGC417L__0,wheeze_score,0.1937984496,0
M39,train,cycle,204_2b5_Ar_mc_AKGC417L__1,wheeze_score,0.4796511628,1
M39,train,cycle,204_2b5_Ar_mc_AKGC417L__2,wheeze_score,0.2114285714,1
M39,train,cycle,204_2b5_Ar_mc_AKGC417L__3,wheeze_score,0.4084253789,0
M39,train,cycle,204_2b5_Ar_mc_AKGC417L__4,wheeze_score,0.3728294178,0
M39,train,cycle,204_2b5_Ar_mc_AKGC417L__5,wheeze_score,0.2878428717,0
M39,train,cycle,204_2b5_Ar_mc_AKGC417L__6,wheeze_score,0.08196721311,0
M39,train,cycle,204_2b5_Ll_mc_AKGC417L__0,wheeze_score,0,0
M39,train,cycle,204_2b5_Ll_mc_AKGC417L__1,wheeze_score,0.2356528971,0
M39,train,cycle,204_2b5_Ll_mc_AKGC417L__2,wheeze_score,0.09781357883,0
M39,train,cycle,204_2b5_Ll_mc_AKGC417L__3,wheeze_score,0.1286089239,0
M39,train,cycle,204_2b5_Ll_mc_AKGC417L__4,wheeze_score,0.1487085834,0
M39,train,cycle,204_2b5_Ll_mc_AKGC417L__5,wheeze_score,0.02825584382,0
M39,train,cycle,204_2b5_Ll_mc_AKGC417L__6,wheeze_score,0,0
M39,train,cycle,204_7p5_Al_mc_AKGC417L__0,wheeze_score,0,0
M39,train,cycle,204_7p5_Al_mc_AKGC417L__1,wheeze_score,0.09146341463,0
M39,train,cycle,204_7p5_Al_mc_AKGC417L__2,wheeze_score,0,0
M39,train,cycle,204_7p5_Al_mc_AKGC417L__3,wheeze_score,0.03373819163,0
M39,train,cycle,204_7p5_Al_mc_AKGC417L__4,wheeze_score,0,0
M39,train,cycle,204_7p5_Al_mc_AKGC417L__5,wheeze_score,0.04790801661,0
M39,train,cycle,204_7p5_Al_mc_AKGC417L__6,wheeze_score,0,0
M39,train,cycle,204_7p5_Ar_mc_AKGC417L__0,wheeze_score,0,0
M39,train,cycle,204_7p5_Ar_mc_AKGC417L__1,wheeze_score,0.03280839895,0
M39,train,cycle,204_7p5_Ar_mc_AKGC417L__2,wheeze_score,0,0
M39,train,cycle,204_7p5_Ar_mc_AKGC417L__3,wheeze_score,0.04032258065,0
M39,train,cycle,204_7p5_Ar_mc_AKGC417L__4,wheeze_score,0,0
M39,train,cycle,204_7p5_Ar_mc_AKGC417L__5,wheeze_score,0.04940711462,0
M39,train,cycle,204_7p5_Ar_mc_AKGC417L__6,wheeze_score,0,0
M39,train,cycle,204_7p5_Ll_mc_AKGC417L__0,wheeze_score,0,0
M39,train,cycle,204_7p5_Ll_mc_AKGC417L__1,wheeze_score,0.03387533875,0
M39,train,cycle,204_7p5_Ll_mc_AKGC417L__2,wheeze_score,0.1449275362,0
M39,train,cycle,204_7p5_Ll_mc_AKGC417L__3,wheeze_score,0.1186758276,0
M39,train,cycle,204_7p5_Ll_mc_AKGC417L__4,wheeze_score,0,0
M39,train,cycle,204_7p5_Ll_mc_AKGC417L__5,wheeze_score,0,0
M39,train,cycle,204_7p5_Ll_mc_AKGC417L__6,wheeze_score,0,0
M39,train,cycle,204_7p5_Lr_mc_AKGC417L__0,wheeze_score,0.1278305332,0
M39,train,cycle,204_7p5_Lr_mc_AKGC417L__1,wheeze_score,0.1107131228,0
M39,train,cycle,204_7p5_Lr_mc_AKGC417L__2,wheeze_score,0.04921259843,0
M39,train,cycle,204_7p5_Lr_mc_AKGC417L__3,wheeze_score,0.09046849758,0
M39,train,cycle,204_7p5_Lr_mc_AKGC417L__4,wheeze_score,0,0
M39,train,cycle,204_7p5_Lr_mc_AKGC417L__5,wheeze_score,0.1880674449,0
M39,train,cycle,204_7p5_Lr_mc_AKGC417L__6,wheeze_score,0.061213133,0
M39,train,cycle,204_7p5_Pr_mc_AKGC417L__0,wheeze_score,0,0
M39,train,cycle,204_7p5_Pr_mc_AKGC417L__1,wheeze_score,0.2360291565,0
M39,train,cycle,204_7p5_Pr_mc_AKGC417L__2,wheeze_score,0.2584615385,0
M39,train,cycle,204_7p5_Pr_mc_AKGC417L__3,wheeze_score,0,0
M39,train,cycle,204_7p5_Pr_mc_AKGC417L__4,wheeze_score,0.1249566123,0
M39,train,cycle,204_7p5_Pr_mc_AKGC417L__5,wheeze_score,0.3321842683,0
M39,train,cycle,204_7p5_Pr_mc_AKGC417L__6,wheeze_score,0.06045949214,0
M39,train,cycle,204_7p5_Tc_mc_AKGC417L__0,wheeze_score,0.07480448827,0
M39,train,cycle,204_7p5_Tc_mc_AKGC417L__1,wheeze_score,0.09130752374,0
M39,train,cycle,204_7p5_Tc_mc_AKGC417L__2,wheeze_score,0.03747657714,0
M39,train,cycle,204_7p5_Tc_mc_AKGC417L__3,wheeze_score,0.03333333333,0
M39,train,cycle,204_7p5_Tc_mc_AKGC417L__4,wheeze_score,0.03346720214,0
M39,train,cycle,204_7p5_Tc_mc_AKGC417L__5,wheeze_score,0.06483482556,0
M39,train,cycle,204_7p5_Tc_mc_AKGC417L__6,wheeze_score,0.06768189509,0
M39,train,cycle,206_1b1_Ar_sc_Meditron__0,wheeze_score,0,0
M39,train,cycle,206_1b1_Ar_sc_Meditron__1,wheeze_score,0,0
M39,train,cycle,206_1b1_Ar_sc_Meditron__2,wheeze_score,0,1
M39,train,cycle,206_1b1_Ar_sc_Meditron__3,wheeze_score,0,1
M39,train,cycle,206_1b1_Ar_sc_Meditron__4,wheeze_score,0,1
M39,train,cycle,206_1b1_Ar_sc_Meditron__5,wheeze_score,0.06500541712,1
M39,train,cycle,206_1b1_Ar_sc_Meditron__6,wheeze_score,0,1
M39,train,cycle,206_1b1_Ar_sc_Meditron__7,wheeze_score,0,1
M39,train,cycle,206_1b1_Ar_sc_Meditron__8,wheeze_score,0,0
M39,train,cycle,206_1b1_Ar_sc_Meditron__9,wheeze_score,0,1
M39,train,cycle,206_1b1_Ar_sc_Meditron__10,wheeze_score,0,0
M39,train,cycle,206_1b1_Lr_sc_Meditron__0,wheeze_score,0,0
M39,train,cycle,206_1b1_Lr_sc_Meditron__1,wheeze_score,0.1523007129,1
M39,train,cycle,206_1b1_Lr_sc_Meditron__2,wheeze_score,0.1759640584,1
M39,train,cycle,206_1b1_Lr_sc_Meditron__3,wheeze_score,0.08076923077,1
M39,train,cycle,206_1b1_Lr_sc_Meditron__4,wheeze_score,0.1701469451,1
M39,train,cycle,206_1b1_Lr_sc_Meditron__5,wheeze_score,0.0748502994,1
M39,train,cycle,206_1b1_Lr_sc_Meditron__6,wheeze_score,0.2173913043,1
M39,train,cycle,206_1b1_Lr_sc_Meditron__7,wheeze_score,0.4585679807,1
M39,train,cycle,206_1b1_Pl_sc_Meditron__0,wheeze_score,0.1615218952,1
M39,train,cycle,206_1b1_Pl_sc_Meditron__1,wheeze_score,0.3940658322,1
M39,train,cycle,206_1b1_Pl_sc_Meditron__2,wheeze_score,0.197693575,1
M39,train,cycle,206_1b1_Pl_sc_Meditron__3,wheeze_score,0.3039943443,1
M39,train,cycle,206_1b1_Pl_sc_Meditron__4,wheeze_score,0.3101503759,1
M39,train,cycle,206_1b1_Pl_sc_Meditron__5,wheeze_score,0.324137931,1
M39,train,cycle,206_1b1_Pl_sc_Meditron__6,wheeze_score,0.3877068558,1
M39,train,cycle,206_1b1_Pl_sc_Meditron__7,wheeze_score,0.3538461538,1
M39,train,cycle,208_1b1_Ll_sc_Meditron__0,wheeze_score,0,0
M39,train,cycle,208_1b1_Ll_sc_Meditron__1,wheeze_score,0,0
M39,train,cycle,208_1b1_Ll_sc_Meditron__2,wheeze_score,0,0
M39,train,cycle,208_1b1_Ll_sc_Meditron__3,wheeze_score,0,0
M39,train,cycle,208_1b1_Ll_sc_Meditron__4,wheeze_score,0,0
M39,train,cycle,208_1b1_Ll_sc_Meditron__5,wheeze_score,0,0
M39,train,cycle,208_1b1_Ll_sc_Meditron__6,wheeze_score,0,0
M39,train,cycle,208_1b1_Ll_sc_Meditron__7,wheeze_score,0,0
M39,train,cycle,208_1b1_Ll_sc_Meditron__8,wheeze_score,0,0
M39,train,cycle,208_1b1_Ll_sc_Meditron__9,wheeze_score,0,0
M39,train,cycle,208_1b1_Ll_sc_Meditron__10,wheeze_score,0,0
M39,train,cycle,208_1b1_Ll_sc_Meditron__11,wheeze_score,0,0
M39,train,cycle,208_1b1_Ll_sc_Meditron__12,wheeze_score,0,0
M39,train,cycle,209_1b1_Tc_sc_Meditron__0,wheeze_score,0,0
M39,train,cycle,209_1b1_Tc_sc_Meditron__1,wheeze_score,0,0
M39,train,cycle,209_1b1_Tc_sc_Meditron__2,wheeze_score,0,0
M39,train,cycle,209_1b1_Tc_sc_Meditron__3,wheeze_score,0,0
M39,train,cycle,210_1b1_Al_sc_Meditron__0,wheeze_score,0,0
M39,train,cycle,210_1b1_Al_sc_Meditron__1,wheeze_score,0,0
M39,train,cycle,210_1b1_Al_sc_Meditron__2,wheeze_score,0,0
M39,train,cycle,210_1b1_Al_sc_Meditron__3,wheeze_score,0,0
M39,train,cycle,210_1b1_Al_sc_Meditron__4,wheeze_score,0,0
M39,train,cycle,210_1b1_Al_sc_Meditron__5,wheeze_score,0,0
M39,train,cycle,210_1b1_Al_sc_Meditron__6,wheeze_score,0,0
M39,train,cycle,210_1b1_Al_sc_Meditron__7,wheeze_score,0,0
M39,train,cycle,210_1b1_Al_sc_Meditron__8,wheeze_score,0,0
M39,train,cycle,210_1b1_Al_sc_Meditron__9,wheeze_score,0,0
M39,train,cycle,210_1b1_Al_sc_Meditron__10,wheeze_score,0,0
M39,train,cycle,210_1b1_Al_sc_Meditron__11,wheeze_score,0,0
M39,train,cycle,210_1b1_Al_sc_Meditron__12,wheeze_score,0,0
M39,train,cycle,210_1b1_Al_sc_Meditron__13,wheeze_score,0,0
M39,train,cycle,210_1b1_Al_sc_Meditron__14,wheeze_score,0,0
M39,train,cycle,210_1b1_Al_sc_Meditron__15,wheeze_score,0,0
M39,train,cycle,210_1b1_Al_sc_Meditron__16,wheeze_score,0,0
M39,train,cycle,210_1b1_Al_sc_Meditron__17,wheeze_score,0,0
M39,train,cycle,210_1b1_Ar_sc_Meditron__0,wheeze_score,0,0
M39,train,cycle,210_1b1_Ar_sc_Meditron__1,wheeze_score,0,0
M39,train,cycle,210_1b1_Ar_sc_Meditron__2,wheeze_score,0,0
M39,train,cycle,210_1b1_Ar_sc_Meditron__3,wheeze_score,0,0
M39,train,cycle,210_1b1_Ar_sc_Meditron__4,wheeze_score,0,0
M39,train,cycle,210_1b1_Ar_sc_Meditron__5,wheeze_score,0,0
M39,train,cycle,210_1b1_Ar_sc_Meditron__6,wheeze_score,0,0
M39,train,cycle,210_1b1_Ar_sc_Meditron__7,wheeze_score,0,0
M39,train,cycle,210_1b1_Ar_sc_Meditron__8,wheeze_score,0,0
M39,train,cycle,210_1b1_Ar_sc_Meditron__9,wheeze_score,0,0
M39,train,cycle,210_1b1_Ar_sc_Meditron__10,wheeze_score,0,0
M39,train,cycle,210_1b1_Ar_sc_Meditron__11,wheeze_score,0,0
M39,train,cycle,210_1b1_Ar_sc_Meditron__12,wheeze_score,0,0
M39,train,cycle,212_2b2_Tc_mc_LittC2SE__0,wheeze_score,0,0
M39,train,cycle,212_2b2_Tc_mc_LittC2SE__1,wheeze_score,0,0
M39,train,cycle,212_2b2_Tc_mc_LittC2SE__2,wheeze_score,0,0
M39,train,cycle,212_2b2_Tc_mc_LittC2SE__3,wheeze_score,0,0
M39,train,cycle,212_2b2_Tc_mc_LittC2SE__4,wheeze_score,0,0
M39,train,cycle,212_2b2_Tc_mc_LittC2SE__5,wheeze_score,0,0
M39,train,cycle,212_2b2_Tc_mc_LittC2SE__6,wheeze_score,0,0
M39,train,cycle,213_1p2_Al_mc_AKGC417L__0,wheeze_score,0,0
M39,train,cycle,213_1p2_Al_mc_AKGC417L__1,wheeze_score,0,0
M39,train,cycle,213_1p2_Al_mc_AKGC417L__2,wheeze_score,0,0
M39,train,cycle,213_1p2_Al_mc_AKGC417L__3,wheeze_score,0,0
M39,train,cycle,213_1p2_Al_mc_AKGC417L__4,wheeze_score,0.046854083,0
M39,train,cycle,213_1p2_Al_mc_AKGC417L__5,wheeze_score,0.04991680532,0
M39,train,cycle,213_1p2_Ar_mc_AKGC417L__0,wheeze_score,0.0285225328,0
M39,train,cycle,213_1p2_Ar_mc_AKGC417L__1,wheeze_score,0.07671879611,0
M39,train,cycle,213_1p2_Ar_mc_AKGC417L__2,wheeze_score,0.02994908655,0
M39,train,cycle,213_1p2_Ar_mc_AKGC417L__3,wheeze_score,0,0
M39,train,cycle,213_1p2_Ar_mc_AKGC417L__4,wheeze_score,0,0
M39,train,cycle,213_1p2_Ar_mc_AKGC417L__5,wheeze_score,0.05823627288,0
M39,train,cycle,213_1p2_Lr_mc_AKGC417L__0,wheeze_score,0,0
M39,train,cycle,213_1p2_Lr_mc_AKGC417L__1,wheeze_score,0.02950722927,0
M39,train,cycle,213_1p2_Lr_mc_AKGC417L__2,wheeze_score,0,0
M39,train,cycle,213_1p2_Lr_mc_AKGC417L__3,wheeze_score,0,0
M39,train,cycle,213_1p2_Lr_mc_AKGC417L__4,wheeze_score,0,0
M39,train,cycle,213_1p2_Lr_mc_AKGC417L__5,wheeze_score,0,0
M39,train,cycle,213_1p2_Pl_mc_AKGC417L__0,wheeze_score,0,0
M39,train,cycle,213_1p2_Pl_mc_AKGC417L__1,wheeze_score,0,0
M39,train,cycle,213_1p2_Pl_mc_AKGC417L__2,wheeze_score,0,0
M39,train,cycle,213_1p2_Pl_mc_AKGC417L__3,wheeze_score,0.04034761018,0
M39,train,cycle,213_1p2_Pl_mc_AKGC417L__4,wheeze_score,0,0
M39,train,cycle,213_1p2_Pl_mc_AKGC417L__5,wheeze_score,0,0
M39,train,cycle,213_1p2_Pr_mc_AKGC417L__0,wheeze_score,0,0
M39,train,cycle,213_1p2_Pr_mc_AKGC417L__1,wheeze_score,0,0
M39,train,cycle,213_1p2_Pr_mc_AKGC417L__2,wheeze_score,0.06588799042,0
M39,train,cycle,213_1p2_Pr_mc_AKGC417L__3,wheeze_score,0,0
M39,train,cycle,213_1p2_Pr_mc_AKGC417L__4,wheeze_score,0,0
M39,train,cycle,213_1p2_Pr_mc_AKGC417L__5,wheeze_score,0,0
M39,train,cycle,213_1p2_Tc_mc_AKGC417L__0,wheeze_score,0.03707929264,0
M39,train,cycle,213_1p2_Tc_mc_AKGC417L__1,wheeze_score,0.05016228976,0
M39,train,cycle,213_1p2_Tc_mc_AKGC417L__2,wheeze_score,0.02994908655,0
M39,train,cycle,213_1p2_Tc_mc_AKGC417L__3,wheeze_score,0,0
M39,train,cycle,213_1p2_Tc_mc_AKGC417L__4,wheeze_score,0.08366800535,0
M39,train,cycle,213_1p2_Tc_mc_AKGC417L__5,wheeze_score,0,0
M39,train,cycle,213_1p3_Al_mc_AKGC417L__0,wheeze_score,0,0
M39,train,cycle,213_1p3_Al_mc_AKGC417L__1,wheeze_score,0,0
M39,train,cycle,213_1p3_Al_mc_AKGC417L__2,wheeze_score,0,0
M39,train,cycle,213_1p3_Al_mc_AKGC417L__3,wheeze_score,0,0
M39,train,cycle,213_1p3_Al_mc_AKGC417L__4,wheeze_score,0,0
M39,train,cycle,213_1p3_Al_mc_AKGC417L__5,wheeze_score,0,0
M39,train,cycle,213_1p3_Al_mc_AKGC417L__6,wheeze_score,0,0
M39,train,cycle,213_1p3_Ar_mc_AKGC417L__0,wheeze_score,0.03523382447,0
M39,train,cycle,213_1p3_Ar_mc_AKGC417L__1,wheeze_score,0.05553351845,0
M39,train,cycle,213_1p3_Ar_mc_AKGC417L__2,wheeze_score,0,0
M39,train,cycle,213_1p3_Ar_mc_AKGC417L__3,wheeze_score,0,0
M39,train,cycle,213_1p3_Ar_mc_AKGC417L__4,wheeze_score,0,0
M39,train,cycle,213_1p3_Ar_mc_AKGC417L__5,wheeze_score,0,0
M39,train,cycle,213_1p3_Ar_mc_AKGC417L__6,wheeze_score,0.1152073733,0
M39,train,cycle,213_1p3_Pl_mc_AKGC417L__0,wheeze_score,0.05765534914,0
M39,train,cycle,213_1p3_Pl_mc_AKGC417L__1,wheeze_score,0,0
M39,train,cycle,213_1p3_Pl_mc_AKGC417L__2,wheeze_score,0,0
M39,train,cycle,213_1p3_Pl_mc_AKGC417L__3,wheeze_score,0,0
M39,train,cycle,213_1p3_Pl_mc_AKGC417L__4,wheeze_score,0,0
M39,train,cycle,213_1p3_Pl_mc_AKGC417L__5,wheeze_score,0,0
M39,train,cycle,213_1p3_Pl_mc_AKGC417L__6,wheeze_score,0.1382488479,0
M39,train,cycle,213_1p3_Pr_mc_AKGC417L__0,wheeze_score,0,0
M39,train,cycle,213_1p3_Pr_mc_AKGC417L__1,wheeze_score,0,0
M39,train,cycle,213_1p3_Pr_mc_AKGC417L__2,wheeze_score,0,0
M39,train,cycle,213_1p3_Pr_mc_AKGC417L__3,wheeze_score,0,0
M39,train,cycle,213_1p3_Pr_mc_AKGC417L__4,wheeze_score,0,0
M39,train,cycle,213_1p3_Pr_mc_AKGC417L__5,wheeze_score,0,0
M39,train,cycle,213_1p3_Pr_mc_AKGC417L__6,wheeze_score,0,0
M39,train,cycle,213_1p5_Al_mc_AKGC417L__0,wheeze_score,0,0
M39,train,cycle,213_1p5_Al_mc_AKGC417L__1,wheeze_score,0,0
M39,train,cycle,213_1p5_Al_mc_AKGC417L__2,wheeze_score,0,0
M39,train,cycle,213_1p5_Al_mc_AKGC417L__3,wheeze_score,0,0
M39,train,cycle,213_1p5_Al_mc_AKGC417L__4,wheeze_score,0,0
M39,train,cycle,213_1p5_Al_mc_AKGC417L__5,wheeze_score,0,0
M39,train,cycle,213_1p5_Ar_mc_AKGC417L__0,wheeze_score,0,0
M39,train,cycle,213_1p5_Ar_mc_AKGC417L__1,wheeze_score,0,0
M39,train,cycle,213_1p5_Ar_mc_AKGC417L__2,wheeze_score,0,0
M39,train,cycle,213_1p5_Ar_mc_AKGC417L__3,wheeze_score,0.05853219271,0
M39,train,cycle,213_1p5_Ar_mc_AKGC417L__4,wheeze_score,0,0
M39,train,cycle,213_1p5_Ar_mc_AKGC417L__5,wheeze_score,0.06167400881,0
M39,train,cycle,213_1p5_Pl_mc_AKGC417L__0,wheeze_score,0,0
M39,train,cycle,213_1p5_Pl_mc_AKGC417L__1,wheeze_score,0,0
M39,train,cycle,213_1p5_Pl_mc_AKGC417L__2,wheeze_score,0.06611570248,0
M39,train,cycle,213_1p5_Pl_mc_AKGC417L__3,wheeze_score,0.09004952724,0
M39,train,cycle,213_1p5_Pl_mc_AKGC417L__4,wheeze_score,0.05947323704,0
M39,train,cycle,213_1p5_Pl_mc_AKGC417L__5,wheeze_score,0,0
M39,train,cycle,213_1p5_Pr_mc_AKGC417L__0,wheeze_score,0,0
M39,train,cycle,213_1p5_Pr_mc_AKGC417L__1,wheeze_score,0,0
M39,train,cycle,213_1p5_Pr_mc_AKGC417L__2,wheeze_score,0,0
M39,train,cycle,213_1p5_Pr_mc_AKGC417L__3,wheeze_score,0,0
M39,train,cycle,213_1p5_Pr_mc_AKGC417L__4,wheeze_score,0,0
M39,train,cycle,213_1p5_Pr_mc_AKGC417L__5,wheeze_score,0,0
M39,train,cycle,213_1p5_Tc_mc_AKGC417L__0,wheeze_score,0,0
M39,train,cycle,213_1p5_Tc_mc_AKGC417L__1,wheeze_score,0,0
M39,train,cycle,213_1p5_Tc_mc_AKGC417L__2,wheeze_score,0,0
M39,train,cycle,213_1p5_Tc_mc_AKGC417L__3,wheeze_score,0,0
M39,train,cycle,213_1p5_Tc_mc_AKGC417L__4,wheeze_score,0,0
M39,train,cycle,213_1p5_Tc_mc_AKGC417L__5,wheeze_score,0.05726872247,0
M39,train,cycle,213_2p2_Al_mc_AKGC417L__0,wheeze_score,0,0
M39,train,cycle,213_2p2_Al_mc_AKGC417L__1,wheeze_score,0.0350262697,0
M39,train,cycle,213_2p2_Al_mc_AKGC417L__2,wheeze_score,0.06364657432,0
M39,train,cycle,213_2p2_Al_mc_AKGC417L__3,wheeze_score,0.04475043029,0
M39,train,cycle,213_2p2_Al_mc_AKGC417L__4,wheeze_score,0.08093889114,0
M39,train,cycle,213_2p2_Al_mc_AKGC417L__5,wheeze_score,0,0
M39,train,cycle,213_2p2_Al_mc_AKGC417L__6,wheeze_score,0,0
M39,train,cycle,213_2p2_Ar_mc_AKGC417L__0,wheeze_score,0,0
M39,train,cycle,213_2p2_Ar_mc_AKGC417L__1,wheeze_score,0,0
M39,train,cycle,213_2p2_Ar_mc_AKGC417L__2,wheeze_score,0,0
M39,train,cycle,213_2p2_Ar_mc_AKGC417L__3,wheeze_score,0,0
M39,train,cycle,213_2p2_Ar_mc_AKGC417L__4,wheeze_score,0,0
M39,train,cycle,213_2p2_Ar_mc_AKGC417L__5,wheeze_score,0,0
M39,train,cycle,213_2p2_Ar_mc_AKGC417L__6,wheeze_score,0,0
M39,train,cycle,213_2p2_Pl_mc_AKGC417L__0,wheeze_score,0,0
M39,train,cycle,213_2p2_Pl_mc_AKGC417L__1,wheeze_score,0,0
M39,train,cycle,213_2p2_Pl_mc_AKGC417L__2,wheeze_score,0,0
M39,train,cycle,213_2p2_Pl_mc_AKGC417L__3,wheeze_score,0,0
M39,train,cycle,213_2p2_Pl_mc_AKGC417L__4,wheeze_score,0,0
M39,train,cycle,213_2p2_Pl_mc_AKGC417L__5,wheeze_score,0,0
M39,train,cycle,213_2p2_Pl_mc_AKGC417L__6,wheeze_score,0,0
M39,train,cycle,213_2p2_Pr_mc_AKGC417L__0,wheeze_score,0.03969686034,0
M39,train,cycle,213_2p2_Pr_mc_AKGC417L__1,wheeze_score,0,0
M39,train,cycle,213_2p2_Pr_mc_AKGC417L__2,wheeze_score,0,0
M39,train,cycle,213_2p2_Pr_mc_AKGC417L__3,wheeze_score,0,0
M39,train,cycle,213_2p2_Pr_mc_AKGC417L__4,wheeze_score,0,0
M39,train,cycle,213_2p2_Pr_mc_AKGC417L__5,wheeze_score,0.0427849086,0
M39,train,cycle,213_2p2_Pr_mc_AKGC417L__6,wheeze_score,0,0
M39,train,cycle,213_2p2_Tc_mc_AKGC417L__0,wheeze_score,0,0
M39,train,cycle,213_2p2_Tc_mc_AKGC417L__1,wheeze_score,0,0
M39,train,cycle,213_2p2_Tc_mc_AKGC417L__2,wheeze_score,0,0
M39,train,cycle,213_2p2_Tc_mc_AKGC417L__3,wheeze_score,0,0
M39,train,cycle,213_2p2_Tc_mc_AKGC417L__4,wheeze_score,0,0
M39,train,cycle,213_2p2_Tc_mc_AKGC417L__5,wheeze_score,0,0
M39,train,cycle,213_2p2_Tc_mc_AKGC417L__6,wheeze_score,0,0
M39,train,cycle,215_1b2_Ar_sc_Meditron__0,wheeze_score,0,0
M39,train,cycle,215_1b2_Ar_sc_Meditron__1,wheeze_score,0.08541666667,1
M39,train,cycle,215_1b2_Ar_sc_Meditron__2,wheeze_score,0.08492129246,1
M39,train,cycle,215_1b2_Ar_sc_Meditron__3,wheeze_score,0.1178069778,1
M39,train,cycle,215_1b2_Ar_sc_Meditron__4,wheeze_score,0.1184182702,1
M39,train,cycle,215_1b3_Tc_sc_Meditron__0,wheeze_score,0,0
M39,train,cycle,215_1b3_Tc_sc_Meditron__1,wheeze_score,0.03234003234,0
M39,train,cycle,215_1b3_Tc_sc_Meditron__2,wheeze_score,0.03344481605,0
M39,train,cycle,215_1b3_Tc_sc_Meditron__3,wheeze_score,0,0
M39,train,cycle,215_1b3_Tc_sc_Meditron__4,wheeze_score,0.03063869903,0
M39,train,cycle,215_1b3_Tc_sc_Meditron__5,wheeze_score,0,0
M39,train,cycle,217_1b1_Tc_sc_Meditron__0,wheeze_score,0,0
M39,train,cycle,217_1b1_Tc_sc_Meditron__1,wheeze_score,0,0
M39,train,cycle,217_1b1_Tc_sc_Meditron__2,wheeze_score,0,0
M39,train,cycle,217_1b1_Tc_sc_Meditron__3,wheeze_score,0,0
M39,train,cycle,217_1b1_Tc_sc_Meditron__4,wheeze_score,0,0
M39,train,cycle,217_1b1_Tc_sc_Meditron__5,wheeze_score,0,0
M39,train,cycle,217_1b1_Tc_sc_Meditron__6,wheeze_score,0,0
M39,train,cycle,217_1b1_Tc_sc_Meditron__7,wheeze_score,0,0
M39,train,cycle,217_1b1_Tc_sc_Meditron__8,wheeze_score,0,0
M39,train,cycle,217_1b1_Tc_sc_Meditron__9,wheeze_score,0,0
M39,train,cycle,217_1b1_Tc_sc_Meditron__10,wheeze_score,0,0
M39,train,cycle,218_1b1_Al_sc_Meditron__0,wheeze_score,0,0
M39,train,cycle,218_1b1_Al_sc_Meditron__1,wheeze_score,0,0
M39,train,cycle,218_1b1_Al_sc_Meditron__2,wheeze_score,0,0
M39,train,cycle,218_1b1_Al_sc_Meditron__3,wheeze_score,0,0
M39,train,cycle,218_1b1_Al_sc_Meditron__4,wheeze_score,0,1
M39,train,cycle,218_1b1_Al_sc_Meditron__5,wheeze_score,0,0
M39,train,cycle,218_1b1_Al_sc_Meditron__6,wheeze_score,0,0
M39,train,cycle,218_1b1_Al_sc_Meditron__7,wheeze_score,0,0
M39,train,cycle,218_1b1_Al_sc_Meditron__8,wheeze_score,0,0
M39,train,cycle,218_1b1_Al_sc_Meditron__9,wheeze_score,0,1
M39,train,cycle,218_1b1_Al_sc_Meditron__10,wheeze_score,0,1
M39,train,cycle,218_1b1_Al_sc_Meditron__11,wheeze_score,0,1
M39,train,cycle,218_1b1_Al_sc_Meditron__12,wheeze_score,0.1040510544,1
M39,train,cycle,218_1b1_Al_sc_Meditron__13,wheeze_score,0.01441311594,0
M39,train,cycle,218_1b1_Al_sc_Meditron__14,wheeze_score,0.02232885683,1
M39,train,cycle,218_1b1_Ar_sc_Meditron__0,wheeze_score,0,1
M39,train,cycle,218_1b1_Ar_sc_Meditron__1,wheeze_score,0,1
M39,train,cycle,218_1b1_Ar_sc_Meditron__2,wheeze_score,0,1
M39,train,cycle,218_1b1_Ar_sc_Meditron__3,wheeze_score,0,0
M39,train,cycle,218_1b1_Ar_sc_Meditron__4,wheeze_score,0,1
M39,train,cycle,218_1b1_Ar_sc_Meditron__5,wheeze_score,0,1
M39,train,cycle,218_1b1_Ar_sc_Meditron__6,wheeze_score,0,1
M39,train,cycle,218_1b1_Ar_sc_Meditron__7,wheeze_score,0,1
M39,train,cycle,218_1b1_Ar_sc_Meditron__8,wheeze_score,0,0
M39,train,cycle,218_1b1_Ar_sc_Meditron__9,wheeze_score,0,0
M39,train,cycle,218_1b1_Ar_sc_Meditron__10,wheeze_score,0,1
M39,train,cycle,218_1b1_Ar_sc_Meditron__11,wheeze_score,0.02405949256,1
M39,train,cycle,218_1b1_Ar_sc_Meditron__12,wheeze_score,0,1
M39,train,cycle,218_1b1_Ar_sc_Meditron__13,wheeze_score,0,1
M39,train,cycle,218_1b1_Ar_sc_Meditron__14,wheeze_score,0,1
M39,train,cycle,218_1b1_Ar_sc_Meditron__15,wheeze_score,0,0
M39,train,cycle,218_1b1_Lr_sc_Meditron__0,wheeze_score,0,0
M39,train,cycle,218_1b1_Lr_sc_Meditron__1,wheeze_score,0,0
M39,train,cycle,218_1b1_Lr_sc_Meditron__2,wheeze_score,0,0
M39,train,cycle,218_1b1_Lr_sc_Meditron__3,wheeze_score,0,0
M39,train,cycle,218_1b1_Lr_sc_Meditron__4,wheeze_score,0,0
M39,train,cycle,218_1b1_Lr_sc_Meditron__5,wheeze_score,0,0
M39,train,cycle,218_1b1_Lr_sc_Meditron__6,wheeze_score,0,0
M39,train,cycle,218_1b1_Lr_sc_Meditron__7,wheeze_score,0,0
M39,train,cycle,218_1b1_Lr_sc_Meditron__8,wheeze_score,0.09556907037,0
M39,train,cycle,218_1b1_Lr_sc_Meditron__9,wheeze_score,0,0
M39,train,cycle,218_1b1_Lr_sc_Meditron__10,wheeze_score,0.331959707,0
M39,train,cycle,218_1b1_Lr_sc_Meditron__11,wheeze_score,0,0
M39,train,cycle,218_1b1_Lr_sc_Meditron__12,wheeze_score,0,1
M39,train,cycle,218_1b1_Lr_sc_Meditron__13,wheeze_score,0,1
M39,train,cycle,218_1b1_Lr_sc_Meditron__14,wheeze_score,0,1
M39,train,cycle,218_1b1_Lr_sc_Meditron__15,wheeze_score,0,1
M39,train,cycle,218_1b1_Lr_sc_Meditron__16,wheeze_score,0,1
M39,train,cycle,218_1b1_Lr_sc_Meditron__17,wheeze_score,0,1
M39,train,cycle,218_1b1_Lr_sc_Meditron__18,wheeze_score,0,0
M39,train,cycle,218_1b1_Pl_sc_Meditron__0,wheeze_score,0,0
M39,train,cycle,218_1b1_Pl_sc_Meditron__1,wheeze_score,0,0
M39,train,cycle,218_1b1_Pl_sc_Meditron__2,wheeze_score,0,0
M39,train,cycle,218_1b1_Pl_sc_Meditron__3,wheeze_score,0,0
M39,train,cycle,218_1b1_Pl_sc_Meditron__4,wheeze_score,0,0
M39,train,cycle,218_1b1_Pl_sc_Meditron__5,wheeze_score,0,0
M39,train,cycle,218_1b1_Pl_sc_Meditron__6,wheeze_score,0,0
M39,train,cycle,218_1b1_Pl_sc_Meditron__7,wheeze_score,0,0
M39,train,cycle,218_1b1_Pl_sc_Meditron__8,wheeze_score,0,0
M39,train,cycle,218_1b1_Pl_sc_Meditron__9,wheeze_score,0,0
M39,train,cycle,218_1b1_Pl_sc_Meditron__10,wheeze_score,0,1
M39,train,cycle,218_1b1_Pl_sc_Meditron__11,wheeze_score,0,1
M39,train,cycle,218_1b1_Pl_sc_Meditron__12,wheeze_score,0,1
M39,train,cycle,218_1b1_Pl_sc_Meditron__13,wheeze_score,0,1
M39,train,cycle,218_1b1_Pl_sc_Meditron__14,wheeze_score,0,1
M39,train,cycle,218_1b1_Pl_sc_Meditron__15,wheeze_score,0,1
M39,train,cycle,218_1b1_Pl_sc_Meditron__16,wheeze_score,0,1
M39,train,cycle,218_1b1_Pl_sc_Meditron__17,wheeze_score,0,0
M39,train,cycle,218_1b1_Pr_sc_Meditron__0,wheeze_score,0,0
M39,train,cycle,218_1b1_Pr_sc_Meditron__1,wheeze_score,0,1
M39,train,cycle,218_1b1_Pr_sc_Meditron__2,wheeze_score,0,1
M39,train,cycle,218_1b1_Pr_sc_Meditron__3,wheeze_score,0,1
M39,train,cycle,218_1b1_Pr_sc_Meditron__4,wheeze_score,0,0
M39,train,cycle,218_1b1_Pr_sc_Meditron__5,wheeze_score,0,1
M39,train,cycle,218_1b1_Pr_sc_Meditron__6,wheeze_score,0,1
M39,train,cycle,218_1b1_Pr_sc_Meditron__7,wheeze_score,0,0
M39,train,cycle,218_1b1_Pr_sc_Meditron__8,wheeze_score,0,1
M39,train,cycle,218_1b1_Pr_sc_Meditron__9,wheeze_score,0,1
M39,train,cycle,218_1b1_Pr_sc_Meditron__10,wheeze_score,0,1
M39,train,cycle,218_1b1_Pr_sc_Meditron__11,wheeze_score,0,1
M39,train,cycle,218_1b1_Pr_sc_Meditron__12,wheeze_score,0,1
M39,train,cycle,218_1b1_Pr_sc_Meditron__13,wheeze_score,0,1
M39,train,cycle,218_1b1_Pr_sc_Meditron__14,wheeze_score,0,1
M39,train,cycle,218_1b1_Pr_sc_Meditron__15,wheeze_score,0,1
M39,train,cycle,218_1b1_Pr_sc_Meditron__16,wheeze_score,0,0
M39,train,cycle,218_1b1_Pr_sc_Meditron__17,wheeze_score,0,0
M39,train,cycle,218_1p1_Ar_sc_Litt3200__0,wheeze_score,0,0
M39,train,cycle,218_1p1_Ar_sc_Litt3200__1,wheeze_score,0,0
M39,train,cycle,218_1p1_Ar_sc_Litt3200__2,wheeze_score,0,0
M39,train,cycle,218_1p1_Ar_sc_Litt3200__3,wheeze_score,0,1
M39,train,cycle,218_1p1_Ar_sc_Litt3200__4,wheeze_score,0,1
M39,train,cycle,218_1p1_Ar_sc_Litt3200__5,wheeze_score,0,1
M39,train,cycle,218_1p1_Pl_sc_Litt3200__0,wheeze_score,0,0
M39,train,cycle,218_1p1_Pl_sc_Litt3200__1,wheeze_score,0,0
M39,train,cycle,218_1p1_Pl_sc_Litt3200__2,wheeze_score,0,0
M39,train,cycle,218_1p1_Pl_sc_Litt3200__3,wheeze_score,0,0
M39,train,cycle,218_1p1_Pl_sc_Litt3200__4,wheeze_score,0,1
M39,train,cycle,218_1p1_Pl_sc_Litt3200__5,wheeze_score,0,1
M39,train,cycle,218_1p1_Pl_sc_Litt3200__6,wheeze_score,0,1
M39,train,cycle,218_1p1_Pl_sc_Litt3200__7,wheeze_score,0,1
M39,train,cycle,218_1p1_Pr_sc_Litt3200__0,wheeze_score,0,0
M39,train,cycle,218_1p1_Pr_sc_Litt3200__1,wheeze_score,0,0
M39,train,cycle,218_1p1_Pr_sc_Litt3200__2,wheeze_score,0,0
M39,train,cycle,218_1p1_Pr_sc_Litt3200__3,wheeze_score,0.02671848433,1
M39,train,cycle,218_1p1_Pr_sc_Litt3200__4,wheeze_score,0.04550850811,1
M39,train,cycle,218_1p1_Pr_sc_Litt3200__5,wheeze_score,0,1
M39,train,cycle,218_1p1_Pr_sc_Litt3200__6,wheeze_score,0.03337041157,1
M39,train,cycle,219_2b1_Ar_mc_LittC2SE__0,wheeze_score,0,0
M39,train,cycle,219_2b1_Ar_mc_LittC2SE__1,wheeze_score,0,0
M39,train,cycle,219_2b1_Ar_mc_LittC2SE__2,wheeze_score,0,0
M39,train,cycle,219_2b1_Ar_mc_LittC2SE__3,wheeze_score,0,0
M39,train,cycle,219_2b1_Ar_mc_LittC2SE__4,wheeze_score,0,0
M39,train,cycle,219_2b1_Tc_mc_LittC2SE__0,wheeze_score,0,0
M39,train,cycle,219_2b1_Tc_mc_LittC2SE__1,wheeze_score,0,0
M39,train,cycle,219_2b1_Tc_mc_LittC2SE__2,wheeze_score,0,0
M39,train,cycle,219_2b1_Tc_mc_LittC2SE__3,wheeze_score,0,0
M39,train,cycle,219_2b1_Tc_mc_LittC2SE__4,wheeze_score,0,0
M39,train,cycle,219_2b2_Ar_mc_LittC2SE__0,wheeze_score,0,0
M39,train,cycle,219_2b2_Ar_mc_LittC2SE__1,wheeze_score,0,0
M39,train,cycle,219_2b2_Ar_mc_LittC2SE__2,wheeze_score,0,0
M39,train,cycle,219_2b2_Ar_mc_LittC2SE__3,wheeze_score,0,0
M39,train,cycle,219_2b2_Ar_mc_LittC2SE__4,wheeze_score,0,0
M39,train,cycle,219_2b2_Tc_mc_LittC2SE__0,wheeze_score,0,0
M39,train,cycle,219_2b2_Tc_mc_LittC2SE__1,wheeze_score,0,0
M39,train,cycle,219_2b2_Tc_mc_LittC2SE__2,wheeze_score,0,0
M39,train,cycle,219_2b2_Tc_mc_LittC2SE__3,wheeze_score,0,0
M39,train,cycle,219_2b2_Tc_mc_LittC2SE__4,wheeze_score,0,0
M39,train,cycle,219_2b2_Tc_mc_LittC2SE__5,wheeze_score,0,0
M39,train,cycle,219_2b3_Tc_mc_LittC2SE__0,wheeze_score,0,0
M39,train,cycle,219_2b3_Tc_mc_LittC2SE__1,wheeze_score,0,0
M39,train,cycle,219_2b3_Tc_mc_LittC2SE__2,wheeze_score,0,0
M39,train,cycle,219_2b3_Tc_mc_LittC2SE__3,wheeze_score,0,0
M39,train,cycle,219_2b3_Tc_mc_LittC2SE__4,wheeze_score,0,0
M39,train,cycle,220_1b1_Tc_mc_LittC2SE__0,wheeze_score,0,0
M39,train,cycle,220_1b1_Tc_mc_LittC2SE__1,wheeze_score,0,0
M39,train,cycle,220_1b1_Tc_mc_LittC2SE__2,wheeze_score,0,0
M39,train,cycle,220_1b1_Tc_mc_LittC2SE__3,wheeze_score,0,0
M39,train,cycle,220_1b1_Tc_mc_LittC2SE__4,wheeze_score,0.03333333333,0
M39,train,cycle,220_1b1_Tc_mc_LittC2SE__5,wheeze_score,0,0
M39,train,cycle,220_1b1_Tc_mc_LittC2SE__6,wheeze_score,0.05302226935,0
M39,train,cycle,220_1b2_Al_mc_LittC2SE__0,wheeze_score,0,0
M39,train,cycle,220_1b2_Al_mc_LittC2SE__1,wheeze_score,0,0
M39,train,cycle,220_1b2_Al_mc_LittC2SE__2,wheeze_score,0.04205467107,0
M39,train,cycle,220_1b2_Al_mc_LittC2SE__3,wheeze_score,0,0
M39,train,cycle,220_1b2_Al_mc_LittC2SE__4,wheeze_score,0.02965599051,0
M39,train,cycle,220_1b2_Al_mc_LittC2SE__5,wheeze_score,0.0376048597,0
M39,train,cycle,220_1b2_Al_mc_LittC2SE__6,wheeze_score,0.1892147588,0
M39,train,cycle,221_2b1_Al_mc_LittC2SE__0,wheeze_score,0.03531300161,1
M39,train,cycle,221_2b1_Al_mc_LittC2SE__1,wheeze_score,0,1
M39,train,cycle,221_2b1_Al_mc_LittC2SE__2,wheeze_score,0,1
M39,train,cycle,221_2b1_Al_mc_LittC2SE__3,wheeze_score,0,1
M39,train,cycle,221_2b1_Al_mc_LittC2SE__4,wheeze_score,0,1
M39,train,cycle,221_2b1_Ar_mc_LittC2SE__0,wheeze_score,0,1
M39,train,cycle,221_2b1_Ar_mc_LittC2SE__1,wheeze_score,0,1
M39,train,cycle,221_2b1_Ar_mc_LittC2SE__2,wheeze_score,0,1
M39,train,cycle,221_2b1_Ar_mc_LittC2SE__3,wheeze_score,0,1
M39,train,cycle,221_2b1_Ar_mc_LittC2SE__4,wheeze_score,0,1
M39,train,cycle,221_2b1_Lr_mc_LittC2SE__0,wheeze_score,0,1
M39,train,cycle,221_2b1_Lr_mc_LittC2SE__1,wheeze_score,0,1
M39,train,cycle,221_2b1_Lr_mc_LittC2SE__2,wheeze_score,0,1
M39,train,cycle,221_2b1_Lr_mc_LittC2SE__3,wheeze_score,0,1
M39,train,cycle,221_2b1_Lr_mc_LittC2SE__4,wheeze_score,0,1
M39,train,cycle,221_2b1_Pl_mc_LittC2SE__0,wheeze_score,0,1
M39,train,cycle,221_2b1_Pl_mc_LittC2SE__1,wheeze_score,0.02180549498,1
M39,train,cycle,221_2b1_Pl_mc_LittC2SE__2,wheeze_score,0.1282051282,1
M39,train,cycle,221_2b1_Pl_mc_LittC2SE__3,wheeze_score,0.1218431546,1
M39,train,cycle,221_2b1_Pl_mc_LittC2SE__4,wheeze_score,0.1301442139,1
M39,train,cycle,221_2b2_Al_mc_LittC2SE__0,wheeze_score,0,1
M39,train,cycle,221_2b2_Al_mc_LittC2SE__1,wheeze_score,0.02077274616,1
M39,train,cycle,221_2b2_Al_mc_LittC2SE__2,wheeze_score,0,1
M39,train,cycle,221_2b2_Al_mc_LittC2SE__3,wheeze_score,0,1
M39,train,cycle,221_2b2_Al_mc_LittC2SE__4,wheeze_score,0,1
M39,train,cycle,221_2b2_Al_mc_LittC2SE__5,wheeze_score,0,0
M39,train,cycle,221_2b2_Ar_mc_LittC2SE__0,wheeze_score,0,0
M39,train,cycle,221_2b2_Ar_mc_LittC2SE__1,wheeze_score,0,1
M39,train,cycle,221_2b2_Ar_mc_LittC2SE__2,wheeze_score,0,1
M39,train,cycle,221_2b2_Ar_mc_LittC2SE__3,wheeze_score,0,1
M39,train,cycle,221_2b2_Ar_mc_LittC2SE__4,wheeze_score,0,1
M39,train,cycle,221_2b2_Ar_mc_LittC2SE__5,wheeze_score,0,1
M39,train,cycle,221_2b2_Lr_mc_LittC2SE__0,wheeze_score,0,0
M39,train,cycle,221_2b2_Lr_mc_LittC2SE__1,wheeze_score,0,1
M39,train,cycle,221_2b2_Lr_mc_LittC2SE__2,wheeze_score,0,1
M39,train,cycle,221_2b2_Lr_mc_LittC2SE__3,wheeze_score,0,1
M39,train,cycle,221_2b2_Lr_mc_LittC2SE__4,wheeze_score,0,1
M39,train,cycle,221_2b2_Pl_mc_LittC2SE__0,wheeze_score,0,1
M39,train,cycle,221_2b2_Pl_mc_LittC2SE__1,wheeze_score,0.08672310551,1
M39,train,cycle,221_2b2_Pl_mc_LittC2SE__2,wheeze_score,0.1052390757,1
M39,train,cycle,221_2b2_Pl_mc_LittC2SE__3,wheeze_score,0.1090909091,1
M39,train,cycle,221_2b2_Pl_mc_LittC2SE__4,wheeze_score,0,1
M39,train,cycle,221_2b2_Pl_mc_LittC2SE__5,wheeze_score,0,0
M39,train,cycle,221_2b3_Al_mc_LittC2SE__0,wheeze_score,0,1
M39,train,cycle,221_2b3_Al_mc_LittC2SE__1,wheeze_score,0,1
M39,train,cycle,221_2b3_Al_mc_LittC2SE__2,wheeze_score,0.02264772493,1
M39,train,cycle,221_2b3_Al_mc_LittC2SE__3,wheeze_score,0,1
M39,train,cycle,221_2b3_Al_mc_LittC2SE__4,wheeze_score,0,1
M39,train,cycle,221_2b3_Ar_mc_LittC2SE__0,wheeze_score,0.06139991813,1
M39,train,cycle,221_2b3_Ar_mc_LittC2SE__1,wheeze_score,0.02265518804,1
M39,train,cycle,221_2b3_Ar_mc_LittC2SE__2,wheeze_score,0,1
M39,train,cycle,221_2b3_Ar_mc_LittC2SE__3,wheeze_score,0,1
M39,train,cycle,221_2b3_Ar_mc_LittC2SE__4,wheeze_score,0,1
M39,train,cycle,221_2b3_Lr_mc_LittC2SE__0,wheeze_score,0,1
M39,train,cycle,221_2b3_Lr_mc_LittC2SE__1,wheeze_score,0,1
M39,train,cycle,221_2b3_Lr_mc_LittC2SE__2,wheeze_score,0.04453870626,1
M39,train,cycle,221_2b3_Lr_mc_LittC2SE__3,wheeze_score,0.04326450344,1
M39,train,cycle,221_2b3_Lr_mc_LittC2SE__4,wheeze_score,0.107924761,1
M39,train,cycle,221_2b3_Pr_mc_LittC2SE__0,wheeze_score,0,1
M39,train,cycle,221_2b3_Pr_mc_LittC2SE__1,wheeze_score,0,1
M39,train,cycle,221_2b3_Pr_mc_LittC2SE__2,wheeze_score,0,1
M39,train,cycle,221_2b3_Pr_mc_LittC2SE__3,wheeze_score,0.03910833007,1
M39,train,cycle,221_2b3_Pr_mc_LittC2SE__4,wheeze_score,0.07467330429,1
M39,train,cycle,222_1b1_Ar_sc_Meditron__0,wheeze_score,0,0
M39,train,cycle,222_1b1_Ar_sc_Meditron__1,wheeze_score,0,0
M39,train,cycle,222_1b1_Ar_sc_Meditron__2,wheeze_score,0,0
M39,train,cycle,222_1b1_Ar_sc_Meditron__3,wheeze_score,0,0
M39,train,cycle,222_1b1_Ar_sc_Meditron__4,wheeze_score,0,0
M39,train,cycle,222_1b1_Ar_sc_Meditron__5,wheeze_score,0,0
M39,train,cycle,222_1b1_Ar_sc_Meditron__6,wheeze_score,0,0
M39,train,cycle,222_1b1_Ar_sc_Meditron__7,wheeze_score,0,0
M39,train,cycle,222_1b1_Ar_sc_Meditron__8,wheeze_score,0,0
M39,train,cycle,222_1b1_Ar_sc_Meditron__9,wheeze_score,0,0
M39,train,cycle,222_1b1_Lr_sc_Meditron__0,wheeze_score,0,0
M39,train,cycle,222_1b1_Lr_sc_Meditron__1,wheeze_score,0,0
M39,train,cycle,222_1b1_Lr_sc_Meditron__2,wheeze_score,0,0
M39,train,cycle,222_1b1_Lr_sc_Meditron__3,wheeze_score,0,0
M39,train,cycle,222_1b1_Lr_sc_Meditron__4,wheeze_score,0,0
M39,train,cycle,222_1b1_Lr_sc_Meditron__5,wheeze_score,0,0
M39,train,cycle,222_1b1_Lr_sc_Meditron__6,wheeze_score,0,0
M39,train,cycle,222_1b1_Lr_sc_Meditron__7,wheeze_score,0,0
M39,train,cycle,222_1b1_Lr_sc_Meditron__8,wheeze_score,0,0
M39,train,cycle,222_1b1_Lr_sc_Meditron__9,wheeze_score,0,0
M39,train,cycle,222_1b1_Lr_sc_Meditron__10,wheeze_score,0,0
M39,train,cycle,222_1b1_Lr_sc_Meditron__11,wheeze_score,0,0
M39,train,cycle,222_1b1_Lr_sc_Meditron__12,wheeze_score,0,0
M39,train,cycle,222_1b1_Lr_sc_Meditron__13,wheeze_score,0,0
M39,train,cycle,222_1b1_Lr_sc_Meditron__14,wheeze_score,0,0
M39,train,cycle,222_1b1_Lr_sc_Meditron__15,wheeze_score,0,0
M39,train,cycle,222_1b1_Lr_sc_Meditron__16,wheeze_score,0,0
M39,train,cycle,222_1b1_Lr_sc_Meditron__17,wheeze_score,0,0
M39,train,cycle,222_1b1_Lr_sc_Meditron__18,wheeze_score,0,0
M39,train,cycle,222_1b1_Lr_sc_Meditron__19,wheeze_score,0,0
M39,train,cycle,222_1b1_Pr_sc_Meditron__0,wheeze_score,0,0
M39,train,cycle,222_1b1_Pr_sc_Meditron__1,wheeze_score,0,0
M39,train,cycle,222_1b1_Pr_sc_Meditron__2,wheeze_score,0,0
M39,train,cycle,222_1b1_Pr_sc_Meditron__3,wheeze_score,0,0
M39,train,cycle,222_1b1_Pr_sc_Meditron__4,wheeze_score,0,0
M39,train,cycle,222_1b1_Pr_sc_Meditron__5,wheeze_score,0,0
M39,train,cycle,222_1b1_Pr_sc_Meditron__6,wheeze_score,0,0
M39,train,cycle,222_1b1_Pr_sc_Meditron__7,wheeze_score,0,1
M39,train,cycle,222_1b1_Pr_sc_Meditron__8,wheeze_score,0,1
M39,train,cycle,222_1b1_Pr_sc_Meditron__9,wheeze_score,0,1
M39,train,cycle,222_1b1_Pr_sc_Meditron__10,wheeze_score,0,1
M39,train,cycle,222_1b1_Pr_sc_Meditron__11,wheeze_score,0,1
M39,train,cycle,222_1b1_Pr_sc_Meditron__12,wheeze_score,0,1
M39,train,cycle,222_1b1_Pr_sc_Meditron__13,wheeze_score,0,1
M39,train,cycle,222_1b1_Pr_sc_Meditron__14,wheeze_score,0,1
M39,train,cycle,226_1b1_Al_sc_Meditron__0,wheeze_score,0,0
M39,train,cycle,226_1b1_Al_sc_Meditron__1,wheeze_score,0,0
M39,train,cycle,226_1b1_Al_sc_Meditron__2,wheeze_score,0,0
M39,train,cycle,226_1b1_Al_sc_Meditron__3,wheeze_score,0,0
M39,train,cycle,226_1b1_Al_sc_Meditron__4,wheeze_score,0,0
M39,train,cycle,226_1b1_Al_sc_Meditron__5,wheeze_score,0,0
M39,train,cycle,226_1b1_Al_sc_Meditron__6,wheeze_score,0,0
M39,train,cycle,226_1b1_Al_sc_Meditron__7,wheeze_score,0,0
M39,train,cycle,226_1b1_Al_sc_Meditron__8,wheeze_score,0,0
M39,train,cycle,226_1b1_Al_sc_Meditron__9,wheeze_score,0,0
M39,train,cycle,226_1b1_Ll_sc_Meditron__0,wheeze_score,0,0
M39,train,cycle,226_1b1_Ll_sc_Meditron__1,wheeze_score,0,0
M39,train,cycle,226_1b1_Ll_sc_Meditron__2,wheeze_score,0,0
M39,train,cycle,226_1b1_Ll_sc_Meditron__3,wheeze_score,0,0
M39,train,cycle,226_1b1_Ll_sc_Meditron__4,wheeze_score,0,0
M39,train,cycle,226_1b1_Ll_sc_Meditron__5,wheeze_score,0,0
M39,train,cycle,226_1b1_Ll_sc_Meditron__6,wheeze_score,0,0
M39,train,cycle,226_1b1_Ll_sc_Meditron__7,wheeze_score,0,0
M39,train,cycle,226_1b1_Ll_sc_Meditron__8,wheeze_score,0,0
M39,train,cycle,226_1b1_Ll_sc_Meditron__9,wheeze_score,0,0
